from_section	to_section	pattern	occurrences	paper_count	top_papers	exemplar_quotes
abstract	introduction	Microdisplays using semiconductor micro-light-emitting diodes (micro-LEDs) as light emitters are considered to be ideal candidates for next-generation virtual reality (VR) and augmented reality (AR) smart glasses that require high-resolution, high-luminance, and energy-efficient displays.	1	1	10.1038/s41467-023-43472-z	Microdisplays using semiconductor micro-light-emitting diodes (micro-LEDs) as light emitters are considered to be ideal candidates for next-generation virtual reality (VR) and augmented reality (AR) smart glasses that require high-resolution, high-luminance, and energy-efficient displays.
introduction	results	The NBE system employs a unique carbon electrode featuring a high-aspect-ratio aperture positioned between the ICP discharge chamber and the etching chamber.	1	1	10.1038/s41467-023-43472-z	The NBE system employs a unique carbon electrode featuring a high-aspect-ratio aperture positioned between the ICP discharge chamber and the etching chamber.
results	discussion	In summary, we successfully demonstrated a # × # μm# InGaN/GaN blue micro-LED with negligible sidewall surface nonradiative recombination.	1	1	10.1038/s41467-023-43472-z	In summary, we successfully demonstrated a 3.5 × 3.5 μm2 InGaN/GaN blue micro-LED with negligible sidewall surface nonradiative recombination.
discussion	methods	For the Cl#-based etching process, the ICP source power was set to # W and modulated at a frequency of # kHz with a #% duty ratio.	1	1	10.1038/s41467-023-43472-z	For the Cl2-based etching process, the ICP source power was set to 800 W and modulated at a frequency of 10 kHz with a 50% duty ratio.
abstract	introduction	Recently, as the demand for ultrahigh-resolution display in near-eye applications such as augmented reality/virtual reality (AR/VR) has highly increased, group-III nitride (N)-based micro light-emitting-diodes (μLEDs) have received much attention as one of the strong candidates for the self-emissive light source, due to their outstanding performances of high resolution, high luminous efficiency and brightness, fast response speed, and robust durability,,,,.	1	1	10.1038/s41467-023-36773-w	Recently, as the demand for ultrahigh-resolution display in near-eye applications such as augmented reality/virtual reality (AR/VR) has highly increased, group-III nitride (N)-based micro light-emitting-diodes (μLEDs) have received much attention as one of the strong candidates for the self-emissive light source, due to their outstanding performances of high resolution, high luminous efficiency and brightness, fast response speed, and robust durability,,,,.
introduction	results	QB plays an important role in the active region of LEDs as a carrier confinement layer.	1	1	10.1038/s41467-023-36773-w	QB plays an important role in the active region of LEDs as a carrier confinement layer.
results	methods	All four InGaN-based epitaxial structure (QB #, QB #, QB #, and QB # Balanced EBL) were grown on #-inch Si (#) wafer in a MOCVD chamber.	1	1	10.1038/s41467-023-36773-w	All four InGaN-based epitaxial structure (QB 3.5, QB 7.5, QB 10.5, and QB 10.5 Balanced EBL) were grown on 8-inch Si (111) wafer in a MOCVD chamber.
abstract	introduction	Micro-light-emitting diodes (Micro-LEDs) have emerged as a key technology in next-generation display technology due to their efficient performance, extended lifespan, wide color gamut, modular capabilities, and stability,,,,,,,.	1	1	10.1038/s41467-024-53965-0	Micro-light-emitting diodes (Micro-LEDs) have emerged as a key technology in next-generation display technology due to their efficient performance, extended lifespan, wide color gamut, modular capabilities, and stability,,,,,,,.
introduction	results	We fabricated fin-LEDs in large quantities (tens of millions) from a #-inch wafer using a top-down etching process, as illustrated in Supplementary Fig. #	1	1	10.1038/s41467-024-53965-0	We fabricated fin-LEDs in large quantities (tens of millions) from a 4-inch wafer using a top-down etching process, as illustrated in Supplementary Fig. 2.
results	discussion	We successfully developed submicron-scale fin-LEDs, a possible LED structure allowing face-selective assembly.	1	1	10.1038/s41467-024-53965-0	We successfully developed submicron-scale fin-LEDs, a possible LED structure allowing face-selective assembly.
discussion	methods	The experiment utilized a blue epitaxial growth wafer purchased from SEMITEK Co., consisting of a # nm p-GaN layer, # nm InGaN/GaN MQWs, and a # μm n-GaN layer.	1	1	10.1038/s41467-024-53965-0	The experiment utilized a blue epitaxial growth wafer purchased from SEMITEK Co., consisting of a 50 nm p-GaN layer, 150 nm InGaN/GaN MQWs, and a 2.0 μm n-GaN layer.
abstract	introduction	Inorganic micro-LED (μ-LED) displays exhibit both high brightness and a contrast ratio superior to those of OLED and reflective LCD displays.	1	1	10.1038/s41467-025-60886-z	Inorganic micro-LED (μ-LED) displays exhibit both high brightness and a contrast ratio superior to those of OLED and reflective LCD displays.
introduction	results	Figure # illustrates the epitaxial passivation of ultrathin single-crystalline AlN (e-AlN) passivation for high efficiency in the red spectral region.	1	1	10.1038/s41467-025-60886-z	Figure 1 illustrates the epitaxial passivation of ultrathin single-crystalline AlN (e-AlN) passivation for high efficiency in the red spectral region.
results	methods	We fabricated InGaN-based red nano LED (diameter (D): # μm/height (H): # μm/pitch (P): # μm) and μ-LED (D: # μm/H: # μm/P: # μm) arrays, As the subpixel pitch of # ppi (pentile) is # μm × # μm, both nano-LEDs and μ-LEDs can easily extend into ># ppi.	1	1	10.1038/s41467-025-60886-z	We fabricated InGaN-based red nano LED (diameter (D): 0.65 μm/height (H): 4.3 μm/pitch (P): 1.8 μm) and μ-LED (D: 1.5 μm/H: 2.0 μm/P: 4.5 μm) arrays, As the subpixel pitch of 5000 ppi (pentile) is 2.5 μm × 5.0 μm, both nano-LEDs and μ-LEDs can easily extend into >5000 ppi.
abstract	introduction	In the post-Moore era, the growth of computing performance is increasingly constrained by factors beyond raw processing power, including the I/O wall and memory wall caused by the separation of computation and memory, as well as the limited edge bandwidth density,.	1	1	10.1038/s41467-026-74151-4	In the post-Moore era, the growth of computing performance is increasingly constrained by factors beyond raw processing power, including the I/O wall and memory wall caused by the separation of computation and memory, as well as the limited edge bandwidth density,.
introduction	results	The schematic of the epitaxial structure for long-wavelength InGaN-based micro-LEDs on silicon substrates is shown in Fig. #a, where yellow and red micro-LEDs adopt similar designs.	1	1	10.1038/s41467-026-74151-4	The schematic of the epitaxial structure for long-wavelength InGaN-based micro-LEDs on silicon substrates is shown in Fig. 1a, where yellow and red micro-LEDs adopt similar designs.
results	methods	The yellow and red micro-LEDs for transfer printing shared a similar epitaxial structure, grown by MOCVD on #-inch Si (#) substrates.	1	1	10.1038/s41467-026-74151-4	The yellow and red micro-LEDs for transfer printing shared a similar epitaxial structure, grown by MOCVD on 4-inch Si (111) substrates.
abstract	introduction	Phosphorescent organic light-emitting diodes (PhOLEDs) are widely used in display and lighting applications due to their low power consumption and high brightness.	1	1	10.1038/s41467-023-43408-7	Phosphorescent organic light-emitting diodes (PhOLEDs) are widely used in display and lighting applications due to their low power consumption and high brightness.
introduction	results	To investigate key factors of the short lifetime of blue OLEDs under real operational conditions, we prepared three experimental setups.	1	1	10.1038/s41467-023-43408-7	To investigate key factors of the short lifetime of blue OLEDs under real operational conditions, we prepared three experimental setups.
results	discussion	Increasing the lifetime of blue OLED devices is a difficult problem because highly energetic excitons can cause various degradation reactions.	1	1	10.1038/s41467-023-43408-7	Increasing the lifetime of blue OLED devices is a difficult problem because highly energetic excitons can cause various degradation reactions.
discussion	methods	Pre-patterned # nm-thick ITO-glass substrates were treated with wet cleaning (acetone, isopropyl alcohol, and deionized water) and dry cleaning (UV-ozone treatment) processes.	1	1	10.1038/s41467-023-43408-7	Pre-patterned 150 nm-thick ITO-glass substrates were treated with wet cleaning (acetone, isopropyl alcohol, and deionized water) and dry cleaning (UV-ozone treatment) processes.
abstract	introduction	The 'blue OLED problem'—the quest for a stable and efficient blue organic light-emitting diode (OLED), has plagued academic and industrial researchers alike for over # years.	1	1	10.1038/s41563-024-01812-4	The 'blue OLED problem'—the quest for a stable and efficient blue organic light-emitting diode (OLED), has plagued academic and industrial researchers alike for over 20 years.
introduction	results	The design and syntheses of new terminal emitters NB-# and NB-# are illustrated in Fig. #	1	1	10.1038/s41563-024-01812-4	The design and syntheses of new terminal emitters NB-1 and NB-2 are illustrated in Fig. 1.
results	discussion	Current blue hyperfluorescence technology requires OLEDs with complex EMLs of at least three components—a TADF sensitizer, narrowband emitter guest and wide-gap matrix (matrices).	1	1	10.1038/s41563-024-01812-4	Current blue hyperfluorescence technology requires OLEDs with complex EMLs of at least three components—a TADF sensitizer, narrowband emitter guest and wide-gap matrix (matrices).
discussion	methods	Supplementary Note # discusses the synthesis routes of NB-#, NB-#, NB-# and En-Per.	1	1	10.1038/s41563-024-01812-4	Supplementary Note 1 discusses the synthesis routes of NB-1, NB-2, NB-3 and En-Per.
abstract	introduction	Organic light-emitting diodes (OLEDs) have been ubiquitous in various modern technologies such as smartphones, watches and televisions due to their advantages such as high resolution, high color quality, fast response time, energy efficiency and flexibility.	1	1	10.1038/s41377-025-01817-x	Organic light-emitting diodes (OLEDs) have been ubiquitous in various modern technologies such as smartphones, watches and televisions due to their advantages such as high resolution, high color quality, fast response time, energy efficiency and flexibility.
introduction	results	Most of the neutral Ir(III) complexes are designed as the [# + # + #]- and [# + #]-types, featuring an iridium metal center configuration that provides rigidity and durability in OLED application.	1	1	10.1038/s41377-025-01817-x	Most of the neutral Ir(III) complexes are designed as the [2 + 2 + 2]- and [3 + 3]-types, featuring an iridium metal center configuration that provides rigidity and durability in OLED application.
results	discussion	Efficiency and operational lifetime are critical factors for the commercial success of blue phosphorescent OLEDs (Ph-OLEDs).	1	1	10.1038/s41377-025-01817-x	Efficiency and operational lifetime are critical factors for the commercial success of blue phosphorescent OLEDs (Ph-OLEDs).
discussion	methods	All commercially available reagents were used directly without further purification.	1	1	10.1038/s41377-025-01817-x	All commercially available reagents were used directly without further purification.
abstract	introduction	Metal halide perovskites (MHPs) are potential materials for next-generation light-emitting diodes (LEDs) because of their excellent properties, such as adjustable band gap, high color purity, high photoluminescence quantum yield (PLQY) and cost-effective solution process.	1	1	10.1038/s41467-024-50022-8	Metal halide perovskites (MHPs) are potential materials for next-generation light-emitting diodes (LEDs) because of their excellent properties, such as adjustable band gap, high color purity, high photoluminescence quantum yield (PLQY) and cost-effective solution process.
introduction	results	In-situ PL spectroscopy studies the PL evolution of QDs nucleation and growth (Fig. #b).	1	1	10.1038/s41467-024-50022-8	In-situ PL spectroscopy studies the PL evolution of QDs nucleation and growth (Fig. 1b).
results	discussion	In conclusion, we have developed an effective strategy to realize stable and efficient strong confined pure phase perovskite QDs.	1	1	10.1038/s41467-024-50022-8	In conclusion, we have developed an effective strategy to realize stable and efficient strong confined pure phase perovskite QDs.
discussion	methods	Lead iodide (PbI#, Macklin, #%), zinc iodide (ZnI#, Aladdin, #%), cesium carbonate (Cs#CO#, Sigma-Aldrich), Octadecene (ODE, Sigma-Aldrich, #%), oleic acid (OA, Sigma-Aldrich, #%), oleylamine (OAm, Aladdin, #%), n-hexane (Aladdin, #%), n-octane (Aladdin, #%), methyl acetate (Sinopharm Chemical Reagent Co., Ltd. (SCRC), #%), ethyl acetate (Aladdin, #%), #-naphthalenesulfonic acid (NSA, SCRC, #%), ammonium hexafluorophosphate (NH#PF#, Sigma-Aldrich, #%), poly(#,#-ethylenedioxythiophene) polystyrene sulfonate (PEDOT: PSS, #, Xi’an Polymer Light Technology Corp.), poly[bis(#-phenyl)(#,#,#-trimethylphenyl)amine](PTAA, Lingzhi Technology Co., Ltd.), #,#,#-tris[#-(diphenylphosphinyl)phenyl]−#,#,#-triazine (PO-T#T, Xi’an Polymer Light Technology Corp.), #,#′-[#′-[#-(#-pyridinyl)phenyl][#,#’:#′,#”-terphenyl]−#,#”-diyl]bispyridine (TmPyPB, Xi’an Polymer Light Technology Corp.), lithium fluoride (LiF, Xi’an Polymer Light Technology Corp., #%), which were directly used.	1	1	10.1038/s41467-024-50022-8	Lead iodide (PbI2, Macklin, 99.999%), zinc iodide (ZnI2, Aladdin, 99.999%), cesium carbonate (Cs2CO3, Sigma-Aldrich), Octadecene (ODE, Sigma-Aldrich, 90%), oleic acid (OA, Sigma-Aldrich, 90%), oleylamine (OAm, Aladdin, 90%), n-hexane (Aladdin, 98%), n-octane (Aladdin, 99%), methyl acetate (Sinopharm Chemical Reagent Co., Ltd. (SCRC), 98%), ethyl acetate (Aladdin, 99.9%), 2-naphthalenesulfonic acid (NSA, SCRC, 98%), ammonium hexafluorophosphate (NH4PF6, Sigma-Aldrich, 99.999%), poly(3,4-ethylenedioxythiophene) polystyrene sulfonate (PEDOT: PSS, 4083, Xi’an Polymer Light Technology Corp.), poly[bis(4-phenyl)(2,4,6-trimethylphenyl)amine](PTAA, Lingzhi Technology Co., Ltd.), 2,4,6-tris[3-(diphenylphosphinyl)phenyl]−1,3,5-triazine (PO-T2T, Xi’an Polymer Light Technology Corp.), 3,3′-[5′-[3-(3-pyridinyl)phenyl][1,1’:3′,1”-terphenyl]−3,3”-diyl]bispyridine (TmPyPB, Xi’an Polymer Light Technology Corp.), lithium fluoride (LiF, Xi’an Polymer Light Technology Corp., 99.9%), which were directly used.
abstract	introduction	Metal halide perovskite light-emitting diodes (PeLEDs) have emerged as promising candidates for next-generation high-definition displays due to their wide color gamut and narrow full-width-at-half-maximum (FWHM).	1	1	10.1038/s41377-025-02019-1	Metal halide perovskite light-emitting diodes (PeLEDs) have emerged as promising candidates for next-generation high-definition displays due to their wide color gamut and narrow full-width-at-half-maximum (FWHM).
introduction	results	Blue CsPbBr# NPLs were synthesized using a modified thermal injection method with OA and OAm as capping ligands (details are provided in the experimental section).	1	1	10.1038/s41377-025-02019-1	Blue CsPbBr3 NPLs were synthesized using a modified thermal injection method with OA and OAm as capping ligands (details are provided in the experimental section).
results	discussion	In summary, we have developed efficient deep-blue PeLEDs based on colloidal CsPbBr# NPLs that meet the stringent Rec.# color standard, enabled by an acid-assisted short-chain ligand passivation strategy.	1	1	10.1038/s41377-025-02019-1	In summary, we have developed efficient deep-blue PeLEDs based on colloidal CsPbBr3 NPLs that meet the stringent Rec.2020 color standard, enabled by an acid-assisted short-chain ligand passivation strategy.
abstract	introduction	Perovskite quantum dot light-emitting diodes (QLEDs) have made impressive progress for the past few years, achieving external quantum efficiencies (EQEs) of over #% and exhibiting great potential in optoelectronic applications.	1	1	10.1038/s41467-025-63684-9	Perovskite quantum dot light-emitting diodes (QLEDs) have made impressive progress for the past few years, achieving external quantum efficiencies (EQEs) of over 25% and exhibiting great potential in optoelectronic applications.
introduction	results	We first conducted a precise molecule design to match the molecular anchor and perovskite lattice accurately.	1	1	10.1038/s41467-025-63684-9	We first conducted a precise molecule design to match the molecular anchor and perovskite lattice accurately.
results	discussion	In summary, we have proposed a lattice-matched multi-site anchoring strategy by using TMeOPPO-p for high-efficiency and stable QLEDs.	1	1	10.1038/s41467-025-63684-9	In summary, we have proposed a lattice-matched multi-site anchoring strategy by using TMeOPPO-p for high-efficiency and stable QLEDs.
discussion	methods	oleyl amine (OAm, #~#% purity), oleic acid (OA, #~#% purity), #-octadecene (ODE, >#% purity), isopropanol (#% purity), ethyl acetate (#% purity) and toluene (≥#% purity) were supplied by Aladdin.	1	1	10.1038/s41467-025-63684-9	oleyl amine (OAm, 80~90% purity), oleic acid (OA, 80~90% purity), 1-octadecene (ODE, >80% purity), isopropanol (99.7% purity), ethyl acetate (99% purity) and toluene (≥99.5% purity) were supplied by Aladdin.
abstract	introduction	Direct emission of circularly polarized light (CPL) by circularly polarized light-emitting diodes (CP-LEDs) with chiral materials is highly desirable for three-dimensional displays, quantum information processing, and other applications.	1	1	10.1038/s41467-025-57472-8	Direct emission of circularly polarized light (CPL) by circularly polarized light-emitting diodes (CP-LEDs) with chiral materials is highly desirable for three-dimensional displays, quantum information processing, and other applications.
introduction	results	Ligand exchange strategies have demonstrated their capabilities in realizing high-quality PQDs and high-performance optoelectronics, providing feasibility to the synthesis of ready-to-use chiral PQDs that are compatible with the fabrication of spin-LEDs (Supplementary Note #).	1	1	10.1038/s41467-025-57472-8	Ligand exchange strategies have demonstrated their capabilities in realizing high-quality PQDs and high-performance optoelectronics, providing feasibility to the synthesis of ready-to-use chiral PQDs that are compatible with the fabrication of spin-LEDs (Supplementary Note 3).
results	methods	Lead bromide (PbBr#, #%), lead chloride (PbCl#, #%), lead iodide (PbI#, #%), cesium carbonate (Cs#CO#, #%), octadecene (#-ODE, ≥#%), Chlorobenzene (CB, #%) methyl acetate (MeOAc, ≥#%) were purchased from Macklin Biochemical.	1	1	10.1038/s41467-025-57472-8	Lead bromide (PbBr2, 99.99%), lead chloride (PbCl2, 99.99%), lead iodide (PbI2, 99.99%), cesium carbonate (Cs2CO3, 99.99%), octadecene (1-ODE, ≥95%), Chlorobenzene (CB, 99%) methyl acetate (MeOAc, ≥99%) were purchased from Macklin Biochemical.
abstract	introduction	In recent years, perovskite light-emitting diodes (PeLEDs) have emerged as promising next-generation display technology, owing to their wide color gamut, tunable emission wavelengths, and cost-effectiveness in terms of materials and manufacturing.	1	1	10.1038/s41377-025-01740-1	In recent years, perovskite light-emitting diodes (PeLEDs) have emerged as promising next-generation display technology, owing to their wide color gamut, tunable emission wavelengths, and cost-effectiveness in terms of materials and manufacturing.
introduction	results	The tri-source co-evaporation of CsBr, PbI#, and ligand is shown schematically in Fig. #a.	1	1	10.1038/s41377-025-01740-1	The tri-source co-evaporation of CsBr, PbI2, and ligand is shown schematically in Fig. 1a.
results	discussion	In summary, we demonstrate the ligand design strategy to passivate defects and boost carrier radiative recombination in vacuum-deposited perovskites to enable efficient vacuum-deposited pure red PeLEDs.	1	1	10.1038/s41377-025-01740-1	In summary, we demonstrate the ligand design strategy to passivate defects and boost carrier radiative recombination in vacuum-deposited perovskites to enable efficient vacuum-deposited pure red PeLEDs.
abstract	introduction	Perovskite quantum dots (QDs) have been regarded as star materials for new generation high-definition (HD) displays because of their narrow emission spectra (full width at half maximum (FWHM) < # nm), high defect tolerance, and facile solution processability.	1	1	10.1038/s41377-026-02231-7	Perovskite quantum dots (QDs) have been regarded as star materials for new generation high-definition (HD) displays because of their narrow emission spectra (full width at half maximum (FWHM) < 35 nm), high defect tolerance, and facile solution processability.
introduction	results	We synthesized pure-bromide QDs with strong quantum confinement by reducing their size, thereby ensuring that the emission color coordinates fall within the Rec. # blue region.	1	1	10.1038/s41377-026-02231-7	We synthesized pure-bromide QDs with strong quantum confinement by reducing their size, thereby ensuring that the emission color coordinates fall within the Rec. 2020 blue region.
results	discussion	We demonstrate that a multifunctional molecule effectively stabilizes perovskite QD surfaces, simultaneously addressing carrier trapping, interdot coupling, and Auger recombination—key challenges limiting blue perovskite QLED performance.	1	1	10.1038/s41377-026-02231-7	We demonstrate that a multifunctional molecule effectively stabilizes perovskite QD surfaces, simultaneously addressing carrier trapping, interdot coupling, and Auger recombination—key challenges limiting blue perovskite QLED performance.
abstract	introduction	Perovskite quantum dots (QDs) show great promise for ultra-high-definition display applications due to their broad colour gamut coverage, high photoluminescence quantum yields (PLQYs), and narrow emission spectra.	1	1	10.1038/s41377-026-02247-z	Perovskite quantum dots (QDs) show great promise for ultra-high-definition display applications due to their broad colour gamut coverage, high photoluminescence quantum yields (PLQYs), and narrow emission spectra.
introduction	results	We synthesised FAPbBr# QDs in dimethyl formamide (DMF) with or without ion-pair pinning via a modified ligand-assisted reprecipitation (LARP) method under ambient conditions (# ± # °C, #% relative humidity), as detailed in the “Methods”.	1	1	10.1038/s41377-026-02247-z	We synthesised FAPbBr3 QDs in dimethyl formamide (DMF) with or without ion-pair pinning via a modified ligand-assisted reprecipitation (LARP) method under ambient conditions (25 ± 2 °C, 25% relative humidity), as detailed in the “Methods”.
results	discussion	In summary, we developed an ion-pair pinning strategy by adding TBAOTf into the perovskite precursor solutions to enhance the optoelectronic performance of air-processed FAPbBr# QD films.	1	1	10.1038/s41377-026-02247-z	In summary, we developed an ion-pair pinning strategy by adding TBAOTf into the perovskite precursor solutions to enhance the optoelectronic performance of air-processed FAPbBr3 QD films.
abstract	introduction	Metal halide perovskite semiconductors have emerged as promising candidates for next-generation light-emitting sources, offering exceptional color purity, solution processability, and high photoluminescence quantum yields (PLQYs).	1	1	10.1038/s41377-026-02184-x	Metal halide perovskite semiconductors have emerged as promising candidates for next-generation light-emitting sources, offering exceptional color purity, solution processability, and high photoluminescence quantum yields (PLQYs).
introduction	results	We proposed that ligand engineering offers a promising strategy for modulating crystal morphology in perovskites by influencing crystallization kinetics and reducing the energy barrier for nanosheet formation.	1	1	10.1038/s41377-026-02184-x	We proposed that ligand engineering offers a promising strategy for modulating crystal morphology in perovskites by influencing crystallization kinetics and reducing the energy barrier for nanosheet formation.
results	discussion	This work achieved a breakthrough in light-emissive materials by demonstrating the in situ formation of oriented perovskite nanosheets through ligand engineering.	1	1	10.1038/s41377-026-02184-x	This work achieved a breakthrough in light-emissive materials by demonstrating the in situ formation of oriented perovskite nanosheets through ligand engineering.
abstract	introduction	Quantum dot light-emitting diodes (QLEDs) have received considerable attention during these years due to their extraordinary color purity reliability cost-effectiveness and efficiency.	1	1	10.1038/s41377-022-00855-z	Quantum dot light-emitting diodes (QLEDs) have received considerable attention during these years due to their extraordinary color purity reliability cost-effectiveness and efficiency.
introduction	results	The environmental phosphorus of (DMA)₃P was employed in the synthesis of InP-based QDs in consideration of the safety and the cost.	1	1	10.1038/s41377-022-00855-z	The environmental phosphorus of (DMA)₃P was employed in the synthesis of InP-based QDs in consideration of the safety and the cost.
results	discussion	In conclusion we obtained the highly efficient green-emitting InP/ZnSexS₁₋x/ZnS QDs based on an environmental phosphorus of (DMA)₃P.	1	1	10.1038/s41377-022-00855-z	In conclusion we obtained the highly efficient green-emitting InP/ZnSexS₁₋x/ZnS QDs based on an environmental phosphorus of (DMA)₃P.
discussion	methods	Indium chloride (InCl₃) zinc chloride (ZnCl₂) zinc iodide (ZnI₂) zinc acetate (Zn(OAc)₂) sulfur powder (S) selenium powder (Se) trioctylphosphine (TOP) oleylamine (OLA) zinc stearate (Zn(st)₂) #-octadecene (ODE) #-dodecanethiol (DDT) tris[#-(diphenylphosphino)ethyl]phosphine were purchased from Aladdin.	1	1	10.1038/s41377-022-00855-z	Indium chloride (InCl₃) zinc chloride (ZnCl₂) zinc iodide (ZnI₂) zinc acetate (Zn(OAc)₂) sulfur powder (S) selenium powder (Se) trioctylphosphine (TOP) oleylamine (OLA) zinc stearate (Zn(st)₂) 1-octadecene (ODE) 1-dodecanethiol (DDT) tris[2-(diphenylphosphino)ethyl]phosphine were purchased from Aladdin.
abstract	introduction	Colloidal semiconductor quantum dots (QDs) such as IIVI QDs IIIV QDs and metal-halide perovskite QDs feature tunable bandgaps narrowband emission high photoluminescent quantum yields (PLQYs) and excellent solution processibility.	1	1	10.1038/s41467-023-43340-w	Colloidal semiconductor quantum dots (QDs) such as IIVI QDs IIIV QDs and metal-halide perovskite QDs feature tunable bandgaps narrowband emission high photoluminescent quantum yields (PLQYs) and excellent solution processibility.
introduction	results	Efficiency elevation of the shelf-stable QLEDs	1	1	10.1038/s41467-023-43340-w	Efficiency elevation of the shelf-stable QLEDs
results	discussion	We summarize the key changes of charge dynamics that account for the efficiency elevation of the QLED (Fig. #).	1	1	10.1038/s41467-023-43340-w	We summarize the key changes of charge dynamics that account for the efficiency elevation of the QLED (Fig. 6).
discussion	methods	TFB (average molecular weight ~#,# g mol⁻¹) was purchased from American Dye Source.	1	1	10.1038/s41467-023-43340-w	TFB (average molecular weight ~90,000 g mol⁻¹) was purchased from American Dye Source.
abstract	introduction	Printed display technologies based on solution-processable electroluminescent materials feature low-cost and scalable manufacturing on flexible substrates.	1	1	10.1038/s41467-023-35954-x	Printed display technologies based on solution-processable electroluminescent materials feature low-cost and scalable manufacturing on flexible substrates.
introduction	results	Charge-induced degradation of state-of-the-art blue QDs	1	1	10.1038/s41467-023-35954-x	Charge-induced degradation of state-of-the-art blue QDs
results	methods	Zinc acetate (#% trace metals basis) oleic acid (technical grade #%) #-octadecene (ODE #%) and Trioctylphosphine (TOP #%) were purchased from Sigma-Aldrich.	1	1	10.1038/s41467-023-35954-x	Zinc acetate (99.99 % trace metals basis) oleic acid (technical grade 90%) 1-octadecene (ODE 90%) and Trioctylphosphine (TOP 90%) were purchased from Sigma-Aldrich.
abstract	introduction	Electrically pumped lasers or laser diodes based on solution-processable materials have long been desired devices for their compatibility with virtually any substrate scalability and ease of integration with on-chip photonics and electronics.	1	1	10.1038/s41586-023-05855-6	Electrically pumped lasers or laser diodes based on solution-processable materials have long been desired devices for their compatibility with virtually any substrate scalability and ease of integration with on-chip photonics and electronics.
introduction	results	In this study we use an optical gain medium based on a revised version of continuously graded QDs (cg-QDs) which are similar to our previously introduced CdSe/Cd₁₋xZnxSe cg-QDs but feature a reduced thickness of the graded layer.	1	1	10.1038/s41586-023-05855-6	In this study we use an optical gain medium based on a revised version of continuously graded QDs (cg-QDs) which are similar to our previously introduced CdSe/Cd₁₋xZnxSe cg-QDs but feature a reduced thickness of the graded layer.
results	discussion	In conclusion we demonstrate #S and #P ASE with an electrically excited gain medium made of solution-cast colloidal QDs.	1	1	10.1038/s41586-023-05855-6	In conclusion we demonstrate 1S and 1P ASE with an electrically excited gain medium made of solution-cast colloidal QDs.
discussion	methods	Cadmium acetate dihydrate (Cd(CH₃COO)₂·#H₂O #%) zinc acetate dihydrate (Zn(CH₃COO)₂·#H₂O #%) selenium (shot #–# mm #%) and sulfur (#%) were purchased from Alfa Aesar.	1	1	10.1038/s41586-023-05855-6	Cadmium acetate dihydrate (Cd(CH₃COO)₂·2H₂O 98%) zinc acetate dihydrate (Zn(CH₃COO)₂·2H₂O 99.99%) selenium (shot 2–6 mm 99.998%) and sulfur (99.999%) were purchased from Alfa Aesar.
abstract	introduction	With excellent color rendering and cost-effective solution processability quantum-dot light-emitting diodes (QD-LEDs) are attractive light sources for next-generation solid-state lighting and display technologies.	1	1	10.1038/s41467-024-44894-z	With excellent color rendering and cost-effective solution processability quantum-dot light-emitting diodes (QD-LEDs) are attractive light sources for next-generation solid-state lighting and display technologies.
introduction	results	Device design by inserting an anti-oxidation transition layer	1	1	10.1038/s41467-024-44894-z	Device design by inserting an anti-oxidation transition layer
results	methods	Cadmium oxide (CdO #% powder) zinc oxide (ZnO #% powder) sulfur (S #% powder) oleic acid (OA #%) #-octanethiol (OT #%) #-octadecene (ODE #%) zinc acetate (Zn(OA)₂, #%) dimethyl sulfoxide (DMSO #%) tetramethylammoniumhydroxide (TMAH #%) chlorobenzene (#%) magnesium acetate tetrahydrate (Mg(OAc)₂·#H₂O #%) zinc(II) acetate dihydrate (Zn(OAc)₂·#H₂O #%) paraffin oil n-Octane (#%) ethanol (#%) and NN-Dimethylformamide (DMF #%) were purchased from Aldrich.	1	1	10.1038/s41467-024-44894-z	Cadmium oxide (CdO 99.998% powder) zinc oxide (ZnO 99.9% powder) sulfur (S 99.998% powder) oleic acid (OA 90%) 1-octanethiol (OT 98%) 1-octadecene (ODE 90%) zinc acetate (Zn(OA)₂, 99.99%) dimethyl sulfoxide (DMSO 99.7%) tetramethylammoniumhydroxide (TMAH 98%) chlorobenzene (99%) magnesium acetate tetrahydrate (Mg(OAc)₂·4H₂O 99.98%) zinc(II) acetate dihydrate (Zn(OAc)₂·2H₂O 99.99%) paraffin oil n-Octane (99%) ethanol (99.8%) and NN-Dimethylformamide (DMF 99.89%) were purchased from Aldrich.
abstract	introduction	Quantum dot light-emitting diodes (QLEDs) have emerged as strong contenders in solid-state lighting and display technologies due to their high color purity efficiency and wide color gamut.	1	1	10.1038/s41467-025-59527-2	Quantum dot light-emitting diodes (QLEDs) have emerged as strong contenders in solid-state lighting and display technologies due to their high color purity efficiency and wide color gamut.
introduction	results	Uniform and dense quantum dot films suppress charge leakage	1	1	10.1038/s41467-025-59527-2	Uniform and dense quantum dot films suppress charge leakage
results	discussion	In summary this study underscores the pivotal role of uniform QD films in enhancing the EL performance and operational stability of QLEDs.	1	1	10.1038/s41467-025-59527-2	In summary this study underscores the pivotal role of uniform QD films in enhancing the EL performance and operational stability of QLEDs.
discussion	methods	Dimethyldichlorosilane (DMS #%) was purchased from Macklin.	1	1	10.1038/s41467-025-59527-2	Dimethyldichlorosilane (DMS 99%) was purchased from Macklin.
abstract	introduction	Inorganic colloidal quantum dot light-emitting diodes (QD-LEDs) are promising for next-generation displays due to their broad colour controllability colour purity optical efficiency and electrical stability.	1	1	10.1038/s41928-026-01670-9	Inorganic colloidal quantum dot light-emitting diodes (QD-LEDs) are promising for next-generation displays due to their broad colour controllability colour purity optical efficiency and electrical stability.
introduction	results	Figure # illustrates the key process steps of CATP for high-resolution QD pixel patterning with optical and photoluminescence (PL) images of the patterned QD layer on the donor and target substrates.	1	1	10.1038/s41928-026-01670-9	Figure 1 illustrates the key process steps of CATP for high-resolution QD pixel patterning with optical and photoluminescence (PL) images of the patterned QD layer on the donor and target substrates.
results	discussion	We have reported a cracking-assisted TP technology for creating Cd-free QD full-colour EL displays on an AM backplane.	1	1	10.1038/s41928-026-01670-9	We have reported a cracking-assisted TP technology for creating Cd-free QD full-colour EL displays on an AM backplane.
discussion	methods	CATP for high-resolution QD patterning	1	1	10.1038/s41928-026-01670-9	CATP for high-resolution QD patterning
abstract	introduction	Colloidal quantum dots (QDs) have emerged as versatile luminescent materials due to their compelling properties of tunable emission wavelength high color purity good solution-processibility and high photoluminescence quantum yields (PLQYs).	1	1	10.1038/s41377-026-02246-0	Colloidal quantum dots (QDs) have emerged as versatile luminescent materials due to their compelling properties of tunable emission wavelength high color purity good solution-processibility and high photoluminescence quantum yields (PLQYs).
introduction	results	Principle of the light-driven QD patterning	1	1	10.1038/s41377-026-02246-0	Principle of the light-driven QD patterning
results	discussion	In this work we demonstrate a new principle of the photoisomeric transformation for high-quality QD pixels through the collaboration of SP and MC photoisomeric materials.	1	1	10.1038/s41377-026-02246-0	In this work we demonstrate a new principle of the photoisomeric transformation for high-quality QD pixels through the collaboration of SP and MC photoisomeric materials.
discussion	methods	Lead bromide (PbBr₂, #%) and formamidine bromide (FABr #%) were purchased from Xi’an Polymer Light Technology Corp.	1	1	10.1038/s41377-026-02246-0	Lead bromide (PbBr₂, 99.99%) and formamidine bromide (FABr 99.99%) were purchased from Xi’an Polymer Light Technology Corp.
abstract	introduction	Antiferromagnets (AFMs) have been pursued as potential building blocks for spintronic devices for their fast switching dynamics and absence of long-range dipolar interactions.	1	1	10.1038/s41467-024-52208-6	Antiferromagnets (AFMs) have been pursued as potential building blocks for spintronic devices for their fast switching dynamics and absence of long-range dipolar interactions.
introduction	results	We develop AFM/insulator/FM MTJs as shown schematically in Fig. #d, with the non-collinear antiferromagnetic Mn#Sn and ferromagnetic alloy CoFeB employed as two electrodes.	1	1	10.1038/s41467-024-52208-6	We develop AFM/insulator/FM MTJs as shown schematically in Fig. 1d, with the non-collinear antiferromagnetic Mn3Sn and ferromagnetic alloy CoFeB employed as two electrodes.
results	discussion	In conclusion, we experimentally study Mn#Sn/MgO/CoFeB AFMTJs and observe a TMR ratio as large as #% at # K.	1	1	10.1038/s41467-024-52208-6	In conclusion, we experimentally study Mn3Sn/MgO/CoFeB AFMTJs and observe a TMR ratio as large as 100% at 10 K.
discussion	methods	The full AFMTJ stack consists of Si/SiOx//Ru(#)/Mn#Sn(#)/MgO(#)/CoFeB(#)/Ta(#)/Ru(#) (bottom to top, nominal thickness, units in nanometers).	1	1	10.1038/s41467-024-52208-6	The full AFMTJ stack consists of Si/SiOx//Ru(2)/Mn3Sn(50)/MgO(4)/CoFeB(10)/Ta(5)/Ru(5) (bottom to top, nominal thickness, units in nanometers).
abstract	introduction	Magnetoresistive random access memory (MRAM) has emerged as a promising candidate for next-generation information storage devices due to its unique combination of non-volatility, robust endurance, and potential for scalability.	1	1	10.1038/s41467-025-66981-5	Magnetoresistive random access memory (MRAM) has emerged as a promising candidate for next-generation information storage devices due to its unique combination of non-volatility, robust endurance, and potential for scalability.
introduction	results	Here, we present a purely collinear AFMTJ constructed as a Van der Waals (vdW) heterostructure.	1	1	10.1038/s41467-025-66981-5	Here, we present a purely collinear AFMTJ constructed as a Van der Waals (vdW) heterostructure.
results	discussion	Our work demonstrates that uncompensated interfaces fulfill dual critical functions.	1	1	10.1038/s41467-025-66981-5	Our work demonstrates that uncompensated interfaces fulfill dual critical functions.
discussion	methods	Single-crystal FCGT was grown by the chemical vapor transport method.	1	1	10.1038/s41467-025-66981-5	Single-crystal FCGT was grown by the chemical vapor transport method.
abstract	introduction	The Internet of Things (IoT) has the ability to provide every human access and communication to the world in unprecedented ways, thanks to the deployment of trillions of sensors.	1	1	10.1038/s41467-025-67347-7	The Internet of Things (IoT) has the ability to provide every human access and communication to the world in unprecedented ways, thanks to the deployment of trillions of sensors.
introduction	results	The schematic view of the MoS# SGT device structure is shown in Fig. #a.	1	1	10.1038/s41467-025-67347-7	The schematic view of the MoS2 SGT device structure is shown in Fig. 1a.
results	discussion	A CVD monolayer MoS#-based source-gated transistor is demonstrated with high intrinsic gain and high cut-off frequency operating in the subthreshold region.	1	1	10.1038/s41467-025-67347-7	A CVD monolayer MoS2-based source-gated transistor is demonstrated with high intrinsic gain and high cut-off frequency operating in the subthreshold region.
discussion	methods	The fabrication process flow of MoS# SGT is shown in Supplementary Fig. #	1	1	10.1038/s41467-025-67347-7	The fabrication process flow of MoS2 SGT is shown in Supplementary Fig. 5.
abstract	introduction	Colloidal quantum dots (CQDs), due to their bandgap tunability via quantum size effect, have been demonstrated as excellent semiconducting materials for optoelectronic devices and applications such as quantum dot light emitting diodes (QLEDs), photodetectors, and photovoltaics.	1	1	10.1038/s41467-020-15481-9	Colloidal quantum dots (CQDs), due to their bandgap tunability via quantum size effect, have been demonstrated as excellent semiconducting materials for optoelectronic devices and applications such as quantum dot light emitting diodes (QLEDs), photodetectors, and photovoltaics.
introduction	results	Simulation of the surface trap states	1	1	10.1038/s41467-020-15481-9	Simulation of the surface trap states
results	discussion	In conclusion, we investigated the ligand effects on the device performance in perspective of surface trap states.	1	1	10.1038/s41467-020-15481-9	In conclusion, we investigated the ligand effects on the device performance in perspective of surface trap states.
discussion	methods	The quantum dots used in this work were prepared according to the methods previously reported in the related literatures with appropriate modifications.	2	2	10.1038/s41467-020-15481-9;10.1038/s41467-018-04986-z	The quantum dots used in this work were prepared according to the methods previously reported in the related literatures with appropriate modifications. | The quantum dots used in this work were prepared according to the methods previously reported in the related literatures with appropriate modifications.
abstract	introduction	Displays beyond eye-limiting resolution have attracted substantial interest as a key enabler for augmented/virtual reality (AR/VR) and ultrahigh-resolution (e.g., # K and # K) screens.	1	1	10.1038/s41467-022-29538-4	Displays beyond eye-limiting resolution have attracted substantial interest as a key enabler for augmented/virtual reality (AR/VR) and ultrahigh-resolution (e.g., 8 K and 16 K) screens.
introduction	results	Wafer-scale epilayer transfer and μ-LED formation	1	1	10.1038/s41467-022-29538-4	Wafer-scale epilayer transfer and μ-LED formation
results	discussion	This work is a culmination of several techniques for achieving high-resolution GaN LED arrays with QD-based color conversion.	1	1	10.1038/s41467-022-29538-4	This work is a culmination of several techniques for achieving high-resolution GaN LED arrays with QD-based color conversion.
discussion	methods	Elastomeric mask preparation and patterning of QDs	1	1	10.1038/s41467-022-29538-4	Elastomeric mask preparation and patterning of QDs
abstract	introduction	Colloidal quantum dots (QDs) have emerged as one of the most competitive emitters for applications in high-performance displays due to their excellent optical properties, such as tunable emission wavelengths, narrow emission spectra, and high luminescent efficiency.	1	1	10.1038/s41377-024-01601-3	Colloidal quantum dots (QDs) have emerged as one of the most competitive emitters for applications in high-performance displays due to their excellent optical properties, such as tunable emission wavelengths, narrow emission spectra, and high luminescent efficiency.
introduction	results	To start with the DED, the CsPbBr# QDs with green emission were first synthesized through the facile synthetic process.	1	1	10.1038/s41377-024-01601-3	To start with the DED, the CsPbBr3 QDs with green emission were first synthesized through the facile synthetic process.
results	discussion	We have developed a new and effective strategy of orthogonal electric field-induced template-assisted DED for the fabrication of QD patterns.	1	1	10.1038/s41377-024-01601-3	We have developed a new and effective strategy of orthogonal electric field-induced template-assisted DED for the fabrication of QD patterns.
discussion	methods	The DMS used in the experiment was Sylgard # purchased from Aladdin.	1	1	10.1038/s41377-024-01601-3	The DMS used in the experiment was Sylgard 184 purchased from Aladdin.
abstract	introduction	Metaverse is a platform to connect digital and physical realities, enabled by immersive technology of augmented reality (AR) and virtual reality (VR).	1	1	10.1038/s41377-025-02000-y	Metaverse is a platform to connect digital and physical realities, enabled by immersive technology of augmented reality (AR) and virtual reality (VR).
introduction	results	Fabrication of color-converted Micro-QLED	1	1	10.1038/s41377-025-02000-y	Fabrication of color-converted Micro-QLED
results	discussion	In summary, we have successfully demonstrated full-color color-converted Micro-QLED panel by combining blue Micro-QLED EL device and red-green QDCC array.	1	1	10.1038/s41377-025-02000-y	In summary, we have successfully demonstrated full-color color-converted Micro-QLED panel by combining blue Micro-QLED EL device and red-green QDCC array.
discussion	methods	Chemicals: Zinc acetate dihydrate (Zn(OAc)₂·#H₂O), magnesium acetate tetrahydrate (Mg(OAc)₂·#H₂O), lithium hydroxide (LiOH), dimethyl sulfoxide (DMSO), and ethanol were purchased from Shanghai Aladdin Biochemical Technology Co., Ltd.	1	1	10.1038/s41377-025-02000-y	Chemicals: Zinc acetate dihydrate (Zn(OAc)₂·2H₂O), magnesium acetate tetrahydrate (Mg(OAc)₂·4H₂O), lithium hydroxide (LiOH), dimethyl sulfoxide (DMSO), and ethanol were purchased from Shanghai Aladdin Biochemical Technology Co., Ltd.
abstract	introduction	Stable phosphors have been fundamental to modern illumination, displays and information exchange, and thus bright fluorescent materials have gained extensive attention all the time.	1	1	10.1038/s41467-025-63653-2	Stable phosphors have been fundamental to modern illumination, displays and information exchange, and thus bright fluorescent materials have gained extensive attention all the time.
introduction	results	Synthesis and optical properties of the full-color SSF CDs	1	1	10.1038/s41467-025-63653-2	Synthesis and optical properties of the full-color SSF CDs
results	discussion	In summary, we developed a facile low-temperature molten salt method for the large-scale synthesis of full-color SSF CDs, successfully overcoming the limitations of traditional preparation methods in terms of temperature, time, and productivity.	1	1	10.1038/s41467-025-63653-2	In summary, we developed a facile low-temperature molten salt method for the large-scale synthesis of full-color SSF CDs, successfully overcoming the limitations of traditional preparation methods in terms of temperature, time, and productivity.
discussion	methods	Citric acid (C₆H₈O₇, >#%), urea (CH#N#O, >#%), phloroglucinol (C#H#O#, >#%), o-phenylenediamine (C#H#N#, >#%), sodium chloride (NaCl, >#%), potassium chloride (KCl, >#%) and zinc chloride (ZnCl#, >#%) were purchased by Aladdin Reagent Co., Ltd (Shanghai, P.	1	1	10.1038/s41467-025-63653-2	Citric acid (C₆H₈O₇, >99.5%), urea (CH4N2O, >99.0%), phloroglucinol (C6H6O3, >99.0%), o-phenylenediamine (C6H8N2, >98.0%), sodium chloride (NaCl, >99.5%), potassium chloride (KCl, >99.8%) and zinc chloride (ZnCl2, >98.0%) were purchased by Aladdin Reagent Co., Ltd (Shanghai, P.
abstract	introduction	Colloidal quantum dots (QDs), with their tunable emission wavelengths, high color purity, and excellent optoelectronic properties, are redefining the core architecture of next-generation display technologies.	1	1	10.1038/s41467-025-64696-1	Colloidal quantum dots (QDs), with their tunable emission wavelengths, high color purity, and excellent optoelectronic properties, are redefining the core architecture of next-generation display technologies.
introduction	results	Multi-functionality of triphenylphosphine molecules	1	1	10.1038/s41467-025-64696-1	Multi-functionality of triphenylphosphine molecules
results	discussion	In summary, we develop a multifunctional patterning strategy based on a commercially available small molecule TPP, that enables ambient-condition, photoresist-free lithography of QDs with high-resolution and preserved optoelectronic properties.	1	1	10.1038/s41467-025-64696-1	In summary, we develop a multifunctional patterning strategy based on a commercially available small molecule TPP, that enables ambient-condition, photoresist-free lithography of QDs with high-resolution and preserved optoelectronic properties.
discussion	methods	The following chemicals and materials are used as received.	1	1	10.1038/s41467-025-64696-1	The following chemicals and materials are used as received.
abstract	introduction	Active-matrix (AM) displays are self-emissive devices in which each pixel of a light-emitting diode (LED) is independently controlled using thin-film transistor (TFT) circuits.	1	1	10.1038/s41928-024-01181-5	Active-matrix (AM) displays are self-emissive devices in which each pixel of a light-emitting diode (LED) is independently controlled using thin-film transistor (TFT) circuits.
introduction	results	We use an in situ modification strategy to uniformly treat individual particles by adding an appropriate amount of tetrabutylammonium tetrafluoroborate (TBABF # ) dissolved in ethyl acetate (EA) as a passivant during nanocrystal film deposition (Fig. #a , see Methods for details).	1	1	10.1038/s41928-024-01181-5	We use an in situ modification strategy to uniformly treat individual particles by adding an appropriate amount of tetrabutylammonium tetrafluoroborate (TBABF 4 ) dissolved in ethyl acetate (EA) as a passivant during nanocrystal film deposition (Fig. 1a , see Methods for details).
results	discussion	We have reported microsecond-response and efficient-driven AM perovskite displays based on individual-particle-passivated perovskite nanocrystal films.	1	1	10.1038/s41928-024-01181-5	We have reported microsecond-response and efficient-driven AM perovskite displays based on individual-particle-passivated perovskite nanocrystal films.
discussion	methods	Caesium carbonate (Cs # CO # , #%), lead bromide (PbBr # , #%), lead iodide (PbI #, #%), #-aminovaleric acid (#%), triphenylphosphine oxide (TPPO, #%), chlorobenzene (#%) and dodecylbenzenesulphonic acid (≥#%) were purchased from Sigma Aldrich. #-Octadecene (ODE, #%), oleic acid (OA, #%), N , N -dimethylformamide (DMF, #%) and octane (#%) were purchased from Alfa Aesar.	1	1	10.1038/s41928-024-01181-5	Caesium carbonate (Cs 2 CO 3 , 99.9%), lead bromide (PbBr 2 , 99.999%), lead iodide (PbI 2, 99.999%), 5-aminovaleric acid (98%), triphenylphosphine oxide (TPPO, 98%), chlorobenzene (99.5%) and dodecylbenzenesulphonic acid (≥95%) were purchased from Sigma Aldrich. 1-Octadecene (ODE, 90%), oleic acid (OA, 90%), N , N -dimethylformamide (DMF, 99.8%) and octane (97%) were purchased from Alfa Aesar.
abstract	introduction	Advances in efficient near-infrared (NIR) organic light-emitting diodes (OLEDs) can enable light generation in the biological window for healthcare diagnosis and treatment.	1	1	10.1038/s41566-024-01458-3	Advances in efficient near-infrared (NIR) organic light-emitting diodes (OLEDs) can enable light generation in the biological window for healthcare diagnosis and treatment.
introduction	results	Figure #a shows the available energy transfer pathways between singlet (S # ) and triplet (T # ) excitons of MADN, and doublet (D # ) excitons of TTM-TPA in the MADN:TTM-TPA system (see Fig. #b for the chemical structures).	1	1	10.1038/s41566-024-01458-3	Figure 1a shows the available energy transfer pathways between singlet (S 1 ) and triplet (T 1 ) excitons of MADN, and doublet (D 1 ) excitons of TTM-TPA in the MADN:TTM-TPA system (see Fig. 1b for the chemical structures).
results	discussion	Electrical excitation with a fast charge-transporting host leads to the generation of singlet and triplet exciton states that can be harvested by doublet radicals towards highly efficient NIR EL in OLEDs.	1	1	10.1038/s41566-024-01458-3	Electrical excitation with a fast charge-transporting host leads to the generation of singlet and triplet exciton states that can be harvested by doublet radicals towards highly efficient NIR EL in OLEDs.
discussion	methods	TTM-TPA was dissolved in solvents at a concentration of # mg ml –# to measure its PL and absorption spectra in solution.	1	1	10.1038/s41566-024-01458-3	TTM-TPA was dissolved in solvents at a concentration of 0.1 mg ml –1 to measure its PL and absorption spectra in solution.
abstract	introduction	Organic light-emitting diodes (OLEDs) are now widely used in displays and are being developed for applications in lighting, sensing and communications.	1	1	10.1038/s41586-024-07149-x	Organic light-emitting diodes (OLEDs) are now widely used in displays and are being developed for applications in lighting, sensing and communications.
introduction	results	This brings us to the central question of this analysis, which is, what can be done in terms of emitter design to reduce efficiency roll-off (that is, increase J # )?	1	1	10.1038/s41586-024-07149-x	This brings us to the central question of this analysis, which is, what can be done in terms of emitter design to reduce efficiency roll-off (that is, increase J 90 )?
results	discussion	Our analysis has important implications for the rapidly growing field of TADF OLED development.	1	1	10.1038/s41586-024-07149-x	Our analysis has important implications for the rapidly growing field of TADF OLED development.
discussion	methods	We considered the reported efficiency roll-off behaviour of TADF OLEDs published in peer-reviewed journals between # and #	1	1	10.1038/s41586-024-07149-x	We considered the reported efficiency roll-off behaviour of TADF OLEDs published in peer-reviewed journals between 2016 and 2022.
abstract	introduction	White organic light-emitting diodes (WOLEDs) with high efficiency and excellent stability have garnered increasing attention, especially those based on all thermally activated delayed fluorescence (TADF) emitters.	1	1	10.1038/s41467-024-52401-7	White organic light-emitting diodes (WOLEDs) with high efficiency and excellent stability have garnered increasing attention, especially those based on all thermally activated delayed fluorescence (TADF) emitters.
introduction	results	Prior to fabricating WOLED devices, we investigated the performance of blue devices without doping MR-Y, using the following structure: indium-tin oxide (ITO)/#,#,#,#,#,#-hexaazatriphenylenehexacarbonitrile (HAT-CN, # nm)/#,#-bis[(di-#-tolylamino)phenyl]cyclohexane (TAPC, # nm)/tris(#-carbazolyl-#-ylphenyl)amine (TCTA, # nm)/#,#-di(# H -carbazol-#-yl)biphenyl (mCBP, # nm)/emitting layer (EML, # nm)/(#,#,#-triazine-#,#,#triyl)tris(benzene-#,#-diyl)(tris(diphenylphosphine oxide)) (POT#T, # nm)/#-(#-(#-([#,#’-biphenyl]−#-yl)anthracen-#-yl)phenyl)-#-ethyl−# H -benzo[ d ]imidazole (ANT-BIZ, # nm)/#-hydroxyquinolinato lithium (Liq, # nm)/alumina (Al, # nm).	1	1	10.1038/s41467-024-52401-7	Prior to fabricating WOLED devices, we investigated the performance of blue devices without doping MR-Y, using the following structure: indium-tin oxide (ITO)/1,4,5,8,9,11-hexaazatriphenylenehexacarbonitrile (HAT-CN, 5 nm)/1,1-bis[(di-4-tolylamino)phenyl]cyclohexane (TAPC, 30 nm)/tris(4-carbazolyl-9-ylphenyl)amine (TCTA, 15 nm)/3,3-di(9 H -carbazol-9-yl)biphenyl (mCBP, 10 nm)/emitting layer (EML, 30 nm)/(1,3,5-triazine-2,4,6triyl)tris(benzene-3,1-diyl)(tris(diphenylphosphine oxide)) (POT2T, 20 nm)/1-(4-(10-([1,1’-biphenyl]−4-yl)anthracen-9-yl)phenyl)-2-ethyl−1 H -benzo[ d ]imidazole (ANT-BIZ, 30 nm)/8-hydroxyquinolinato lithium (Liq, 2 nm)/alumina (Al, 100 nm).
results	discussion	We have presented an effective strategy to harmonize triplet exciton up-conversion and singlet exciton radiation in WOLEDs by employing D-A type TADF emitter as the blue emission component and MR-TADF emitter as the yellow emission component.	1	1	10.1038/s41467-024-52401-7	We have presented an effective strategy to harmonize triplet exciton up-conversion and singlet exciton radiation in WOLEDs by employing D-A type TADF emitter as the blue emission component and MR-TADF emitter as the yellow emission component.
discussion	methods	The materials used for fabricating the devices were either purchased from the company or synthesized by co-authors.	1	1	10.1038/s41467-024-52401-7	The materials used for fabricating the devices were either purchased from the company or synthesized by co-authors.
abstract	introduction	Organic light-emitting diodes (OLEDs) have attracted immense attention in display and illumination technologies due to their flexible device structures and multicolor emission.	1	1	10.1038/s41467-025-56987-4	Organic light-emitting diodes (OLEDs) have attracted immense attention in display and illumination technologies due to their flexible device structures and multicolor emission.
introduction	results	All four phthalimide derivatives were synthesized according to Fig. # .	1	1	10.1038/s41467-025-56987-4	All four phthalimide derivatives were synthesized according to Fig. 1 .
results	discussion	In summary, we have designed four phthalimide-based D-A chromophores using two structurally different donors to convert dark triplet states into emissive states.	1	1	10.1038/s41467-025-56987-4	In summary, we have designed four phthalimide-based D-A chromophores using two structurally different donors to convert dark triplet states into emissive states.
discussion	methods	All reagents were obtained from commercial sources and used without further purification, and solvents were used as received except specifically mentioned.	1	1	10.1038/s41467-025-56987-4	All reagents were obtained from commercial sources and used without further purification, and solvents were used as received except specifically mentioned.
abstract	introduction	Photonic-based quantum networks have the potential to paradigmatically change information sciences.	1	1	10.1038/s41467-024-55619-7	Photonic-based quantum networks have the potential to paradigmatically change information sciences.
introduction	results	To understand the effect of the ligand tails on the surface ligand coverage of perovskite QDs in the solid state, we used DFT to estimate the surface energies of a DDA (truncated to reduce computation cost) passivated and a PEA passivated # × # × # CsPbBr # slabs (Fig. # a, b ) as a function of surface ligand coverages (Supplementary Notes # , # and Supplementary Figs. # – # ).	1	1	10.1038/s41467-024-55619-7	To understand the effect of the ligand tails on the surface ligand coverage of perovskite QDs in the solid state, we used DFT to estimate the surface energies of a DDA (truncated to reduce computation cost) passivated and a PEA passivated 2 × 2 × 1 CsPbBr 3 slabs (Fig. 1 a, b ) as a function of surface ligand coverages (Supplementary Notes 2 , 3 and Supplementary Figs. 2 – 6 ).
results	discussion	In conclusion, we have demonstrated that intermolecular interactions can significantly impact the surface ligand coverage of individual CsPbBr # QDs in solid states.	1	1	10.1038/s41467-024-55619-7	In conclusion, we have demonstrated that intermolecular interactions can significantly impact the surface ligand coverage of individual CsPbBr 3 QDs in solid states.
discussion	methods	To prepare the Cs-precursor, # mg Cs # CO # , # mL oleic acid (OA), and # mL #-octadecnece (ODE) were added into a # mL flask.	1	1	10.1038/s41467-024-55619-7	To prepare the Cs-precursor, 900 mg Cs 2 CO 3 , 3.6 mL oleic acid (OA), and 9.6 mL 1-octadecnece (ODE) were added into a 100 mL flask.
abstract	introduction	Indium phosphide (InP) quantum dots (QDs) represent promising next-generation light-emitting sources due to their wide color gamut narrow emission bandwidth and nontoxicity.	1	1	10.1038/s41467-024-45944-2	Indium phosphide (InP) quantum dots (QDs) represent promising next-generation light-emitting sources due to their wide color gamut narrow emission bandwidth and nontoxicity.
introduction	results	Emission quenching of InP/ZnSe/ZnS QDs under UV exposure	1	1	10.1038/s41467-024-45944-2	Emission quenching of InP/ZnSe/ZnS QDs under UV exposure
results	methods	Tris(trimethylsilyl)phosphine (TMS₃P #%) and trioctylphosphine (TOP #%) were purchased from Strem.	1	1	10.1038/s41467-024-45944-2	Tris(trimethylsilyl)phosphine (TMS₃P 95%) and trioctylphosphine (TOP 97%) were purchased from Strem.
abstract	introduction	Colloidal quantum dots (QDs) are free-standing nano-emitters that radiate photons of size-dependent adjustable wavelength with a narrow emission linewidth.	1	1	10.1038/s41467-024-49791-z	Colloidal quantum dots (QDs) are free-standing nano-emitters that radiate photons of size-dependent adjustable wavelength with a narrow emission linewidth.
introduction	results	Strain-graded QDs with compositionally abrupt interface	1	1	10.1038/s41467-024-49791-z	Strain-graded QDs with compositionally abrupt interface
results	discussion	We have demonstrated strain-graded CdSe-ZnSe QDs in a centered core-shell geometry with compositionally abrupt interface.	1	1	10.1038/s41467-024-49791-z	We have demonstrated strain-graded CdSe-ZnSe QDs in a centered core-shell geometry with compositionally abrupt interface.
discussion	methods	Cadmium oxide (CdO #%) diphenylphosphine (DPP #%) oleylamine (Oam #%) #-octadecene (ODE #% technical grade) n-trioctylphosphine (TOP technical grade #%) toluene (anhydrous #%) hexane (anhydrous #%) methanol (#%) ethanol ( > #%) were purchased from Sigma-Aldrich.	1	1	10.1038/s41467-024-49791-z	Cadmium oxide (CdO 99.99%) diphenylphosphine (DPP 98%) oleylamine (Oam 70%) 1-octadecene (ODE 90% technical grade) n-trioctylphosphine (TOP technical grade 90%) toluene (anhydrous 99.8%) hexane (anhydrous 95%) methanol (99.8%) ethanol ( > 99.8%) were purchased from Sigma-Aldrich.
abstract	introduction	Quantum dot light-emitting diodes (QLEDs) demonstrate characteristics such as reduced energy requirements narrow-band emission spectra broad coverage of the visible color spectrum and high contrast making them a strong contender for human-machine interface display technologies.	1	1	10.1038/s41467-025-62345-1	Quantum dot light-emitting diodes (QLEDs) demonstrate characteristics such as reduced energy requirements narrow-band emission spectra broad coverage of the visible color spectrum and high contrast making them a strong contender for human-machine interface display technologies.
introduction	results	Preparation and characterization of quantum dot arrays	1	1	10.1038/s41467-025-62345-1	Preparation and characterization of quantum dot arrays
results	discussion	In summary we develop an aromatic-enhanced capillary bridge confinement technique to achieve long-range order in blue QDs.	1	1	10.1038/s41467-025-62345-1	In summary we develop an aromatic-enhanced capillary bridge confinement technique to achieve long-range order in blue QDs.
discussion	methods	Cadmium oxide (CdO #% powder) zinc acetate (Zn(OAc)₂, #%) zinc oxide (ZnO #% powder) magnesium acetate tetrahydrate (Mg(OAc)₂·#H₂O #%) oleic acid (OA #%) and sulfur (S #% powder) were purchased from Sigma-Aldrich. #-octadecene (ODE #%) and selenium (Se #% powder) were purchased from Thermo Scientific.	1	1	10.1038/s41467-025-62345-1	Cadmium oxide (CdO 99.99% powder) zinc acetate (Zn(OAc)₂, 99.99%) zinc oxide (ZnO 99.9% powder) magnesium acetate tetrahydrate (Mg(OAc)₂·4H₂O 99%) oleic acid (OA 90%) and sulfur (S 99.998% powder) were purchased from Sigma-Aldrich. 1-octadecene (ODE 90%) and selenium (Se 99.999% powder) were purchased from Thermo Scientific.
abstract	introduction	Solution-processed near-infrared (NIR #–# nm) light-emitting diodes (LEDs) are cost-efficient to fabricate and compatible with flexible substrates exhibiting great potential in many applications such as night-vision telecommunications and biomedical imaging.	1	1	10.1038/s41467-025-57746-1	Solution-processed near-infrared (NIR 700–1700 nm) light-emitting diodes (LEDs) are cost-efficient to fabricate and compatible with flexible substrates exhibiting great potential in many applications such as night-vision telecommunications and biomedical imaging.
introduction	results	Synthesis and properties of InAs-based quantum dots	1	1	10.1038/s41467-025-57746-1	Synthesis and properties of InAs-based quantum dots
results	methods	Indium acetate (In(Ac)₃, #%) zinc acetate (Zn(Ac)₂, #%) selenium (#%) palmitic acid (PA #%) di-n-octylamine (DOA #%) squalane (#%) and polyvinylpyrrolidone (PVP average Mw ~#,#) were purchased from Sigma-Aldrich.	1	1	10.1038/s41467-025-57746-1	Indium acetate (In(Ac)₃, 99.99%) zinc acetate (Zn(Ac)₂, 99.99%) selenium (99.99%) palmitic acid (PA 99%) di-n-octylamine (DOA 97%) squalane (96%) and polyvinylpyrrolidone (PVP average Mw ~29,000) were purchased from Sigma-Aldrich.
abstract	introduction	Ubiquitous sensing and computing are becoming realistic with the rapid advancement of Internet of Things (IoT) networks wearable technologies autonomous machines and AR/VR devices.	1	1	10.1038/s41467-025-64596-4	Ubiquitous sensing and computing are becoming realistic with the rapid advancement of Internet of Things (IoT) networks wearable technologies autonomous machines and AR/VR devices.
introduction	results	Mechanisms of L-E assisted nano-printing of NC assemblies	1	1	10.1038/s41467-025-64596-4	Mechanisms of L-E assisted nano-printing of NC assemblies
results	methods	Ink nozzle and substrate preparation	1	1	10.1038/s41467-025-64596-4	Ink nozzle and substrate preparation
abstract	introduction	Quantum dots (QDs) are an ideal class of emitters for light-emitting diodes (LEDs).	1	1	10.1038/s41377-024-01704-x	Quantum dots (QDs) are an ideal class of emitters for light-emitting diodes (LEDs).
introduction	results	The inferior efficiency of PQD-based NIR-LEDs can be ascribed to the high trap density of QDs and dynamic surface ligands which results in carrier loss and low mobility.	1	1	10.1038/s41377-024-01704-x	The inferior efficiency of PQD-based NIR-LEDs can be ascribed to the high trap density of QDs and dynamic surface ligands which results in carrier loss and low mobility.
results	discussion	In summary we employed a bidentate and liquid agent (FASCN) that ensures high surface coverage and provides tight ligand-surface binding on the QDs surface and the liquid characteristics of FASCN avoid the use of high polar solvents and guarantee better passivation.	1	1	10.1038/s41377-024-01704-x	In summary we employed a bidentate and liquid agent (FASCN) that ensures high surface coverage and provides tight ligand-surface binding on the QDs surface and the liquid characteristics of FASCN avoid the use of high polar solvents and guarantee better passivation.
discussion	methods	Lead (II) iodide (PbI₂, #% Sigma-Aldrich) Formamidine acetate (HN=CHNH₂·CH₃COOH #% Alfa Aesar) Oleylamine (OAm technical grade #% Sigma-Aldrich) Oleic acid (OA technical grade #% Sigma-Aldrich) #-Octadecene (ODE technical grade #% Adamas) Methyl acetate (Reagent Plus #% Sigma-Aldrich) Octane (anhydrous ≥#% Sigma-Aldrich).	1	1	10.1038/s41377-024-01704-x	Lead (II) iodide (PbI₂, 99% Sigma-Aldrich) Formamidine acetate (HN=CHNH₂·CH₃COOH 99% Alfa Aesar) Oleylamine (OAm technical grade 70% Sigma-Aldrich) Oleic acid (OA technical grade 90% Sigma-Aldrich) 1-Octadecene (ODE technical grade 90% Adamas) Methyl acetate (Reagent Plus 99% Sigma-Aldrich) Octane (anhydrous ≥99% Sigma-Aldrich).
abstract	introduction	Metal-halide perovskites are emerging semiconducting materials with promising optical and electrical properties for light-emitting and other optoelectronic applications.	1	1	10.1038/s41467-023-41929-9	Metal-halide perovskites are emerging semiconducting materials with promising optical and electrical properties for light-emitting and other optoelectronic applications.
introduction	results	Changes in the surface nature of the charge injection layer	1	1	10.1038/s41467-023-41929-9	Changes in the surface nature of the charge injection layer
results	discussion	In this work, we unexpectedly found that the commonly used hole injection NiOx/PVK bilayer films suffered from a processing issue, whereby the solvent of the perovskite precursor solution (DMSO) washed away the PVK owing to weak physical interaction at this organic/inorganic heterointerface.	1	1	10.1038/s41467-023-41929-9	In this work, we unexpectedly found that the commonly used hole injection NiOx/PVK bilayer films suffered from a processing issue, whereby the solvent of the perovskite precursor solution (DMSO) washed away the PVK owing to weak physical interaction at this organic/inorganic heterointerface.
discussion	methods	Nickel(II) acetate tetrahydrate [Ni(CH#COO)#·#H#O, #%], ethanolamine (NH#CH#CH#OH, #%), ethanol (#%), poly(#-vinylcarbazole) (PVK, average Mn ranging from #,# to #,# g mol−#), CsBr (#%), PbBr# (#%), chlorobenzene (anhydrous, #%), and ethyl acetate (anhydrous, #%) were purchased from Sigma-Aldrich. #PACz (>#%) was purchased from Tokyo Chemical Industry Co., Ltd.	1	1	10.1038/s41467-023-41929-9	Nickel(II) acetate tetrahydrate [Ni(CH3COO)2·4H2O, 99.995%], ethanolamine (NH2CH2CH2OH, 99.5%), ethanol (99.8%), poly(9-vinylcarbazole) (PVK, average Mn ranging from 25,000 to 50,000 g mol−1), CsBr (99.999%), PbBr2 (99.999%), chlorobenzene (anhydrous, 99.8%), and ethyl acetate (anhydrous, 99.8%) were purchased from Sigma-Aldrich. 2PACz (>98.0%) was purchased from Tokyo Chemical Industry Co., Ltd.
abstract	introduction	Quantum-dot (QD) light-emitting diodes (QLEDs) are hotly investigated due to their potential applications in low-cost, wide color gamut and flexible displays.	1	1	10.1038/s41467-024-52521-0	Quantum-dot (QD) light-emitting diodes (QLEDs) are hotly investigated due to their potential applications in low-cost, wide color gamut and flexible displays.
introduction	results	The QLEDs usually exhibit a positive aging effect (Supplementary Fig. #), and to exclude the effect of positive aging on device characteristics, all devices were encapsulated and shelf-stored in N# glove box for several days, so that the positive aging process is fully completed.	1	1	10.1038/s41467-024-52521-0	The QLEDs usually exhibit a positive aging effect (Supplementary Fig. 4), and to exclude the effect of positive aging on device characteristics, all devices were encapsulated and shelf-stored in N2 glove box for several days, so that the positive aging process is fully completed.
results	discussion	In summary, we address a fundamental question of how electrons transport within the QLEDs.	1	1	10.1038/s41467-024-52521-0	In summary, we address a fundamental question of how electrons transport within the QLEDs.
discussion	methods	Colloidal QDs (red/green/blue) were purchased from Suzhou Xingshuo Nanotech Co., Ltd.	1	1	10.1038/s41467-024-52521-0	Colloidal QDs (red/green/blue) were purchased from Suzhou Xingshuo Nanotech Co., Ltd.
abstract	introduction	Low-temperature solution processed metal halide perovskites have attracted tremendous attention in light-emitting diodes due to their excellent properties such as high photoluminescence quantum yield (PLQY), high charge carrier mobility, easily tunable bandgap, and high color purity.	1	1	10.1038/s41467-025-56001-x	Low-temperature solution processed metal halide perovskites have attracted tremendous attention in light-emitting diodes due to their excellent properties such as high photoluminescence quantum yield (PLQY), high charge carrier mobility, easily tunable bandgap, and high color purity.
introduction	results	The PEDOT:PSS was modified by a simple solvent treatment.	1	1	10.1038/s41467-025-56001-x	The PEDOT:PSS was modified by a simple solvent treatment.
results	discussion	In summary, we have demonstrated highly bright quasi-#D PeLEDs with reduced efficiency roll-off via energy funnel design.	1	1	10.1038/s41467-025-56001-x	In summary, we have demonstrated highly bright quasi-2D PeLEDs with reduced efficiency roll-off via energy funnel design.
discussion	methods	Cesium bromide (CsBr, #%), formamidinium iodide (FAI, #%), lead bromide (PbBr#, #%), lead iodide (PbI#, #%) and PEABr (#%) were purchased from Xi'an Polymer Light Technology Corp.	1	1	10.1038/s41467-025-56001-x	Cesium bromide (CsBr, 99.999%), formamidinium iodide (FAI, 99.9%), lead bromide (PbBr2, 99.999%), lead iodide (PbI2, 99.999%) and PEABr (99.9%) were purchased from Xi'an Polymer Light Technology Corp.
abstract	introduction	Nanocrystalline ZnO and surface magnesium-modified ZnO (ZnMgO) thin films dominate as electron injection layers (EILs) in a variety of solution-processed optoelectronic devices, including quantum dot (QD) light-emitting-diodes (QLEDs), perovskite LEDs, QD laser diodes, QD photodiodes and solar cells.	1	1	10.1038/s41467-025-58471-5	Nanocrystalline ZnO and surface magnesium-modified ZnO (ZnMgO) thin films dominate as electron injection layers (EILs) in a variety of solution-processed optoelectronic devices, including quantum dot (QD) light-emitting-diodes (QLEDs), perovskite LEDs, QD laser diodes, QD photodiodes and solar cells.
introduction	results	The n-type doping of magnesium-modified zinc oxide thin film	1	1	10.1038/s41467-025-58471-5	The n-type doping of magnesium-modified zinc oxide thin film
results	discussion	A straightforward water-vapor treatment of QLEDs with a top metal electrode enables in situ n-type doping of the ZnMgO EIL, leading to ideal electron injection and hole blockage capabilities that surpass those of conventional organic EILs and untreated ZnMgO EILs.	1	1	10.1038/s41467-025-58471-5	A straightforward water-vapor treatment of QLEDs with a top metal electrode enables in situ n-type doping of the ZnMgO EIL, leading to ideal electron injection and hole blockage capabilities that surpass those of conventional organic EILs and untreated ZnMgO EILs.
discussion	methods	Tetramethylammonium hydroxide pentahydrate (TMAH, #%) and ethanol (extra dry, #%) were purchased from J&K Chemical.	1	1	10.1038/s41467-025-58471-5	Tetramethylammonium hydroxide pentahydrate (TMAH, 98.5%) and ethanol (extra dry, 99.5%) were purchased from J&K Chemical.
abstract	introduction	Quantum-dot light-emitting diodes (QLEDs) are promising candidates for next-generation displays and lighting technology.	1	1	10.1038/s41377-025-01867-1	Quantum-dot light-emitting diodes (QLEDs) are promising candidates for next-generation displays and lighting technology.
introduction	results	Positive-ageing effect in QLEDs	1	1	10.1038/s41377-025-01867-1	Positive-ageing effect in QLEDs
results	discussion	The influence of the recrystallized ZnO film on the emission of the QD emitters was examined by revisiting the exciton dynamics in the optical and electrical excitation regimes.	1	1	10.1038/s41377-025-01867-1	The influence of the recrystallized ZnO film on the emission of the QD emitters was examined by revisiting the exciton dynamics in the optical and electrical excitation regimes.
discussion	methods	Poly(#,#-ethylenedioxythiophene) polystyrene sulfonate (PEDOT:PSS Clevios P VP AI #) aqueous solution, poly(#,#-dioctylfluoreneyl-#,#-diyl)-alt-(#,#'-(N-(#-butylphenyl) (TFB), and #,#,#-tris(N-phenylbenzimidazol-#-yl) benzene (TPBi) were obtained from Xi'an Yuri Solar Co., Ltd., and #,#',#-tris(carbazol-#-yl) triphenylamine (TCTA) and MoO# were purchased from Luminescence Co.	1	1	10.1038/s41377-025-01867-1	Poly(3,4-ethylenedioxythiophene) polystyrene sulfonate (PEDOT:PSS Clevios P VP AI 4083) aqueous solution, poly(9,9-dioctylfluoreneyl-2,7-diyl)-alt-(4,4'-(N-(4-butylphenyl) (TFB), and 1,3,5-tris(N-phenylbenzimidazol-2-yl) benzene (TPBi) were obtained from Xi'an Yuri Solar Co., Ltd., and 4,4',4-tris(carbazol-9-yl) triphenylamine (TCTA) and MoO3 were purchased from Luminescence Co.
abstract	introduction	Combining the features of light-emitting quantum dots and solution processing, QLED has become an emerging display technology potentially capable of #% Rec.# color gamut, high luminance efficiency and low-cost manufacturing.	1	1	10.1038/s41467-019-08749-2	Combining the features of light-emitting quantum dots and solution processing, QLED has become an emerging display technology potentially capable of 100% Rec.2020 color gamut, high luminance efficiency and low-cost manufacturing.
introduction	results	Figure # shows the result of lifetime tests.	1	1	10.1038/s41467-019-08749-2	Figure 1 shows the result of lifetime tests.
results	discussion	To pinpoint the mechanism of device degradation in red and blue QLED, measurements of electro-absorption and capacitance–voltage characteristics are carried out.	1	1	10.1038/s41467-019-08749-2	To pinpoint the mechanism of device degradation in red and blue QLED, measurements of electro-absorption and capacitance–voltage characteristics are carried out.
discussion	methods	The blue (Cd_#−x_Zn_x_S), and red (Cd_#−x_Zn_x_Se_#−y_S_y_) quantum dots used here were prepared according to methods reported previously in the literature, with appropriate modifications.	1	1	10.1038/s41467-019-08749-2	The blue (Cd_1−x_Zn_x_S), and red (Cd_1−x_Zn_x_Se_1−y_S_y_) quantum dots used here were prepared according to methods reported previously in the literature, with appropriate modifications.
abstract	introduction	Colloidal semiconductor nanocrystals are an important class of solution-processable inorganic luminescent materials.	1	1	10.1038/s41467-020-15944-z	Colloidal semiconductor nanocrystals are an important class of solution-processable inorganic luminescent materials.
introduction	results	Electrically pumped single-nanocrystal spectroscopy	1	1	10.1038/s41467-020-15944-z	Electrically pumped single-nanocrystal spectroscopy
results	discussion	Our study unravels a nanoscopic picture of sequential electron-hole injection into individual CdSe-based QDs, which is enabled by the confinement-enhanced Coulomb effects, for the efficient generation of single excitons in QD-based EL devices.	1	1	10.1038/s41467-020-15944-z	Our study unravels a nanoscopic picture of sequential electron-hole injection into individual CdSe-based QDs, which is enabled by the confinement-enhanced Coulomb effects, for the efficient generation of single excitons in QD-based EL devices.
discussion	methods	Poly(methyl methacrylate) (PMMA, average molecular weight, ~#,# g mol^−#^) and zinc acetate hydrate (>#%) were purchased from Sigma Aldrich.	1	1	10.1038/s41467-020-15944-z	Poly(methyl methacrylate) (PMMA, average molecular weight, ~120,000 g mol^−1^) and zinc acetate hydrate (>98%) were purchased from Sigma Aldrich.
abstract	introduction	Colloidal quantum dots (QDs) are considered as the next-generation emissive materials for quantum light-emitting diodes (QLEDs) owing to their size controllable bandgaps, excellent photoelectric properties and high color purity.	1	1	10.1038/s43246-021-00203-5	Colloidal quantum dots (QDs) are considered as the next-generation emissive materials for quantum light-emitting diodes (QLEDs) owing to their size controllable bandgaps, excellent photoelectric properties and high color purity.
introduction	results	For clarity, Fig. # depicts the progressive pathways to passivate the InP-based QDs.	1	1	10.1038/s43246-021-00203-5	For clarity, Fig. 1 depicts the progressive pathways to passivate the InP-based QDs.
results	discussion	In summary, we have carried out extensive post-modification of the colloidal green InP QDs by a sequence of ligand exchanges with various alkyl diamines and zinc halides.	1	1	10.1038/s43246-021-00203-5	In summary, we have carried out extensive post-modification of the colloidal green InP QDs by a sequence of ligand exchanges with various alkyl diamines and zinc halides.
discussion	methods	Zinc acetate dehydrate (#%) and dimethyl sulfoxide (DMSO, #%) were purchased from J.T.	1	1	10.1038/s43246-021-00203-5	Zinc acetate dehydrate (99%) and dimethyl sulfoxide (DMSO, 99.9%) were purchased from J.T.
abstract	introduction	The impetus for display devices with high color purity and low power consumption has driven intensive research on quantum dot-based light-emitting diodes (QLEDs) to exploit narrow bandwidth and high emission quantum yield (QY) of quantum dots (QDs).	1	1	10.1038/s41467-021-25955-z	The impetus for display devices with high color purity and low power consumption has driven intensive research on quantum dot-based light-emitting diodes (QLEDs) to exploit narrow bandwidth and high emission quantum yield (QY) of quantum dots (QDs).
introduction	results	For our study, we adopt the inverted device structure employing a ZnO nanoparticle (NP) ETL, InP/ZnSe/ZnS core/multishell QDs (Supplementary Fig. #) and various organic HTLs with different ionization energies for systematic investigation: #,#′,#″-tris[#-naphthyl(phenyl)amino]triphenylamine (#TNATA, # eV), N,N′-di(#-naphthyl)-N,N′-diphenyl-(#,#′-biphenyl)-#,#′-diamine (NPB, # eV), and tris(#-carbazoyl-#-ylphenyl)amine (TCTA, # eV).	1	1	10.1038/s41467-021-25955-z	For our study, we adopt the inverted device structure employing a ZnO nanoparticle (NP) ETL, InP/ZnSe/ZnS core/multishell QDs (Supplementary Fig. 1) and various organic HTLs with different ionization energies for systematic investigation: 4,4′,4″-tris[2-naphthyl(phenyl)amino]triphenylamine (2TNATA, 5.1 eV), N,N′-di(1-naphthyl)-N,N′-diphenyl-(1,1′-biphenyl)-4,4′-diamine (NPB, 5.4 eV), and tris(4-carbazoyl-9-ylphenyl)amine (TCTA, 5.7 eV).
results	discussion	In this sense, our interpretation addresses the discrepancy raised in the continuum DOS model for #TNATA-based devices.	1	1	10.1038/s41467-021-25955-z	In this sense, our interpretation addresses the discrepancy raised in the continuum DOS model for 2TNATA-based devices.
discussion	methods	Indium acetate (In(Ac)_#_, #%), zinc acetate (Zn(Ac)_#_, #%), tris(trimethylsilyl)-phosphine ((TMS)_#_P, #%), #-octadecene (ODE, #%), oleic acid (OA, #%), and tri-n-octylphosphine (TOP, #%) were purchased from UniAm.	1	1	10.1038/s41467-021-25955-z	Indium acetate (In(Ac)_3_, 99.99%), zinc acetate (Zn(Ac)_2_, 99.99%), tris(trimethylsilyl)-phosphine ((TMS)_3_P, 99.9%), 1-octadecene (ODE, 99%), oleic acid (OA, 99%), and tri-n-octylphosphine (TOP, 99%) were purchased from UniAm.
abstract	introduction	Solution-processed quantum dot light-emitting diodes (QD-LEDs) are emerging as leading candidates for next-generation displays and lighting, owing to their high emission efficiency, narrow spectral bandwidth, and low-cost manufacturing.	1	1	10.1038/s41467-025-65135-x	Solution-processed quantum dot light-emitting diodes (QD-LEDs) are emerging as leading candidates for next-generation displays and lighting, owing to their high emission efficiency, narrow spectral bandwidth, and low-cost manufacturing.
introduction	results	Carrier diffusion accelerates the electroluminescence	1	1	10.1038/s41467-025-65135-x	Carrier diffusion accelerates the electroluminescence
results	discussion	In summary, we propose a strategy to simultaneously accelerate carrier injection and diffusion across QDs, maximizing the exciton formation rate to achieve high EQE and brightness in green QD-LEDs.	1	1	10.1038/s41467-025-65135-x	In summary, we propose a strategy to simultaneously accelerate carrier injection and diffusion across QDs, maximizing the exciton formation rate to achieve high EQE and brightness in green QD-LEDs.
discussion	methods	Zinc acetate (Zn(OAc)_#_, #%), #-octadecene (ODE, #%), selenium (Se, #%, Powder), trioctylphosphine (TOP, #%), and oleic acid (OA, #%) were purchased from Alfa Aesar.	1	1	10.1038/s41467-025-65135-x	Zinc acetate (Zn(OAc)_2_, 99.99%), 1-octadecene (ODE, 90%), selenium (Se, 99.99%, Powder), trioctylphosphine (TOP, 90%), and oleic acid (OA, 90%) were purchased from Alfa Aesar.
abstract	introduction	Quantum dot light-emitting diodes (QLEDs) are commonly seen as crucial contenders for next-generation display and lighting technologies, owing to their exceptional luminescence properties and low production costs.	1	1	10.1038/s41467-025-57304-9	Quantum dot light-emitting diodes (QLEDs) are commonly seen as crucial contenders for next-generation display and lighting technologies, owing to their exceptional luminescence properties and low production costs.
introduction	results	Design and structure characterization	1	1	10.1038/s41467-025-57304-9	Design and structure characterization
results	discussion	In conclusion, we have successfully developed efficient ZnSeTe green QLEDs by controlling the interfacial potential.	1	1	10.1038/s41467-025-57304-9	In conclusion, we have successfully developed efficient ZnSeTe green QLEDs by controlling the interfacial potential.
discussion	methods	Zinc chloride (ZnCl_#_, #%), zinc acetate (Zn(OAc)_#_, #%), sulfur powder (S, #%), selenium powder (Se, #%), diethylzinc (DEZ; # M in ODE), trioctylphosphine (TOP, #%), tellurium (#%), tri-n-octylamine (TOA, #%), oleylamine (OLA, #%), oleic acid (OA, #%), #-octadecene (ODE, #%), heptane (#%), octane (#%), Palmitic acid (PA, #%), #-dodecanethiol (DDT, #%), diphenylphosphine (DPP), HF (#%), tris[#-(diphenylphosphino)ethyl]phosphine were purchased from Aladdin.	1	1	10.1038/s41467-025-57304-9	Zinc chloride (ZnCl_2_, 99.99%), zinc acetate (Zn(OAc)_2_, 99.99%), sulfur powder (S, 99.999%), selenium powder (Se, 99.999%), diethylzinc (DEZ; 1.0 M in ODE), trioctylphosphine (TOP, 97%), tellurium (99.99%), tri-n-octylamine (TOA, 90%), oleylamine (OLA, 90%), oleic acid (OA, 90%), 1-octadecene (ODE, 90%), heptane (90%), octane (99%), Palmitic acid (PA, 90%), 1-dodecanethiol (DDT, 98%), diphenylphosphine (DPP), HF (48%), tris[2-(diphenylphosphino)ethyl]phosphine were purchased from Aladdin.
abstract	introduction	Metal oxide thin films are considered an attractive material for various functional applications because of their favorable energy band structure, excellent processability, and high stability.	1	1	10.1038/s41467-021-27652-3	Metal oxide thin films are considered an attractive material for various functional applications because of their favorable energy band structure, excellent processability, and high stability.
introduction	results	Full size imagea Conventional cation doping, b surface charge transfer doping (SCTD), and c heterostructure charge transfer complex formation (this work).	1	1	10.1038/s41467-021-27652-3	Full size imagea Conventional cation doping, b surface charge transfer doping (SCTD), and c heterostructure charge transfer complex formation (this work).
results	discussion	In summary, we introduced the formation of a heterostructure charge transfer complex as a unique approach to simultaneously modulate energy levels and enhance the electrical conductivity of a metal oxide system.	1	1	10.1038/s41467-021-27652-3	In summary, we introduced the formation of a heterostructure charge transfer complex as a unique approach to simultaneously modulate energy levels and enhance the electrical conductivity of a metal oxide system.
discussion	methods	Nickel(II) acetate tetrahydrate ((CH#CO#)#Ni·#H#O, #%) was purchased from ACROS Organics.	1	1	10.1038/s41467-021-27652-3	Nickel(II) acetate tetrahydrate ((CH3CO2)2Ni·4H2O, 99%) was purchased from ACROS Organics.
abstract	introduction	P-i-n structured perovskite solar cells (PSCs) have demonstrated great potential in photovoltaics, particularly for commercial-scale large-area module applications, due to their high efficiency, low-temperature fabrication, and superior charge transport properties.	1	1	10.1038/s41467-025-64111-9	P-i-n structured perovskite solar cells (PSCs) have demonstrated great potential in photovoltaics, particularly for commercial-scale large-area module applications, due to their high efficiency, low-temperature fabrication, and superior charge transport properties.
introduction	results	In the integrated HTL strategy proposed in this study (Fig. #a), the surface hydroxylation of NiOx serves as a crucial chemical anchoring site, which is related to the bridging uniformity and stability of the SAM shell.	1	1	10.1038/s41467-025-64111-9	In the integrated HTL strategy proposed in this study (Fig. 1a), the surface hydroxylation of NiOx serves as a crucial chemical anchoring site, which is related to the bridging uniformity and stability of the SAM shell.
results	discussion	This study presents an integrated HTL strategy based on in situ SAM-coordinated NiOx, overcoming the limitations of conventional segmented HTL, where SAMs are deposited onto pre-formed NiOx layers.	1	1	10.1038/s41467-025-64111-9	This study presents an integrated HTL strategy based on in situ SAM-coordinated NiOx, overcoming the limitations of conventional segmented HTL, where SAMs are deposited onto pre-formed NiOx layers.
discussion	methods	N, N′-dimethylformamide (DMF), dimethyl sulfoxide (DMSO), isopropyl alcohol (IPA), chlorobenzene (CB) and ethanol (EtOH) were purchased from Sigma-Aldrich.	1	1	10.1038/s41467-025-64111-9	N, N′-dimethylformamide (DMF), dimethyl sulfoxide (DMSO), isopropyl alcohol (IPA), chlorobenzene (CB) and ethanol (EtOH) were purchased from Sigma-Aldrich.
abstract	introduction	Inverted perovskite solar cells (PSCs) have achieved significant advancements in long-term stability and power conversion efficiency (PCE).	1	1	10.1038/s41467-025-63389-z	Inverted perovskite solar cells (PSCs) have achieved significant advancements in long-term stability and power conversion efficiency (PCE).
introduction	results	Design of self-assembled molecules.	1	1	10.1038/s41467-025-63389-z	Design of self-assembled molecules.
results	methods	Formamidine iodide (FAI, #%), methylammonium iodide (MAI, #%), methylamine hydrochloride (MACl, #%) and methylammonium bromide (MABr, #%) were purchased from Greatcell Solar Materials.	1	1	10.1038/s41467-025-63389-z	Formamidine iodide (FAI, 99.5%), methylammonium iodide (MAI, 99.5%), methylamine hydrochloride (MACl, 99.5%) and methylammonium bromide (MABr, 99.5%) were purchased from Greatcell Solar Materials.
abstract	introduction	Inverted (p-i-n) perovskite solar cells (PSCs) have gained worldwide attention, as it achieved a remarkable power conversion efficiencies (PCEs) exceeding #%.	1	1	10.1038/s41467-026-73911-6	Inverted (p-i-n) perovskite solar cells (PSCs) have gained worldwide attention, as it achieved a remarkable power conversion efficiencies (PCEs) exceeding 27%.
introduction	results	Chemical precipitation is one very effective approach to synthesize high-quality NiOx NPs.	1	1	10.1038/s41467-026-73911-6	Chemical precipitation is one very effective approach to synthesize high-quality NiOx NPs.
results	discussion	We developed a LTCP method to successfully fabricate high-quality NiOx NPs for HTL in inverted PSCs.	1	1	10.1038/s41467-026-73911-6	We developed a LTCP method to successfully fabricate high-quality NiOx NPs for HTL in inverted PSCs.
discussion	methods	All chemicals and solvents were used as received without further purification.	1	1	10.1038/s41467-026-73911-6	All chemicals and solvents were used as received without further purification.
abstract	introduction	Interface engineering has made a great contribution to the development of solution-processable third-generation photovoltaic (PV) devices, bearing the hope of achieving carbon neutrality via sustainable energy production, like perovskite/organic solar cells (OSCs and PSCs).	1	1	10.1038/s41467-024-51760-5	Interface engineering has made a great contribution to the development of solution-processable third-generation photovoltaic (PV) devices, bearing the hope of achieving carbon neutrality via sustainable energy production, like perovskite/organic solar cells (OSCs and PSCs).
introduction	results	The chemical structures of #PACz and PyCA-#F are presented in Fig. #a.	1	1	10.1038/s41467-024-51760-5	The chemical structures of 2PACz and PyCA-3F are presented in Fig. 1a.
results	discussion	In summary, our work demonstrated a co-adsorbed (CA) approach to rationally modify the SAM-based HTL layer, yielding significantly improved stability and PCEs for both PSCs and OSCs of p-i-n configuration.	1	1	10.1038/s41467-024-51760-5	In summary, our work demonstrated a co-adsorbed (CA) approach to rationally modify the SAM-based HTL layer, yielding significantly improved stability and PCEs for both PSCs and OSCs of p-i-n configuration.
discussion	methods	Cesium iodide (CsI), methylamine hydrochloride (MACl), formamidinium iodide (FAI), Lead bromide (PbBr#) methylamine hydrobromide (MABr), and lead iodide (PbI#) are purchased from Advanced Election Co., Ltd.	1	1	10.1038/s41467-024-51760-5	Cesium iodide (CsI), methylamine hydrochloride (MACl), formamidinium iodide (FAI), Lead bromide (PbBr2) methylamine hydrobromide (MABr), and lead iodide (PbI2) are purchased from Advanced Election Co., Ltd.
abstract	introduction	All-perovskite tandem solar cells (TSCs), consisting of a wide-bandgap (WBG, #–# eV) top cell paring with a narrow bandgap (NBG, #–# eV) bottom cell, have been presented as a promising approach to breaking the Shockley-Queisser (SQ) limits of single-junction perovskite solar cells (PSCs).	1	1	10.1038/s41467-025-59515-6	All-perovskite tandem solar cells (TSCs), consisting of a wide-bandgap (WBG, 1.7–1.8 eV) top cell paring with a narrow bandgap (NBG, 1.2–1.3 eV) bottom cell, have been presented as a promising approach to breaking the Shockley-Queisser (SQ) limits of single-junction perovskite solar cells (PSCs).
introduction	results	To dig into the adsorption mechanism of different SAMs on NiOx surface, DFT calculations including the electron localization function (ELF) were performed on Me-#PACz/NiOx, Me-#BACz (substituting PA with BA)/NiOx, S-BA/NiOx and O-BA/NiOx, N-BA/NiOx models.	1	1	10.1038/s41467-025-59515-6	To dig into the adsorption mechanism of different SAMs on NiOx surface, DFT calculations including the electron localization function (ELF) were performed on Me-4PACz/NiOx, Me-4BACz (substituting PA with BA)/NiOx, S-BA/NiOx and O-BA/NiOx, N-BA/NiOx models.
results	discussion	In summary, we have demonstrated that buried interface engineering by using a mixed SAM (S-BA-SAM: Me-#PACz = #:#, molar ratio) has a substantial impact on the performance of WBG subcells and TSCs.	1	1	10.1038/s41467-025-59515-6	In summary, we have demonstrated that buried interface engineering by using a mixed SAM (S-BA-SAM: Me-4PACz = 4:1, molar ratio) has a substantial impact on the performance of WBG subcells and TSCs.
discussion	methods	Formamidinium iodide (FAI, #%), methylammonium chloride (MACl #%), lead (II) iodide (PbI# #%), cesium iodide (CsI), lead bromide (PbBr#), lead (II) chloride (PbCl# #%), nickel oxide (NiOx) and patterned ITO substrates were purchased from Advanced Election Technology CO., Ltd.	1	1	10.1038/s41467-025-59515-6	Formamidinium iodide (FAI, 99.99%), methylammonium chloride (MACl 99.99%), lead (II) iodide (PbI2 99.9%), cesium iodide (CsI), lead bromide (PbBr2), lead (II) chloride (PbCl2 99.9%), nickel oxide (NiOx) and patterned ITO substrates were purchased from Advanced Election Technology CO., Ltd.
abstract	introduction	Among various photovoltaic (PV) technologies, organic-inorganic hybrid perovskite solar cells (PSCs) have the greatest potential because of their high absorption coefficient, long carrier diffusion length, low exciton binding energy and large-scale solution preparation.	1	1	10.1038/s41467-024-55653-5	Among various photovoltaic (PV) technologies, organic-inorganic hybrid perovskite solar cells (PSCs) have the greatest potential because of their high absorption coefficient, long carrier diffusion length, low exciton binding energy and large-scale solution preparation.
introduction	results	As had been proven, functional molecules containing –P, –N, –S and –O negative electron units could effectively passivate Lewis acid defects (such as undercoordinated Pb#+) by forming coordination covalent bonds, where the binding energy between –P units and the perovskite was the strongest.	1	1	10.1038/s41467-024-55653-5	As had been proven, functional molecules containing –P, –N, –S and –O negative electron units could effectively passivate Lewis acid defects (such as undercoordinated Pb2+) by forming coordination covalent bonds, where the binding energy between –P units and the perovskite was the strongest.
results	discussion	In this work, we presented an interfacial dipole reconstruction strategy to enlarge the interfacial dipole moment up to # D and simultaneously regulate the interfacial dipole orientation, thus providing a desirable dipole, by inserting #DPAA as an interfacial dipolar chemical bridge.	1	1	10.1038/s41467-024-55653-5	In this work, we presented an interfacial dipole reconstruction strategy to enlarge the interfacial dipole moment up to 5.10 D and simultaneously regulate the interfacial dipole orientation, thus providing a desirable dipole, by inserting 2DPAA as an interfacial dipolar chemical bridge.
discussion	methods	All chemicals were used as received: Lead(II) chloride (PbCl#, #%), formamidinium iodide (FAI, #%), lead(II) iodide (PbI#, #%), cesium iodide (CsI, #%) and magnesium fluoride (MgF#, #%) were obtained from Xi'an Yuri Solar Co., Ltd.	1	1	10.1038/s41467-024-55653-5	All chemicals were used as received: Lead(II) chloride (PbCl2, 99.9%), formamidinium iodide (FAI, 99.5%), lead(II) iodide (PbI2, 99.999%), cesium iodide (CsI, 99.99%) and magnesium fluoride (MgF2, 99.99%) were obtained from Xi'an Yuri Solar Co., Ltd.
abstract	introduction	Interface engineering is a crucial strategy in enhancing the overall performance of perovskite solar cells (pero-SCs), by improving film morphology, charge carrier dynamics, and reducing interface charge recombination.	1	1	10.1038/s41467-025-66421-4	Interface engineering is a crucial strategy in enhancing the overall performance of perovskite solar cells (pero-SCs), by improving film morphology, charge carrier dynamics, and reducing interface charge recombination.
introduction	results	The molecular structure of MeOF-#SHCz is presented in Fig. #a, and the synthesis procedures of MeOF-#SHCz are described in the Methods section.	1	1	10.1038/s41467-025-66421-4	The molecular structure of MeOF-4SHCz is presented in Fig. 1a, and the synthesis procedures of MeOF-4SHCz are described in the Methods section.
results	discussion	In conclusion, we present a ROI-SAM strategy utilizing the difference in the reaction driving forces between −SH group and −PO(OH)# group to target the Ni#+-rich and Ni#+-rich regions on the NiOx substrate, respectively.	1	1	10.1038/s41467-025-66421-4	In conclusion, we present a ROI-SAM strategy utilizing the difference in the reaction driving forces between −SH group and −PO(OH)2 group to target the Ni3+-rich and Ni2+-rich regions on the NiOx substrate, respectively.
discussion	methods	Cesium iodide (CsI, #%), dimethyl formamide (DMF, anhydrous) and dimethyl sulfoxide (DMSO, anhydrous) were purchased from Sigma-Aldrich.	1	1	10.1038/s41467-025-66421-4	Cesium iodide (CsI, 99.9%), dimethyl formamide (DMF, anhydrous) and dimethyl sulfoxide (DMSO, anhydrous) were purchased from Sigma-Aldrich.
abstract	introduction	Perovskite solar cells (PSCs) are widely recognized as a promising next-generation photovoltaic technology and have achieved certified power conversion efficiency (PCE) exceeding #%.	1	1	10.1038/s41467-026-69198-2	Perovskite solar cells (PSCs) are widely recognized as a promising next-generation photovoltaic technology and have achieved certified power conversion efficiency (PCE) exceeding 27%.
introduction	results	The synthetic routes and detailed procedures for both SAMs are illustrated in Supplementary Fig. #	1	1	10.1038/s41467-026-69198-2	The synthetic routes and detailed procedures for both SAMs are illustrated in Supplementary Fig. 1.
results	discussion	We develop a strategy for modifying the perovskite/HTL interface using SAMs.	1	1	10.1038/s41467-026-69198-2	We develop a strategy for modifying the perovskite/HTL interface using SAMs.
discussion	methods	Fluorine doped tin oxide (FTO) coated glass (TEC; # Ω sq−#, Advanced Election Technology Co., Ltd.), formamidinium iodide (FAI; #%, Advanced Election Technology Co., Ltd.), lead (II) iodide (PbI#; #%, Advanced Election Technology Co., Ltd.), Spiro-OMeTAD (#%, Advanced Election Technology Co., Ltd.), Nickel oxide nanoparticles (NiOx, #%, Advanced Election Technology Co., Ltd.), Fullerene (C#, #%, Advanced Election Technology Co., Ltd.), Bathocuproine (BCP, #%, Advanced Election Technology Co., Ltd.), Hellmanex (special cleaning concentrate for cuvettes, Sigma Aldrich), isopropyl alcohol (IPA; #%, TCI), ethyl ether (Et#O; Sinopharm Chemical Reagent), chloroform (CF; Sinopharm Chemical Reagent), titanium diisopropoxide bis(acetylacetonate) (#% in TPA, TCI), ethanol (≥#%, Aladdin), tin (IV) oxide (SnO#) colloid precursor (#% in H#O colloidal dispersion, Alfa Aesar), polyacrylic acid (PAA, avg.	1	1	10.1038/s41467-026-69198-2	Fluorine doped tin oxide (FTO) coated glass (TEC; 7 Ω sq−1, Advanced Election Technology Co., Ltd.), formamidinium iodide (FAI; 99.90%, Advanced Election Technology Co., Ltd.), lead (II) iodide (PbI2; 99.999%, Advanced Election Technology Co., Ltd.), Spiro-OMeTAD (99.86%, Advanced Election Technology Co., Ltd.), Nickel oxide nanoparticles (NiOx, 99.999%, Advanced Election Technology Co., Ltd.), Fullerene (C60, 99.5%, Advanced Election Technology Co., Ltd.), Bathocuproine (BCP, 99.5%, Advanced Election Technology Co., Ltd.), Hellmanex (special cleaning concentrate for cuvettes, Sigma Aldrich), isopropyl alcohol (IPA; 99.9%, TCI), ethyl ether (Et2O; Sinopharm Chemical Reagent), chloroform (CF; Sinopharm Chemical Reagent), titanium diisopropoxide bis(acetylacetonate) (75% in TPA, TCI), ethanol (≥99.5%, Aladdin), tin (IV) oxide (SnO2) colloid precursor (15% in H2O colloidal dispersion, Alfa Aesar), polyacrylic acid (PAA, avg.
abstract	introduction	Self-assembled monolayers (SAMs), such as (#-(#H-carbazol-#-yl)ethyl)phosphonic acid (#PACz) and its derivatives, have emerged as promising hole transport layers (HTLs) in inverted perovskite solar cells (PSCs).	1	1	10.1038/s41467-026-71301-6	Self-assembled monolayers (SAMs), such as (2-(9H-carbazol-9-yl)ethyl)phosphonic acid (2PACz) and its derivatives, have emerged as promising hole transport layers (HTLs) in inverted perovskite solar cells (PSCs).
introduction	results	As shown in Fig. #a, c, Ph-#PACz and Nd, based on a fused pyrrole-benzene framework, possess carbazole and indole cores, respectively.	1	1	10.1038/s41467-026-71301-6	As shown in Fig. 1a, c, Ph-4PACz and Nd, based on a fused pyrrole-benzene framework, possess carbazole and indole cores, respectively.
results	discussion	In summary, we demonstrate an indole-carbazole alternating co-adsorption strategy to fabricate uniform SAMs by introducing Nd into Ph-#PACz.	1	1	10.1038/s41467-026-71301-6	In summary, we demonstrate an indole-carbazole alternating co-adsorption strategy to fabricate uniform SAMs by introducing Nd into Ph-4PACz.
discussion	methods	All chemical materials purchased from commercial suppliers were directly employed without further purification.	1	1	10.1038/s41467-026-71301-6	All chemical materials purchased from commercial suppliers were directly employed without further purification.
abstract	introduction	In organic solar cells (OSCs), both charge generation and charge recombination occur at the donor (D)–acceptor (A) interfaces.	1	1	10.1038/s41467-022-29702-w	In organic solar cells (OSCs), both charge generation and charge recombination occur at the donor (D)–acceptor (A) interfaces.
introduction	results	ELA in quasi-bilayer D–A films	1	1	10.1038/s41467-022-29702-w	ELA in quasi-bilayer D–A films
results	discussion	The ELA at organic heterojunctions typically follows the ICT model, and as noted, all of the materials studied display the expected behavior when deposited onto inorganic and organic conducting substrates.	1	1	10.1038/s41467-022-29702-w	The ELA at organic heterojunctions typically follows the ICT model, and as noted, all of the materials studied display the expected behavior when deposited onto inorganic and organic conducting substrates.
discussion	methods	Materials and film fabrication	1	1	10.1038/s41467-022-29702-w	Materials and film fabrication
abstract	introduction	With the continued scaling of silicon (Si) complementary metal-oxide-semiconductor (CMOS) technology, the influence of source/drain contact resistance on the performance of metal-oxide-semiconductor field-effect transistors (MOSFETs) has been increasingly significant due to a smaller contact area and is now becoming a major bottleneck for advanced transistor performance scaling.	1	1	10.1038/s41467-025-65695-y	With the continued scaling of silicon (Si) complementary metal-oxide-semiconductor (CMOS) technology, the influence of source/drain contact resistance on the performance of metal-oxide-semiconductor field-effect transistors (MOSFETs) has been increasingly significant due to a smaller contact area and is now becoming a major bottleneck for advanced transistor performance scaling.
introduction	results	Schottky barrier height comparison of metal–Si and metal–Ge	1	1	10.1038/s41467-025-65695-y	Schottky barrier height comparison of metal–Si and metal–Ge
results	discussion	In addition to passivating the surface dangling bonds, there is another way to have the DBSS out of the middle bandgap to alleviate the FLP.	1	1	10.1038/s41467-025-65695-y	In addition to passivating the surface dangling bonds, there is another way to have the DBSS out of the middle bandgap to alleviate the FLP.
discussion	methods	We constructed (#)-oriented metal–Si (Ge) interface comprising # atomic layers of Si (Ge) and # layers of metals.	1	1	10.1038/s41467-025-65695-y	We constructed (001)-oriented metal–Si (Ge) interface comprising 13 atomic layers of Si (Ge) and 9 layers of metals.
abstract	introduction	Interfacial polarization is a cornerstone of modern oxide electronics, playing a pivotal role in phenomena ranging from two-dimensional electron gases at perovskite interfaces to emergent ferroelectricity in confined geometries.	1	1	10.1038/s41467-026-69200-x	Interfacial polarization is a cornerstone of modern oxide electronics, playing a pivotal role in phenomena ranging from two-dimensional electron gases at perovskite interfaces to emergent ferroelectricity in confined geometries.
introduction	results	Epitaxial, atomically precise RuO# heterostructures via hybrid MBE	1	1	10.1038/s41467-026-69200-x	Epitaxial, atomically precise RuO2 heterostructures via hybrid MBE
results	discussion	In summary, our study demonstrates the coexistence of interfacial polarization and metallicity in epitaxial RuO#/TiO# heterostructures and their controllability via epitaxial design.	1	1	10.1038/s41467-026-69200-x	In summary, our study demonstrates the coexistence of interfacial polarization and metallicity in epitaxial RuO2/TiO2 heterostructures and their controllability via epitaxial design.
discussion	methods	Hybrid MBE and structural characterizations	1	1	10.1038/s41467-026-69200-x	Hybrid MBE and structural characterizations
abstract	introduction	Organicinorganic perovskites have received extensive attention in recent years in view of their attractive electrical and optical properties.	1	1	alhtl_2017_cspbbr3-moo3-hil-peled	Organicinorganic perovskites have received extensive attention in recent years in view of their attractive electrical and optical properties.
introduction	results	Morphology of CsPbBr₃ films	1	1	alhtl_2017_cspbbr3-moo3-hil-peled	Morphology of CsPbBr₃ films
results	discussion	We found that the improvement via PVP could be due to three reasons.	1	1	alhtl_2017_cspbbr3-moo3-hil-peled	We found that the improvement via PVP could be due to three reasons.
discussion	methods	Preparation of perovskite solution and ZnO nanoparticles	1	1	alhtl_2017_cspbbr3-moo3-hil-peled	Preparation of perovskite solution and ZnO nanoparticles
abstract	introduction	Recently metal halide perovskites have shown considerable potential for applications in optoelectronic devices including solar cells light-emitting diodes (LEDs) photodetectors and lasers.	1	1	10.1038/s43246-020-00084-0	Recently metal halide perovskites have shown considerable potential for applications in optoelectronic devices including solar cells light-emitting diodes (LEDs) photodetectors and lasers.
introduction	results	Electric dipole and field-dependent hole hopping theory	1	1	10.1038/s43246-020-00084-0	Electric dipole and field-dependent hole hopping theory
results	discussion	In summary we report a unique strategy by introducing a MoO₃ electric dipole layer to enhance the hole injection for efficient PeLED.	1	1	10.1038/s43246-020-00084-0	In summary we report a unique strategy by introducing a MoO₃ electric dipole layer to enhance the hole injection for efficient PeLED.
discussion	methods	We prepared the perovskite nanocrystals (FAPb₁₋xSnxBr₃) according to ref. .	1	1	10.1038/s43246-020-00084-0	We prepared the perovskite nanocrystals (FAPb₁₋xSnxBr₃) according to ref. .
abstract	introduction	With the increasing demand for multi-functional and intelligent electronic equipment interactive displays have promising application prospects in many scenarios in real life.	1	1	10.1038/s41377-022-01036-8	With the increasing demand for multi-functional and intelligent electronic equipment interactive displays have promising application prospects in many scenarios in real life.
introduction	results	Figure #a shows a conceptual diagram of an optical interactive display based on pixelated SD-PQLED.	1	1	10.1038/s41377-022-01036-8	Figure 1a shows a conceptual diagram of an optical interactive display based on pixelated SD-PQLED.
results	discussion	In summary we have prepared light-emitting devices based on PQDs that can realize the dual-function applications of photosensitive/display in non-contact mode.	1	1	10.1038/s41377-022-01036-8	In summary we have prepared light-emitting devices based on PQDs that can realize the dual-function applications of photosensitive/display in non-contact mode.
discussion	methods	All chemicals were obtained commercially and without further purification.	1	1	10.1038/s41377-022-01036-8	All chemicals were obtained commercially and without further purification.
abstract	introduction	Tandem photovoltaics with complementary absorbing sub-cells are a promising pathway to surpass the detailed balance limit of single-junction solar cells stimulating intense interest.	1	1	10.1038/s41467-024-55376-7	Tandem photovoltaics with complementary absorbing sub-cells are a promising pathway to surpass the detailed balance limit of single-junction solar cells stimulating intense interest.
introduction	results	Morphology modulation of Au NPs	1	1	10.1038/s41467-024-55376-7	Morphology modulation of Au NPs
results	discussion	In summary we develop a highly efficient ICL structure for n-i-p perovskite-organic tandem solar cells.	1	1	10.1038/s41467-024-55376-7	In summary we develop a highly efficient ICL structure for n-i-p perovskite-organic tandem solar cells.
discussion	methods	Lead iodide (PbI₂, #%) was purchased from TCI Development Co.	1	1	10.1038/s41467-024-55376-7	Lead iodide (PbI₂, 99.99%) was purchased from TCI Development Co.
abstract	introduction	The theoretical thermodynamic efficiency limit of single-junction solar cells is known to approach ~ #% under AM # G illumination arising from the unavoidable photon spontaneous radiative losses and solar spectra-bandgap mismatch property.	1	1	10.1038/s41467-025-58047-3	The theoretical thermodynamic efficiency limit of single-junction solar cells is known to approach ~ 33% under AM 1.5 G illumination arising from the unavoidable photon spontaneous radiative losses and solar spectra-bandgap mismatch property.
introduction	results	We fabricated a typically p-i-n configuration perovskite/organic TSC with the structure of ITO/SAM/perovskite (Eg ~ # eV)/C₆₀/SnO₂/Au/MoO₃/organic active layer (Eg ~ # eV)/PNDIT-F#N/Ag as depicted in Fig. #a.	1	1	10.1038/s41467-025-58047-3	We fabricated a typically p-i-n configuration perovskite/organic TSC with the structure of ITO/SAM/perovskite (Eg ~ 1.85 eV)/C₆₀/SnO₂/Au/MoO₃/organic active layer (Eg ~ 1.37 eV)/PNDIT-F3N/Ag as depicted in Fig. 1a.
results	discussion	Balanced carrier transport within the ICL is crucial for minimizing non-radiative recombination and improving device performance in perovskite/organic TSCs.	1	1	10.1038/s41467-025-58047-3	Balanced carrier transport within the ICL is crucial for minimizing non-radiative recombination and improving device performance in perovskite/organic TSCs.
discussion	methods	For the materials of perovskite formamidinium iodide (FAI) methylammonium iodide (MAI) and Cesium iodide (CsI) were purchased from Greatcell Solar Materials Pty.	1	1	10.1038/s41467-025-58047-3	For the materials of perovskite formamidinium iodide (FAI) methylammonium iodide (MAI) and Cesium iodide (CsI) were purchased from Greatcell Solar Materials Pty.
abstract	introduction	Wide-bandgap oxide semiconductors (OSs) have been extensively studied as active channel layers of thin-film transistors (TFTs) for next-generation flat-panel displays nonvolatile memories inverters various sensors Schottky devices and so on.	1	1	10.1038/s41467-022-28480-9	Wide-bandgap oxide semiconductors (OSs) have been extensively studied as active channel layers of thin-film transistors (TFTs) for next-generation flat-panel displays nonvolatile memories inverters various sensors Schottky devices and so on.
introduction	results	Structural properties of the In₂O₃ and In₂O₃:H films	1	1	10.1038/s41467-022-28480-9	Structural properties of the In₂O₃ and In₂O₃:H films
results	discussion	In this study we demonstrate the high-performance polycrystalline In₂O₃:H TFTs using a low-temperature SPC process.	1	1	10.1038/s41467-022-28480-9	In this study we demonstrate the high-performance polycrystalline In₂O₃:H TFTs using a low-temperature SPC process.
discussion	methods	Fabrication of In₂O₃:H TFTs	1	1	10.1038/s41467-022-28480-9	Fabrication of In₂O₃:H TFTs
abstract	introduction	Transparent electrodes in organic optoelectronic devices are often based on indium tin oxide (ITO) which is the most successful transparent conducting material used in both academia and industry.	1	1	10.1038/s41467-022-32010-y	Transparent electrodes in organic optoelectronic devices are often based on indium tin oxide (ITO) which is the most successful transparent conducting material used in both academia and industry.
introduction	results	Conductive and transparent ZnO thin films grown using the sol-gel method	1	1	10.1038/s41467-022-32010-y	Conductive and transparent ZnO thin films grown using the sol-gel method
results	discussion	Finding an alternative transparent electrode to ITO for the new generation of optoelectronic devices such as organic and perovskite devices has been challenging for the industrialization of these technologies.	1	1	10.1038/s41467-022-32010-y	Finding an alternative transparent electrode to ITO for the new generation of optoelectronic devices such as organic and perovskite devices has been challenging for the industrialization of these technologies.
discussion	methods	All the characterizations and measurements performed in this work were repeated by different persons and similar results were obtained.	1	1	10.1038/s41467-022-32010-y	All the characterizations and measurements performed in this work were repeated by different persons and similar results were obtained.
abstract	introduction	With the growing demand for data-driven applications such as the next-generation machine learning accelerators and the Internet of Things (IoT) the traditional von-Neumann architecture with disjoint memory and processing units suffers from huge memory latency and limited data bandwidth which is further intensified by the scaling limits of silicon transistors.	1	1	10.1038/s41467-023-41868-5	With the growing demand for data-driven applications such as the next-generation machine learning accelerators and the Internet of Things (IoT) the traditional von-Neumann architecture with disjoint memory and processing units suffers from huge memory latency and limited data bandwidth which is further intensified by the scaling limits of silicon transistors.
introduction	results	Fabrication of TFT and circuits	1	1	10.1038/s41467-023-41868-5	Fabrication of TFT and circuits
results	methods	The fabrication process started with the standard cleaning steps with the SC-# and SC-#	1	1	10.1038/s41467-023-41868-5	The fabrication process started with the standard cleaning steps with the SC-1 and SC-2.
abstract	introduction	The field-effect transistor (FET) is a fundamental component in modern electronics.	1	1	10.1038/s41467-023-41041-y	The field-effect transistor (FET) is a fundamental component in modern electronics.
introduction	results	Indium has been utilized across a variety of applications (element scarcity is shown in Supplementary Table #) including displays (e.g.	1	1	10.1038/s41467-023-41041-y	Indium has been utilized across a variety of applications (element scarcity is shown in Supplementary Table 1) including displays (e.g.
results	methods	The device fabrication started with a standard wet and dry pre-clean of # mm Si substrate.	1	1	10.1038/s41467-023-41041-y	The device fabrication started with a standard wet and dry pre-clean of 300 mm Si substrate.
abstract	introduction	Power devices are essential building blocks for high-efficiency energy conversion in power electronics systems.	1	1	10.1038/s41467-023-40194-0	Power devices are essential building blocks for high-efficiency energy conversion in power electronics systems.
introduction	results	NiO/Ga₂O₃ p-n heterojunction diode	1	1	10.1038/s41467-023-40194-0	NiO/Ga₂O₃ p-n heterojunction diode
results	discussion	The intriguing physics of the NiO/Ga₂O₃ heterojunction enables the fabricated HJD to deliver a breakthrough trade-off between device performance and robustness.	1	1	10.1038/s41467-023-40194-0	The intriguing physics of the NiO/Ga₂O₃ heterojunction enables the fabricated HJD to deliver a breakthrough trade-off between device performance and robustness.
discussion	methods	The epitaxial structure was grown by hydride vapor phase epitaxy (HVPE) on a conductive Sn-doped (#) β-Ga₂O₃ substrate consisting of a #-μm Si-doped β-Ga₂O₃ drift layer with an electron concentration of # × #¹⁶cm⁻³.	1	1	10.1038/s41467-023-40194-0	The epitaxial structure was grown by hydride vapor phase epitaxy (HVPE) on a conductive Sn-doped (001) β-Ga₂O₃ substrate consisting of a 10-μm Si-doped β-Ga₂O₃ drift layer with an electron concentration of 1.7 × 10¹⁶cm⁻³.
abstract	introduction	Recent advancements in reducing device thickness in the field of ultrathin flexible transparent electrodes (uFTEs) have been favorably prevailing in state-of-art research fields and modern device innovations such as wearable optoelectronic devices implantable bioelectronics soft robotics aircraft electronics and imperceptible electronic skin since a high level of compatibility and comfortability.	1	1	10.1038/s41467-024-46243-6	Recent advancements in reducing device thickness in the field of ultrathin flexible transparent electrodes (uFTEs) have been favorably prevailing in state-of-art research fields and modern device innovations such as wearable optoelectronic devices implantable bioelectronics soft robotics aircraft electronics and imperceptible electronic skin since a high level of compatibility and comfortability.
introduction	results	Solution-processed uFTEs with four phases of stability	1	1	10.1038/s41467-024-46243-6	Solution-processed uFTEs with four phases of stability
results	discussion	The robust operational stability of the entirely solution-processed substrate-integrated uFTEs with greatly thin <# μm has been demonstrated with the tri-system integration within the composite electrode of Ag nanonets and ZⁿONP matrix.	1	1	10.1038/s41467-024-46243-6	The robust operational stability of the entirely solution-processed substrate-integrated uFTEs with greatly thin <0.5 μm has been demonstrated with the tri-system integration within the composite electrode of Ag nanonets and ZⁿONP matrix.
discussion	methods	Ethanol (AnalaR NORMAPUR(R) ACS ≥#% VWR Chemicals) was used in this work.	1	1	10.1038/s41467-024-46243-6	Ethanol (AnalaR NORMAPUR(R) ACS ≥99.8% VWR Chemicals) was used in this work.
abstract	introduction	Low-thermal-budget electronics are manufactured on unconventional substrates such as paper plastic or metal foil.	1	1	10.1038/s41928-024-01205-0	Low-thermal-budget electronics are manufactured on unconventional substrates such as paper plastic or metal foil.
introduction	results	Figure #ab shows schematics of bottom-gate (BG) and top-gate (TG) n-channel In₂O₃ TFTs which were fabricated on Si/SiO₂ substrates.	1	1	10.1038/s41928-024-01205-0	Figure 1ab shows schematics of bottom-gate (BG) and top-gate (TG) n-channel In₂O₃ TFTs which were fabricated on Si/SiO₂ substrates.
results	discussion	We have described an approach for monolithic #D TFT integration at room temperature which can be used to stack ten vertical layers.	1	1	10.1038/s41928-024-01205-0	We have described an approach for monolithic 3D TFT integration at room temperature which can be used to stack ten vertical layers.
discussion	methods	A thick # µm layer of SiO₂ was thermally grown on a highly doped p-type Si substrate (Si/SiO₂).	1	1	10.1038/s41928-024-01205-0	A thick 2 µm layer of SiO₂ was thermally grown on a highly doped p-type Si substrate (Si/SiO₂).
abstract	introduction	The growing demand for high-form-factor electronics has previously vitalized commercialization of flexible electronic devices leading to extensive research on the design of deformable systems.	1	1	10.1038/s41467-024-47184-w	The growing demand for high-form-factor electronics has previously vitalized commercialization of flexible electronic devices leading to extensive research on the design of deformable systems.
introduction	results	Monolithic fabrication of stretchable inorganic transistors	1	1	10.1038/s41467-024-47184-w	Monolithic fabrication of stretchable inorganic transistors
results	discussion	Here we demonstrate the highly stretchable metal-oxide transistor arrays and circuitry using dual-island structure on molecular-tailored elastomer substrates employing a CMOS-compatible fabrication process.	1	1	10.1038/s41467-024-47184-w	Here we demonstrate the highly stretchable metal-oxide transistor arrays and circuitry using dual-island structure on molecular-tailored elastomer substrates employing a CMOS-compatible fabrication process.
discussion	methods	Synthesis of EA and preparation of photoresist resin	1	1	10.1038/s41467-024-47184-w	Synthesis of EA and preparation of photoresist resin
abstract	introduction	The demand for sustainable high-performance electronic devices and integrated circuits has been on the rise especially for advanced device applications such as flexible displays lightweight wearable electronics and sensors electronic skin Internet of Things and back-end-of-line (BEOL)-compatible transistors for three-dimensional highly-integrated circuits.	1	1	10.1038/s41467-025-57200-2	The demand for sustainable high-performance electronic devices and integrated circuits has been on the rise especially for advanced device applications such as flexible displays lightweight wearable electronics and sensors electronic skin Internet of Things and back-end-of-line (BEOL)-compatible transistors for three-dimensional highly-integrated circuits.
introduction	results	Liquid-metal printing for Ga₂O₃ growth and characterization	1	1	10.1038/s41467-025-57200-2	Liquid-metal printing for Ga₂O₃ growth and characterization
results	discussion	The uniaxial pressure-assisted liquid-metal printing approach using nanoscale confinement growth was developed for low-temperature processed n-channel β-Ga₂O₃ TFTs for energy-efficient and cost-effective next-generation ubiquitous sustainable electronics.	1	1	10.1038/s41467-025-57200-2	The uniaxial pressure-assisted liquid-metal printing approach using nanoscale confinement growth was developed for low-temperature processed n-channel β-Ga₂O₃ TFTs for energy-efficient and cost-effective next-generation ubiquitous sustainable electronics.
discussion	methods	Synthesis of gallium oxide nanosheet	1	1	10.1038/s41467-025-57200-2	Synthesis of gallium oxide nanosheet
abstract	introduction	Two-dimensional (#D) semiconductors as exemplified by transition metal dichalcogenides (TMDs) have gradually delivered their potential to ease the significant challenges silicon integrated circuits encounter that is increasingly scaled size heat and memory walls.	1	1	10.1038/s41467-025-56815-9	Two-dimensional (2D) semiconductors as exemplified by transition metal dichalcogenides (TMDs) have gradually delivered their potential to ease the significant challenges silicon integrated circuits encounter that is increasingly scaled size heat and memory walls.
introduction	results	Compared with common simple oxide dielectrics (e.g.	1	1	10.1038/s41467-025-56815-9	Compared with common simple oxide dielectrics (e.g.
results	discussion	The Pechini method characterized as a liquid-to-solid solution process provides significant versatility in preparing thin films of various complex oxides.	1	1	10.1038/s41467-025-56815-9	The Pechini method characterized as a liquid-to-solid solution process provides significant versatility in preparing thin films of various complex oxides.
discussion	methods	Preparation of CCTO films	1	1	10.1038/s41467-025-56815-9	Preparation of CCTO films
abstract	introduction	Flexible organic solar cells (F-OSCs) present compelling advantages such as light weight design low-cost solution processability and high power-to-weight ratio positioning them with strong market potential for wearable electronics portable power systems and building- or agriculture-integrated photovoltaics.	1	1	10.1038/s41467-026-74198-3	Flexible organic solar cells (F-OSCs) present compelling advantages such as light weight design low-cost solution processability and high power-to-weight ratio positioning them with strong market potential for wearable electronics portable power systems and building- or agriculture-integrated photovoltaics.
introduction	results	Ligand-directed evolution and ripening pathways of ZnO sol-gel precursors	1	1	10.1038/s41467-026-74198-3	Ligand-directed evolution and ripening pathways of ZnO sol-gel precursors
results	discussion	In conclusion this work presents a novel ligand-directed strategy to overcome the critical “thermal-processing barrier” in fabricating high-quality ZnO interlayer for high-performance flexible organic solar cells.	1	1	10.1038/s41467-026-74198-3	In conclusion this work presents a novel ligand-directed strategy to overcome the critical “thermal-processing barrier” in fabricating high-quality ZnO interlayer for high-performance flexible organic solar cells.
discussion	methods	Materials and ZnO precursors	1	1	10.1038/s41467-026-74198-3	Materials and ZnO precursors
abstract	introduction	Since the commercialisation of the n-type metal-oxide semiconductor a-InGaZnO (a-IGZO) for thin-film transistors (TFTs) in flat panel displays in #, transparent p-type counterparts have attracted increasing interest for high-performance complementary logic circuits and next-generation 'invisible' active-matrix organic light-emitting diode displays.	1	1	10.1038/s41467-020-18006-6	Since the commercialisation of the n-type metal-oxide semiconductor a-InGaZnO (a-IGZO) for thin-film transistors (TFTs) in flat panel displays in 2011, transparent p-type counterparts have attracted increasing interest for high-performance complementary logic circuits and next-generation 'invisible' active-matrix organic light-emitting diode displays.
introduction	results	CuI has a zincblende structure below # K (γ-CuI) with intrinsic copper vacancies as hole producers at room temperature.	1	1	10.1038/s41467-020-18006-6	CuI has a zincblende structure below 643 K (γ-CuI) with intrinsic copper vacancies as hole producers at room temperature.
results	discussion	The above results demonstrate a new transparent inorganic p-type semiconductor of CuI:Zn, which enables the fabrication of high performance transistors.	1	1	10.1038/s41467-020-18006-6	The above results demonstrate a new transparent inorganic p-type semiconductor of CuI:Zn, which enables the fabrication of high performance transistors.
discussion	methods	All chemical reagents were purchased from Sigma-Aldrich and used as received without further purification.	1	1	10.1038/s41467-020-18006-6	All chemical reagents were purchased from Sigma-Aldrich and used as received without further purification.
abstract	introduction	ABO#-type perovskite-structured transition metal oxides and their structural variances (e.g., Ruddlesden-Popper, Brownmillerite, infinite-layer phases) have been extensively studied because of their remarkable physicochemical properties, including metal-to-insulator transition (MIT), superconductivity, ferroelectricity, notably high ionic conduction, and surface catalytic activity.	1	1	10.1038/s41467-023-40746-4	ABO3-type perovskite-structured transition metal oxides and their structural variances (e.g., Ruddlesden-Popper, Brownmillerite, infinite-layer phases) have been extensively studied because of their remarkable physicochemical properties, including metal-to-insulator transition (MIT), superconductivity, ferroelectricity, notably high ionic conduction, and surface catalytic activity.
introduction	results	Synthesis and characterization of BM-SFO thin films	1	1	10.1038/s41467-023-40746-4	Synthesis and characterization of BM-SFO thin films
results	discussion	To gain atomic-scale insights into the electronic and structural changes upon BM-SFO oxidation and the details of different oxygen diffusion pathways related to the orientation of OVCs, we turn to DFT simulations (details are summarized in Methods).	1	1	10.1038/s41467-023-40746-4	To gain atomic-scale insights into the electronic and structural changes upon BM-SFO oxidation and the details of different oxygen diffusion pathways related to the orientation of OVCs, we turn to DFT simulations (details are summarized in Methods).
discussion	methods	Epitaxial SrFeO# thin films with the thicknesses of #–# nm were grown on (#)-oriented SrTiO# and LSAT single crystal substrates using PLD.	1	1	10.1038/s41467-023-40746-4	Epitaxial SrFeO2.5 thin films with the thicknesses of 15–35 nm were grown on (001)-oriented SrTiO3 and LSAT single crystal substrates using PLD.
abstract	introduction	Creating high-mobility amorphous p-type oxide semiconductors holds the promise of enhancing scalable complementary metal–oxide–semiconductor (CMOS) technology and facilitating the integration of multifunctional electronics.	1	1	10.1038/s41586-024-07360-w	Creating high-mobility amorphous p-type oxide semiconductors holds the promise of enhancing scalable complementary metal–oxide–semiconductor (CMOS) technology and facilitating the integration of multifunctional electronics.
introduction	results	The X-ray diffraction (XRD) patterns show the typical amorphous features of deposited films before and after thermal annealing.	1	1	10.1038/s41586-024-07360-w	The X-ray diffraction (XRD) patterns show the typical amorphous features of deposited films before and after thermal annealing.
results	discussion	In conclusion, we have demonstrated high-performance stable p-channel TFTs using amorphous mixed-phase Te–TeOx-based semiconductors through the scalable thermal evaporation method.	1	1	10.1038/s41586-024-07360-w	In conclusion, we have demonstrated high-performance stable p-channel TFTs using amorphous mixed-phase Te–TeOx-based semiconductors through the scalable thermal evaporation method.
discussion	methods	Thin-film fabrication and characterizations	1	1	10.1038/s41586-024-07360-w	Thin-film fabrication and characterizations
abstract	introduction	CdSe-based quantum-dot light-emitting diodes (QLEDs) have been extensively explored for applications in display and lighting due to their unique merits of high color saturation tunable emission color high brightness and simple solution processability.	1	1	10.1038/s41467-020-16659-x	CdSe-based quantum-dot light-emitting diodes (QLEDs) have been extensively explored for applications in display and lighting due to their unique merits of high color saturation tunable emission color high brightness and simple solution processability.
introduction	results	Device structure and functionalities	1	1	10.1038/s41467-020-16659-x	Device structure and functionalities
results	discussion	In summary a multifunctional hybrid tandem LED is demonstrated which is realized by: (#) stacking a Y-QLED and a B-OLED vertically (#) using a conductive and transparent IZO as the ICE and (#) configuring the EML of Y-QLED with mixing R-QDs and G-QDs.	1	1	10.1038/s41467-020-16659-x	In summary a multifunctional hybrid tandem LED is demonstrated which is realized by: (1) stacking a Y-QLED and a B-OLED vertically (2) using a conductive and transparent IZO as the ICE and (3) configuring the EML of Y-QLED with mixing R-QDs and G-QDs.
discussion	methods	Multifunctional tandem LEDs were fabricated by using the structure of glass/ITO/PEDOT:PSS (# nm)/TFB (# nm)/R-QDs:G-QDs (# nm #:# for color-tunable device or #:# for white device)/ZnMgO (# nm)/Al (# nm)/IZO (# nm or # nm)/MoO₃ (# nm)/NPB (# nm)/MADN:DSA-Ph (# nm)/TPBi (# nm)/LiF (# nm)/Al (# nm) (abbreviations: PEDOT:PSS = poly(#,#-ethylenedioxythiophene)/polystyrenesulfonate TFB = poly[(#,#-dioctylfluorenyl-#,#-diyl)-co(#,#′-(N-(p-butylphenyl))diphenylamine)] NPB = NN′-bis-(#-naphthyl)-NN′-diphenyl-#,#′-biphenyl-#,#″-diamine MADN = #-methyl-#,#-di(#-naphthyl)anthracene DSA-Ph = p-bis(p-NN-diphenyl-aminostyryl)benzene TPBi = #,#′#″-(#,#,#-benzinetriyl)-tris(#-phenyl-#-H-benzimidazole).	1	1	10.1038/s41467-020-16659-x	Multifunctional tandem LEDs were fabricated by using the structure of glass/ITO/PEDOT:PSS (45 nm)/TFB (40 nm)/R-QDs:G-QDs (18 nm 1:20 for color-tunable device or 1:9 for white device)/ZnMgO (40 nm)/Al (2 nm)/IZO (60 nm or 80 nm)/MoO₃ (8 nm)/NPB (45 nm)/MADN:DSA-Ph (25 nm)/TPBi (40 nm)/LiF (1 nm)/Al (100 nm) (abbreviations: PEDOT:PSS = poly(3,4-ethylenedioxythiophene)/polystyrenesulfonate TFB = poly[(9,9-dioctylfluorenyl-2,7-diyl)-co(4,4′-(N-(p-butylphenyl))diphenylamine)] NPB = NN′-bis-(1-naphthyl)-NN′-diphenyl-1,1′-biphenyl-4,4″-diamine MADN = 2-methyl-9,10-di(2-naphthyl)anthracene DSA-Ph = p-bis(p-NN-diphenyl-aminostyryl)benzene TPBi = 2,2′2″-(1,3,5-benzinetriyl)-tris(1-phenyl-1-H-benzimidazole).
abstract	introduction	Semiconductor quantum dots (QDs) are promising optoelectronic materials because of their exceptional optoelectronic properties such as size-controlled tunable emission wavelength narrow emission spectrum high luminescent efficiency and compatibility with solution processing.	1	1	10.1038/s41467-021-24931-x	Semiconductor quantum dots (QDs) are promising optoelectronic materials because of their exceptional optoelectronic properties such as size-controlled tunable emission wavelength narrow emission spectrum high luminescent efficiency and compatibility with solution processing.
introduction	results	Patterning of QDs array via SEPD	1	1	10.1038/s41467-021-24931-x	Patterning of QDs array via SEPD
results	methods	The blue green and red quantum dots used here were purchased from Mesolight Inc (Suzhou China).	1	1	10.1038/s41467-021-24931-x	The blue green and red quantum dots used here were purchased from Mesolight Inc (Suzhou China).
abstract	introduction	Light-emitting diodes (LEDs) have become the mainstream lighting technology due to their advantages of high efficiency exceptional longevity solid state and environmental safety which fulfills the global demand for energy efficiency and environmental sustainability.	1	1	10.1038/s41467-024-47891-4	Light-emitting diodes (LEDs) have become the mainstream lighting technology due to their advantages of high efficiency exceptional longevity solid state and environmental safety which fulfills the global demand for energy efficiency and environmental sustainability.
introduction	results	Principle and performance of tandem QLEDs	1	1	10.1038/s41467-024-47891-4	Principle and performance of tandem QLEDs
results	discussion	In summary we have developed an innovative tandem QLED that can be directly driven by household AC electricity.	1	1	10.1038/s41467-024-47891-4	In summary we have developed an innovative tandem QLED that can be directly driven by household AC electricity.
discussion	methods	All materials used in this study were commercially available.	1	1	10.1038/s41467-024-47891-4	All materials used in this study were commercially available.
abstract	introduction	Colloidal quantum dots are high-performance cost-effective light sources for the next generation of display technologies.	1	1	10.1038/s41467-024-49574-6	Colloidal quantum dots are high-performance cost-effective light sources for the next generation of display technologies.
introduction	results	Design of single-mode green QLED	1	1	10.1038/s41467-024-49574-6	Design of single-mode green QLED
results	discussion	We have successfully demonstrated a single-mode green QLED by combining an electrically optimum device structure with a short single-mode optical cavity.	1	1	10.1038/s41467-024-49574-6	We have successfully demonstrated a single-mode green QLED by combining an electrically optimum device structure with a short single-mode optical cavity.
discussion	methods	Cadmium oxide (#%) Zinc acetate dihydrate (#%) selenium powder sulfur powder #-octadecene (#%) oleic acid (#%) and ethanol (absolute # Proof) were purchased from SigmaAldrich.	1	1	10.1038/s41467-024-49574-6	Cadmium oxide (99.99%) Zinc acetate dihydrate (98%) selenium powder sulfur powder 1-octadecene (90%) oleic acid (90%) and ethanol (absolute 200 Proof) were purchased from SigmaAldrich.
abstract	introduction	Solution-processed quantum dots (QDs) have attracted enormous interest as an excellent candidate for display and lighting applications owing to their outstanding advantages such as size-tunable emission wavelengths near-unity quantum yield (QY) and high color purity.	1	1	10.1038/s41377-024-01727-4	Solution-processed quantum dots (QDs) have attracted enormous interest as an excellent candidate for display and lighting applications owing to their outstanding advantages such as size-tunable emission wavelengths near-unity quantum yield (QY) and high color purity.
introduction	results	We synthesize two types of large-sized QDs with different nanostructures.	1	1	10.1038/s41377-024-01727-4	We synthesize two types of large-sized QDs with different nanostructures.
results	discussion	In summary we introduce the novel giant full-alloy CdZnSe/ZnSeS QDs to suppress the valence-band degeneracy which effectively smooths out the energy disorder at the QD/HTL interface and accelerates the radiative recombination of excitons.	1	1	10.1038/s41377-024-01727-4	In summary we introduce the novel giant full-alloy CdZnSe/ZnSeS QDs to suppress the valence-band degeneracy which effectively smooths out the energy disorder at the QD/HTL interface and accelerates the radiative recombination of excitons.
discussion	methods	Zinc acetate (Zn(ac)₂, #%) Cadmium oxide (CdO ≥#%) #-Octadecene (ODE #%) Oleic acid (OA #%) and Trioctylphosphine (TOP #%) were purchased from Sigma-Aldrich.	1	1	10.1038/s41377-024-01727-4	Zinc acetate (Zn(ac)₂, 99.99%) Cadmium oxide (CdO ≥99.99%) 1-Octadecene (ODE 90%) Oleic acid (OA 90%) and Trioctylphosphine (TOP 90%) were purchased from Sigma-Aldrich.
abstract	introduction	With the advantages of tunable emission spectra high color saturation and solution-processability quantum-dot (QD) light-emitting diodes (QLEDs) are poised to become the mainstream in next-generation display and lighting technologies offering immense market potential and significant economic benefits.	1	1	10.1038/s41377-025-01835-9	With the advantages of tunable emission spectra high color saturation and solution-processability quantum-dot (QD) light-emitting diodes (QLEDs) are poised to become the mainstream in next-generation display and lighting technologies offering immense market potential and significant economic benefits.
introduction	results	Comparison of OCE between conventional tandem and face-to-face integrated tandem	1	1	10.1038/s41377-025-01835-9	Comparison of OCE between conventional tandem and face-to-face integrated tandem
results	discussion	In conclusion we develop a high-performance and multifunctional tandem QLED by face-to-face integrating a TE device with a TR device.	1	1	10.1038/s41377-025-01835-9	In conclusion we develop a high-performance and multifunctional tandem QLED by face-to-face integrating a TE device with a TR device.
discussion	methods	All materials are commercially available.	2	2	10.1038/s41377-025-01835-9;10.1038/s41467-022-28037-w	All materials are commercially available. | All materials are commercially available.
abstract	introduction	Owing to the singular properties, including tuned band gap, small exciton energy, excellent bipolar carrier transport, long charge diffusion length, and amazingly high tolerance to defects, organometal halide perovskites have been projected to be promising candidates for a multitude of optoelectronic applications, including photovoltaics, light emission, photodetectors, X-ray imaging, lasers, gamma-ray detection, subwavelength photonic devices in a long-wavelength region, etc.	1	1	10.1038/s41467-018-05760-x	Owing to the singular properties, including tuned band gap, small exciton energy, excellent bipolar carrier transport, long charge diffusion length, and amazingly high tolerance to defects, organometal halide perovskites have been projected to be promising candidates for a multitude of optoelectronic applications, including photovoltaics, light emission, photodetectors, X-ray imaging, lasers, gamma-ray detection, subwavelength photonic devices in a long-wavelength region, etc.
introduction	results	Fabrication and characterization of E-SnO#	1	1	10.1038/s41467-018-05760-x	Fabrication and characterization of E-SnO2
results	discussion	An effective E-SnO# ETL has been developed, and the PCE of planar-type PSCs is increased to #% with negligible hysteresis, and the certified efficiency is #%, this is the highest reported value for planar-type PSCs so far.	1	1	10.1038/s41467-018-05760-x	An effective E-SnO2 ETL has been developed, and the PCE of planar-type PSCs is increased to 21.60% with negligible hysteresis, and the certified efficiency is 21.52%, this is the highest reported value for planar-type PSCs so far.
discussion	methods	NH#CHNH#I (FAI) was synthesized and purified according to a reported procedure.	1	1	10.1038/s41467-018-05760-x	NH2CHNH2I (FAI) was synthesized and purified according to a reported procedure.
abstract	introduction	Organic-inorganic lead halide perovskites are regarded as one of the most promising photovoltaic materials due to their superior properties including long carrier diffusion length, large absorption coefficient and tunable bandgap.	1	1	10.1038/s41467-018-07099-9	Organic-inorganic lead halide perovskites are regarded as one of the most promising photovoltaic materials due to their superior properties including long carrier diffusion length, large absorption coefficient and tunable bandgap.
introduction	results	Passivation mechanism of potassium cations on SnO# surface	1	1	10.1038/s41467-018-07099-9	Passivation mechanism of potassium cations on SnO2 surface
results	discussion	We have developed a universal surface passivation strategy for SnO# electron transport layers using potassium cations.	1	1	10.1038/s41467-018-07099-9	We have developed a universal surface passivation strategy for SnO2 electron transport layers using potassium cations.
discussion	methods	The SnO# colloid precursor (# wt% in H#O) was purchased from Alfa Aesar.	1	1	10.1038/s41467-018-07099-9	The SnO2 colloid precursor (15 wt% in H2O) was purchased from Alfa Aesar.
abstract	introduction	Organic-inorganic hybrid perovskite solar cells (PSCs) have attracted widespread attention due to their rapid increase in power conversion efficiency (PCE), reaching a certified PCE of #% in just a few years.	1	1	10.1038/s41467-019-13437-2	Organic-inorganic hybrid perovskite solar cells (PSCs) have attracted widespread attention due to their rapid increase in power conversion efficiency (PCE), reaching a certified PCE of 24.2% in just a few years.
introduction	results	PTABr surface passivation and modification of SnO#	1	1	10.1038/s41467-019-13437-2	PTABr surface passivation and modification of SnO2
results	discussion	We have developed a bifunctional surface engineering strategy for SnO# ETLs using PTABr.	1	1	10.1038/s41467-019-13437-2	We have developed a bifunctional surface engineering strategy for SnO2 ETLs using PTABr.
discussion	methods	All reagents were used as received without further purification.	1	1	10.1038/s41467-019-13437-2	All reagents were used as received without further purification.
abstract	introduction	Perovskite/silicon tandem solar cells have attracted significant attention for their potential to deliver superior power conversion efficiencies (PCE) compared to single-junction silicon solar cells.	1	1	10.1038/s41467-025-64546-0	Perovskite/silicon tandem solar cells have attracted significant attention for their potential to deliver superior power conversion efficiencies (PCE) compared to single-junction silicon solar cells.
introduction	results	Complete coverage of fully-textured silicon	1	1	10.1038/s41467-025-64546-0	Complete coverage of fully-textured silicon
results	discussion	In this study, we addressed the challenge of achieving complete coverage of micrometer-scale pyramids on fully-textured silicon solar cells with one-step solution-processed perovskite films.	1	1	10.1038/s41467-025-64546-0	In this study, we addressed the challenge of achieving complete coverage of micrometer-scale pyramids on fully-textured silicon solar cells with one-step solution-processed perovskite films.
discussion	methods	Formamidinium iodide (FAI), methylammonium chloride (MABr), cesium iodide (CsI), and propane-#,#-diammonium iodide (PDAI#) were purchased from Greatcell Solar.	1	1	10.1038/s41467-025-64546-0	Formamidinium iodide (FAI), methylammonium chloride (MABr), cesium iodide (CsI), and propane-1,3-diammonium iodide (PDAI2) were purchased from Greatcell Solar.
abstract	introduction	Near-infrared (NIR) detection and imaging technologies are crucial for various applications, including night vision, health monitoring, machine vision, and security.	1	1	10.1038/s41377-025-01987-8	Near-infrared (NIR) detection and imaging technologies are crucial for various applications, including night vision, health monitoring, machine vision, and security.
introduction	results	Facet engineering and enhanced photoluminescence	1	1	10.1038/s41377-025-01987-8	Facet engineering and enhanced photoluminescence
results	discussion	We have demonstrated that combining crystallographic facet engineering with controlled surface oxidation passivation substantially improves the optoelectronic quality of low-bandgap Sn-Pb perovskites.	1	1	10.1038/s41377-025-01987-8	We have demonstrated that combining crystallographic facet engineering with controlled surface oxidation passivation substantially improves the optoelectronic quality of low-bandgap Sn-Pb perovskites.
discussion	methods	Formamidinium iodide (FAI) and methylammonium iodide (MAI) were purchased from Greatcell Solar.	1	1	10.1038/s41377-025-01987-8	Formamidinium iodide (FAI) and methylammonium iodide (MAI) were purchased from Greatcell Solar.
abstract	introduction	Solution-processed halide perovskite semiconductor materials show good photoluminescence quantum yields (PLQYs), which motivates applications in displays and lighting.	1	1	10.1038/s41467-018-02978-7	Solution-processed halide perovskite semiconductor materials show good photoluminescence quantum yields (PLQYs), which motivates applications in displays and lighting.
introduction	results	[Properties of quasi-#D perovskite with different compositions]	1	1	10.1038/s41467-018-02978-7	[Properties of quasi-2D perovskite with different compositions]
results	discussion	Device stability is still a critical and common issue in PeLEDs.	1	1	10.1038/s41467-018-02978-7	Device stability is still a critical and common issue in PeLEDs.
discussion	methods	The modified PEDOT:PSS (m-PEDOT:PSS) solution is a mix of normal PEDOT:PSS (AI #) aqueous solution and # mg ml⁻¹ PSS-Na (Sigma Aldrich) aqueous solution by a volume ratio of #:#	1	1	10.1038/s41467-018-02978-7	The modified PEDOT:PSS (m-PEDOT:PSS) solution is a mix of normal PEDOT:PSS (AI 4083) aqueous solution and 100 mg ml⁻¹ PSS-Na (Sigma Aldrich) aqueous solution by a volume ratio of 6:5.
abstract	introduction	Two-dimensional (#D) perovskites adopt the general chemical formula of L₂Aₙ₋₁BₙX₃ₙ₊₁, where A is a small cation (CH(NH₂)₂⁺, FA⁺), B is a divalent metal cation (Pb²⁺), X is a halide anion (Br⁻ or I⁻), L is a large organic ligand such as widely used butylammonium (BA), and n is the number of perovskite layers in the #D structure (Fig. #a).	1	1	10.1038/s41467-023-36118-7	Two-dimensional (2D) perovskites adopt the general chemical formula of L₂Aₙ₋₁BₙX₃ₙ₊₁, where A is a small cation (CH(NH₂)₂⁺, FA⁺), B is a divalent metal cation (Pb²⁺), X is a halide anion (Br⁻ or I⁻), L is a large organic ligand such as widely used butylammonium (BA), and n is the number of perovskite layers in the 2D structure (Fig. 1a).
introduction	results	[Blocking ionic transport by ligand design]	1	1	10.1038/s41467-023-36118-7	[Blocking ionic transport by ligand design]
results	discussion	In summary, we have demonstrated that suppressed phase disproportionation leads to highly efficient and wavelength-tunable quasi-#D perovskite LEDs with a peak EQE of #% and good stability and reproducibility.	1	1	10.1038/s41467-023-36118-7	In summary, we have demonstrated that suppressed phase disproportionation leads to highly efficient and wavelength-tunable quasi-2D perovskite LEDs with a peak EQE of 26.3% and good stability and reproducibility.
discussion	methods	Organic solvents, including anhydrous N,N-dimethylformide (DMF), chlorobenzene (CB), ethanol, and solid chemicals, including lead iodide (PbI₂), Poly-TPD, PVP (Mw = # k, # k, # k, # k), potassium acetate (KAc), formamidinesulfinic acid (FSA), muconic acid, #,#,#-tris(#-phenyl-#H-benzimidazol-#-yl)benzene (TPBi), LiF were purchased from Sigma Aldrich.	1	1	10.1038/s41467-023-36118-7	Organic solvents, including anhydrous N,N-dimethylformide (DMF), chlorobenzene (CB), ethanol, and solid chemicals, including lead iodide (PbI₂), Poly-TPD, PVP (Mw = 29 k, 40 k, 360 k, 1300 k), potassium acetate (KAc), formamidinesulfinic acid (FSA), muconic acid, 1,3,5-tris(1-phenyl-1H-benzimidazol-2-yl)benzene (TPBi), LiF were purchased from Sigma Aldrich.
abstract	introduction	Light-emitting diodes (LEDs), one of core parts of display equipment, are required to fulfill the requirements of Rec. # color gamut standard for the next-generation display applications.	1	1	10.1038/s41377-024-01500-7	Light-emitting diodes (LEDs), one of core parts of display equipment, are required to fulfill the requirements of Rec. 2020 color gamut standard for the next-generation display applications.
introduction	results	The hybrid LED consists of a bottom PeLED and a top CBP:Ir(ppy)₂(acac)-based OLED (Fig. #a), which are vertically stacked and connected through an ICL that consists of HAT-CN as electron generation/separation layer, CBP as hole generation/separation layer, and MoO₃ as the charge enhancement layer between HAT-CN and CBP.	1	1	10.1038/s41377-024-01500-7	The hybrid LED consists of a bottom PeLED and a top CBP:Ir(ppy)₂(acac)-based OLED (Fig. 1a), which are vertically stacked and connected through an ICL that consists of HAT-CN as electron generation/separation layer, CBP as hole generation/separation layer, and MoO₃ as the charge enhancement layer between HAT-CN and CBP.
results	discussion	In summary, we demonstrated highly efficient and stable hybrid LEDs with remarkable narrow linewidth emission constructed with a top OLED and a bottom PeLED by employing an efficient ICL based on a structure of HAT-CN/MoO₃/CBP, in which the ultra-thin MoO₃ sandwiched in the organic hole inject layer and hole transport layer not only facilitates the electron transfer from CBP to HAT-CN leaving a p-type doped HTL interface that leads to significant enhancement in the capacity for charge generation, separation and transport of the ICL, but also effectively suppresses the undesired Joule heating due to the decreased resistance.	1	1	10.1038/s41377-024-01500-7	In summary, we demonstrated highly efficient and stable hybrid LEDs with remarkable narrow linewidth emission constructed with a top OLED and a bottom PeLED by employing an efficient ICL based on a structure of HAT-CN/MoO₃/CBP, in which the ultra-thin MoO₃ sandwiched in the organic hole inject layer and hole transport layer not only facilitates the electron transfer from CBP to HAT-CN leaving a p-type doped HTL interface that leads to significant enhancement in the capacity for charge generation, separation and transport of the ICL, but also effectively suppresses the undesired Joule heating due to the decreased resistance.
discussion	methods	CsBr (#%, metal basis) and PbBr₂ (#%, metal basis) were purchased from Alfa Aesar.	1	1	10.1038/s41377-024-01500-7	CsBr (99.999%, metal basis) and PbBr₂ (99.999%, metal basis) were purchased from Alfa Aesar.
abstract	introduction	The efficient operation of light-emitting diodes (LEDs) requires a bright emitter for radiative recombination as well as balanced charge injection with an equal number of injected electrons and holes into the emitter.	1	1	10.1038/s41563-025-02123-y	The efficient operation of light-emitting diodes (LEDs) requires a bright emitter for radiative recombination as well as balanced charge injection with an equal number of injected electrons and holes into the emitter.
introduction	results	Characterizations of perovskite thin films.	1	1	10.1038/s41563-025-02123-y	Characterizations of perovskite thin films.
results	discussion	For a conventional LED, both electron injection and hole injection should be considered simultaneously to enable balanced injection for radiative recombination at low operational bias.	1	1	10.1038/s41563-025-02123-y	For a conventional LED, both electron injection and hole injection should be considered simultaneously to enable balanced injection for radiative recombination at low operational bias.
discussion	methods	The chemicals used were PMMA (from Sigma-Aldrich), PTAA (Mn, the number average molecular weight, #,#–#,#, from Xi'an Polymer), BABr (from Sigma-Aldrich), PbBr# (from Sigma-Aldrich), CsBr (from Sigma-Aldrich), PEO (Mw, the weight average molecular weight, #k, from Sigma-Aldrich), guanidinium bromide (GABr, from Sigma-Aldrich), SPPO# (from Sigma-Aldrich), ethanolamine (EA, from Sigma-Aldrich), l-phenylalanine (L-P, from Sigma-Aldrich), lead acetate trihydrate (Pb(Ac)#·#H#O, from Sigma-Aldrich), methylammonium bromide (MABr, from Greatcell Solar Materials), TPBi (from Lumtec), PO-T#T (from Lumtec), LiF (from Sigma-Aldrich), aluminium (Al, from Kurt J.	1	1	10.1038/s41563-025-02123-y	The chemicals used were PMMA (from Sigma-Aldrich), PTAA (Mn, the number average molecular weight, 3,000–6,000, from Xi'an Polymer), BABr (from Sigma-Aldrich), PbBr2 (from Sigma-Aldrich), CsBr (from Sigma-Aldrich), PEO (Mw, the weight average molecular weight, 600k, from Sigma-Aldrich), guanidinium bromide (GABr, from Sigma-Aldrich), SPPO13 (from Sigma-Aldrich), ethanolamine (EA, from Sigma-Aldrich), l-phenylalanine (L-P, from Sigma-Aldrich), lead acetate trihydrate (Pb(Ac)2·3H2O, from Sigma-Aldrich), methylammonium bromide (MABr, from Greatcell Solar Materials), TPBi (from Lumtec), PO-T2T (from Lumtec), LiF (from Sigma-Aldrich), aluminium (Al, from Kurt J.
abstract	introduction	Solution-processed metal halide perovskites, known for their superior luminescence properties such as pure and tuneable light emission, high photoluminescence quantum yields (PLQYs), and favourable charge transport properties, have emerged as promising materials for energy-efficient light-emitting diodes (LEDs) that potentially offer high brightness at low driving voltages, thus achieving high power conversion efficiencies (PCE).	1	1	10.1038/s41467-025-56557-8	Solution-processed metal halide perovskites, known for their superior luminescence properties such as pure and tuneable light emission, high photoluminescence quantum yields (PLQYs), and favourable charge transport properties, have emerged as promising materials for energy-efficient light-emitting diodes (LEDs) that potentially offer high brightness at low driving voltages, thus achieving high power conversion efficiencies (PCE).
introduction	results	[Interfacial amidation reaction for perovskite films]	1	1	10.1038/s41467-025-56557-8	[Interfacial amidation reaction for perovskite films]
results	discussion	In summary, we introduced a method to significantly enhance the performance of green perovskite LEDs through the optimization of interfacial chemistry and device architecture.	1	1	10.1038/s41467-025-56557-8	In summary, we introduced a method to significantly enhance the performance of green perovskite LEDs through the optimization of interfacial chemistry and device architecture.
discussion	methods	Zinc acetate dihydrate (#%), tetramethylammonium hydroxide (TMAH, #%), lithium hydroxide (LiOH, #%), lead bromide (PbBr₂, #%), and #-ethylhexane-#-thiol (#%) were purchased from Sigma-Aldrich.	1	1	10.1038/s41467-025-56557-8	Zinc acetate dihydrate (98%), tetramethylammonium hydroxide (TMAH, 98%), lithium hydroxide (LiOH, 98%), lead bromide (PbBr₂, 99.999%), and 2-ethylhexane-1-thiol (97%) were purchased from Sigma-Aldrich.
abstract	introduction	For next-generation high-resolution displays, metal halide perovskites light-emitting diodes (PeLEDs) are particularly appealing because they combine facile spectral tunability, high color saturation and low-temperature solution processability.	1	1	10.1038/s41467-026-72733-w	For next-generation high-resolution displays, metal halide perovskites light-emitting diodes (PeLEDs) are particularly appealing because they combine facile spectral tunability, high color saturation and low-temperature solution processability.
introduction	results	[Performance of the devices]	1	1	10.1038/s41467-026-72733-w	[Performance of the devices]
results	discussion	To elucidate how molecular structure governs the crystallization of quasi-#D perovskite films, we introduced four analogous sulfonamide based additives with systematically varied dipole moments and steric profiles (Fig. #a).	1	1	10.1038/s41467-026-72733-w	To elucidate how molecular structure governs the crystallization of quasi-2D perovskite films, we introduced four analogous sulfonamide based additives with systematically varied dipole moments and steric profiles (Fig. 5a).
discussion	methods	#-Phenoxyethylamine (POEA), #-(trifluoromethyl)benzenesulfonamide (CF#-BSA), PbI₂, PbBr₂, CsI, and N,N-dimethylformamide (DMF, anhydrous, #%) were purchased from Sigma-Aldrich.	1	1	10.1038/s41467-026-72733-w	2-Phenoxyethylamine (POEA), 4-(trifluoromethyl)benzenesulfonamide (CF3-BSA), PbI₂, PbBr₂, CsI, and N,N-dimethylformamide (DMF, anhydrous, 99.9%) were purchased from Sigma-Aldrich.
abstract	introduction	Assembly of colloidal nanocrystal quantum dots (hereafter referred to simply as nanocrystals NCs) into thin films is envisaged as a means to achieve next-generation solution-processed semiconductors with electronic properties (e.g. band gaps band-edge positions mobilities and free carrier densities) that can be defined to match specific application requirements.	1	1	10.1038/s41467-020-16560-7	Assembly of colloidal nanocrystal quantum dots (hereafter referred to simply as nanocrystals NCs) into thin films is envisaged as a means to achieve next-generation solution-processed semiconductors with electronic properties (e.g. band gaps band-edge positions mobilities and free carrier densities) that can be defined to match specific application requirements.
introduction	results	Polaron formation and reorganization energy	1	1	10.1038/s41467-020-16560-7	Polaron formation and reorganization energy
results	discussion	This predictive multiscale model can be used to systematically design next-generation NC-based semiconductors.	1	1	10.1038/s41467-020-16560-7	This predictive multiscale model can be used to systematically design next-generation NC-based semiconductors.
discussion	methods	Atomistic model construction for DFT calculations	1	1	10.1038/s41467-020-16560-7	Atomistic model construction for DFT calculations
abstract	introduction	Molecular spin-triplet states (hereafter called “triplets”) have been an important subject of research in photochemistry for many decades.	1	1	10.1038/s41467-019-13951-3	Molecular spin-triplet states (hereafter called “triplets”) have been an important subject of research in photochemistry for many decades.
introduction	results	System design and energetics analysis	1	1	10.1038/s41467-019-13951-3	System design and energetics analysis
results	discussion	To summarize in order to clarify the mechanism of triplet energy transfer (TET) across the semiconductor NC/organic interface we constructed model systems comprising highly emissive lead halide perovskite NCs as the triplet donor and PAHs of either tetracene or naphthalene as the acceptors and studied interfacial dynamics using a combination of ultrafast transient absorption and time-resolved photoluminescence measurements.	1	1	10.1038/s41467-019-13951-3	To summarize in order to clarify the mechanism of triplet energy transfer (TET) across the semiconductor NC/organic interface we constructed model systems comprising highly emissive lead halide perovskite NCs as the triplet donor and PAHs of either tetracene or naphthalene as the acceptors and studied interfacial dynamics using a combination of ultrafast transient absorption and time-resolved photoluminescence measurements.
discussion	methods	The following reagents were used to prepare perovskite nanocrystal-polycyclic aromatic hydrocarbon (NC-PAH) complexes: cesium carbonate (Cs₂CO₃, Sigma-Aldrich #%) lead(II) bromide (PbBr₂, Alfa Aesar #+%) zinc bromide (ZnBr₂, Alfa Aesar #%) oleic acid (OA Sigma-Aldrich #%) oleylamine (OAm Acros Organics #–#%) #-octadecene (ODE Sigma-Aldrich #%) #-naphthalene carboxylic acid (NCA Alfa Aesar #%); #-tetracene carboxylic acid (TCA) was synthesized as described previously.	1	1	10.1038/s41467-019-13951-3	The following reagents were used to prepare perovskite nanocrystal-polycyclic aromatic hydrocarbon (NC-PAH) complexes: cesium carbonate (Cs₂CO₃, Sigma-Aldrich 99.9%) lead(II) bromide (PbBr₂, Alfa Aesar 98+%) zinc bromide (ZnBr₂, Alfa Aesar 99.9%) oleic acid (OA Sigma-Aldrich 90%) oleylamine (OAm Acros Organics 80–90%) 1-octadecene (ODE Sigma-Aldrich 90%) 1-naphthalene carboxylic acid (NCA Alfa Aesar 98%); 5-tetracene carboxylic acid (TCA) was synthesized as described previously.
abstract	introduction	The past decade has witnessed the fast development of quantum-dot (QD) light-emitting diodes (QLEDs) which are considered to be the ideal candidates for next generation displays because they are self-emitting and have the advantages of high color saturation high efficiency and low cost processibility.	1	1	10.1038/s41467-022-28037-w	The past decade has witnessed the fast development of quantum-dot (QD) light-emitting diodes (QLEDs) which are considered to be the ideal candidates for next generation displays because they are self-emitting and have the advantages of high color saturation high efficiency and low cost processibility.
introduction	results	The effect of thermal energy on the EL characteristics of the QLEDs (with a regular structure of glass/ITO/PEDOT: PSS/TFB/QD/ZnMgO/Al) was investigated by varying the temperature during measurement.	1	1	10.1038/s41467-022-28037-w	The effect of thermal energy on the EL characteristics of the QLEDs (with a regular structure of glass/ITO/PEDOT: PSS/TFB/QD/ZnMgO/Al) was investigated by varying the temperature during measurement.
results	discussion	In summary we address a fundamental question of how the holes are injected into the QDs at sub-bandgap bias that results in the up-conversion EL.	1	1	10.1038/s41467-022-28037-w	In summary we address a fundamental question of how the holes are injected into the QDs at sub-bandgap bias that results in the up-conversion EL.
abstract	introduction	Assembling colloidal quantum dots (CQD) into coherent “single-crystal” superstructure solids is a major scientific challenge in nanoscience and nanotechnology.	1	1	10.1038/s41467-023-38216-y	Assembling colloidal quantum dots (CQD) into coherent “single-crystal” superstructure solids is a major scientific challenge in nanoscience and nanotechnology.
introduction	results	Epitaxially-connected PbS QD assemblies	1	1	10.1038/s41467-023-38216-y	Epitaxially-connected PbS QD assemblies
results	discussion	The most striking difference in the electron transport properties between the EDT-bridged PbS QD assemblies and the epitaxially-connected QD-SLs is the size dependency of the electron mobility values (Fig. #d).	1	1	10.1038/s41467-023-38216-y	The most striking difference in the electron transport properties between the EDT-bridged PbS QD assemblies and the epitaxially-connected QD-SLs is the size dependency of the electron mobility values (Fig. 3d).
discussion	methods	After synthesis protocol customisation high-quality lead sulphide (PbS) QDs with various diameters were tested and procured from Quantum Solutions (www.quantum-solutions.com).	1	1	10.1038/s41467-023-38216-y	After synthesis protocol customisation high-quality lead sulphide (PbS) QDs with various diameters were tested and procured from Quantum Solutions (www.quantum-solutions.com).
abstract	introduction	The transport of excitation energy through networks of interacting particles is a fundamental process that underlies various crucial phenomena ranging from the efficient capture of light energy in photosynthesis to the transmission of information between qubits.	1	1	10.1038/s41467-024-55812-8	The transport of excitation energy through networks of interacting particles is a fundamental process that underlies various crucial phenomena ranging from the efficient capture of light energy in photosynthesis to the transmission of information between qubits.
introduction	results	NCSLs as a platform to investigate quantum transport	1	1	10.1038/s41467-024-55812-8	NCSLs as a platform to investigate quantum transport
results	discussion	By imaging the spatial distribution of excitons with high temporal resolution over a broad temperature range we have successfully elucidated quantum transport phenomena beyond classical exciton diffusion in networks of interacting CsPbBr₃ NCs.	1	1	10.1038/s41467-024-55812-8	By imaging the spatial distribution of excitons with high temporal resolution over a broad temperature range we have successfully elucidated quantum transport phenomena beyond classical exciton diffusion in networks of interacting CsPbBr₃ NCs.
discussion	methods	Lead (II) bromide (# + % extra pure) was obtained from ACROS Organics while anhydrous n-hexanes were purchased from Thomas Scientific.	1	1	10.1038/s41467-024-55812-8	Lead (II) bromide (98 + % extra pure) was obtained from ACROS Organics while anhydrous n-hexanes were purchased from Thomas Scientific.
abstract	introduction	All modern technology is unthinkable without scientists’ ability to arrange atoms into specific molecules/matter with precise control over chemical composition geometry and as a result electronic structure.	1	1	10.1038/s41467-026-70555-4	All modern technology is unthinkable without scientists’ ability to arrange atoms into specific molecules/matter with precise control over chemical composition geometry and as a result electronic structure.
introduction	results	Synthesis of colloidal molecule-like assemblies	1	1	10.1038/s41467-026-70555-4	Synthesis of colloidal molecule-like assemblies
results	methods	Oleylamine (OLAm #%) #-octadecene (ODE #%) oleic acid (OLA #%) zinc acetate (ZnAc₂, #%) manganese acetate (MnAc₂, #%) and #-octanehiol (#%) were purchased from Thermo Scientific.	1	1	10.1038/s41467-026-70555-4	Oleylamine (OLAm 70%) 1-octadecene (ODE 90%) oleic acid (OLA 90%) zinc acetate (ZnAc₂, 99.99%) manganese acetate (MnAc₂, 99%) and 1-octanehiol (98%) were purchased from Thermo Scientific.
abstract	introduction	Quantum dot light-emitting diodes (QLEDs) that electrically excite quantum dots (QDs) can fully exploit their unique properties such as narrow emission spectra size-controlled emission wavelength high quantum yield and inherent stability.	1	1	10.1038/s41467-018-04986-z	Quantum dot light-emitting diodes (QLEDs) that electrically excite quantum dots (QDs) can fully exploit their unique properties such as narrow emission spectra size-controlled emission wavelength high quantum yield and inherent stability.
introduction	results	Characterization of quantum dots	1	1	10.1038/s41467-018-04986-z	Characterization of quantum dots
results	discussion	The present work demonstrates highly stable QLEDs whose operation lifetime meets the requirement of display industry.	1	1	10.1038/s41467-018-04986-z	The present work demonstrates highly stable QLEDs whose operation lifetime meets the requirement of display industry.
abstract	introduction	Lead halide perovskites possess photoluminescence quantum yields (PLQYs) as high as #% and narrow full width at half maximum (FWHM) of around # nm which makes them high-profile candidates for high-quality lightings and displays.	1	1	10.1038/s41467-020-17633-3	Lead halide perovskites possess photoluminescence quantum yields (PLQYs) as high as 100% and narrow full width at half maximum (FWHM) of around 20 nm which makes them high-profile candidates for high-quality lightings and displays.
introduction	results	Bilateral passivation strategy and theoretical model	1	1	10.1038/s41467-020-17633-3	Bilateral passivation strategy and theoretical model
results	discussion	In summary the bilateral passivation strategy demonstrated in this work results in effectively controlling the surface states of QD films.	1	1	10.1038/s41467-020-17633-3	In summary the bilateral passivation strategy demonstrated in this work results in effectively controlling the surface states of QD films.
discussion	methods	PbBr₂ (#%) Cs₂CO₃ (#%) oleic acid (OA AR) oleylamine (OAm AR) were purchased from Macklin Inc.	1	1	10.1038/s41467-020-17633-3	PbBr₂ (99.99%) Cs₂CO₃ (99.9%) oleic acid (OA AR) oleylamine (OAm AR) were purchased from Macklin Inc.
abstract	introduction	Recently the demand for the next-generation memory devices featuring high switching speed large storage capacity and low power consumption has considerably grown as the internet of things (IoT) and artificial intelligence (AI) technologies continue to dominate for a vast variety of consumer products used in day-to-day life.	1	1	10.1038/s41467-021-24762-w	Recently the demand for the next-generation memory devices featuring high switching speed large storage capacity and low power consumption has considerably grown as the internet of things (IoT) and artificial intelligence (AI) technologies continue to dominate for a vast variety of consumer products used in day-to-day life.
introduction	results	CsPbBr₃ QD-based LEM device structure and QD properties	1	1	10.1038/s41467-021-24762-w	CsPbBr₃ QD-based LEM device structure and QD properties
results	discussion	In conclusion a fast all-perovskite-based LEM is demonstrated for the first time by employing the outstanding electrical and optical properties of the CsPbBr₃ QDs in a simple Ag/PMMA/CsPbBr₃ QDs/ITO structure.	1	1	10.1038/s41467-021-24762-w	In conclusion a fast all-perovskite-based LEM is demonstrated for the first time by employing the outstanding electrical and optical properties of the CsPbBr₃ QDs in a simple Ag/PMMA/CsPbBr₃ QDs/ITO structure.
discussion	methods	Synthesis of CsPbBr₃ QDs	1	1	10.1038/s41467-021-24762-w	Synthesis of CsPbBr₃ QDs
abstract	introduction	Metal halide perovskites (MHPs) have proven to be propitious candidates for next-generation solid-state lighting and display technology owing to their excellent properties such as high photoluminescence quantum yield (PLQY) tunable emission wavelength narrow emission linewidth low trap-state density high charge carrier mobility solution feasibility and easy-avaliability.	1	1	10.1038/s41467-023-40150-y	Metal halide perovskites (MHPs) have proven to be propitious candidates for next-generation solid-state lighting and display technology owing to their excellent properties such as high photoluminescence quantum yield (PLQY) tunable emission wavelength narrow emission linewidth low trap-state density high charge carrier mobility solution feasibility and easy-avaliability.
introduction	results	The perovskite precursor solution is prepared by dissolving the mixture of RbBr CsBr PbBr₂ and PbX₂ (X = Cl or I) in DMSO with different molar ratios.	1	1	10.1038/s41467-023-40150-y	The perovskite precursor solution is prepared by dissolving the mixture of RbBr CsBr PbBr₂ and PbX₂ (X = Cl or I) in DMSO with different molar ratios.
results	discussion	In conclusion we have demonstrated a generic organic ligand-free and antisolvent-free solution method to grow crystalline all-inorganic PeQW arrays in nanoporous PAM templates with excellent uniformity.	1	1	10.1038/s41467-023-40150-y	In conclusion we have demonstrated a generic organic ligand-free and antisolvent-free solution method to grow crystalline all-inorganic PeQW arrays in nanoporous PAM templates with excellent uniformity.
discussion	methods	Cesium bromide (CsBr #%) rubidium bromide (RbBr #%) lead bromide (PbBr₂, #%) lead chloride (PbCl₂, #%) lead iodide (PbI₂, #%) molybdenum trioxide (MoO₃, ≥#%) #,#,#-tris(bromomethyl)−#,#,#-triethylbenzene (TBTB #%) chlorobenzene (C₆H₅Cl #%) and dimethyl sulfoxide (DMSO ≥#%) were purchased from Sigma Aldrich. #,#-Bis[(di-#-tolylamino)phenyl]cyclohexane (TAPC >#%) and #,#,#,#,#,#-Hexaazatriphenylenehexacarbonitrile (HAT-CN >#%) were purchased from Ossila.	1	1	10.1038/s41467-023-40150-y	Cesium bromide (CsBr 99.999%) rubidium bromide (RbBr 99.6%) lead bromide (PbBr₂, 99.999%) lead chloride (PbCl₂, 99.999%) lead iodide (PbI₂, 99.999%) molybdenum trioxide (MoO₃, ≥99.5%) 1,3,5-tris(bromomethyl)−2,4,6-triethylbenzene (TBTB 97%) chlorobenzene (C₆H₅Cl 99.8%) and dimethyl sulfoxide (DMSO ≥99.9%) were purchased from Sigma Aldrich. 1,1-Bis[(di-4-tolylamino)phenyl]cyclohexane (TAPC >99.5%) and 1,4,5,8,9,11-Hexaazatriphenylenehexacarbonitrile (HAT-CN >99%) were purchased from Ossila.
abstract	introduction	Perovskite light-emitting diodes (PeLEDs) are emerging as promising candidates in display technology addressing the demand for electroluminescence with high color purity low power consumption and cost-effective fabrication.	1	1	10.1038/s41467-024-50634-0	Perovskite light-emitting diodes (PeLEDs) are emerging as promising candidates in display technology addressing the demand for electroluminescence with high color purity low power consumption and cost-effective fabrication.
introduction	results	Surface regulation of CsPb(Br/I)₃ nanocrystals	1	1	10.1038/s41467-024-50634-0	Surface regulation of CsPb(Br/I)₃ nanocrystals
results	methods	Cesium carbonate (Cs₂CO₃, #%) and lead (II) iodide (PbI₂, #%) were purchased from Sigma Aldrich.	1	1	10.1038/s41467-024-50634-0	Cesium carbonate (Cs₂CO₃, 99.95%) and lead (II) iodide (PbI₂, 99.999%) were purchased from Sigma Aldrich.
abstract	introduction	The ease of compositional engineering for metal halide perovskite (MHPs) materials results in a wide spectrum of opto-electrical properties facilitating their application in various research fields such as solar cells photodetectors light-emitting diodes and so forth.	1	1	10.1038/s41467-025-61085-6	The ease of compositional engineering for metal halide perovskite (MHPs) materials results in a wide spectrum of opto-electrical properties facilitating their application in various research fields such as solar cells photodetectors light-emitting diodes and so forth.
introduction	results	Substituting Cs with alkali metals at A-site in perovskite	1	1	10.1038/s41467-025-61085-6	Substituting Cs with alkali metals at A-site in perovskite
results	discussion	In conclusion we reveal concrete evidence including multiple experimental techniques and theoretical calculations on that Rb and K cations can reside at A-site in the perovskite lattice of all-inorganic PeQWs arrays preserving the order of perovskite lattice and avoiding detrimental effects caused by Anderson localization.	1	1	10.1038/s41467-025-61085-6	In conclusion we reveal concrete evidence including multiple experimental techniques and theoretical calculations on that Rb and K cations can reside at A-site in the perovskite lattice of all-inorganic PeQWs arrays preserving the order of perovskite lattice and avoiding detrimental effects caused by Anderson localization.
discussion	methods	Cesium bromide (CsBr #%) rubidium bromide (RbBr #%) potassium bromide (KBr ≥#%) lead bromide (PbBr₂, #%) lead chloride (PbCl₂, #%) #,#,#-tris (bromomethyl) benzene (TBB #%) chlorobenzene (C₆H₅Cl #%) and dimethyl sulfoxide (DMSO ≥#%) were purchased from Sigma Aldrich. #,#-Bis[(di-#-tolylamino)phenyl]cyclohexane (TAPC >#%) and #,#,#,#,#,#-Hexaazatriphenylenehexacarbonitrile (HAT-CN >#%) were purchased from Ossila.	1	1	10.1038/s41467-025-61085-6	Cesium bromide (CsBr 99.999%) rubidium bromide (RbBr 99.6%) potassium bromide (KBr ≥99%) lead bromide (PbBr₂, 99.999%) lead chloride (PbCl₂, 99.999%) 1,3,5-tris (bromomethyl) benzene (TBB 97%) chlorobenzene (C₆H₅Cl 99.8%) and dimethyl sulfoxide (DMSO ≥99.9%) were purchased from Sigma Aldrich. 1,1-Bis[(di-4-tolylamino)phenyl]cyclohexane (TAPC >99.5%) and 1,4,5,8,9,11-Hexaazatriphenylenehexacarbonitrile (HAT-CN >99%) were purchased from Ossila.
abstract	introduction	Lead halide perovskite quantum dots (QDs) have emerged as a promising material with a wide range of luminescent colors narrow-band spectral purity convenient synthesis methods and excellent high-luminescence characteristics showing tremendous potential for applications in high-performance optoelectronic devices such as solar cells detectors lasers especially in light-emitting diodes.	1	1	10.1038/s41377-025-01959-y	Lead halide perovskite quantum dots (QDs) have emerged as a promising material with a wide range of luminescent colors narrow-band spectral purity convenient synthesis methods and excellent high-luminescence characteristics showing tremendous potential for applications in high-performance optoelectronic devices such as solar cells detectors lasers especially in light-emitting diodes.
introduction	results	The effect of [BMIM]OTF on the crystallization growth of QDs was first investigated.	1	1	10.1038/s41377-025-01959-y	The effect of [BMIM]OTF on the crystallization growth of QDs was first investigated.
results	discussion	In conclusion we have provided a promising strategy for improving the EL response of devices by adding ionic liquid [BMIM]OTF and reducing light-emitting unit area for QDs with ultra-high resolution PeLEDs successfully achieved nanosecond response time.	1	1	10.1038/s41377-025-01959-y	In conclusion we have provided a promising strategy for improving the EL response of devices by adding ionic liquid [BMIM]OTF and reducing light-emitting unit area for QDs with ultra-high resolution PeLEDs successfully achieved nanosecond response time.
discussion	methods	Bromide lead (#%) cesium carbonate (#%) octanoic acid (OTAC) (#%) formamidine acetate (#%) N N-Dimethyl dodecyl amine bromide (DDAB) (#%) N N NTrioctylamine bromide (TOAB) (#%) and #-Butyltrimethylimidazolium trifluoromethanesulfonic acid ([BMIM]OTF) (#%) were purchased from Aladdin.	1	1	10.1038/s41377-025-01959-y	Bromide lead (99.999%) cesium carbonate (99.9%) octanoic acid (OTAC) (99%) formamidine acetate (99%) N N-Dimethyl dodecyl amine bromide (DDAB) (98%) N N NTrioctylamine bromide (TOAB) (98%) and 1-Butyltrimethylimidazolium trifluoromethanesulfonic acid ([BMIM]OTF) (97%) were purchased from Aladdin.
abstract	introduction	Due to their superior optoelectronic properties, lead halide perovskites (APbX# where A = CH#NH#+, CH(NH#)#+, Cs+ and X = Cl–, Br–, I–), have demonstrated their promise in applications such as solar cells, light-emitting diodes, lasers, photodetectors, memristors, and single photon sources.	1	1	10.1038/s41467-023-39488-0	Due to their superior optoelectronic properties, lead halide perovskites (APbX3 where A = CH3NH3+, CH(NH2)2+, Cs+ and X = Cl–, Br–, I–), have demonstrated their promise in applications such as solar cells, light-emitting diodes, lasers, photodetectors, memristors, and single photon sources.
introduction	results	Scalable and deterministic on-site growth of halide perovskite nanocrystals	1	1	10.1038/s41467-023-39488-0	Scalable and deterministic on-site growth of halide perovskite nanocrystals
results	discussion	In conclusion, we have demonstrated a high-throughput and scalable approach for on-site synthesis of perovskite nanocrystals with controlled size and deterministic spatial arrangements.	1	1	10.1038/s41467-023-39488-0	In conclusion, we have demonstrated a high-throughput and scalable approach for on-site synthesis of perovskite nanocrystals with controlled size and deterministic spatial arrangements.
discussion	methods	The two template fabrication schemes depicted in Supplementary Fig. # are described here.	1	1	10.1038/s41467-023-39488-0	The two template fabrication schemes depicted in Supplementary Fig. 1 are described here.
abstract	introduction	Semiconductor nanocrystals possess unique size-dependent properties for their use in widespread applications, such as light-emitting diodes, solar cells, photocatalysis, and biomedical imaging.	1	1	10.1038/s41467-024-53221-5	Semiconductor nanocrystals possess unique size-dependent properties for their use in widespread applications, such as light-emitting diodes, solar cells, photocatalysis, and biomedical imaging.
introduction	results	Through trial and error experiments and, recently, the use of machine learning, we have developed synthesis strategies to obtain anisotropic CsPbBr# nanocrystals with precise control over their dimensions.	1	1	10.1038/s41467-024-53221-5	Through trial and error experiments and, recently, the use of machine learning, we have developed synthesis strategies to obtain anisotropic CsPbBr3 nanocrystals with precise control over their dimensions.
results	discussion	In conclusion, combining in situ optical spectroscopy and X-ray scattering, we reveal the formation mechanism of anisotropic CsPbBr# nanocrystals.	1	1	10.1038/s41467-024-53221-5	In conclusion, combining in situ optical spectroscopy and X-ray scattering, we reveal the formation mechanism of anisotropic CsPbBr3 nanocrystals.
discussion	methods	First, the Cs-oleate precursor was prepared by dissolving Cs#CO# (# mmol, # mg) in oleic acid (# mL) while stirring at # °C for up to three hours until a clear solution was obtained.	1	1	10.1038/s41467-024-53221-5	First, the Cs-oleate precursor was prepared by dissolving Cs2CO3 (0.1 mmol, 32.6 mg) in oleic acid (10 mL) while stirring at 85 °C for up to three hours until a clear solution was obtained.
abstract	introduction	Currently, all-inorganic metal halide ABX# perovskite (where A = Cs; B = Pb, Sn; and X = Cl, Br, I) nanomaterials are considered as next-generation optoelectronic functional materials with great application prospects due to their excellent photophysical properties and low-cost preparation.	1	1	10.1038/s41467-024-45945-1	Currently, all-inorganic metal halide ABX3 perovskite (where A = Cs; B = Pb, Sn; and X = Cl, Br, I) nanomaterials are considered as next-generation optoelectronic functional materials with great application prospects due to their excellent photophysical properties and low-cost preparation.
introduction	results	RT synthesis of CsSnxPb#-xI# perovskite colloidal QDs	1	1	10.1038/s41467-024-45945-1	RT synthesis of CsSnxPb1-xI3 perovskite colloidal QDs
results	discussion	In summary, the bright yellow emission from sub-# nm CsSn#Pb#I# perovskite colloidal QDs was achieved through RT strongly confined spontaneous crystallization strategy without polar solvents in open air, which was attributed to direct radiative recombination corresponding to a wider bandgap derived from strong size confinement.	1	1	10.1038/s41467-024-45945-1	In summary, the bright yellow emission from sub-5 nm CsSn0.09Pb0.91I3 perovskite colloidal QDs was achieved through RT strongly confined spontaneous crystallization strategy without polar solvents in open air, which was attributed to direct radiative recombination corresponding to a wider bandgap derived from strong size confinement.
discussion	methods	Cesium acetate (C#H#CsO#, #%), formamidine acetate (CH#N#·C#H#O#, #%), tin(II) #-ethylhexanoate (C#H#O#Sn, #%), iodotrimethylsilane (C#H#SiI, #%), bromotrimethylsilane (C#H#SiBr, #%), chlorotrimethylsilane (C#H#SiCl, >#%), lead(II) acetate trihydrate (PbC#H#O#·#H#O, #%), OA (C#H#O#, analytical reagent (AR)), oleylamine (C#H#N, OAm, #–#%), n-hexane (C#H#, AR), and ethyl acetate (C#H#O#, #%) were purchased from Aladdin Industrial Corporation, China.	1	1	10.1038/s41467-024-45945-1	Cesium acetate (C2H3CsO2, 99.9%), formamidine acetate (CH4N2·C2H4O2, 99%), tin(II) 2-ethylhexanoate (C16H30O4Sn, 95%), iodotrimethylsilane (C3H9SiI, 97%), bromotrimethylsilane (C3H9SiBr, 98%), chlorotrimethylsilane (C3H9SiCl, >98.0%), lead(II) acetate trihydrate (PbC4H6O4·3H2O, 99.5%), OA (C18H34O2, analytical reagent (AR)), oleylamine (C18H37N, OAm, 80–90%), n-hexane (C6H14, AR), and ethyl acetate (C4H8O2, 99.5%) were purchased from Aladdin Industrial Corporation, China.
abstract	introduction	Metal halide perovskite (MHP) nanocrystals (NCs) have arisen as a highly promising class of semiconducting materials for a myriad of photonic applications encompassing displays, solar cells, light-emitting diodes, photocatalysis, and quantum information science applications.	1	1	10.1038/s41467-025-63209-4	Metal halide perovskite (MHP) nanocrystals (NCs) have arisen as a highly promising class of semiconducting materials for a myriad of photonic applications encompassing displays, solar cells, light-emitting diodes, photocatalysis, and quantum information science applications.
introduction	results	The multi-robotic NC synthesis and characterization platform (i.e., Rainbow's hardware, Fig. #), consists of four robots, including a liquid handling robot tasked with NC precursor preparation, multi-step NC synthesis, and other liquid handling tasks (e.g., NC sampling for characterization, waste collection/management); a characterization robot that acquires the UV-Vis absorption and emission spectra of the automatically synthesized NCs; a robotic plate feeder for labware replenishment; and a robotic arm for connecting functionalities of the other three robots by facilitating transferring samples and labware between them.	1	1	10.1038/s41467-025-63209-4	The multi-robotic NC synthesis and characterization platform (i.e., Rainbow's hardware, Fig. 1), consists of four robots, including a liquid handling robot tasked with NC precursor preparation, multi-step NC synthesis, and other liquid handling tasks (e.g., NC sampling for characterization, waste collection/management); a characterization robot that acquires the UV-Vis absorption and emission spectra of the automatically synthesized NCs; a robotic plate feeder for labware replenishment; and a robotic arm for connecting functionalities of the other three robots by facilitating transferring samples and labware between them.
results	discussion	In this work, we developed Rainbow, an intelligent multi-robot SDL, to autonomously explore the experimental Pareto-Front of semiconductor NC properties for any user-defined target EP.	1	1	10.1038/s41467-025-63209-4	In this work, we developed Rainbow, an intelligent multi-robot SDL, to autonomously explore the experimental Pareto-Front of semiconductor NC properties for any user-defined target EP.
discussion	methods	o-xylene (Thermo Fisher, #%), lead acetate trihydrate (Thermo Fisher, # + %), cesium carbonate (Thermo Fisher, #%), didodecyldimethylammonium bromide (DDAB, Thermo Fisher, #%), butyric acid (C#, Thermo Fisher, # + %), hexanoic acid (C#, Thermo Fisher, #%), heptanoic acid (C#, Thermo Fisher, # + %), octanoic acid (C#, Thermo Fisher, #%), #-hexyldecanoic acid (C#, TCI, # + %), oleic acid (C#, Thermo Fisher, tech.#%), zinc iodide (ZnI#, Thermo Fisher, ultra dry, # + %), zinc chloride (ZnCl#, Thermo Fisher, ultra dry, # + %), oleylamine (Sigma, tech.#%), and #-dodecanethiol (DSH, Thermo Fisher, #%) were used as received.	1	1	10.1038/s41467-025-63209-4	o-xylene (Thermo Fisher, 99%), lead acetate trihydrate (Thermo Fisher, 99 + %), cesium carbonate (Thermo Fisher, 99%), didodecyldimethylammonium bromide (DDAB, Thermo Fisher, 99%), butyric acid (C4, Thermo Fisher, 99 + %), hexanoic acid (C6, Thermo Fisher, 99%), heptanoic acid (C7, Thermo Fisher, 98 + %), octanoic acid (C8, Thermo Fisher, 99%), 2-hexyldecanoic acid (C16, TCI, 98.0 + %), oleic acid (C18, Thermo Fisher, tech.90%), zinc iodide (ZnI2, Thermo Fisher, ultra dry, 99 + %), zinc chloride (ZnCl2, Thermo Fisher, ultra dry, 99 + %), oleylamine (Sigma, tech.70%), and 1-dodecanethiol (DSH, Thermo Fisher, 98%) were used as received.
abstract	introduction	Quantum dots (QDs) are a typical semiconductor nanocrystal with dimensions between # and # nm, whose unique three-dimensional quantum confinement effect leads to the discretization of energy levels in electron–hole pairs.	1	1	10.1038/s43246-026-01177-y	Quantum dots (QDs) are a typical semiconductor nanocrystal with dimensions between 1 and 20 nm, whose unique three-dimensional quantum confinement effect leads to the discretization of energy levels in electron–hole pairs.
introduction	results	The synthesis process of CsPbBr# and the PHCL/TP–CsPbBr# QDs, along with their corresponding size, structure, and model analysis are shown in Fig. #	1	1	10.1038/s43246-026-01177-y	The synthesis process of CsPbBr3 and the PHCL/TP–CsPbBr3 QDs, along with their corresponding size, structure, and model analysis are shown in Fig. 1.
results	discussion	In this work, we focused on imparting defect self-healing properties to CsPbBr# perovskite QDs through a TOP–Pb(St)# dual-ligand synergistic strategy, achieving simultaneous optimization of environmental stability (water/heat stability improved by more than # times) and solvent selectivity (PHCl solubility).	1	1	10.1038/s43246-026-01177-y	In this work, we focused on imparting defect self-healing properties to CsPbBr3 perovskite QDs through a TOP–Pb(St)2 dual-ligand synergistic strategy, achieving simultaneous optimization of environmental stability (water/heat stability improved by more than 20 times) and solvent selectivity (PHCl solubility).
discussion	methods	Cesium carbonate (Cs#CO#, #%, purity), was purchased from Shanghai Bide Pharmatech Co., Ltd.	1	1	10.1038/s43246-026-01177-y	Cesium carbonate (Cs2CO3, 99.9%, purity), was purchased from Shanghai Bide Pharmatech Co., Ltd.
abstract	introduction	Many mobile electronic devices including smartphones and tablets consist of electronic and optoelectronic components such as microprocessors memory modules and high-resolution information displays.	1	1	qc_2015_wearable-rgb-qled-array	Many mobile electronic devices including smartphones and tablets consist of electronic and optoelectronic components such as microprocessors memory modules and high-resolution information displays.
introduction	results	High-resolution intaglio transfer printing	1	1	qc_2015_wearable-rgb-qled-array	High-resolution intaglio transfer printing
results	discussion	In conclusion we demonstrate ultra-thin wearable RGB LED arrays fabricated using colloidal QDs and high-resolution intaglio transfer printing technology.	1	1	qc_2015_wearable-rgb-qled-array	In conclusion we demonstrate ultra-thin wearable RGB LED arrays fabricated using colloidal QDs and high-resolution intaglio transfer printing technology.
discussion	methods	The CdSe/ZnS QDs for blue and green QDs and the CdSe/CdS/ZnS QDs for red QDs were synthesized in the laboratory.	1	1	qc_2015_wearable-rgb-qled-array	The CdSe/ZnS QDs for blue and green QDs and the CdSe/CdS/ZnS QDs for red QDs were synthesized in the laboratory.
abstract	introduction	Among various light-emitting materials for next generation displays quantum dots (QDs) are prominent due to their unique optoelectronic properties such as their high brightness and narrow emission spectra extensive colour tunability high quantum yield and good stability.	1	1	10.1038/s41467-020-16865-7	Among various light-emitting materials for next generation displays quantum dots (QDs) are prominent due to their unique optoelectronic properties such as their high brightness and narrow emission spectra extensive colour tunability high quantum yield and good stability.
introduction	results	Overall procedure of omni-resolution iTP	1	1	10.1038/s41467-020-16865-7	Overall procedure of omni-resolution iTP
results	discussion	This work demonstrates the highest-resolution full-colour RGB QD pixel array reported to date with outstanding pixel-density of up to # PPD.	1	1	10.1038/s41467-020-16865-7	This work demonstrates the highest-resolution full-colour RGB QD pixel array reported to date with outstanding pixel-density of up to 368 PPD.
discussion	methods	Preparation of CdSe/CdS/ZnS Red QDs: After # mmol of cadmium oxide (CdO) # mmol of oleic acid (OA) and # ml of #-octadecene (ODE) were added into a # mL flask under an Ar condition the temperature of the reactor was increased up to # °C.	1	1	10.1038/s41467-020-16865-7	Preparation of CdSe/CdS/ZnS Red QDs: After 1 mmol of cadmium oxide (CdO) 4 mmol of oleic acid (OA) and 20 ml of 1-octadecene (ODE) were added into a 100 mL flask under an Ar condition the temperature of the reactor was increased up to 300 °C.
abstract	introduction	Quantum dot (QD) light-emitting diodes (LEDs) are ideal for next-generation flat-panel displays because of their scalability cost effectiveness emission color purity and tunable chromaticity.	1	1	10.1038/s41467-022-29812-5	Quantum dot (QD) light-emitting diodes (LEDs) are ideal for next-generation flat-panel displays because of their scalability cost effectiveness emission color purity and tunable chromaticity.
introduction	results	Emission polarization in individual ANCs	1	1	10.1038/s41467-022-29812-5	Emission polarization in individual ANCs
results	methods	Materials for LHP NCs synthesis	1	1	10.1038/s41467-022-29812-5	Materials for LHP NCs synthesis
abstract	introduction	Perovskite halides as a type of emerging semiconducting materials exhibit outstanding optoelectronic properties such as easily tunable optical bandgaps high charge carrier mobility and long carrier diffusion length.	1	1	10.1038/s41377-022-00992-5	Perovskite halides as a type of emerging semiconducting materials exhibit outstanding optoelectronic properties such as easily tunable optical bandgaps high charge carrier mobility and long carrier diffusion length.
introduction	results	Here the microstructure of synthetized blue perovskite QDs via room temperature ligand assisted reprecipitation method (the details are shown in Experimental Section) is shown in Fig. #	1	1	10.1038/s41377-022-00992-5	Here the microstructure of synthetized blue perovskite QDs via room temperature ligand assisted reprecipitation method (the details are shown in Experimental Section) is shown in Fig. 1.
results	discussion	We successfully realized FA cation doped pure blue CsPb(Cl₀.₅Br₀.₅)₃ QDs at room temperature.	1	1	10.1038/s41377-022-00992-5	We successfully realized FA cation doped pure blue CsPb(Cl₀.₅Br₀.₅)₃ QDs at room temperature.
discussion	methods	Cs₂CO₃(#%) didodecyldimethylammonium bromide (DDAB#%) toluene (ACS grade Fisher) Octanoic acid (OTAc#%) Formamidine acetate (FAAc #%) tetraoctylammonium bromide (TOAB#%) Methyl acetate (#%) and aluminum (Al) were purchased from Sigma-Aldrich.	1	1	10.1038/s41377-022-00992-5	Cs₂CO₃(99.9%) didodecyldimethylammonium bromide (DDAB98%) toluene (ACS grade Fisher) Octanoic acid (OTAc98%) Formamidine acetate (FAAc 99%) tetraoctylammonium bromide (TOAB98%) Methyl acetate (98%) and aluminum (Al) were purchased from Sigma-Aldrich.
abstract	introduction	Driven by technology advances in solid-state optoelectronics light-emitting diode (LED) lighting has been expanded to a wide range of applications in consumer electronics automotive architectural and healthcare settings.	1	1	10.1038/s41467-022-31853-9	Driven by technology advances in solid-state optoelectronics light-emitting diode (LED) lighting has been expanded to a wide range of applications in consumer electronics automotive architectural and healthcare settings.
introduction	results	Lighting system architecture and computational design framework	1	1	10.1038/s41467-022-31853-9	Lighting system architecture and computational design framework
results	discussion	In this work a computational design framework has been proposed for optimising the architecture of the smart white lighting systems having a layout of the multiple patterns of pixelated QD-LEDs.	1	1	10.1038/s41467-022-31853-9	In this work a computational design framework has been proposed for optimising the architecture of the smart white lighting systems having a layout of the multiple patterns of pixelated QD-LEDs.
discussion	methods	To find the optimal combination of peak wavelengths for the N-primary coloured white lighting system we used a combinatorial colour optimisation process with a cost function for a given spectral radiance of the lighting system.	1	1	10.1038/s41467-022-31853-9	To find the optimal combination of peak wavelengths for the N-primary coloured white lighting system we used a combinatorial colour optimisation process with a cost function for a given spectral radiance of the lighting system.
abstract	introduction	Photoluminescence (PL) intermittency, or PL blinking, is a common property of nanoscale light emitters.	1	1	qdp_2012_lifetime-blinking-nonblinking-qd	Photoluminescence (PL) intermittency, or PL blinking, is a common property of nanoscale light emitters.
introduction	results	In our studies, we use a custom-built electrochemical cell incorporated into a micro-PL system based on a confocal microscope.	1	1	qdp_2012_lifetime-blinking-nonblinking-qd	In our studies, we use a custom-built electrochemical cell incorporated into a micro-PL system based on a confocal microscope.
results	discussion	In analogy with the analysis of the ON/OFF time statistics performed for traditional intensity blinking, we conduct a similar analysis for lifetime blinking by setting a lifetime threshold to distinguish between two different charge states (#) and (#).	1	1	qdp_2012_lifetime-blinking-nonblinking-qd	In analogy with the analysis of the ON/OFF time statistics performed for traditional intensity blinking, we conduct a similar analysis for lifetime blinking by setting a lifetime threshold to distinguish between two different charge states (0) and (1).
discussion	methods	The synthesis of giant core/shell CdSe/CdS nanocrystals was performed using a modified version of the successive ionic layer adsorption and reaction method.	1	1	qdp_2012_lifetime-blinking-nonblinking-qd	The synthesis of giant core/shell CdSe/CdS nanocrystals was performed using a modified version of the successive ionic layer adsorption and reaction method.
abstract	introduction	Colloidal quantum dots (QDs) exhibit narrow-band highly efficient and widely tunable emission.	1	1	qdp_2013_auger-control-carrier-kinetics	Colloidal quantum dots (QDs) exhibit narrow-band highly efficient and widely tunable emission.
introduction	results	Structural and spectroscopic properties of QD emitters	1	1	qdp_2013_auger-control-carrier-kinetics	Structural and spectroscopic properties of QD emitters
results	discussion	We have studied the role of multicarrier states and specifically the role of multicarrier Auger recombination in QD-LEDs.	1	1	qdp_2013_auger-control-carrier-kinetics	We have studied the role of multicarrier states and specifically the role of multicarrier Auger recombination in QD-LEDs.
discussion	methods	Cadmium oxide (CdO #%) Se (# mesh #%) zinc acetate (Zn(Acet)₂, #%) S (power #%) #-dodecanethiol (DDT #%) oleic acid (OA #%) #-octadecene (ODE #%) tri-n-octylphosphine (TOP #%) tri-n-octylamine (TOA #%) zinc acetate dihydrate (Zn(Ac)₂·#H₂O>#%) potassium hydroxide (KOH #+%) and butanol (#%) were purchased from Alfa Aesar.	1	1	qdp_2013_auger-control-carrier-kinetics	Cadmium oxide (CdO 99.998%) Se (200 mesh 99.999%) zinc acetate (Zn(Acet)₂, 99.99%) S (power 99%) 1-dodecanethiol (DDT 98%) oleic acid (OA 99%) 1-octadecene (ODE 90%) tri-n-octylphosphine (TOP 97%) tri-n-octylamine (TOA 95%) zinc acetate dihydrate (Zn(Ac)₂·2H₂O>98%) potassium hydroxide (KOH 99+%) and butanol (99%) were purchased from Alfa Aesar.
abstract	introduction	The generation of multiple electron–hole (e–h) pairs by the absorption of a single photon, usually termed carrier multiplication (CM) or multiple exciton generation, has been a topic of intense research in the past few years, due to the potential beneficial effect on photovoltaics.	1	1	qdp_2013_carrier-multiplication-qd-films	The generation of multiple electron–hole (e–h) pairs by the absorption of a single photon, usually termed carrier multiplication (CM) or multiple exciton generation, has been a topic of intense research in the past few years, due to the potential beneficial effect on photovoltaics.
introduction	results	Quantum-dot solids with varying ligand length	1	1	qdp_2013_carrier-multiplication-qd-films	Quantum-dot solids with varying ligand length
results	discussion	To understand the dependence of MFCG on the mobility, we consider the process of charge-carrier photogeneration.	1	1	qdp_2013_carrier-multiplication-qd-films	To understand the dependence of MFCG on the mobility, we consider the process of charge-carrier photogeneration.
discussion	methods	Lead oxide weighing # g was dissolved in a mixture of # ml octadecene and # ml oleic acid.	1	1	qdp_2013_carrier-multiplication-qd-films	Lead oxide weighing 0.66 g was dissolved in a mixture of 30 ml octadecene and 2.2 ml oleic acid.
abstract	introduction	A fundamental source of limited efficiency in solar cells is their transparency towards solar radiation on the redder side of the solar spectrum, specifically for photon energies (ħω) below the band gap (Eg) of the active absorbing material.	1	1	qdp_2014_carrier-multiplication-quasi-type-ii	A fundamental source of limited efficiency in solar cells is their transparency towards solar radiation on the redder side of the solar spectrum, specifically for photon energies (ħω) below the band gap (Eg) of the active absorbing material.
introduction	results	Core/shell approach to CM engineering	1	1	qdp_2014_carrier-multiplication-quasi-type-ii	Core/shell approach to CM engineering
results	discussion	A considerable slowing down of intraband relaxation in thick-shell samples, which underlies the observed CM enhancement, probably relates to the ρ-dependent interplay between core- versus shell localization of valence-band states.	1	1	qdp_2014_carrier-multiplication-quasi-type-ii	A considerable slowing down of intraband relaxation in thick-shell samples, which underlies the observed CM enhancement, probably relates to the ρ-dependent interplay between core- versus shell localization of valence-band states.
discussion	methods	Oleic acid (OA, technical grade #%), lead(II) oxide (#%), cadmium oxide (#%) and selenium shot (#%) were purchased from Alfa Aesar; #-octadecene (ODE, technical grade #%) was purchased from Acros Organics; Tributylphosphine (#%) was purchased from Sigma-Aldrich; Trioctylphosphine (TOP, #%) was purchased from Strem.	1	1	qdp_2014_carrier-multiplication-quasi-type-ii	Oleic acid (OA, technical grade 90%), lead(II) oxide (99.999%), cadmium oxide (99.998%) and selenium shot (99.999%) were purchased from Alfa Aesar; 1-octadecene (ODE, technical grade 90%) was purchased from Acros Organics; Tributylphosphine (97%) was purchased from Sigma-Aldrich; Trioctylphosphine (TOP, 97%) was purchased from Strem.
abstract	introduction	Technological improvements in the fabrication of short-wavelength infrared (SWIR #,#–#,# nm) detector technology have recently inspired a new wave of optical fluorescence imaging as longer imaging wavelengths promise increased spatiotemporal resolution penetration depths and unprecedented sensitivity.	1	1	qdp_2016_inas-qd-size-tunable-nir-emission	Technological improvements in the fabrication of short-wavelength infrared (SWIR 1,000–2,000 nm) detector technology have recently inspired a new wave of optical fluorescence imaging as longer imaging wavelengths promise increased spatiotemporal resolution penetration depths and unprecedented sensitivity.
introduction	results	Current challenges in the synthesis of InAs QDs	1	1	qdp_2016_inas-qd-size-tunable-nir-emission	Current challenges in the synthesis of InAs QDs
results	discussion	In conclusion we demonstrate a new approach towards high-quality SWIR-emissive InAs QDs.	1	1	qdp_2016_inas-qd-size-tunable-nir-emission	In conclusion we demonstrate a new approach towards high-quality SWIR-emissive InAs QDs.
discussion	methods	Octadecene (#%) oleylamine (#%) oleic acid (#%) CdO ZnO selenium and sulfur were bought from Sigma-Aldrich and used as purchased.	1	1	qdp_2016_inas-qd-size-tunable-nir-emission	Octadecene (90%) oleylamine (70%) oleic acid (90%) CdO ZnO selenium and sulfur were bought from Sigma-Aldrich and used as purchased.
abstract	introduction	Colloidal quantum dots (QDs) are semiconductor nanocrystals with their sizes in the quantum-confinement regime.	1	1	10.1038/s41467-019-09737-2	Colloidal quantum dots (QDs) are semiconductor nanocrystals with their sizes in the quantum-confinement regime.
introduction	results	Optical properties of single-exciton and biexciton	1	1	10.1038/s41467-019-09737-2	Optical properties of single-exciton and biexciton
results	discussion	For commonly studied II–VI and III–V semiconductors, effective mass of hole is significantly heavier than that of the corresponding electron.	1	1	10.1038/s41467-019-09737-2	For commonly studied II–VI and III–V semiconductors, effective mass of hole is significantly heavier than that of the corresponding electron.
discussion	methods	The zinc-blende CdSe/CdS core/shell QDs with different core sizes and shell thicknesses were prepared according to the method reported in our previous report.	1	1	10.1038/s41467-019-09737-2	The zinc-blende CdSe/CdS core/shell QDs with different core sizes and shell thicknesses were prepared according to the method reported in our previous report.
abstract	introduction	Hot carrier cooling is a process in which photoexcited carriers lose their excess kinetic energy as heat, limiting the maximum thermodynamic efficiency of photovoltaic devices.	1	1	10.1038/s41467-019-12558-y	Hot carrier cooling is a process in which photoexcited carriers lose their excess kinetic energy as heat, limiting the maximum thermodynamic efficiency of photovoltaic devices.
introduction	results	We study the carrier cooling dynamics of CdSe QDs doped with Cu.	1	1	10.1038/s41467-019-12558-y	We study the carrier cooling dynamics of CdSe QDs doped with Cu.
results	discussion	The slowdown of the hot electron cooling in Cu-doped QDs can be understood from the competition between the different cooling channels.	1	1	10.1038/s41467-019-12558-y	The slowdown of the hot electron cooling in Cu-doped QDs can be understood from the competition between the different cooling channels.
discussion	methods	Synthesis of Cu-doped CdSe QDs	1	1	10.1038/s41467-019-12558-y	Synthesis of Cu-doped CdSe QDs
abstract	introduction	Colloidal semiconductor quantum dots (QDs) have emerged as a promising candidate for many technological applicationssuch as lighting solar cells photon detectors and optical computing—owing to their facile processability and size-dependent optical properties.	1	1	10.1038/s41467-025-61511-9	Colloidal semiconductor quantum dots (QDs) have emerged as a promising candidate for many technological applicationssuch as lighting solar cells photon detectors and optical computing—owing to their facile processability and size-dependent optical properties.
introduction	results	Bright emitters without gain	1	1	10.1038/s41467-025-61511-9	Bright emitters without gain
results	discussion	While the limited gain of InP-based QDs (Fig. #) was already indicative of hot-carrier trapping the experiments in Figs. #–# provided (direct) evidence and more insights into the process.	1	1	10.1038/s41467-025-61511-9	While the limited gain of InP-based QDs (Fig. 1) was already indicative of hot-carrier trapping the experiments in Figs. 2–4 provided (direct) evidence and more insights into the process.
discussion	methods	Synthesis procedure InP/ZnSe/ZnS quantum dots	1	1	10.1038/s41467-025-61511-9	Synthesis procedure InP/ZnSe/ZnS quantum dots
abstract	introduction	Metal halide perovskites have triggered tremendous research interest due to their favorable optoelectronic properties such as wide-range tunable bandgap, balanced carrier mobility, and long carrier diffusion lengths, high luminescence efficiency, etc.	1	1	10.1038/s41467-019-08561-y	Metal halide perovskites have triggered tremendous research interest due to their favorable optoelectronic properties such as wide-range tunable bandgap, balanced carrier mobility, and long carrier diffusion lengths, high luminescence efficiency, etc.
introduction	results	Figure #a schematically shows the device structure of the Pero LED.	1	1	10.1038/s41467-019-08561-y	Figure 1a schematically shows the device structure of the Pero LED.
results	discussion	Metal halide hybrid perovskites are promising materials for LED application, however, the conventional planar device structure sets a constraint for light outcoupling.	1	1	10.1038/s41467-019-08561-y	Metal halide hybrid perovskites are promising materials for LED application, however, the conventional planar device structure sets a constraint for light outcoupling.
discussion	methods	Poly(#,#-ethylenedioxythiophene): poly(styrenesulfonate) (PEDOT: PSS) pellets, Poly(#,#′-dioctyl-fluorene) (F#), CH # NH # Br (MABr), PbBr #, n -Butylammonium bromide (n -BABr) and dimethylformamide (DMF) were purchased from Sigma Aldrich.	1	1	10.1038/s41467-019-08561-y	Poly(3,4-ethylenedioxythiophene): poly(styrenesulfonate) (PEDOT: PSS) pellets, Poly(9,9′-dioctyl-fluorene) (F8), CH 3 NH 3 Br (MABr), PbBr 2, n -Butylammonium bromide (n -BABr) and dimethylformamide (DMF) were purchased from Sigma Aldrich.
abstract	introduction	Metal-halide perovskites have emerged as a new class of semiconductor materials for next-generation display and lighting applications.	1	1	10.1038/s41467-021-24616-5	Metal-halide perovskites have emerged as a new class of semiconductor materials for next-generation display and lighting applications.
introduction	results	To create highly luminescent Ge–Pb perovskite films, we dissolved cesium bromide (CsBr), germanium bromide (GeBr #), lead bromide (PbBr #), phenylethylammonium bromide (PEABr), and molecular additive #,#,#,#,#,#-hexaoxacyclooctadecane in DMSO to form the precursor solution (see ‘Methods’ for details).	1	1	10.1038/s41467-021-24616-5	To create highly luminescent Ge–Pb perovskite films, we dissolved cesium bromide (CsBr), germanium bromide (GeBr 2), lead bromide (PbBr 2), phenylethylammonium bromide (PEABr), and molecular additive 1,4,7,10,13,16-hexaoxacyclooctadecane in DMSO to form the precursor solution (see ‘Methods’ for details).
results	discussion	In summary, we have developed highly luminescent Ge–Pb perovskite films with PL efficiencies of up to #%, showing a considerable relative improvement of ~#% over similarly prepared Ge-free, Pb-based perovskite films.	1	1	10.1038/s41467-021-24616-5	In summary, we have developed highly luminescent Ge–Pb perovskite films with PL efficiencies of up to 71%, showing a considerable relative improvement of ~34% over similarly prepared Ge-free, Pb-based perovskite films.
discussion	methods	Preparation of perovskite precursor solution and films	1	1	10.1038/s41467-021-24616-5	Preparation of perovskite precursor solution and films
abstract	introduction	Colloidal quantum dots (QDs) are promising emitters for light-emitting diodes (LEDs) owning to their spectrally narrow emission, broad color tunability across the visible spectrum, and excellent solution processability, which offers significant advantages for large-area film fabrication.	1	1	10.1038/s41467-026-73298-4	Colloidal quantum dots (QDs) are promising emitters for light-emitting diodes (LEDs) owning to their spectrally narrow emission, broad color tunability across the visible spectrum, and excellent solution processability, which offers significant advantages for large-area film fabrication.
introduction	results	Synthesis of CdSe/CdZnSe/ZnSeS core/shell NRs	1	1	10.1038/s41467-026-73298-4	Synthesis of CdSe/CdZnSe/ZnSeS core/shell NRs
results	discussion	We developed a robust synthetic strategy for CdSe/CdZnSe/ZnSeS core/shell NRs featuring thick compositionally gradient shells with well-controlled dimensions (length: # ± # nm, diameter: # ± # nm, aspect ratio ≈ #).	1	1	10.1038/s41467-026-73298-4	We developed a robust synthetic strategy for CdSe/CdZnSe/ZnSeS core/shell NRs featuring thick compositionally gradient shells with well-controlled dimensions (length: 26.2 ± 3.8 nm, diameter: 12.1 ± 2.1 nm, aspect ratio ≈ 2.2).
discussion	methods	Cadmium oxide (CdO, #%), trioctylphosphine oxide (TOPO, #%), trioctylphosphine (TOP, #%), selenium (Se, #,#%), sulfur (S, #%) were purchased from Sigma-Aldrich.	1	1	10.1038/s41467-026-73298-4	Cadmium oxide (CdO, 99.99%), trioctylphosphine oxide (TOPO, 99%), trioctylphosphine (TOP, 97%), selenium (Se, 99,99%), sulfur (S, 99%) were purchased from Sigma-Aldrich.
abstract	introduction	Solution-processed second near-infrared window light-emitting diodes (NIR-II LEDs, #–# nm) garner significant attention for their nonvisible illumination, deep tissue penetration, and exceptional flexibility.	1	1	10.1038/s41467-026-72625-z	Solution-processed second near-infrared window light-emitting diodes (NIR-II LEDs, 900–1700 nm) garner significant attention for their nonvisible illumination, deep tissue penetration, and exceptional flexibility.
introduction	results	Morphology modulation optimizes charge injection	1	1	10.1038/s41467-026-72625-z	Morphology modulation optimizes charge injection
results	methods	Tin iodide (#%), Tin chloride (≥#%), Cesium iodide (#%), Tin powder (particle size <# µm, #%), #-Crown-# (#%), Dimethyl sulfoxide (anhydrous, ≥#%), Chlorobenzene (#%), Lithium fluoride (#%), and Poly(sodium #-styrenesulfonate) powder (PSS:Na) were all purchased from Sigma-Aldrich.	1	1	10.1038/s41467-026-72625-z	Tin iodide (99.999%), Tin chloride (≥99.9%), Cesium iodide (99.9%), Tin powder (particle size <45 µm, 99.8%), 18-Crown-6 (99%), Dimethyl sulfoxide (anhydrous, ≥99.9%), Chlorobenzene (99.9%), Lithium fluoride (99.995%), and Poly(sodium 4-styrenesulfonate) powder (PSS:Na) were all purchased from Sigma-Aldrich.
abstract	introduction	Hybrid organicinorganic halide perovskite semiconductors are presently being explored for application in light emitting diodes (LEDs) and lasers because they combine high color purity with a broadly tunable bandgap and attractive gain characteristics.	1	1	10.1038/s41467-018-07383-8	Hybrid organicinorganic halide perovskite semiconductors are presently being explored for application in light emitting diodes (LEDs) and lasers because they combine high color purity with a broadly tunable bandgap and attractive gain characteristics.
introduction	results	DC versus pulsed operation	1	1	10.1038/s41467-018-07383-8	DC versus pulsed operation
results	discussion	Taken together the data above point to a picture in which perovskite LED operation at low currents is heavily influenced by the distribution of ionic charge which affects both the trap density and internal field distribution in the device.	1	1	10.1038/s41467-018-07383-8	Taken together the data above point to a picture in which perovskite LED operation at low currents is heavily influenced by the distribution of ionic charge which affects both the trap density and internal field distribution in the device.
discussion	methods	MAI (BAI) was synthesized by mixing methylamine (n-butylamine) (Sigma Aldrich) with HI (Sigma Aldrich) in a #:# molar ratio.	1	1	10.1038/s41467-018-07383-8	MAI (BAI) was synthesized by mixing methylamine (n-butylamine) (Sigma Aldrich) with HI (Sigma Aldrich) in a 1:1 molar ratio.
abstract	introduction	Low-temperature solution-processed metal halide perovskites show excellent luminescence and charge transport properties high color purity and tunable bandgap making them promising for low-cost and high-performance light-emitting diode (LED) applications.	1	1	10.1038/s41467-018-03049-7	Low-temperature solution-processed metal halide perovskites show excellent luminescence and charge transport properties high color purity and tunable bandgap making them promising for low-cost and high-performance light-emitting diode (LED) applications.
introduction	results	Origin of efficiency roll-off in PeLEDs	1	1	10.1038/s41467-018-03049-7	Origin of efficiency roll-off in PeLEDs
results	discussion	By simultaneously measuring the EL and PL on a working device supported by transient PL decay measurements we conclude that the efficiency roll-off in perovskite LEDs is mainly due to luminescence quenching which is most likely caused by an Auger recombination.	1	1	10.1038/s41467-018-03049-7	By simultaneously measuring the EL and PL on a working device supported by transient PL decay measurements we conclude that the efficiency roll-off in perovskite LEDs is mainly due to luminescence quenching which is most likely caused by an Auger recombination.
discussion	methods	Preparation of perovskite MQW	1	1	10.1038/s41467-018-03049-7	Preparation of perovskite MQW
abstract	introduction	Metal halide perovskites have attracted significant attention for light-emitting applications because of their excellent properties such as high photoluminescence quantum efficiency (PLQE) narrow emission bandwidth readily tunable emission spectra ranging from ultraviolet to near-infrared and solution processability.	1	1	10.1038/s41467-020-14747-6	Metal halide perovskites have attracted significant attention for light-emitting applications because of their excellent properties such as high photoluminescence quantum efficiency (PLQE) narrow emission bandwidth readily tunable emission spectra ranging from ultraviolet to near-infrared and solution processability.
introduction	results	The PMC thin films are prepared by facile one-step spin-coating from precursor solutions of formamidinium iodide (FAI) lead iodide (PbI₂) and DDS dissolved in NN-dimethylformamide (DMF) (x DDS films where x = #, # and #, denote the films prepared with a DDS:Pb²⁺ molar ratio of x:#; see the “Methods” section for details).	1	1	10.1038/s41467-020-14747-6	The PMC thin films are prepared by facile one-step spin-coating from precursor solutions of formamidinium iodide (FAI) lead iodide (PbI₂) and DDS dissolved in NN-dimethylformamide (DMF) (x DDS films where x = 0.5, 1.0 and 2.0, denote the films prepared with a DDS:Pb²⁺ molar ratio of x:1.0; see the “Methods” section for details).
results	discussion	We also measure the operational stability of the # DDS film-based LED at various constant current densities.	1	1	10.1038/s41467-020-14747-6	We also measure the operational stability of the 1.0 DDS film-based LED at various constant current densities.
discussion	methods	Colloidal ZnO nanocrystals were synthesized following the reported solution-precipitation process.	1	1	10.1038/s41467-020-14747-6	Colloidal ZnO nanocrystals were synthesized following the reported solution-precipitation process.
abstract	introduction	In the past few years the technology of perovskite light emitting diodes (PeLEDs) has developed rapidly exhibiting highly attractive properties such as high efficiency high luminance and radiance excellent color tunability and purity etc..	1	1	10.1038/s41467-021-20970-6	In the past few years the technology of perovskite light emitting diodes (PeLEDs) has developed rapidly exhibiting highly attractive properties such as high efficiency high luminance and radiance excellent color tunability and purity etc..
introduction	results	Passivation effects on films	1	1	10.1038/s41467-021-20970-6	Passivation effects on films
results	discussion	In summary we explored surface passivation of #D perovskite films with a series of phenylalkylammonium iodides of varying alkyl chain lengths.	1	1	10.1038/s41467-021-20970-6	In summary we explored surface passivation of 3D perovskite films with a series of phenylalkylammonium iodides of varying alkyl chain lengths.
discussion	methods	Cesium iodide (CsI) FAI and #-ammonium valeric acid iodide (#AVAI) were purchased from Greatcellsolar.	1	1	10.1038/s41467-021-20970-6	Cesium iodide (CsI) FAI and 5-ammonium valeric acid iodide (5AVAI) were purchased from Greatcellsolar.
abstract	introduction	Quasi-#D perovskites with self-assembled multiple-quantum-well structures represent an important category of perovskites have achieved great success in perovskite light-emitting diodes (PeLEDs).	1	1	10.1038/s41467-020-20555-9	Quasi-2D perovskites with self-assembled multiple-quantum-well structures represent an important category of perovskites have achieved great success in perovskite light-emitting diodes (PeLEDs).
introduction	results	Manipulation of exciton binding energy	1	1	10.1038/s41467-020-20555-9	Manipulation of exciton binding energy
results	discussion	Rapid nonradiative Auger recombination rate is an important challenge faced by quasi-#D perovskites which causes significant efficiency roll-off and impedes their further commercialization.	1	1	10.1038/s41467-020-20555-9	Rapid nonradiative Auger recombination rate is an important challenge faced by quasi-2D perovskites which causes significant efficiency roll-off and impedes their further commercialization.
discussion	methods	Methylammonium bromide (MABr) was purchased from Dyesol.	1	1	10.1038/s41467-020-20555-9	Methylammonium bromide (MABr) was purchased from Dyesol.
abstract	introduction	Metal halide perovskites combine facile solution processability high photoluminescence quantum yields (PLQYs) superior color purity and high charge carrier mobility making them promising semiconductors for cost-effective color-saturated light-emitting diodes (LEDs) capable of operating at high brightness.	1	1	10.1038/s41467-026-75756-5	Metal halide perovskites combine facile solution processability high photoluminescence quantum yields (PLQYs) superior color purity and high charge carrier mobility making them promising semiconductors for cost-effective color-saturated light-emitting diodes (LEDs) capable of operating at high brightness.
introduction	results	As shown in Fig. #a the designed ICL for tandem PeLEDs consists of three key components: (i) a charge-generation layer (CGL) ensuring efficient generation of electron-hole pairs at low bias; (ii) a conformally grown compact atomic-layer-deposition processed tin oxide (ALD-SnO₂) that protects the functional layers underneath and facilitates electron injection toward the upper subunits; and (iii) a conductive bridging layer enabling barrier-free charge transport between CGL and ALD-SnO₂.	1	1	10.1038/s41467-026-75756-5	As shown in Fig. 1a the designed ICL for tandem PeLEDs consists of three key components: (i) a charge-generation layer (CGL) ensuring efficient generation of electron-hole pairs at low bias; (ii) a conformally grown compact atomic-layer-deposition processed tin oxide (ALD-SnO₂) that protects the functional layers underneath and facilitates electron injection toward the upper subunits; and (iii) a conductive bridging layer enabling barrier-free charge transport between CGL and ALD-SnO₂.
results	methods	Cesium iodide (CsI #%) lead bromide (PbBr₂, #%) cesium bromide (CsBr #%) ethoxylated polyethyleneimine (PEIE #% ethoxylated # wt. % in H#O) dimethyl sulfoxide (DMSO ≥#%) NN-dimethylformamide (DMF ≥#%) chlorobenzene (#%) MoOx (#%) #,#’-bis(carbazol-#-yl)biphenyl (CBP ≥#%) Isopropyl alcohol (IPA ≥#%) and #,#,#-trioxa-#,#-tridecanediamine (TTDDA #%) were purchased from Sigma-Aldrich.	1	1	10.1038/s41467-026-75756-5	Cesium iodide (CsI 99.999%) lead bromide (PbBr₂, 99.999%) cesium bromide (CsBr 99.999%) ethoxylated polyethyleneimine (PEIE 80% ethoxylated 37 wt. % in H2O) dimethyl sulfoxide (DMSO ≥99.9%) NN-dimethylformamide (DMF ≥99.8%) chlorobenzene (99.8%) MoOx (99.97%) 4,4’-bis(carbazol-9-yl)biphenyl (CBP ≥99%) Isopropyl alcohol (IPA ≥98%) and 4,7,10-trioxa-1,13-tridecanediamine (TTDDA 97%) were purchased from Sigma-Aldrich.
abstract	introduction	Light-emitting diodes (LEDs) underpin modern optoelectronics enabling technologies from energy-efficient displays to biomedical imaging and optical communications.	1	1	10.1038/s41377-026-02237-1	Light-emitting diodes (LEDs) underpin modern optoelectronics enabling technologies from energy-efficient displays to biomedical imaging and optical communications.
introduction	results	We synthesized FAPbI₃ PQDs via a hot-injection method following our previously established protocol.	1	1	10.1038/s41377-026-02237-1	We synthesized FAPbI₃ PQDs via a hot-injection method following our previously established protocol.
results	discussion	In summary we present an ionic liquid-mediated surface reconstruction strategy for PQDs.	1	1	10.1038/s41377-026-02237-1	In summary we present an ionic liquid-mediated surface reconstruction strategy for PQDs.
discussion	methods	The raw materials utilized in synthesis including formamidine acetate (HN=CHNH₂ ∙ CH₃COOH #% Sigma-Aldrich) lead (II) iodide (PbI₂, #% Adamas) #-octadecene (ODE #% Adamas) oleic acid (OA #% Adamas) oleylamine (OAm #% Adamas) octane (anhydrous #% Adamas) methyl acetate (MeOAc ≥#% Greagent) #-methyl-#-propylimidazolium iodide (MPII Sigma-Aldrich).	1	1	10.1038/s41377-026-02237-1	The raw materials utilized in synthesis including formamidine acetate (HN=CHNH₂ ∙ CH₃COOH 99% Sigma-Aldrich) lead (II) iodide (PbI₂, 99.999% Adamas) 1-octadecene (ODE 90% Adamas) oleic acid (OA 90% Adamas) oleylamine (OAm 90% Adamas) octane (anhydrous 99% Adamas) methyl acetate (MeOAc ≥98.0% Greagent) 1-methyl-3-propylimidazolium iodide (MPII Sigma-Aldrich).
abstract	introduction	Perovskite light-emitting diodes (PeLEDs) attract significant attention because of their high photoluminescence quantum yields (PLQYs), tunable light emission, and high color purity.	1	1	10.1038/s41467-019-09794-7	Perovskite light-emitting diodes (PeLEDs) attract significant attention because of their high photoluminescence quantum yields (PLQYs), tunable light emission, and high color purity.
introduction	results	Properties of #D Rb–Cs alloyed perovskites	1	1	10.1038/s41467-019-09794-7	Properties of 3D Rb–Cs alloyed perovskites
results	discussion	As mentioned above, the ratio of Rb to Cs, thickness of the quantum wells (<n> values), as well as content of excess RbBr synergistically determined the optical properties of the resulting perovskite, including emission wavelength, PLQYs, and spectral stability.	1	1	10.1038/s41467-019-09794-7	As mentioned above, the ratio of Rb to Cs, thickness of the quantum wells (<n> values), as well as content of excess RbBr synergistically determined the optical properties of the resulting perovskite, including emission wavelength, PLQYs, and spectral stability.
discussion	methods	PEDOT:PSS (Clevios P VP AL #) was purchased from Heraeus.	1	1	10.1038/s41467-019-09794-7	PEDOT:PSS (Clevios P VP AL 4083) was purchased from Heraeus.
abstract	introduction	Blue light-emitting diodes, with the Commission Internationale de l'Eclairage (CIE) y coordinate value below # along with the (x + y) value below #, are of critical importance for display and energy-saving lighting applications.	1	1	10.1038/s41467-020-20582-6	Blue light-emitting diodes, with the Commission Internationale de l'Eclairage (CIE) y coordinate value below 0.15 along with the (x + y) value below 0.30, are of critical importance for display and energy-saving lighting applications.
introduction	results	Device fabrication and spectral stability	1	1	10.1038/s41467-020-20582-6	Device fabrication and spectral stability
results	discussion	In summary, we have demonstrated that the notorious colour instability issues in mixed halide blue PeLEDs can be substantially mitigated across a wide range of emission colours from sky blue to deep blue region (#–# nm).	1	1	10.1038/s41467-020-20582-6	In summary, we have demonstrated that the notorious colour instability issues in mixed halide blue PeLEDs can be substantially mitigated across a wide range of emission colours from sky blue to deep blue region (490–451 nm).
discussion	methods	Caesium bromide (CsBr, #%), lead bromide (PbBr#, #%), lead chloride (PbCl#, #%) was purchased from Alfa Aesar.	1	1	10.1038/s41467-020-20582-6	Caesium bromide (CsBr, 99.999%), lead bromide (PbBr2, 99.999%), lead chloride (PbCl2, 99.999%) was purchased from Alfa Aesar.
abstract	introduction	Lanthanide ions with parity-allowed d-f transition (Ce#+, Eu#+) exhibit remarkable optical properties, such as excellent color purity, fast radiation recombination rate, and high light conversion efficiency.	1	1	10.1038/s41467-024-50508-5	Lanthanide ions with parity-allowed d-f transition (Ce3+, Eu2+) exhibit remarkable optical properties, such as excellent color purity, fast radiation recombination rate, and high light conversion efficiency.
introduction	results	Energy transfer in Cs#CeI#	1	1	10.1038/s41467-024-50508-5	Energy transfer in Cs3CeI6
results	discussion	In summary, we demonstrated efficient deep-blue RELEDs based on Ce-based halide semiconductors, Cs#CeI#	1	1	10.1038/s41467-024-50508-5	In summary, we demonstrated efficient deep-blue RELEDs based on Ce-based halide semiconductors, Cs3CeI6.
discussion	methods	Cerium (III) iodide (CeI#, #%) was purchased from Alfa Aesar.	1	1	10.1038/s41467-024-50508-5	Cerium (III) iodide (CeI3, 99.9%) was purchased from Alfa Aesar.
abstract	introduction	In the past decade, light-emitting diodes (LEDs) have dominated the light emission market in applications such as lighting, indicators and displays thanks to their outstanding performance including long lifetimes, low energy consumption, fast switching, small size and high robustness.	1	1	10.1038/s41467-024-49838-1	In the past decade, light-emitting diodes (LEDs) have dominated the light emission market in applications such as lighting, indicators and displays thanks to their outstanding performance including long lifetimes, low energy consumption, fast switching, small size and high robustness.
introduction	results	Development of perovskite-based Tamm plasmon structure	1	1	10.1038/s41467-024-49838-1	Development of perovskite-based Tamm plasmon structure
results	discussion	The EL angular response of both the narrow-angle and wide-angle-Tamm-plasmon-driven PeLEDs resemble the PL angular response of the narrow-angle and wide-angle-Tamm-plasmon-driven structures, respectively.	1	1	10.1038/s41467-024-49838-1	The EL angular response of both the narrow-angle and wide-angle-Tamm-plasmon-driven PeLEDs resemble the PL angular response of the narrow-angle and wide-angle-Tamm-plasmon-driven structures, respectively.
discussion	methods	Optical simulations were conducted using a custom code based on the transfer matrix method and a genetic algorithm for the Tamm plasmon structural design.	1	1	10.1038/s41467-024-49838-1	Optical simulations were conducted using a custom code based on the transfer matrix method and a genetic algorithm for the Tamm plasmon structural design.
abstract	introduction	Metal halide perovskite light-emitting diodes (PeLEDs) have garnered substantial attention in next-generation display technologies due to their featured characteristics, including narrow emission, high luminance, wide color gamut, and low-cost solution-processable fabrication.	1	1	10.1038/s41467-026-71292-4	Metal halide perovskite light-emitting diodes (PeLEDs) have garnered substantial attention in next-generation display technologies due to their featured characteristics, including narrow emission, high luminance, wide color gamut, and low-cost solution-processable fabrication.
introduction	results	Controllable crystal growth strategy	1	1	10.1038/s41467-026-71292-4	Controllable crystal growth strategy
results	discussion	The #D perovskites serve as promising candidates for achieving narrowband, efficient, and bright blue PeLEDs.	1	1	10.1038/s41467-026-71292-4	The 3D perovskites serve as promising candidates for achieving narrowband, efficient, and bright blue PeLEDs.
discussion	methods	Cesium bromide (CsBr, #%), lead bromide (PbBr#, #%), lead chloride (PbCl#, #%), and rubidium bromide (RbBr, #%) were purchased from Alfa Aesar.	1	1	10.1038/s41467-026-71292-4	Cesium bromide (CsBr, 99.999%), lead bromide (PbBr2, 99.999%), lead chloride (PbCl2, 99.999%), and rubidium bromide (RbBr, 99.99%) were purchased from Alfa Aesar.
abstract	introduction	The development of LEDs has created far-reaching impacts on lighting, display and information industries.	1	1	10.1038/s41467-022-31478-y	The development of LEDs has created far-reaching impacts on lighting, display and information industries.
introduction	results	We began our investigation by measuring the minimum operating voltages of LEDs based on emerging material systems.	1	1	10.1038/s41467-022-31478-y	We began our investigation by measuring the minimum operating voltages of LEDs based on emerging material systems.
results	discussion	In summary, we have demonstrated, through high-sensitivity photon detection experiments, that the voltage for EL operation could reach values below #% of the semiconductor bandgaps, exhibiting a large apparent energy gain of #–# eV per emitted photon.	1	1	10.1038/s41467-022-31478-y	In summary, we have demonstrated, through high-sensitivity photon detection experiments, that the voltage for EL operation could reach values below 50% of the semiconductor bandgaps, exhibiting a large apparent energy gain of 0.6–1.4 eV per emitted photon.
discussion	methods	Poly (#, #-dioctylfluorene-co-N-(#-(#-methylpropyl)) diphenylamine) (TFB, average molecular weight, ~#,# g mol−#) was purchased from Luminescence Technology Corp.	1	1	10.1038/s41467-022-31478-y	Poly (9, 9-dioctylfluorene-co-N-(4-(3-methylpropyl)) diphenylamine) (TFB, average molecular weight, ~50,000 g mol−1) was purchased from Luminescence Technology Corp.
abstract	introduction	In recent years, there has been considerable interest in near-infrared perovskite light-emitting diodes (NIR Pero-LEDs) due to their remarkable advancements in efficiency development.	1	1	10.1038/s41467-024-54160-x	In recent years, there has been considerable interest in near-infrared perovskite light-emitting diodes (NIR Pero-LEDs) due to their remarkable advancements in efficiency development.
introduction	results	Targeted elimination strategy for Sn#+ defects	1	1	10.1038/s41467-024-54160-x	Targeted elimination strategy for Sn4+ defects
results	discussion	In summary, we develop a targeted elimination strategy utilizing moisture-triggered hydrolysis of tin tetrahalide to remove Sn#+ defects and improve the corresponding Pero-LEDs performance and stability.	1	1	10.1038/s41467-024-54160-x	In summary, we develop a targeted elimination strategy utilizing moisture-triggered hydrolysis of tin tetrahalide to remove Sn4+ defects and improve the corresponding Pero-LEDs performance and stability.
discussion	methods	The materials used in this study all received without any purification.	1	1	10.1038/s41467-024-54160-x	The materials used in this study all received without any purification.
abstract	introduction	Solution-processed thin-film perovskite light-emitting diodes (LEDs) are considered to be promising candidates for emerging light-emitting technology owing to their high brightness, low power consumption, and potential low cost.	1	1	10.1038/s41467-025-58470-6	Solution-processed thin-film perovskite light-emitting diodes (LEDs) are considered to be promising candidates for emerging light-emitting technology owing to their high brightness, low power consumption, and potential low cost.
introduction	results	High-performance perovskite films and light-emitting diodes	1	1	10.1038/s41467-025-58470-6	High-performance perovskite films and light-emitting diodes
results	discussion	The A- and X-site alloyed perovskite strategy has been widely employed to achieve high-quality perovskite films, relying on precise control of crystallization for multiple phases.	1	1	10.1038/s41467-025-58470-6	The A- and X-site alloyed perovskite strategy has been widely employed to achieve high-quality perovskite films, relying on precise control of crystallization for multiple phases.
discussion	methods	Synthesis and material preparation.	1	1	10.1038/s41467-025-58470-6	Synthesis and material preparation.
abstract	introduction	Flexible light-emitting diodes (LEDs) are poised to revolutionize wearable displays and biocompatible electronics, demanding emissive materials that simultaneously achieve molecular precision, high efficiency, and mechanical robustness.	1	1	10.1038/s41467-025-67737-x	Flexible light-emitting diodes (LEDs) are poised to revolutionize wearable displays and biocompatible electronics, demanding emissive materials that simultaneously achieve molecular precision, high efficiency, and mechanical robustness.
introduction	results	Hydroxyaliphatic alkyne ligand (i.e., C#H#O) chelated decametallic Au#(C#H#O)# NCs, two interlocked #-membered rings oriented approximately perpendicular to each other, were synthesized through a sequential two-step procedure with moderate yields.	1	1	10.1038/s41467-025-67737-x	Hydroxyaliphatic alkyne ligand (i.e., C15H12O) chelated decametallic Au10(C15H11O)10 NCs, two interlocked 5-membered rings oriented approximately perpendicular to each other, were synthesized through a sequential two-step procedure with moderate yields.
results	discussion	In summary, we successfully fabricated efficient flexible CLEDs on ultrathin NOA# substrates using transparent MAM anodes and mCP-modified Au#(C#H#O)# emissive layers.	1	1	10.1038/s41467-025-67737-x	In summary, we successfully fabricated efficient flexible CLEDs on ultrathin NOA63 substrates using transparent MAM anodes and mCP-modified Au10(C15H11O)10 emissive layers.
discussion	methods	Hydrogen tetrachloroaurate(III) trihydrate (HAuCl#·#H#O, ≥# Au basis) was purchased from Sigma Aldrich.	1	1	10.1038/s41467-025-67737-x	Hydrogen tetrachloroaurate(III) trihydrate (HAuCl4·3H2O, ≥49.0 Au basis) was purchased from Sigma Aldrich.
abstract	introduction	Metal halide perovskites are becoming promising candidates for planar light-emitting diode (LED) applications due to their unique optoelectronic properties such as high photoluminescence quantum efficiency (PLQE) and good color purity.	1	1	10.1038/s41377-020-0328-6	Metal halide perovskites are becoming promising candidates for planar light-emitting diode (LED) applications due to their unique optoelectronic properties such as high photoluminescence quantum efficiency (PLQE) and good color purity.
introduction	results	In the present work, a microcavity was formed by using a total-reflection Au bottom electrode and a semitransparent Au top electrode in a simple top-emission (TE) LED device structure.	1	1	10.1038/s41377-020-0328-6	In the present work, a microcavity was formed by using a total-reflection Au bottom electrode and a semitransparent Au top electrode in a simple top-emission (TE) LED device structure.
results	discussion	In summary, we have investigated the optoelectronic properties of microcavity top-emission PeLEDs.	1	1	10.1038/s41377-020-0328-6	In summary, we have investigated the optoelectronic properties of microcavity top-emission PeLEDs.
discussion	methods	Synthesis and material preparation: Colloidal ZnO nanocrystals were synthesized by a solution-precipitation process.	1	1	10.1038/s41377-020-0328-6	Synthesis and material preparation: Colloidal ZnO nanocrystals were synthesized by a solution-precipitation process.
abstract	introduction	Solution-processed organic small molecule light-emitting diodes (OLEDs) quantum dot LEDs (QLEDs) and polymer LEDs (PLEDs) have been intensively studied for decades and have experienced great progress in small-area devices.	1	1	10.1038/s41467-020-20433-4	Solution-processed organic small molecule light-emitting diodes (OLEDs) quantum dot LEDs (QLEDs) and polymer LEDs (PLEDs) have been intensively studied for decades and have experienced great progress in small-area devices.
introduction	results	Doctor-blading of ultra-thin uniform perovskite films	1	1	10.1038/s41467-020-20433-4	Doctor-blading of ultra-thin uniform perovskite films
results	discussion	In conclusion we have shown that the solgel stages of the blade-coating process of perovskite films can be effectively modified by changing precursor concentration and incorporation of excess bulky organoammonium halides.	1	1	10.1038/s41467-020-20433-4	In conclusion we have shown that the solgel stages of the blade-coating process of perovskite films can be effectively modified by changing precursor concentration and incorporation of excess bulky organoammonium halides.
discussion	methods	MAI and FPMAI were synthesized by mixing methylamine (# wt% in H₂O) and #-fluorophenylmethylamine (Sigma Aldrich) respectively with equimolar amounts of aqueous HI (Sigma Aldrich stabilized) at # °C with constant stirring for # h.	1	1	10.1038/s41467-020-20433-4	MAI and FPMAI were synthesized by mixing methylamine (40 wt% in H₂O) and 4-fluorophenylmethylamine (Sigma Aldrich) respectively with equimolar amounts of aqueous HI (Sigma Aldrich stabilized) at 0 °C with constant stirring for 2 h.
abstract	introduction	Confining excitons in small perovskite crystals has boosted the radiative recombination of metal halide perovskites (MHPs) enhancing their potential as next-generation light emitters due to their outstanding properties such as narrow emission spectrum tunable bandgap and low-cost solution-processability.	1	1	10.1038/s41467-024-49751-7	Confining excitons in small perovskite crystals has boosted the radiative recombination of metal halide perovskites (MHPs) enhancing their potential as next-generation light emitters due to their outstanding properties such as narrow emission spectrum tunable bandgap and low-cost solution-processability.
introduction	results	Enhanced luminescence by CMMs	1	1	10.1038/s41467-024-49751-7	Enhanced luminescence by CMMs
abstract	introduction	With the development of nanoscience and nanotechnology quantum dots (QDs) have been successfully applied to the development of solution-processed electronic and optoelectronic devices.	1	1	10.1038/s41377-026-02356-9	With the development of nanoscience and nanotechnology quantum dots (QDs) have been successfully applied to the development of solution-processed electronic and optoelectronic devices.
introduction	results	Figure #a illustrates the energy band diagrams of a typical silicon PN junction.	1	1	10.1038/s41377-026-02356-9	Figure 1a illustrates the energy band diagrams of a typical silicon PN junction.
results	discussion	By adapting the theory of silicon based PN junctions the models of nanocrystal-based PN junctions in QLEDs are established which can illustrate the correlations between the IV curves of functional layer-based sub-devices and the corresponding QLED devices.	1	1	10.1038/s41377-026-02356-9	By adapting the theory of silicon based PN junctions the models of nanocrystal-based PN junctions in QLEDs are established which can illustrate the correlations between the IV curves of functional layer-based sub-devices and the corresponding QLED devices.
discussion	methods	All the QLEDs fabricated in this work are bottom-emission-device with a construction of glass/ITO/HIL/HTL/QDs/ETL/cathode.	1	1	10.1038/s41377-026-02356-9	All the QLEDs fabricated in this work are bottom-emission-device with a construction of glass/ITO/HIL/HTL/QDs/ETL/cathode.
abstract	introduction	Photons emitted from coherent or thermal emission sources follow a Poisson or super-Poisson distribution, which means that they inevitably arrive in bunches even when the average emission power is reduced to the single-photon level.	1	1	10.1038/s41467-017-01379-6	Photons emitted from coherent or thermal emission sources follow a Poisson or super-Poisson distribution, which means that they inevitably arrive in bunches even when the average emission power is reduced to the single-photon level.
introduction	results	The structure of our electrically driven single-photon devices is illustrated in Fig. #a.	1	1	10.1038/s41467-017-01379-6	The structure of our electrically driven single-photon devices is illustrated in Fig. 1a.
results	discussion	Our work demonstrates a single-photon electroluminescence device which emits highly antibunched photons at room temperature.	1	1	10.1038/s41467-017-01379-6	Our work demonstrates a single-photon electroluminescence device which emits highly antibunched photons at room temperature.
discussion	methods	CdSe-core dots with first absorption peak at # nm were synthesized by using a literature method with some modifications.	1	1	10.1038/s41467-017-01379-6	CdSe-core dots with first absorption peak at 550 nm were synthesized by using a literature method with some modifications.
abstract	introduction	Colloidal quantum dots (QDs), nanocrystalline semiconductors with dimensions residing in the quantum confinement regime, exhibit ultrahigh colour purity and near-unity luminescence quantum yield.	1	1	10.1038/s41467-020-16652-4	Colloidal quantum dots (QDs), nanocrystalline semiconductors with dimensions residing in the quantum confinement regime, exhibit ultrahigh colour purity and near-unity luminescence quantum yield.
introduction	results	Figure # describes the core of the high-resolution photo-patterning method for QDs.	1	1	10.1038/s41467-020-16652-4	Figure 1 describes the core of the high-resolution photo-patterning method for QDs.
results	discussion	A straightforward and effective photo-patterning method of colloidal QDs is reported.	1	1	10.1038/s41467-020-16652-4	A straightforward and effective photo-patterning method of colloidal QDs is reported.
discussion	methods	Zinc acetate (Zn(ac)#, #%), sulphur (S, #%), selenium (Se, #%), oleic acid (OA, #%) and #-octadecene (ODE, #%) were purchased from Uniam. n-Trioctylphosphine (TOP, technical grade, #%), #-dodecanethiol (DDT, #%), ethylene glycol and dichloromethane (anhydrous, >#%) were purchased from Sigma Aldrich.	1	1	10.1038/s41467-020-16652-4	Zinc acetate (Zn(ac)2, 99.99%), sulphur (S, 99.99%), selenium (Se, 99.99%), oleic acid (OA, 99%) and 1-octadecene (ODE, 99%) were purchased from Uniam. n-Trioctylphosphine (TOP, technical grade, 90%), 1-dodecanethiol (DDT, 98%), ethylene glycol and dichloromethane (anhydrous, >99.8%) were purchased from Sigma Aldrich.
abstract	introduction	Colloidal quantum dots (QDs) are solution-processable semiconductor nanocrystals coated with a monolayer of surface ligands.	1	1	10.1038/s41467-020-14756-5	Colloidal quantum dots (QDs) are solution-processable semiconductor nanocrystals coated with a monolayer of surface ligands.
introduction	results	The recently developed CdSe/CdS core/shell QDs with nearly ideal photoluminescence properties are applied as the first model system.	1	1	10.1038/s41467-020-14756-5	The recently developed CdSe/CdS core/shell QDs with nearly ideal photoluminescence properties are applied as the first model system.
results	discussion	In conclusion, it is indeed interesting to see that a simple, general, and materials-based strategy can effectively bridge the photoluminescence-electroluminescence gap of QDs, leading to red-emitting and blue-emitting QLEDs with record-long operational lifetime.	1	1	10.1038/s41467-020-14756-5	In conclusion, it is indeed interesting to see that a simple, general, and materials-based strategy can effectively bridge the photoluminescence-electroluminescence gap of QDs, leading to red-emitting and blue-emitting QLEDs with record-long operational lifetime.
discussion	methods	Poly-TPD (average molecular weight, ~#,# g mol−#) was purchased from Xi’an polymer light technology Corp.	1	1	10.1038/s41467-020-14756-5	Poly-TPD (average molecular weight, ~60,000 g mol−1) was purchased from Xi’an polymer light technology Corp.
abstract	introduction	Due to multi-fold degeneracy of QD band-edge states, realization of optical gain requires that at least a fraction of the QDs in an active medium are excited with multiexcitons.	1	1	10.1038/s41467-022-31189-4	Due to multi-fold degeneracy of QD band-edge states, realization of optical gain requires that at least a fraction of the QDs in an active medium are excited with multiexcitons.
introduction	results	In principle, heat buildup in an operating device can be suppressed by spatially confining the injection area (A).	1	1	10.1038/s41467-022-31189-4	In principle, heat buildup in an operating device can be suppressed by spatially confining the injection area (A).
results	discussion	The reported results represent a qualitative advance compared to the previous demonstration of electrically excited optical gain of ref. .	1	1	10.1038/s41467-022-31189-4	The reported results represent a qualitative advance compared to the previous demonstration of electrically excited optical gain of ref. .
discussion	methods	Cadmium oxide (CdO, #%), selenium (Se, −# mesh, #%), zinc acetate (Zn(ac)#, #%), sulfur (S, #%), oleic acid (OA, #%), #-octadecene (ODE, #%), tri-n-octylphosphine (TOP, #%), magnesium acetate tetrahydrate ((CH#COO)#Mg·# H#O, #%) and #-methoxyethanol (CH#OCH#CH#OH, #%) were purchased from Alfa Aesar.	1	1	10.1038/s41467-022-31189-4	Cadmium oxide (CdO, 99.99%), selenium (Se, −200 mesh, 99.999%), zinc acetate (Zn(ac)2, 99.99%), sulfur (S, 99%), oleic acid (OA, 90%), 1-octadecene (ODE, 90%), tri-n-octylphosphine (TOP, 97%), magnesium acetate tetrahydrate ((CH3COO)2Mg·4 H2O, 99.997%) and 2-methoxyethanol (CH3OCH3CH3OH, 99.3%) were purchased from Alfa Aesar.
abstract	introduction	Typical inorganic or organic photon emitters exhibit broad absorption spectra, so the carriers can be generated by exciting the band-edge or higher-lying energy states, but those high-energy carriers thermally relax to the band-edge rapidly before they emit photons.	1	1	10.1038/s41467-024-50432-8	Typical inorganic or organic photon emitters exhibit broad absorption spectra, so the carriers can be generated by exciting the band-edge or higher-lying energy states, but those high-energy carriers thermally relax to the band-edge rapidly before they emit photons.
introduction	results	The first type of QDs (CdxZn#-xSe-ZnS based) used in this work were synthesized by modifying a protocol from literature, featuring a graded composition (Fig. #a) and larger cores (∼# nm).	1	1	10.1038/s41467-024-50432-8	The first type of QDs (CdxZn1-xSe-ZnS based) used in this work were synthesized by modifying a protocol from literature, featuring a graded composition (Fig. 1a) and larger cores (∼15.8 nm).
results	methods	Cadmium oxide (CdO, #%), zinc oxide (ZnO, #% powder), #-octadecene (ODE, #%), oleic acid (OA, #%), oleylamine (OAm, > #% primary amine), selenium (Se, #%, powder), #-octanethiol (OT, #%), zinc acetate dehydrate (#%) as well as various solvents were purchased from Aldrich and Aladdin.	1	1	10.1038/s41467-024-50432-8	Cadmium oxide (CdO, 99.99%), zinc oxide (ZnO, 99.9% powder), 1-octadecene (ODE, 90%), oleic acid (OA, 90%), oleylamine (OAm, > 98% primary amine), selenium (Se, 99.99%, powder), 1-octanethiol (OT, 98%), zinc acetate dehydrate (98%) as well as various solvents were purchased from Aldrich and Aladdin.
abstract	introduction	Laser diodes based on solution-processable gain materials such as organic molecules, perovskites, and colloidal quantum dots (QDs) have long been pursued due to their advantages of simple fabrication, low cost and high compatibility with various substrates, making them easy to integrate with on-chip photonics and electronics.	1	1	10.1038/s41377-025-01972-1	Laser diodes based on solution-processable gain materials such as organic molecules, perovskites, and colloidal quantum dots (QDs) have long been pursued due to their advantages of simple fabrication, low cost and high compatibility with various substrates, making them easy to integrate with on-chip photonics and electronics.
introduction	results	Figure #a shows the spectroscopic properties of the CdSe-based QD gain medium.	1	1	10.1038/s41377-025-01972-1	Figure 1a shows the spectroscopic properties of the CdSe-based QD gain medium.
results	methods	Colloidal CdSe-QDs were purchased from Suzhou Xing-shuo Nanotech Co., Ltd.	1	1	10.1038/s41377-025-01972-1	Colloidal CdSe-QDs were purchased from Suzhou Xing-shuo Nanotech Co., Ltd.
abstract	introduction	Conversion of solar energy into storable hydrogen fuel through water splitting is one of the most sustainable solutions to meet the increasing worldwide energy demands.	1	1	10.1038/s41467-018-06294-y	Conversion of solar energy into storable hydrogen fuel through water splitting is one of the most sustainable solutions to meet the increasing worldwide energy demands.
introduction	results	InP and InP/ZnS colloidal QDs were synthesized based on a modified literature protocol (see Supplementary Fig. # for photographs).	1	1	10.1038/s41467-018-06294-y	InP and InP/ZnS colloidal QDs were synthesized based on a modified literature protocol (see Supplementary Fig. 1 for photographs).
results	discussion	As the surface S#− ligands may be regarded as a kind of surface trap, which is indicated by the decrease of the QD luminescence, we further analyze the different role of S#− ligands compared to the ordinary intrinsic defects of QDs according to the above experimental measurements and theoretical calculations (Supplementary Fig. #).	1	1	10.1038/s41467-018-06294-y	As the surface S2− ligands may be regarded as a kind of surface trap, which is indicated by the decrease of the QD luminescence, we further analyze the different role of S2− ligands compared to the ordinary intrinsic defects of QDs according to the above experimental measurements and theoretical calculations (Supplementary Fig. 28).
discussion	methods	Synthesis of # nm InP and InP/ZnS QDs	1	1	10.1038/s41467-018-06294-y	Synthesis of 525 nm InP and InP/ZnS QDs
abstract	introduction	Colloidal semiconducting quantum dots (QDs) have unique optical, physical, and chemical properties, which have led to innovative applications such as imaging probes, photodetectors, photovoltaics, and light-emitting devices.	1	1	10.1038/s41467-020-16855-9	Colloidal semiconducting quantum dots (QDs) have unique optical, physical, and chemical properties, which have led to innovative applications such as imaging probes, photodetectors, photovoltaics, and light-emitting devices.
introduction	results	Syntheses of F#-InP:Cl MSCs and F#-InP:Cl MSCs	1	1	10.1038/s41467-020-16855-9	Syntheses of F360-InP:Cl MSCs and F399-InP:Cl MSCs
results	discussion	We report two families of Cl-incorporated InP MSCs and three families of Zn-incorporated InP MSCs.	1	1	10.1038/s41467-020-16855-9	We report two families of Cl-incorporated InP MSCs and three families of Zn-incorporated InP MSCs.
discussion	methods	Indium acetate (In(Ac)#, #%), indium chloride (InCl#, #%), myristic acid (HMA) (≥#%), oleic acid (OA) (≥#%), octadecylphosphonic acid (ODPA) (#%), chlorotrimethylsilane (TMS-Cl) (≥#%), zinc stearate (Zn(SA)#) (technical grade), zinc oxide (#%), toluene (#%), hexanes (#%), #-octadecene (ODE, #%), squalane (≥#%), toluene-d# (# atom % D), deuterium oxide (# atom % D), hydrochloric acid aqueous solution (#%), and phosphoric acid aqueous solution (#%) were purchased from Aldrich.	1	1	10.1038/s41467-020-16855-9	Indium acetate (In(Ac)3, 99.99%), indium chloride (InCl3, 98%), myristic acid (HMA) (≥99%), oleic acid (OA) (≥99%), octadecylphosphonic acid (ODPA) (97%), chlorotrimethylsilane (TMS-Cl) (≥98%), zinc stearate (Zn(SA)2) (technical grade), zinc oxide (99.99%), toluene (99.5%), hexanes (98.5%), 1-octadecene (ODE, 90%), squalane (≥95%), toluene-d8 (99 atom % D), deuterium oxide (99.9 atom % D), hydrochloric acid aqueous solution (35.0%), and phosphoric acid aqueous solution (85.0%) were purchased from Aldrich.
abstract	introduction	Heteroepitaxy on colloidal semiconductor nanocrystals (NCs) is an essential strategy for manipulating their optoelectronic functionalities, such as band gap, emission bandwidth, and ultrafast carrier dynamics.	1	1	10.1038/s41467-022-35731-2	Heteroepitaxy on colloidal semiconductor nanocrystals (NCs) is an essential strategy for manipulating their optoelectronic functionalities, such as band gap, emission bandwidth, and ultrafast carrier dynamics.
introduction	results	Surface reaction of precursors and intermediate species	1	1	10.1038/s41467-022-35731-2	Surface reaction of precursors and intermediate species
results	discussion	In summary, we have shed light on the heteroepitaxial chemistry of zinc chalcogenides on InP NCs using metal carboxylate and trialkylphosphine chalcogenides as precursors.	1	1	10.1038/s41467-022-35731-2	In summary, we have shed light on the heteroepitaxial chemistry of zinc chalcogenides on InP NCs using metal carboxylate and trialkylphosphine chalcogenides as precursors.
discussion	methods	Indium acetate [In(ac)#, #%], zinc acetate [Zn(ac)#, #%], chloroform-d (CDCl#, #%, contains #% TMS), diisopropyl azodicarboxylate (DIAD, #%), trioctylamine (TOA, #%), selenium (Se, #%), sulfur (S, #%), tetrahydrofuran (THF, #%), hydrofluoric acid (HF, #%), and trichloromethane-d# (CDCl#, #%, contains # wt% silver foil as stabiliser) were purchased from Sigma-Aldrich.	1	1	10.1038/s41467-022-35731-2	Indium acetate [In(ac)3, 99.99%], zinc acetate [Zn(ac)2, 99.99%], chloroform-d (CDCl3, 99.8%, contains 0.03% TMS), diisopropyl azodicarboxylate (DIAD, 98%), trioctylamine (TOA, 98%), selenium (Se, 99.99%), sulfur (S, 99.98%), tetrahydrofuran (THF, 99.8%), hydrofluoric acid (HF, 48%), and trichloromethane-d1 (CDCl3, 99.9%, contains 0.5 wt% silver foil as stabiliser) were purchased from Sigma-Aldrich.
abstract	introduction	Colloidal quantum dots (QDs) have gained widespread adoption as emissive and down-conversion materials in commercial display technologies, with cadmium-based QDs having been successfully implemented in devices ranging from television displays to photodetectors.	1	1	10.1038/s41467-023-39531-0	Colloidal quantum dots (QDs) have gained widespread adoption as emissive and down-conversion materials in commercial display technologies, with cadmium-based QDs having been successfully implemented in devices ranging from television displays to photodetectors.
introduction	results	Isothermal titration calorimetry reveals a temperature-dependent equilibrium	1	1	10.1038/s41467-023-39531-0	Isothermal titration calorimetry reveals a temperature-dependent equilibrium
results	discussion	In this work, we have demonstrated that crystalline InP QDs can be synthesized at temperatures as low as # °C through the controlled reaction of InCl# with TDAP in a weakly coordinating solvent.	1	1	10.1038/s41467-023-39531-0	In this work, we have demonstrated that crystalline InP QDs can be synthesized at temperatures as low as 145 °C through the controlled reaction of InCl3 with TDAP in a weakly coordinating solvent.
discussion	methods	All manipulations were performed under an inert atmosphere using standard Schlenk techniques or in a nitrogen-filled glovebox unless otherwise noted.	1	1	10.1038/s41467-023-39531-0	All manipulations were performed under an inert atmosphere using standard Schlenk techniques or in a nitrogen-filled glovebox unless otherwise noted.
abstract	introduction	Assembling nanoparticles into superstructures is a promising method for creating novel materials with properties derived from the combined interactions of their components.	1	1	10.1038/s43246-026-01136-7	Assembling nanoparticles into superstructures is a promising method for creating novel materials with properties derived from the combined interactions of their components.
introduction	results	InP QD based super structures were synthesised by using InCl as Indium precursor, instead of traditional InCl#	1	1	10.1038/s43246-026-01136-7	InP QD based super structures were synthesised by using InCl as Indium precursor, instead of traditional InCl3.
results	discussion	This study demonstrates the potential of synthesizing flower like superstructures using super emissive quantum dots (QDs) as fundamental units, opening new pathways for the deliberate design and synthesis of functional QD-based materials with superior optical characteristics.	1	1	10.1038/s43246-026-01136-7	This study demonstrates the potential of synthesizing flower like superstructures using super emissive quantum dots (QDs) as fundamental units, opening new pathways for the deliberate design and synthesis of functional QD-based materials with superior optical characteristics.
discussion	methods	Indium monochloride, anhydrous (In(I)Cl, #%, metal basis, Thermo Fisher Scientific), Tris(diethylamino) phosphine ((P(NEt#)# #%, Sigma Aldrich), Zinc Chloride (ZnCl#, reagent grade, #%, Sigma Aldrich), Trioctyl phosphine technical grade (TOP, #%, Sigma Aldrich), #% sulfur (S) powder (Sigma-Aldrich), #% zinc oxide (ZnO) powder (extra pure AR, SRL), Oleylamine (OLAm, technical grade, ≥#%, Sigma Aldrich), Oleic Acid (OA, extra pure, SRL, #% #-octadecene (ODE) technical grade (Sigma-Aldrich), Chloroform (≥#%, Sigma Aldrich), Ethanol (#%, Pharmaco).	1	1	10.1038/s43246-026-01136-7	Indium monochloride, anhydrous (In(I)Cl, 99.999%, metal basis, Thermo Fisher Scientific), Tris(diethylamino) phosphine ((P(NEt2)3 97%, Sigma Aldrich), Zinc Chloride (ZnCl2, reagent grade, 99.99%, Sigma Aldrich), Trioctyl phosphine technical grade (TOP, 90%, Sigma Aldrich), 99.99% sulfur (S) powder (Sigma-Aldrich), 99.5% zinc oxide (ZnO) powder (extra pure AR, SRL), Oleylamine (OLAm, technical grade, ≥90%, Sigma Aldrich), Oleic Acid (OA, extra pure, SRL, 90% 1-octadecene (ODE) technical grade (Sigma-Aldrich), Chloroform (≥99.8%, Sigma Aldrich), Ethanol (99.9%, Pharmaco).
abstract	introduction	Currently the certificated power conversion efficiency (PCE) of organicinorganic hybrid perovskite solar cells (PVSCs) has exceeded #% revealing very promising potential for commercial applications.	1	1	10.1038/s41467-019-13909-5	Currently the certificated power conversion efficiency (PCE) of organicinorganic hybrid perovskite solar cells (PVSCs) has exceeded 25% revealing very promising potential for commercial applications.
introduction	results	Perovskite structural and optical properties	1	1	10.1038/s41467-019-13909-5	Perovskite structural and optical properties
results	methods	Materials and solution preparation	1	1	10.1038/s41467-019-13909-5	Materials and solution preparation
abstract	introduction	Hybrid lead halide perovskites remain at the forefront of research activity on next-generation solar cells.	1	1	10.1038/s41467-021-22864-z	Hybrid lead halide perovskites remain at the forefront of research activity on next-generation solar cells.
introduction	results	As can be seen in Fig. #, SnI₄ plays a pivotal role in the degradation of tin iodide perovskites.	1	1	10.1038/s41467-021-22864-z	As can be seen in Fig. 1, SnI₄ plays a pivotal role in the degradation of tin iodide perovskites.
results	discussion	Using a combination of diffraction spectroscopy and ab initio simulation techniques this study provides a greater understanding of the degradation mechanisms in tin perovskites which is crucial in addressing their stability issues.	1	1	10.1038/s41467-021-22864-z	Using a combination of diffraction spectroscopy and ab initio simulation techniques this study provides a greater understanding of the degradation mechanisms in tin perovskites which is crucial in addressing their stability issues.
discussion	methods	All chemicals were purchased from Sigma-Aldrich and used as received unless stated otherwise.	1	1	10.1038/s41467-021-22864-z	All chemicals were purchased from Sigma-Aldrich and used as received unless stated otherwise.
abstract	introduction	Global demand for energy continues to increase requiring the development of renewable energies.	1	1	10.1038/s43246-024-00576-3	Global demand for energy continues to increase requiring the development of renewable energies.
introduction	results	NiOx film thickness and uniformity optimization	1	1	10.1038/s43246-024-00576-3	NiOx film thickness and uniformity optimization
results	discussion	This research represented a significant step forward in addressing the scalability challenges of perovskite solar cells for commercial application.	1	1	10.1038/s43246-024-00576-3	This research represented a significant step forward in addressing the scalability challenges of perovskite solar cells for commercial application.
discussion	methods	NiOx synthesis and deposition	1	1	10.1038/s43246-024-00576-3	NiOx synthesis and deposition
abstract	introduction	Presently several groups have achieved power conversion efficiency (PCE) exceeding #% on emerging metal halide perovskite solar cells (PSCs) which makes it one of the most promising photovoltaic technologies.	1	1	10.1038/s41467-025-56068-6	Presently several groups have achieved power conversion efficiency (PCE) exceeding 26% on emerging metal halide perovskite solar cells (PSCs) which makes it one of the most promising photovoltaic technologies.
introduction	results	Theoretical screening of organic cations	1	1	10.1038/s41467-025-56068-6	Theoretical screening of organic cations
results	methods	Formamidine iodide (FAI) methylammonium iodide (MAI) methylamine hydrochloride (MACl) methylammonium bromide (MABr) were purchased from Greatcell Solar Materials.	1	1	10.1038/s41467-025-56068-6	Formamidine iodide (FAI) methylammonium iodide (MAI) methylamine hydrochloride (MACl) methylammonium bromide (MABr) were purchased from Greatcell Solar Materials.
abstract	introduction	Organometal halide perovskites (OHPs) are emerging as promising materials for light-emitting diodes (LEDs) due to their high photoluminescence (PL) efficiency, high color purity (full-width at half-maximum, FWHM approximately # nm), facile solution processibility, and tunable bandgap.	1	1	10.1038/s41467-018-06425-5	Organometal halide perovskites (OHPs) are emerging as promising materials for light-emitting diodes (LEDs) due to their high photoluminescence (PL) efficiency, high color purity (full-width at half-maximum, FWHM approximately 20 nm), facile solution processibility, and tunable bandgap.
introduction	results	Characterization of film microstructure	1	1	10.1038/s41467-018-06425-5	Characterization of film microstructure
results	discussion	In conclusion, we report an OHP LED with #% EQE, which is achieved by additive-based tuning of film structure and recombination pathways.	1	1	10.1038/s41467-018-06425-5	In conclusion, we report an OHP LED with 15.5% EQE, which is achieved by additive-based tuning of film structure and recombination pathways.
discussion	methods	PbBr# (#%, metals basis), CsBr (#%, metals basis), and HBr (#% metals basis, # wt% in water) were purchased from Alfa Aesar.	1	1	10.1038/s41467-018-06425-5	PbBr2 (99.999%, metals basis), CsBr (99.999%, metals basis), and HBr (99.9999% metals basis, 48 wt% in water) were purchased from Alfa Aesar.
abstract	introduction	Metal halide perovskites are emerging as a promising candidate for solution-processed optoelectronics, including photovoltaics, photodetectors, lasers and light-emitting diodes (LEDs).	1	1	10.1038/s41467-018-05909-8	Metal halide perovskites are emerging as a promising candidate for solution-processed optoelectronics, including photovoltaics, photodetectors, lasers and light-emitting diodes (LEDs).
introduction	results	Synthesis and structural analysis of perovskite films	1	1	10.1038/s41467-018-05909-8	Synthesis and structural analysis of perovskite films
results	discussion	In this study we report the synthesis of color-stable blue-emitting perovskite thin film with high PLQYs.	1	1	10.1038/s41467-018-05909-8	In this study we report the synthesis of color-stable blue-emitting perovskite thin film with high PLQYs.
discussion	methods	All alkylamine bromides were purchased from Dyesol.	1	1	10.1038/s41467-018-05909-8	All alkylamine bromides were purchased from Dyesol.
abstract	introduction	Metal halide perovskites exhibit distinctive properties such as tunable bandgaps and narrow emission linewidths, which are combined with low cost and facile solution processibility.	1	1	10.1038/s41467-021-21522-8	Metal halide perovskites exhibit distinctive properties such as tunable bandgaps and narrow emission linewidths, which are combined with low cost and facile solution processibility.
introduction	results	Fabrication of MeS-treated BA#Csn−#PbnBr#n+# perovskite films	1	1	10.1038/s41467-021-21522-8	Fabrication of MeS-treated BA2Csn−1PbnBr3n+1 perovskite films
results	discussion	We achieved a record efficiency (CE of # cd A−# and EQE of #%) for quasi-#D BA#Csn−#PbnBr#n+# PeLEDs by introducing MeS into the perovskite precursor solutions to reconstruct the perovskite phase distribution and reduce uncoordinated Pb#+ ions, and thus enhance the emission efficiency of perovskite films derived from these solutions.	1	1	10.1038/s41467-021-21522-8	We achieved a record efficiency (CE of 63 cd A−1 and EQE of 20.5%) for quasi-2D BA2Csn−1PbnBr3n+1 PeLEDs by introducing MeS into the perovskite precursor solutions to reconstruct the perovskite phase distribution and reduce uncoordinated Pb2+ ions, and thus enhance the emission efficiency of perovskite films derived from these solutions.
discussion	methods	CsBr (#%, metal basis) and PbBr# (#%, metal basis) were purchased from Alfa Aesar.	1	1	10.1038/s41467-021-21522-8	CsBr (99.999%, metal basis) and PbBr2 (99.999%, metal basis) were purchased from Alfa Aesar.
abstract	introduction	Display screens are an essential component of many modern electronic devices including smart phones smart watches laptops and tablets.	1	1	10.1038/s41928-024-01151-x	Display screens are an essential component of many modern electronic devices including smart phones smart watches laptops and tablets.
introduction	results	Light emission (for LEDs) and light absorption (for detectors and solar cells) are reciprocity processes.	1	1	10.1038/s41928-024-01151-x	Light emission (for LEDs) and light absorption (for detectors and solar cells) are reciprocity processes.
results	discussion	We have reported a multifunctional display based on photo-responsive PeLEDs.	1	1	10.1038/s41928-024-01151-x	We have reported a multifunctional display based on photo-responsive PeLEDs.
discussion	methods	Formamidinium bromide (FABr) formamidinium iodide and #-AVAI were purchased from Greatcell Solar Materials Ltd.	1	1	10.1038/s41928-024-01151-x	Formamidinium bromide (FABr) formamidinium iodide and 5-AVAI were purchased from Greatcell Solar Materials Ltd.
abstract	introduction	Metal halide perovskites exhibit significant potential for high-performance perovskite light-emitting diodes (PeLEDs) due to their high color purity tunable bandgap cost-effectiveness and solution processability.	1	1	10.1038/s41377-025-01768-3	Metal halide perovskites exhibit significant potential for high-performance perovskite light-emitting diodes (PeLEDs) due to their high color purity tunable bandgap cost-effectiveness and solution processability.
introduction	results	Deep-blue PeLEDs with a structure of ITO/PVK (# nm)/PVP/RDPs (# nm)/TPBi (# nm)/Liq (# nm)/Al (# nm) as illustrated in Fig. #a were utilized to confirm the effect of isCl method.	1	1	10.1038/s41377-025-01768-3	Deep-blue PeLEDs with a structure of ITO/PVK (30 nm)/PVP/RDPs (20 nm)/TPBi (35 nm)/Liq (2 nm)/Al (100 nm) as illustrated in Fig. 1a were utilized to confirm the effect of isCl method.
results	discussion	In this work we introduce a novel isCl post-treatment strategy for RDPs.	1	1	10.1038/s41377-025-01768-3	In this work we introduce a novel isCl post-treatment strategy for RDPs.
discussion	methods	Lead bromide (PbBr₂) cesium chloride (CsCl) PVK (average Mn #,#–#,#) PVP (average Mw #) and dimethyl sulfoxide (DMSO) were purchased from Sigma Aldrich.	1	1	10.1038/s41377-025-01768-3	Lead bromide (PbBr₂) cesium chloride (CsCl) PVK (average Mn 25,000–50,000) PVP (average Mw 55000) and dimethyl sulfoxide (DMSO) were purchased from Sigma Aldrich.
abstract	introduction	Colloidal quantum wells (CQWs) have attracted considerable attention as next-generation light-emitting materials due to their tunable emission ultranarrow linewidths near-unity photoluminescence quantum yields (PLQYs) and exceptional stability.	1	1	10.1038/s41467-025-65871-0	Colloidal quantum wells (CQWs) have attracted considerable attention as next-generation light-emitting materials due to their tunable emission ultranarrow linewidths near-unity photoluminescence quantum yields (PLQYs) and exceptional stability.
introduction	results	Fabrication and formation mechanism of CQW films	1	1	10.1038/s41467-025-65871-0	Fabrication and formation mechanism of CQW films
results	discussion	In this work we demonstrated highly-efficient and ultra-stable CQW-based LEDs through a TDFA strategy.	1	1	10.1038/s41467-025-65871-0	In this work we demonstrated highly-efficient and ultra-stable CQW-based LEDs through a TDFA strategy.
discussion	methods	The poly (#,#-ethylene dioxythiophene) / poly (styrene sulfonate) (PEDOT: PSS) was purchased from Xi’an Polymer Light Technology Corp poly((#,#-dioctylfluorenyl-#,#-diyl)-alt-(#-(#-ethylhexyl)-carbazole-#,#-diyl)) (PF#CZ) was purchased from Polymer Light Technology Inc.	1	1	10.1038/s41467-025-65871-0	The poly (3,4-ethylene dioxythiophene) / poly (styrene sulfonate) (PEDOT: PSS) was purchased from Xi’an Polymer Light Technology Corp poly((9,9-dioctylfluorenyl-2,7-diyl)-alt-(9-(2-ethylhexyl)-carbazole-3,6-diyl)) (PF8CZ) was purchased from Polymer Light Technology Inc.
abstract	introduction	Metal halide perovskites have emerged as promising luminescent materials for next-generation display technologies owing to their exceptional color purity wide color gamut high photoluminescence quantum yields (PLQYs) and cost-effective solution processability.	1	1	10.1038/s41467-026-74583-y	Metal halide perovskites have emerged as promising luminescent materials for next-generation display technologies owing to their exceptional color purity wide color gamut high photoluminescence quantum yields (PLQYs) and cost-effective solution processability.
introduction	results	Protective mechanism of the PPETA cross-linked network	1	1	10.1038/s41467-026-74583-y	Protective mechanism of the PPETA cross-linked network
results	discussion	We demonstrate that a robust cross-linked network derived from PETA enables the simultaneous enhancement of efficiency and luminance in blue PeLEDs.	1	1	10.1038/s41467-026-74583-y	We demonstrate that a robust cross-linked network derived from PETA enables the simultaneous enhancement of efficiency and luminance in blue PeLEDs.
discussion	methods	Cesium bromide (CsBr) lead bromide (PbBr₂) lead chloride (PbCl₂) and formamidinium bromide (FABr) were bought from Advanced Election Technology Co.	1	1	10.1038/s41467-026-74583-y	Cesium bromide (CsBr) lead bromide (PbBr₂) lead chloride (PbCl₂) and formamidinium bromide (FABr) were bought from Advanced Election Technology Co.
abstract	introduction	Perovskite light-emitting diodes (PeLEDs) are promising candidates for next-generation full-color displays and solid-state lighting due to their narrow emission linewidth high efficiency wide color gamut and solution processability.	1	1	10.1038/s41467-026-68315-5	Perovskite light-emitting diodes (PeLEDs) are promising candidates for next-generation full-color displays and solid-state lighting due to their narrow emission linewidth high efficiency wide color gamut and solution processability.
introduction	results	Regulating the exciton dynamics in perovskites	1	1	10.1038/s41467-026-68315-5	Regulating the exciton dynamics in perovskites
results	discussion	We demonstrate the high-performance blue PeLEDs based on pure-Br perovskites by manipulating the charge transfer dynamics in layered perovskites using short chain multi-functional IDMP intercalating ligands which are in situ incorporated into the framework of (PBA/MOPA)₂Csn₋₁PbnBr₃n₊₁ quasi-#D perovskites via the formation of double-anchored covalent bonds.	1	1	10.1038/s41467-026-68315-5	We demonstrate the high-performance blue PeLEDs based on pure-Br perovskites by manipulating the charge transfer dynamics in layered perovskites using short chain multi-functional IDMP intercalating ligands which are in situ incorporated into the framework of (PBA/MOPA)₂Csn₋₁PbnBr₃n₊₁ quasi-2D perovskites via the formation of double-anchored covalent bonds.
discussion	methods	Cesium bromide (CsBr #%) and lead bromide (PbBr₂, #%) are purchased from Alfa Aesar.	1	1	10.1038/s41467-026-68315-5	Cesium bromide (CsBr 99.999%) and lead bromide (PbBr₂, 99.999%) are purchased from Alfa Aesar.
abstract	introduction	The application-driven discovery of functional materials is a high-risk, high-reward undertaking.	1	1	10.1038/s42005-021-00742-w	The application-driven discovery of functional materials is a high-risk, high-reward undertaking.
introduction	results	A series of samples with a substrate/buffer/doped-film structure were grown using hybrid molecular beam epitaxy (MBE) with identical conditions except varying the Nd effusion cell temperature TNd.	1	1	10.1038/s42005-021-00742-w	A series of samples with a substrate/buffer/doped-film structure were grown using hybrid molecular beam epitaxy (MBE) with identical conditions except varying the Nd effusion cell temperature TNd.
results	discussion	To benchmark SSO as an UWBG semiconductor, we compare room-temperature mobilities at different carrier concentrations in our SSO films along with their conductivities as a contour plot.	1	1	10.1038/s42005-021-00742-w	To benchmark SSO as an UWBG semiconductor, we compare room-temperature mobilities at different carrier concentrations in our SSO films along with their conductivities as a contour plot.
discussion	methods	All samples were grown with a radical-based hybrid MBE approach.	1	1	10.1038/s42005-021-00742-w	All samples were grown with a radical-based hybrid MBE approach.
abstract	introduction	Semiconductor quantum dots (QDs) have been widely studied since their discovery in the #s, and they have become a canonical material in the study of nanoscale photophysics.	1	1	10.1038/s42005-023-01169-1	Semiconductor quantum dots (QDs) have been widely studied since their discovery in the 1980s, and they have become a canonical material in the study of nanoscale photophysics.
introduction	results	The X# and X# transitions of CdSe QDs provide a convenient testbed for measuring the relative contributions of electrons and holes to the excitonic transitions in spectroscopic data.	1	1	10.1038/s42005-023-01169-1	The X1 and X2 transitions of CdSe QDs provide a convenient testbed for measuring the relative contributions of electrons and holes to the excitonic transitions in spectroscopic data.
results	discussion	The contribution of holes to the bleaching signals in QDs is a decades-old controversy.	1	1	10.1038/s42005-023-01169-1	The contribution of holes to the bleaching signals in QDs is a decades-old controversy.
discussion	methods	The light pulses for #DES are generated by a Ti:Sapphire amplifier (Coherent Legend Elite Duo HE +, # nm, # kHz, # fs) seeding a commercial optical parametric amplifier (TOPAS).	1	1	10.1038/s42005-023-01169-1	The light pulses for 2DES are generated by a Ti:Sapphire amplifier (Coherent Legend Elite Duo HE +, 800 nm, 1 kHz, 130 fs) seeding a commercial optical parametric amplifier (TOPAS).
abstract	introduction	The conversion of solar energy into sustainable fuels via artificial photosynthesis is an ideal solution to address the rapidly growing global fossil fuel consumption and the ensuing environmental problems.	1	1	10.1038/s41467-024-50893-x	The conversion of solar energy into sustainable fuels via artificial photosynthesis is an ideal solution to address the rapidly growing global fossil fuel consumption and the ensuing environmental problems.
introduction	results	Structural characterization of photoanode	1	1	10.1038/s41467-024-50893-x	Structural characterization of photoanode
results	discussion	In summary, this work demonstrated the effectiveness of HAXPES in probing the interfacial properties of the buried interface and guiding the design of a more efficient PEC device.	1	1	10.1038/s41467-024-50893-x	In summary, this work demonstrated the effectiveness of HAXPES in probing the interfacial properties of the buried interface and guiding the design of a more efficient PEC device.
discussion	methods	Single-side polished phosphorus-doped n-type Si wafer (n-Si, <#>, # μm in thickness, ρ = #–# Ω cm) or boron-doped p-type Si wafer (p++-Si, <#>, # μm in thickness, ρ = # mΩ cm) were cut into # × # mm# pieces with a mass of about # g.	1	1	10.1038/s41467-024-50893-x	Single-side polished phosphorus-doped n-type Si wafer (n-Si, <100>, 500 μm in thickness, ρ = 0.5–1 Ω cm) or boron-doped p-type Si wafer (p++-Si, <111>, 500 μm in thickness, ρ = 1 mΩ cm) were cut into 10 × 10 mm2 pieces with a mass of about 0.11 g.
abstract	introduction	Over the past decade, the power conversion efficiencies (PCEs) of perovskite solar cells (PSCs) have been drastically improved, reaching over #%, on par with silicon solar cells.	1	1	10.1038/s43246-024-00645-7	Over the past decade, the power conversion efficiencies (PCEs) of perovskite solar cells (PSCs) have been drastically improved, reaching over 26%, on par with silicon solar cells.
introduction	results	Influence of NiO HTL wettability on SDC of perovskite	1	1	10.1038/s43246-024-00645-7	Influence of NiO HTL wettability on SDC of perovskite
results	discussion	In summary, we demonstrated a correlation between process-dependent changes in the wettability of the HTL interface and the roughness of the HTL interface and realized reproducible high-performance PSCs.	1	1	10.1038/s43246-024-00645-7	In summary, we demonstrated a correlation between process-dependent changes in the wettability of the HTL interface and the roughness of the HTL interface and realized reproducible high-performance PSCs.
discussion	methods	The pre-patterned indium-doped tin oxide (ITO) substrates, (# cm × # cm, # cm × # cm, with a resistance of # Ω sq−#) and as well as NiOx sputtered ITO substrates, (# cm × # cm and having a resistance of # Ω sq−#) were utilized in this study.	1	1	10.1038/s43246-024-00645-7	The pre-patterned indium-doped tin oxide (ITO) substrates, (2.5 cm × 2.5 cm, 3 cm × 3 cm, with a resistance of 10 Ω sq−1) and as well as NiOx sputtered ITO substrates, (2.5 cm × 2.5 cm and having a resistance of 10 Ω sq−1) were utilized in this study.
abstract	introduction	Electrochromic devices (ECDs), which are capable of reversibly modulating their optical characteristic in response to an applied voltage, have emerged as key components in next-generation smart window technologies and adaptive optoelectronic systems.	1	1	10.1038/s41467-026-71949-0	Electrochromic devices (ECDs), which are capable of reversibly modulating their optical characteristic in response to an applied voltage, have emerged as key components in next-generation smart window technologies and adaptive optoelectronic systems.
introduction	results	Structure evolution during electrochemical cycling	1	1	10.1038/s41467-026-71949-0	Structure evolution during electrochemical cycling
results	discussion	In summary, we develop a covalency modulation strategy using high‑valence Mo#+ doping to enhance the structural stability of inorganic all‑solid‑state ECDs under high‑voltage cycling.	1	1	10.1038/s41467-026-71949-0	In summary, we develop a covalency modulation strategy using high‑valence Mo6+ doping to enhance the structural stability of inorganic all‑solid‑state ECDs under high‑voltage cycling.
discussion	methods	Preparation of NiOy ECF and MoxNi#-xOy ECF	1	1	10.1038/s41467-026-71949-0	Preparation of NiOy ECF and MoxNi1-xOy ECF
abstract	introduction	Optimizing interface properties is crucial for high-performance perovskite solar cells.	1	1	10.1038/s41467-026-72115-2	Optimizing interface properties is crucial for high-performance perovskite solar cells.
introduction	results	Construction of molecular confinement interface	1	1	10.1038/s41467-026-72115-2	Construction of molecular confinement interface
results	discussion	We have demonstrated that the molecular confinement interface effectively facilitates uniform SAM loading while preventing SAM aggregation.	1	1	10.1038/s41467-026-72115-2	We have demonstrated that the molecular confinement interface effectively facilitates uniform SAM loading while preventing SAM aggregation.
discussion	methods	N, N-dimethylformamide (DMF, #%) was purchased from Alfa Aesar.	1	1	10.1038/s41467-026-72115-2	N, N-dimethylformamide (DMF, 99.8%) was purchased from Alfa Aesar.
