section	pivot_word	template	occurrences	paper_count	top_papers	exemplar_quotes
abstract	however	However, the fabrication of highly efficient and ultra-small (<# μm) micro-light-emitting diodes, which are required for augmented-reality applications, remains a major technical challenge due to the presence of strong sidewall nonradiative recombination.	1	1	10.1038/s41467-023-43472-z	However, the fabrication of highly efficient and ultra-small (<3 μm) micro-light-emitting diodes, which are required for augmented-reality applications, remains a major technical challenge due to the presence of strong sidewall nonradiative recombination.
introduction	however	However, the near-eye operating environment of VR/AR microdisplays imposes strict limitations on the size and power consumption of the micro-LEDs.	1	1	10.1038/s41467-023-43472-z	However, the near-eye operating environment of VR/AR microdisplays imposes strict limitations on the size and power consumption of the micro-LEDs.
introduction	despite	Despite the considerable efforts to reduce sidewall surface nonradiative recombination in GaN micro-LEDs smaller than # μm, this problem persists.	1	1	10.1038/s41467-023-43472-z	Despite the considerable efforts to reduce sidewall surface nonradiative recombination in GaN micro-LEDs smaller than 10 μm, this problem persists.
introduction	but	Analysis of the EQE characteristics and measurement of the surface potential of the NBE-etched sidewall surface using Kelvin force microscopy (KFM) reveals that our devices effectively suppress nonradiative recombination related to not only sidewall defects generated during mesa etching but also intrinsic surface states.	1	1	10.1038/s41467-023-43472-z	Analysis of the EQE characteristics and measurement of the surface potential of the NBE-etched sidewall surface using Kelvin force microscopy (KFM) reveals that our devices effectively suppress nonradiative recombination related to not only sidewall defects generated during mesa etching but also intrinsic surface states.
results	but	These surfaces are close to the nonpolar m- and a-planes of the GaN crystal based on the crystalline orientation of the epitaxial wafer, but they may not represent the exact m- and a-planes of GaN because of the limited precision of device processes.	1	1	10.1038/s41467-023-43472-z	These surfaces are close to the nonpolar m- and a-planes of the GaN crystal based on the crystalline orientation of the epitaxial wafer, but they may not represent the exact m- and a-planes of GaN because of the limited precision of device processes.
results	although	Although the differences in light-extraction efficiency need to be considered, the aforementioned EQE value is substantially higher than those reported for GaN blue micro-LEDs with comparable dimensions.	1	1	10.1038/s41467-023-43472-z	Although the differences in light-extraction efficiency need to be considered, the aforementioned EQE value is substantially higher than those reported for GaN blue micro-LEDs with comparable dimensions.
results	however	However, the most notable finding revealed in Fig. # is that all NBE-etched devices exhibited very slow decreases in EQEs with decreasing current density from the current density at peak EQEs.	1	1	10.1038/s41467-023-43472-z	However, the most notable finding revealed in Fig. 2 is that all NBE-etched devices exhibited very slow decreases in EQEs with decreasing current density from the current density at peak EQEs.
results	while	In this study, we observed that the NBE-etched sample had a slightly higher (#–# V) surface potential and upward surface band bending compared to the reference sample in the region between the etching bottom and MQW, while the two samples exhibited similar surface potentials around the MQW position.	1	1	10.1038/s41467-023-43472-z	In this study, we observed that the NBE-etched sample had a slightly higher (0.3–0.4 V) surface potential and upward surface band bending compared to the reference sample in the region between the etching bottom and MQW, while the two samples exhibited similar surface potentials around the MQW position.
abstract	however	However, small-size pixels suffer from efficiency degradations, which increase the power consumption of the display.	1	1	10.1038/s41467-023-36773-w	However, small-size pixels suffer from efficiency degradations, which increase the power consumption of the display.
introduction	however	However, unlike LEDs for conventional lighting applications, critical problems have emerged with the size shrinkage to a few micrometers which means a high surface-to-volume ratio.	1	1	10.1038/s41467-023-36773-w	However, unlike LEDs for conventional lighting applications, critical problems have emerged with the size shrinkage to a few micrometers which means a high surface-to-volume ratio.
introduction	although	From these results, although there were improvements regarding peak EQE values and reduced dark current, the proposed methods must rely on post-growth techniques, where the perfect sidewall passivation method or the defect-free pixelization remains to be questionable.	1	1	10.1038/s41467-023-36773-w	From these results, although there were improvements regarding peak EQE values and reduced dark current, the proposed methods must rely on post-growth techniques, where the perfect sidewall passivation method or the defect-free pixelization remains to be questionable.
introduction	but	For these reasons, a reconsideration of epitaxial structures for μLEDs display must be carried out before post-growth optimization, but it has not been seriously considered.	1	1	10.1038/s41467-023-36773-w	For these reasons, a reconsideration of epitaxial structures for μLEDs display must be carried out before post-growth optimization, but it has not been seriously considered.
results	but	Several studies have reported that decreasing QB thickness mitigates the efficiency droop in large-sized LEDs because they not only enhance the overlap of electron and hole wavefunctions but also decrease the kinetic energy which assists the escape of carriers induced by the internal electric field in thinner QBs,,.	1	1	10.1038/s41467-023-36773-w	Several studies have reported that decreasing QB thickness mitigates the efficiency droop in large-sized LEDs because they not only enhance the overlap of electron and hole wavefunctions but also decrease the kinetic energy which assists the escape of carriers induced by the internal electric field in thinner QBs,,.
results	while	To investigate the practical effect of QB thickness on characteristics of μLEDs, we designed epitaxial structures with different QB thicknesses of # nm, # nm, and # nm, (namely QB #, QB #, and QB #), while remaining other layers completely identical as shown in Fig. #a.	1	1	10.1038/s41467-023-36773-w	To investigate the practical effect of QB thickness on characteristics of μLEDs, we designed epitaxial structures with different QB thicknesses of 3.5 nm, 7.5 nm, and 10.5 nm, (namely QB 3.5, QB 7.5, and QB 10.5), while remaining other layers completely identical as shown in Fig. 1a.
results	although	From this result, we confirmed that thick QB would lead to improved radiative recombination with better carrier confinement in QW, although there were some studies suggesting thin QB has better confinement due to lower internal field.	1	1	10.1038/s41467-023-36773-w	From this result, we confirmed that thick QB would lead to improved radiative recombination with better carrier confinement in QW, although there were some studies suggesting thin QB has better confinement due to lower internal field.
results	despite	Despite this factor, the peak wavelength shift and change in FWHM for QB # in the low current density region were negligible, which means no chromaticity change in low current density.	1	1	10.1038/s41467-023-36773-w	Despite this factor, the peak wavelength shift and change in FWHM for QB 10.5 in the low current density region were negligible, which means no chromaticity change in low current density.
results	however	However, QW thickness variation is more complicated because it also provides a trade-off between several important physical properties such as tunneling rate, barrier height, energy states, overlaps of carrier wavefunctions and critical thickness.	1	1	10.1038/s41467-023-36773-w	However, QW thickness variation is more complicated because it also provides a trade-off between several important physical properties such as tunneling rate, barrier height, energy states, overlaps of carrier wavefunctions and critical thickness.
results	nevertheless	Nevertheless, the designed epitaxial structure exhibits low surface current in the low current density regime which is an advantageous property in epitaxial structure for display applications, and it was consistent in the optical properties.	1	1	10.1038/s41467-023-36773-w	Nevertheless, the designed epitaxial structure exhibits low surface current in the low current density regime which is an advantageous property in epitaxial structure for display applications, and it was consistent in the optical properties.
methods	but	The simulated LED structure used is identical to the samples proposed in this study but was simulated in a vertical structure.	1	1	10.1038/s41467-023-36773-w	The simulated LED structure used is identical to the samples proposed in this study but was simulated in a vertical structure.
abstract	however	However, their widespread adoption requires the development of cost-effective chips and low-defect pixelation processes.	1	1	10.1038/s41467-024-53965-0	However, their widespread adoption requires the development of cost-effective chips and low-defect pixelation processes.
abstract	nevertheless	Nevertheless, the small volume and edge-directed emission of nanorod-light-emitting diodes necessitate brightness and light extraction improvements.	1	1	10.1038/s41467-024-53965-0	Nevertheless, the small volume and edge-directed emission of nanorod-light-emitting diodes necessitate brightness and light extraction improvements.
introduction	however	However, critical challenges remain in micro-LED display production.	1	1	10.1038/s41467-024-53965-0	However, critical challenges remain in micro-LED display production.
introduction	while	A significant concern is the need to improve the yield of the pixel manufacturing process while addressing the substantial fabrication costs associated with micro-LED chip production,,,.	1	1	10.1038/s41467-024-53965-0	A significant concern is the need to improve the yield of the pixel manufacturing process while addressing the substantial fabrication costs associated with micro-LED chip production,,,.
introduction	despite	Despite presenting small chip sizes, rapid transfer speeds, and high accuracy, laser-based transfer is susceptible to LED chip damage when the chip size becomes smaller.	1	1	10.1038/s41467-024-53965-0	Despite presenting small chip sizes, rapid transfer speeds, and high accuracy, laser-based transfer is susceptible to LED chip damage when the chip size becomes smaller.
introduction	but	Conventional FSA, laser transfer, and stamp transfer have respective strengths and weaknesses, but each method has critical issues that must be solved prior to commercializing low-cost micro-LEDs.	1	1	10.1038/s41467-024-53965-0	Conventional FSA, laser transfer, and stamp transfer have respective strengths and weaknesses, but each method has critical issues that must be solved prior to commercializing low-cost micro-LEDs.
results	but	Fin-LEDs have similar volumes and surface areas as nanorod LEDs but exhibit superior optical properties due to their vertical emission and large MQW area.	1	1	10.1038/s41467-024-53965-0	Fin-LEDs have similar volumes and surface areas as nanorod LEDs but exhibit superior optical properties due to their vertical emission and large MQW area.
results	whereas	Whereas c-plane nanorods, when horizontally aligned, emit light at their ends, with the emitted light directed horizontally toward the MQW layer due to the waveguide effect influenced by the high refractive index of the GaN nanorods, vertically arranged fin-LEDs emit light from the MQW that is predominantly directed toward the front of the EL device.	1	1	10.1038/s41467-024-53965-0	Whereas c-plane nanorods, when horizontally aligned, emit light at their ends, with the emitted light directed horizontally toward the MQW layer due to the waveguide effect influenced by the high refractive index of the GaN nanorods, vertically arranged fin-LEDs emit light from the MQW that is predominantly directed toward the front of the EL device.
results	nevertheless	Nevertheless, this type of LED can sufficiently move toward the assembly electrode by p-DEP.	1	1	10.1038/s41467-024-53965-0	Nevertheless, this type of LED can sufficiently move toward the assembly electrode by p-DEP.
results	however	The simulation results exhibit periodic torque variations based on the initial rotation angle; however, these variations cannot fully explain the selective alignment of the fin-LED.	1	1	10.1038/s41467-024-53965-0	The simulation results exhibit periodic torque variations based on the initial rotation angle; however, these variations cannot fully explain the selective alignment of the fin-LED.
results	while	As simple examples, spherical particles composed of SiO# experience negative-DEP (n-DEP) in a similar low-frequency range as used for self-assembly of fin-LEDs, while spherical particles composed of GaN experience p-GaN in that frequency range,.	1	1	10.1038/s41467-024-53965-0	As simple examples, spherical particles composed of SiO2 experience negative-DEP (n-DEP) in a similar low-frequency range as used for self-assembly of fin-LEDs, while spherical particles composed of GaN experience p-GaN in that frequency range,.
discussion	while	While sharing a size comparable to those of previously developed nanorod-LEDs, our fin-LEDs exhibit Lambertian front emission characteristics, as demonstrated by PL, CL, and EL measurements.	1	1	10.1038/s41467-024-53965-0	While sharing a size comparable to those of previously developed nanorod-LEDs, our fin-LEDs exhibit Lambertian front emission characteristics, as demonstrated by PL, CL, and EL measurements.
discussion	although	Although at this early stage of fin-LED development, the EQE is slightly lower than those of previously reported nanorod-LEDs, fin-LEDs nonetheless can address the inherent issues facing nanorod-LED and micro-LED technology.	1	1	10.1038/s41467-024-53965-0	Although at this early stage of fin-LED development, the EQE is slightly lower than those of previously reported nanorod-LEDs, fin-LEDs nonetheless can address the inherent issues facing nanorod-LED and micro-LED technology.
methods	while	While expressing simulation results through mathematical equations may have limitations, we want to emphasize the critical role of the MST method in our approach.	1	1	10.1038/s41467-024-53965-0	While expressing simulation results through mathematical equations may have limitations, we want to emphasize the critical role of the MST method in our approach.
introduction	however	However, one of the critical challenges to realizing UHD RGB displays is the low EQEs of inorganic μ-LEDs in the red spectral range.	1	1	10.1038/s41467-025-60886-z	However, one of the critical challenges to realizing UHD RGB displays is the low EQEs of inorganic μ-LEDs in the red spectral range.
introduction	yet	For the commercialisation of μ-LED UHD displays, a breakthrough in surface passivation technology is essential to ensure high EQE for red μ-LEDs with diameters less than # μm, which is not yet achieved.	1	1	10.1038/s41467-025-60886-z	For the commercialisation of μ-LED UHD displays, a breakthrough in surface passivation technology is essential to ensure high EQE for red μ-LEDs with diameters less than 2 μm, which is not yet achieved.
results	despite	Despite the absence of Qf and/or Qp, there is still an equilibrium energy band bending, hence electron accumulation or increase at the AlN/GaN heterointerface via equalization of the Fermi level, as sketched in Fig. #d.	1	1	10.1038/s41467-025-60886-z	Despite the absence of Qf and/or Qp, there is still an equilibrium energy band bending, hence electron accumulation or increase at the AlN/GaN heterointerface via equalization of the Fermi level, as sketched in Fig. 1d.
results	however	We note, however, that this does not affect the field effect passivation of e-AlN or increase non-radiative recombination, as the electron is a majority carrier in (In)GaN MQWs.	1	1	10.1038/s41467-025-60886-z	We note, however, that this does not affect the field effect passivation of e-AlN or increase non-radiative recombination, as the electron is a majority carrier in (In)GaN MQWs.
results	although	Although ALD is often used as a passivation method for complex #D structures due to its superior conformality, ALD AlN layers are typically amorphous or polycrystalline.	1	1	10.1038/s41467-025-60886-z	Although ALD is often used as a passivation method for complex 3D structures due to its superior conformality, ALD AlN layers are typically amorphous or polycrystalline.
results	while	In detail, the process is designed to ignite the Ar plasma after every #-ALD-cycles (Fig. #e and Supplementary Fig. #b) to minimize the surface roughness of the passivation layer while maintaining an epitaxial relationship.	1	1	10.1038/s41467-025-60886-z	In detail, the process is designed to ignite the Ar plasma after every 4-ALD-cycles (Fig. 1e and Supplementary Fig. 1b) to minimize the surface roughness of the passivation layer while maintaining an epitaxial relationship.
results	nevertheless	Nevertheless, the atom-layer-thick line profile analysis, where only a single atomic layer is included with a width of # nm (Supplementary Fig. #b), clearly reveals gradually decreasing oscillation amplitude abruptly decreases in the e-AlN region (Supplementary Fig. #c).	1	1	10.1038/s41467-025-60886-z	Nevertheless, the atom-layer-thick line profile analysis, where only a single atomic layer is included with a width of 0.25 nm (Supplementary Fig. 3b), clearly reveals gradually decreasing oscillation amplitude abruptly decreases in the e-AlN region (Supplementary Fig. 3c).
methods	while	The epitaxial passivation consisted of a #–#-nm-thick epitaxial AlN/#-nm-thick normal amorphous AlN, Al#O#, or SiO# shell, while the control passivation consisted of a double amorphous layer of #-nm-HfO# (thermal)/#-nm-Al#O#, similar to that reported in ref. (Fig. #e and Supplementary Fig. #a).	1	1	10.1038/s41467-025-60886-z	The epitaxial passivation consisted of a 0.5–10-nm-thick epitaxial AlN/40-nm-thick normal amorphous AlN, Al2O3, or SiO2 shell, while the control passivation consisted of a double amorphous layer of 10-nm-HfO2 (thermal)/40-nm-Al2O3, similar to that reported in ref. (Fig. 1e and Supplementary Fig. 1a).
methods	but	The actual fabricated μLED display was TFT-free but specially designed (Supplementary Figs. #a–e) to show three different still images with the same layer structure as that of the TFT except for the active layer (Supplementary Fig. #f).	1	1	10.1038/s41467-025-60886-z	The actual fabricated μLED display was TFT-free but specially designed (Supplementary Figs. 10a–e) to show three different still images with the same layer structure as that of the TFT except for the active layer (Supplementary Fig. 10f).
abstract	while	The # µm yellow micro-LED achieved an electrical-to-optical bandwidth of # MHz at # A/cm², while the # µm red device reached # MHz at # A/cm².	1	1	10.1038/s41467-026-74151-4	The 20 µm yellow micro-LED achieved an electrical-to-optical bandwidth of 2850.4 MHz at 6.25 A/cm², while the 20 µm red device reached 2593.4 MHz at 50 A/cm².
introduction	while	As a result, the development of an emerging class of optical interconnects that can deliver ultra-high bandwidth density and ultra-low energy consumption, while being manufacturable and compatible with large-scale packaging, has become a critical enabler for the continued expansion of computing architectures,,.	1	1	10.1038/s41467-026-74151-4	As a result, the development of an emerging class of optical interconnects that can deliver ultra-high bandwidth density and ultra-low energy consumption, while being manufacturable and compatible with large-scale packaging, has become a critical enabler for the continued expansion of computing architectures,,.
introduction	however	However, the threshold current, thermal management requirements, and limited scalability restrict further improvements in energy efficiency and bandwidth density.	1	1	10.1038/s41467-026-74151-4	However, the threshold current, thermal management requirements, and limited scalability restrict further improvements in energy efficiency and bandwidth density.
introduction	yet	Yet, the reliance on external III–V lasers, together with complex coupling and heterogeneous integration processes, makes it challenging to meet the energy efficiency and packaging cost requirements for chip-level and board-level interconnects,.	1	1	10.1038/s41467-026-74151-4	Yet, the reliance on external III–V lasers, together with complex coupling and heterogeneous integration processes, makes it challenging to meet the energy efficiency and packaging cost requirements for chip-level and board-level interconnects,.
introduction	although	Although mature short-wavelength micro-LEDs currently dominate the field thanks to their high quantum efficiency, determining the optimal wavelength for a full-link system requires balancing several complex trade-offs.	1	1	10.1038/s41467-026-74151-4	Although mature short-wavelength micro-LEDs currently dominate the field thanks to their high quantum efficiency, determining the optimal wavelength for a full-link system requires balancing several complex trade-offs.
introduction	but	Such results not only surpass previously reported values for the modulation bandwidth and energy efficiency of InGaN-based yellow and red micro-LEDs but also establish a reliable device and system foundation for the development of next-generation optical interconnects with both high energy efficiency and high data rate.	1	1	10.1038/s41467-026-74151-4	Such results not only surpass previously reported values for the modulation bandwidth and energy efficiency of InGaN-based yellow and red micro-LEDs but also establish a reliable device and system foundation for the development of next-generation optical interconnects with both high energy efficiency and high data rate.
results	while	Figure #b presents a cross-sectional high-angle annular dark-field scanning transmission electron microscopy (HAADF-STEM) image of the complete epitaxial structure of the red micro-LED, while Fig. #c shows a magnified view of the MQWs region, and Fig. #d displays the corresponding energy-dispersive X-ray spectroscopy (EDS) mapping of indium distribution within the quantum wells.	1	1	10.1038/s41467-026-74151-4	Figure 1b presents a cross-sectional high-angle annular dark-field scanning transmission electron microscopy (HAADF-STEM) image of the complete epitaxial structure of the red micro-LED, while Fig. 1c shows a magnified view of the MQWs region, and Fig. 1d displays the corresponding energy-dispersive X-ray spectroscopy (EDS) mapping of indium distribution within the quantum wells.
results	however	Unlike the yellow micro-LEDs, however, the red devices exhibited an EQE recovery at medium-to-high current densities (~# A/cm²).	1	1	10.1038/s41467-026-74151-4	Unlike the yellow micro-LEDs, however, the red devices exhibited an EQE recovery at medium-to-high current densities (~300 A/cm²).
results	although	Although such color shifts are generally undesirable for display applications, they may open opportunities for single-device multi-wavelength operation.	1	1	10.1038/s41467-026-74151-4	Although such color shifts are generally undesirable for display applications, they may open opportunities for single-device multi-wavelength operation.
results	whereas	Clear differences in thermal behavior were observed between the two substrates: the temperature rises of the # μm diamond-substrate yellow and red devices were # °C and # °C, respectively, whereas the corresponding glass-substrate devices showed increases of # °C and # °C.	1	1	10.1038/s41467-026-74151-4	Clear differences in thermal behavior were observed between the two substrates: the temperature rises of the 20 μm diamond-substrate yellow and red devices were 6.6 °C and 6.7 °C, respectively, whereas the corresponding glass-substrate devices showed increases of 84.1 °C and 90.0 °C.
results	but	This confirms the heat accumulation effect in glass substrates: even at the same power density, larger devices operate at higher total input power, but the heat spreading is limited by the poor thermal conductivity of glass rather than by the mesa–substrate contact area.	1	1	10.1038/s41467-026-74151-4	This confirms the heat accumulation effect in glass substrates: even at the same power density, larger devices operate at higher total input power, but the heat spreading is limited by the poor thermal conductivity of glass rather than by the mesa–substrate contact area.
results	despite	As a result, larger devices exhibit higher temperature rises despite their larger mesa.	1	1	10.1038/s41467-026-74151-4	As a result, larger devices exhibit higher temperature rises despite their larger mesa.
results	nevertheless	Nevertheless, the extracted empirical parameters allow the establishment of a linear \(\varDelta T-P\) relationship based entirely on real-time experimental observations rather than numerical simulations or theoretical models, enabling prediction of device operation and maximum input power.	1	1	10.1038/s41467-026-74151-4	Nevertheless, the extracted empirical parameters allow the establishment of a linear \(\varDelta T-P\) relationship based entirely on real-time experimental observations rather than numerical simulations or theoretical models, enabling prediction of device operation and maximum input power.
methods	while	The underlying silicon was removed by immersing the wafer in #% KOH solution at # °C, exploiting the anisotropic etching characteristics of KOH to selectively undercut the pixel mesa while retaining silicon beneath the edge anchors as temporary supports.	1	1	10.1038/s41467-026-74151-4	The underlying silicon was removed by immersing the wafer in 20% KOH solution at 80 °C, exploiting the anisotropic etching characteristics of KOH to selectively undercut the pixel mesa while retaining silicon beneath the edge anchors as temporary supports.
abstract	however	However, a key mechanism of the operational degradation of organic light-emitting diodes has yet to be elucidated.	1	1	10.1038/s41467-023-43408-7	However, a key mechanism of the operational degradation of organic light-emitting diodes has yet to be elucidated.
introduction	despite	Despite these advantages, their operational stability is a critical problem.	1	1	10.1038/s41467-023-43408-7	Despite these advantages, their operational stability is a critical problem.
introduction	yet	In particular, the lifetime of blue PhOLEDs is approximately #–# times shorter than those of red and green PhOLEDs and is not yet satisfactory for commercialization.	1	1	10.1038/s41467-023-43408-7	In particular, the lifetime of blue PhOLEDs is approximately 10–40 times shorter than those of red and green PhOLEDs and is not yet satisfactory for commercialization.
introduction	although	Although these efforts substantially improved the lifespan of blue OLEDs, they still do not reach the desired level for commercialization, indicating that regulating the exciton concentration is not sufficient to eliminate all significant degradation reactions.	1	1	10.1038/s41467-023-43408-7	Although these efforts substantially improved the lifespan of blue OLEDs, they still do not reach the desired level for commercialization, indicating that regulating the exciton concentration is not sufficient to eliminate all significant degradation reactions.
introduction	while	While a high concentration of holes can instigate radical reactions, bond strength analysis indicates that most covalent bonds in OLED materials are weakened in the presence of electrons, whereas holes make them stronger except C–P bonds.	1	1	10.1038/s41467-023-43408-7	While a high concentration of holes can instigate radical reactions, bond strength analysis indicates that most covalent bonds in OLED materials are weakened in the presence of electrons, whereas holes make them stronger except C–P bonds.
introduction	however	However, whether TPA is indeed a key cause of the short lifetime of blue PhOLEDs under real operational conditions is still unclear because it has only been studied through model devices or computations.	1	1	10.1038/s41467-023-43408-7	However, whether TPA is indeed a key cause of the short lifetime of blue PhOLEDs under real operational conditions is still unclear because it has only been studied through model devices or computations.
results	although	Although each device has a similar peak emission wavelength, the overall emission spectra are different.	1	1	10.1038/s41467-023-43408-7	Although each device has a similar peak emission wavelength, the overall emission spectra are different.
results	however	However, making all individual conditions identical is impossible because the EODs have no hole injection, and more importantly PL and EL have different exciton density profiles inside the EML.	1	1	10.1038/s41467-023-43408-7	However, making all individual conditions identical is impossible because the EODs have no hole injection, and more importantly PL and EL have different exciton density profiles inside the EML.
results	nevertheless	Nevertheless, operating conditions can be controlled so that the impact of polarons and excitons on the device lifetime is similar in both setups.	1	1	10.1038/s41467-023-43408-7	Nevertheless, operating conditions can be controlled so that the impact of polarons and excitons on the device lifetime is similar in both setups.
results	whereas	Notably, for the exciton-only EOD, Emitter # has a longer lifetime (# h) than Emitter # (# h), whereas the WD lifetime of Emitter # (# h) is shorter than that of Emitter # (# h).	1	1	10.1038/s41467-023-43408-7	Notably, for the exciton-only EOD, Emitter 3 has a longer lifetime (7.5 h) than Emitter 1 (6.0 h), whereas the WD lifetime of Emitter 3 (2.5 h) is shorter than that of Emitter 1 (5.3 h).
results	but	For instance, the C–N bond length rarely changes with the additional electron, but the C–N bond is significantly weakened when its BDE becomes less than # kcal/mol.	1	1	10.1038/s41467-023-43408-7	For instance, the C–N bond length rarely changes with the additional electron, but the C–N bond is significantly weakened when its BDE becomes less than 30 kcal/mol.
results	while	Assigning all the degradation products is challenging because numerous reactions can occur while preparing the sample.	1	1	10.1038/s41467-023-43408-7	Assigning all the degradation products is challenging because numerous reactions can occur while preparing the sample.
discussion	but	Various practical solutions have been proposed to alleviate exciton-induced degradation, leading to substantial improvement of the lifespan of blue OLEDs, but it is far from the desired level for commercialization.	1	1	10.1038/s41467-023-43408-7	Various practical solutions have been proposed to alleviate exciton-induced degradation, leading to substantial improvement of the lifespan of blue OLEDs, but it is far from the desired level for commercialization.
introduction	however	However, compared with the typical two-component host–guest EML already adopted by industry, the additional matrices required in MCHF devices unavoidably increases the complexity of device fabrication.	1	1	10.1038/s41563-024-01812-4	However, compared with the typical two-component host–guest EML already adopted by industry, the additional matrices required in MCHF devices unavoidably increases the complexity of device fabrication.
introduction	although	Although Dexter transfer to terminal emitter triplets has been challenging to directly observe, it has been hypothesized to be highly disadvantageous in hyperfluorescent devices from both efficiency and stability perspectives.	1	1	10.1038/s41563-024-01812-4	Although Dexter transfer to terminal emitter triplets has been challenging to directly observe, it has been hypothesized to be highly disadvantageous in hyperfluorescent devices from both efficiency and stability perspectives.
results	while	To achieve efficient blue MFHF OLEDs, we sought to design emitters with structural and photophysical properties that promote singlet transfer via Förster resonant energy transfer (FRET) while suppressing Dexter transfer.	1	1	10.1038/s41563-024-01812-4	To achieve efficient blue MFHF OLEDs, we sought to design emitters with structural and photophysical properties that promote singlet transfer via Förster resonant energy transfer (FRET) while suppressing Dexter transfer.
results	despite	Despite high molecular weights (MW = #,#), NB-# and NB-# remain sufficiently volatile for processing via thermal evaporation (#–# °C at #−# mbar).	1	1	10.1038/s41563-024-01812-4	Despite high molecular weights (MW = 1,122), NB-1 and NB-2 remain sufficiently volatile for processing via thermal evaporation (240–260 °C at 10−7 mbar).
results	although	Additionally, although the shielding of emitters with side groups could lead to redshifted and broadened emission, we note that our design has a negligible effect on the mDICz core photophysics.	1	1	10.1038/s41563-024-01812-4	Additionally, although the shielding of emitters with side groups could lead to redshifted and broadened emission, we note that our design has a negligible effect on the mDICz core photophysics.
results	yet	Systems A and C are the first examples of blue narrowband MFHF OLEDs, which—to the best of our knowledge—display the highest EQEs and lowest CIExy coordinates yet reported for matrix-free systems.	1	1	10.1038/s41563-024-01812-4	Systems A and C are the first examples of blue narrowband MFHF OLEDs, which—to the best of our knowledge—display the highest EQEs and lowest CIExy coordinates yet reported for matrix-free systems.
results	whereas	In a toluene solution, NB-# and NB-# display very similar spectra: photoinduced absorption (PIA) centred at around # nm, which decays with a lifetime of around # ns, is assigned to S# → Sn, whereas a slower-rising PIA centred between # and # nm with a lifetime of tens of microseconds and clear oxygen quenching is assigned to T# → Tn.	1	1	10.1038/s41563-024-01812-4	In a toluene solution, NB-1 and NB-3 display very similar spectra: photoinduced absorption (PIA) centred at around 480 nm, which decays with a lifetime of around 10 ns, is assigned to S1 → Sn, whereas a slower-rising PIA centred between 540 and 560 nm with a lifetime of tens of microseconds and clear oxygen quenching is assigned to T1 → Tn.
methods	whereas	For the ultrafast TA measurements, a portion of the laser fundamental was frequency doubled using a #-mm-thick β-barium borate crystal for sample excitation at # nm, whereas the third harmonic (# nm) of an electronically triggered, Q-switched Nd:YVO# laser (Innolas Picolo #) provided the ~# ns pump pulses for the nanosecond–microsecond (# ns to # μs) TA measurements.	1	1	10.1038/s41563-024-01812-4	For the ultrafast TA measurements, a portion of the laser fundamental was frequency doubled using a 1-mm-thick β-barium borate crystal for sample excitation at 400 nm, whereas the third harmonic (355 nm) of an electronically triggered, Q-switched Nd:YVO4 laser (Innolas Picolo 25) provided the ~1 ns pump pulses for the nanosecond–microsecond (1 ns to 100 μs) TA measurements.
introduction	despite	Despite the success in making commercial red, yellow and green emitters, blue Ph-OLEDs have traditionally faced challenges in terms of efficiency, stability, and brightness, making it essential to address these issues to meet the demands of next-generation high-end display applications.	1	1	10.1038/s41377-025-01817-x	Despite the success in making commercial red, yellow and green emitters, blue Ph-OLEDs have traditionally faced challenges in terms of efficiency, stability, and brightness, making it essential to address these issues to meet the demands of next-generation high-end display applications.
introduction	while	While Ph-OLEDs based on Ir(III) complexes have demonstrated high efficiency, the challenge of efficiency roll-off at high brightness remains.	1	1	10.1038/s41377-025-01817-x	While Ph-OLEDs based on Ir(III) complexes have demonstrated high efficiency, the challenge of efficiency roll-off at high brightness remains.
introduction	however	However, high efficiency and high luminance usually cause serious reduction in device operation lifetimes.	1	1	10.1038/s41377-025-01817-x	However, high efficiency and high luminance usually cause serious reduction in device operation lifetimes.
results	while	The tridentate ligand such as bicarbene pincer ligand #,#′-(#,#-phenylene)bis(#-butyl-#H-imidazol-#-ium) dibromide (pbib) has been employed to raise the energy level of the triplet metal-centered state (#MC) states while stabilizing the filled dπ orbital and strengthening the bond dissociation energy.	1	1	10.1038/s41377-025-01817-x	The tridentate ligand such as bicarbene pincer ligand 1,1′-(1,3-phenylene)bis(3-butyl-1H-imidazol-3-ium) dibromide (pbib) has been employed to raise the energy level of the triplet metal-centered state (3MC) states while stabilizing the filled dπ orbital and strengthening the bond dissociation energy.
results	but	As for the triplet spin density (TSD) simulation, the TSD of m-CF# and p-CF# revealed the strong association from the bidentate ligand and Ir(III) metal center, but with a minimal contribution from the cyano (CN) group.	1	1	10.1038/s41377-025-01817-x	As for the triplet spin density (TSD) simulation, the TSD of m-CF3 and p-CF3 revealed the strong association from the bidentate ligand and Ir(III) metal center, but with a minimal contribution from the cyano (CN) group.
results	yet	Yet now, tBuCz-m-CF# and tBuCz-p-CF# depicted a higher PLQY in solid state, which could be due to the bulky tBuCz group introduces significant steric hindrance, reducing the likelihood of intermolecular interactions that can lead to non-radiative decay.	1	1	10.1038/s41377-025-01817-x	Yet now, tBuCz-m-CF3 and tBuCz-p-CF3 depicted a higher PLQY in solid state, which could be due to the bulky tBuCz group introduces significant steric hindrance, reducing the likelihood of intermolecular interactions that can lead to non-radiative decay.
results	despite	Despite the high measured value of n based on tBuCz-m-CF# at # as depicted in Fig.	1	1	10.1038/s41377-025-01817-x	Despite the high measured value of n based on tBuCz-m-CF3 at 1.95 as depicted in Fig.
results	however	However, the electron-currents of all the devices depicted a higher process than those of hole-currents, which are in an agreement with recently reported work, implied that the charge mobility orders of magnitude difference in electron compared to hole mobility has been solved.	1	1	10.1038/s41377-025-01817-x	However, the electron-currents of all the devices depicted a higher process than those of hole-currents, which are in an agreement with recently reported work, implied that the charge mobility orders of magnitude difference in electron compared to hole mobility has been solved.
results	whereas	The measured LUMO energy level of these emitters are ranged from −# to −# eV, corresponding to −# eV of mSiTrz, indicating their hole-current can be confined in SiCzCz and SiTrzCz#; tBuCz-m-CF# and tBuCz-p-CF# dispayed a better confinement than those of m-CF# and p-CF#, as their HOMO energy level are shallower than that of SiCzCz (−# eV), whereas the HOMO energy of m-CF# (−# eV) and p-CF# (−# eV) are comparable to that of SiCzCz.	1	1	10.1038/s41377-025-01817-x	The measured LUMO energy level of these emitters are ranged from −2.86 to −2.94 eV, corresponding to −2.72 eV of mSiTrz, indicating their hole-current can be confined in SiCzCz and SiTrzCz2; tBuCz-m-CF3 and tBuCz-p-CF3 dispayed a better confinement than those of m-CF3 and p-CF3, as their HOMO energy level are shallower than that of SiCzCz (−5.52 eV), whereas the HOMO energy of m-CF3 (−5.55 eV) and p-CF3 (−5.50 eV) are comparable to that of SiCzCz.
introduction	however	However, pure-red PeLEDs with emission wavelength less than # nm, which can meet the requirement of Rec.#, are still inferior to the counterparts mentioned above.	1	1	10.1038/s41467-024-50022-8	However, pure-red PeLEDs with emission wavelength less than 635 nm, which can meet the requirement of Rec.2020, are still inferior to the counterparts mentioned above.
introduction	while	While the low-dimensional phase of quasi-#D perovskite of pure CsPbI# is expected to achieve pure red emission, the wide distribution of multiphase in perovskite thin films leads to inefficient energy transfer and unsatisfactory color purity.	1	1	10.1038/s41467-024-50022-8	While the low-dimensional phase of quasi-2D perovskite of pure CsPbI3 is expected to achieve pure red emission, the wide distribution of multiphase in perovskite thin films leads to inefficient energy transfer and unsatisfactory color purity.
introduction	although	Although CsPbI# QDs can be stabilized by doping smaller metal cations, such as Mn#+, and Sr#+, to shrink the lattice, it is still difficult to achieve emissions below # nm.	1	1	10.1038/s41467-024-50022-8	Although CsPbI3 QDs can be stabilized by doping smaller metal cations, such as Mn2+, and Sr2+, to shrink the lattice, it is still difficult to achieve emissions below 640 nm.
introduction	but	The strong binding ligands or multi-anchored ligands introduced by in situ QDs nucleation or ligand exchange after ripening can significantly improve the durability and stability of CsPbI# QDs, but they are still limited to achieving the synthesis of pure red QDs.	1	1	10.1038/s41467-024-50022-8	The strong binding ligands or multi-anchored ligands introduced by in situ QDs nucleation or ligand exchange after ripening can significantly improve the durability and stability of CsPbI3 QDs, but they are still limited to achieving the synthesis of pure red QDs.
results	however	However, the QDs treated with NSA (# M) ligands maintain good dispersion (Supplementary Fig. #c).	1	1	10.1038/s41467-024-50022-8	However, the QDs treated with NSA (0.6 M) ligands maintain good dispersion (Supplementary Fig. 4c).
results	while	The PL peak of CsPbI# QDs treated with NSA and NH#PF# ligands is # nm with an FWHM of # nm, while the PL peak of untreated CsPbI# QDs is # nm with an FWHM of # nm.	1	1	10.1038/s41467-024-50022-8	The PL peak of CsPbI3 QDs treated with NSA and NH4PF6 ligands is 623 nm with an FWHM of 32 nm, while the PL peak of untreated CsPbI3 QDs is 639 nm with an FWHM of 42 nm.
abstract	however	However, the weak surface coordination of conventional long-chain ligands (e.g., oleylamine and oleic acid) leads to face-to-face stacking of the NPLs, resulting in undesirable emission redshifts in their PeLEDs.	1	1	10.1038/s41377-025-02019-1	However, the weak surface coordination of conventional long-chain ligands (e.g., oleylamine and oleic acid) leads to face-to-face stacking of the NPLs, resulting in undesirable emission redshifts in their PeLEDs.
introduction	while	While recent research has primarily focused on enhancing device efficiency, achieving external quantum efficiencies (EQEs) over #% for red and green PeLEDs and exceeding #% for sky-blue variants, less attention has been given to the precise control of color coordinates as defined by the Commission International de l'Éclairage (CIE).	1	1	10.1038/s41377-025-02019-1	While recent research has primarily focused on enhancing device efficiency, achieving external quantum efficiencies (EQEs) over 20% for red and green PeLEDs and exceeding 15% for sky-blue variants, less attention has been given to the precise control of color coordinates as defined by the Commission International de l'Éclairage (CIE).
introduction	however	However, for ultra-high-definition applications, high efficiency alone is insufficient; accurate color tuning, especially of the three primary colors, is essential.	1	1	10.1038/s41377-025-02019-1	However, for ultra-high-definition applications, high efficiency alone is insufficient; accurate color tuning, especially of the three primary colors, is essential.
introduction	despite	Despite significant advancements, achieving both high efficiency and spectrally deep-blue emission in PeLEDs remains a considerable challenge.	1	1	10.1038/s41377-025-02019-1	Despite significant advancements, achieving both high efficiency and spectrally deep-blue emission in PeLEDs remains a considerable challenge.
results	while	First, the protons from HBr effectively dissociated the long-chain ligands (Supplementary Note S#, Supplementary Information) and eliminated the incomplete octahedral structure on the surface while preserving the quantum confinement effect.	1	1	10.1038/s41377-025-02019-1	First, the protons from HBr effectively dissociated the long-chain ligands (Supplementary Note S1, Supplementary Information) and eliminated the incomplete octahedral structure on the surface while preserving the quantum confinement effect.
results	whereas	The results show minimal charge transfer for OA and OAm (both #e), whereas S-TBP exhibits a significantly higher charge transfer of #e, an order of magnitude greater (Fig. #h).	1	1	10.1038/s41377-025-02019-1	The results show minimal charge transfer for OA and OAm (both 0.01e), whereas S-TBP exhibits a significantly higher charge transfer of 0.12e, an order of magnitude greater (Fig. 3h).
discussion	while	Both theoretical calculations and experimental results demonstrate that the short-chain ligand S-TBP anchors strongly to the surface of CsPbBr# NPLs via robust Pb-S-P coordination, significantly enhancing environmental stability while preserving the intrinsic quantum confinement effect.	1	1	10.1038/s41377-025-02019-1	Both theoretical calculations and experimental results demonstrate that the short-chain ligand S-TBP anchors strongly to the surface of CsPbBr3 NPLs via robust Pb-S-P coordination, significantly enhancing environmental stability while preserving the intrinsic quantum confinement effect.
abstract	however	Perovskite quantum dot light-emitting diodes have rapidly achieved high external quantum efficiencies of over #%; however, hindered by limited operating stability originating from surface defects or ion migration in quantum dots.	1	1	10.1038/s41467-025-63684-9	Perovskite quantum dot light-emitting diodes have rapidly achieved high external quantum efficiencies of over 25%; however, hindered by limited operating stability originating from surface defects or ion migration in quantum dots.
introduction	however	However, the operating stability of perovskite QLEDs still lags due to the defects inevitably generated during the purification process of quantum dots (QDs) and the resulting field-induced ion migration, further hampering their further development and industrialisation in high-definition displays and precise biomedical treatments.	1	1	10.1038/s41467-025-63684-9	However, the operating stability of perovskite QLEDs still lags due to the defects inevitably generated during the purification process of quantum dots (QDs) and the resulting field-induced ion migration, further hampering their further development and industrialisation in high-definition displays and precise biomedical treatments.
results	whereas	The Pb-#pz trap states around the Fermi level were eliminated entirely by O-#p, whereas the uncoordinated Pb#+ maintained the trap states.	1	1	10.1038/s41467-025-63684-9	The Pb-6pz trap states around the Fermi level were eliminated entirely by O-2p, whereas the uncoordinated Pb2+ maintained the trap states.
results	however	However, there were neither #H (from -OCH#) nor #P (from P=O) NMR signals in the pristine QDs, suggesting that TMeOPPO-p could interact with QDs and end up on the QD surface (Fig. #h).	1	1	10.1038/s41467-025-63684-9	However, there were neither 1H (from -OCH3) nor 31P (from P=O) NMR signals in the pristine QDs, suggesting that TMeOPPO-p could interact with QDs and end up on the QD surface (Fig. 2h).
results	while	Notably, the #H NMR spectra of the target QDs showed a higher chemical shift, while the #P NMR spectra of the target QDs showed a lower chemical shift.	1	1	10.1038/s41467-025-63684-9	Notably, the 1H NMR spectra of the target QDs showed a higher chemical shift, while the 31P NMR spectra of the target QDs showed a lower chemical shift.
results	but	This process not only formed a sigma coordination bond but also allowed the d orbitals of the Pb atom to interact with the π*-antibonding orbital of the double bond, creating a π backbonding.	1	1	10.1038/s41467-025-63684-9	This process not only formed a sigma coordination bond but also allowed the d orbitals of the Pb atom to interact with the π*-antibonding orbital of the double bond, creating a π backbonding.
results	although	Although the target QDs showed lower surface ligand density, no slight aggregations were observed.	1	1	10.1038/s41467-025-63684-9	Although the target QDs showed lower surface ligand density, no slight aggregations were observed.
introduction	however	However, CP-LEDs with both a high electroluminescence dissymmetric factor (gEL) and a high external quantum efficiency (EQE) are considerably challenging to realize (Supplementary Note #), limiting their potential utilization.	1	1	10.1038/s41467-025-57472-8	However, CP-LEDs with both a high electroluminescence dissymmetric factor (gEL) and a high external quantum efficiency (EQE) are considerably challenging to realize (Supplementary Note 1), limiting their potential utilization.
introduction	despite	CISS effect of chiral perovskites efficiently generates a dissymmetric population of spin-polarized carriers, and this electrical spin-selective process can potentially amplify chiroptoelectronic properties of resulting devices despite the inferior chiroptic properties of chiral perovskites themselves, offering opportunities for high-performance LEDs with direct CPL emission.	1	1	10.1038/s41467-025-57472-8	CISS effect of chiral perovskites efficiently generates a dissymmetric population of spin-polarized carriers, and this electrical spin-selective process can potentially amplify chiroptoelectronic properties of resulting devices despite the inferior chiroptic properties of chiral perovskites themselves, offering opportunities for high-performance LEDs with direct CPL emission.
results	however	However, solely relying on the natural competition between the original OAc/OAm ligands and the sequentially introduced chiral ligands (this strategy refers to ligand exchange strategy without US treatment herein) potentially yields limited ligand exchange efficiency.	1	1	10.1038/s41467-025-57472-8	However, solely relying on the natural competition between the original OAc/OAm ligands and the sequentially introduced chiral ligands (this strategy refers to ligand exchange strategy without US treatment herein) potentially yields limited ligand exchange efficiency.
results	while	More importantly, chiral PQDs with US treatment exhibit much-enhanced chiroptic properties when compared with those of chiral PQDs without US treatment (Fig. #b, c) while their corresponding gabs and glum values are also significantly higher (Fig. #d, e).	1	1	10.1038/s41467-025-57472-8	More importantly, chiral PQDs with US treatment exhibit much-enhanced chiroptic properties when compared with those of chiral PQDs without US treatment (Fig. 1b, c) while their corresponding gabs and glum values are also significantly higher (Fig. 1d, e).
results	despite	Such a result demonstrates the efficient spin selectivity of thin-film R-PQDs with US treatment despite their inferior chiroptic properties (Fig. #d, e), which potentially results in amplified chiroptoelectronic properties in devices.	1	1	10.1038/s41467-025-57472-8	Such a result demonstrates the efficient spin selectivity of thin-film R-PQDs with US treatment despite their inferior chiroptic properties (Fig. 1d, e), which potentially results in amplified chiroptoelectronic properties in devices.
methods	while	Thin-film chiral PQDs were deposited onto K# glasses by spin coating while solutions of chiral PQDs were placed in quartz cuvettes. gabs was calculated by \({g}_{{{\rm{abs}}}}={CD}/#,#\times {{\rm{Abs}}}\) where CD (mdeg) represents the difference of absorbance between left-hand and right-hand CPL and Abs is the absorbance. glum was calculated by \({g}_{{{\rm{lum}}}}=#\times \left({I}_{{{\rm{PL}}}-{{\rm{L}}}}-{I}_{{{\rm{PL}}}-{{\rm{R}}}}\right)/({I}_{{{\rm{PL}}}-{{\rm{L}}}}+{I}_{{{\rm{PL}}}-{{\rm{R}}}})\) where IPL-L and IPL-R are the intensity of left- and right-handed CPL from PL spectra, respectively. gEL was calculated by \({g}_{{{\rm{EL}}}}=#\times \left({I}_{{{\rm{EL}}}-{{\rm{L}}}}-{I}_{{{\rm{EL}}}-{{\rm{R}}}}\right)/({I}_{{{\rm{EL}}}-{{\rm{L}}}}+{I}_{{{\rm{EL}}}-{{\rm{R}}}})\) where IEL-L and IEL-R are the intensity of left- and right-handed CPL from EL spectra, respectively. mCP-AFM measurements were carried out with a Bruker Dimension Icon.	1	1	10.1038/s41467-025-57472-8	Thin-film chiral PQDs were deposited onto K9 glasses by spin coating while solutions of chiral PQDs were placed in quartz cuvettes. gabs was calculated by \({g}_{{{\rm{abs}}}}={CD}/32,980\times {{\rm{Abs}}}\) where CD (mdeg) represents the difference of absorbance between left-hand and right-hand CPL and Abs is the absorbance. glum was calculated by \({g}_{{{\rm{lum}}}}=2\times \left({I}_{{{\rm{PL}}}-{{\rm{L}}}}-{I}_{{{\rm{PL}}}-{{\rm{R}}}}\right)/({I}_{{{\rm{PL}}}-{{\rm{L}}}}+{I}_{{{\rm{PL}}}-{{\rm{R}}}})\) where IPL-L and IPL-R are the intensity of left- and right-handed CPL from PL spectra, respectively. gEL was calculated by \({g}_{{{\rm{EL}}}}=2\times \left({I}_{{{\rm{EL}}}-{{\rm{L}}}}-{I}_{{{\rm{EL}}}-{{\rm{R}}}}\right)/({I}_{{{\rm{EL}}}-{{\rm{L}}}}+{I}_{{{\rm{EL}}}-{{\rm{R}}}})\) where IEL-L and IEL-R are the intensity of left- and right-handed CPL from EL spectra, respectively. mCP-AFM measurements were carried out with a Bruker Dimension Icon.
abstract	despite	Despite the rapid advance of green PeLEDs, red ones remain a considerable challenge because of the inferior photophysical properties of vacuum-deposited red-light-emitting materials.	1	1	10.1038/s41377-025-01740-1	Despite the rapid advance of green PeLEDs, red ones remain a considerable challenge because of the inferior photophysical properties of vacuum-deposited red-light-emitting materials.
introduction	despite	Despite the significant progress achieved in external quantum efficiency (EQE) and brightness, the state-of-the-art PeLEDs are mainly fabricated by solution-processed spin coating, which is limited by laboratory-scale functional area.	1	1	10.1038/s41377-025-01740-1	Despite the significant progress achieved in external quantum efficiency (EQE) and brightness, the state-of-the-art PeLEDs are mainly fabricated by solution-processed spin coating, which is limited by laboratory-scale functional area.
introduction	although	Although numerous approaches have been employed for defect passivation, the EQE of vacuum-deposited red PeLEDs is still limited to #% and lags behind that of vacuum-deposited green PeLEDs.	1	1	10.1038/s41377-025-01740-1	Although numerous approaches have been employed for defect passivation, the EQE of vacuum-deposited red PeLEDs is still limited to 1.96% and lags behind that of vacuum-deposited green PeLEDs.
results	while	Due to the inductive effect, the calculated permanent dipole moment of #-F-TPPO (# Debye) is larger than that of TPPO (# Debye) while the dipole moments of both #-F-TPPO and #-F-TPPO are smaller than those of TPPO.	1	1	10.1038/s41377-025-01740-1	Due to the inductive effect, the calculated permanent dipole moment of 2-F-TPPO (5.05 Debye) is larger than that of TPPO (4.16 Debye) while the dipole moments of both 3-F-TPPO and 4-F-TPPO are smaller than those of TPPO.
results	despite	Despite the relatively short research time and few published studies, inspiring advancements have been achieved in the vacuum-deposited PeLEDs.	1	1	10.1038/s41377-025-01740-1	Despite the relatively short research time and few published studies, inspiring advancements have been achieved in the vacuum-deposited PeLEDs.
abstract	but	Blue perovskite quantum dot light-emitting diodes (QLEDs) are highly attractive for new generation high-definition displays, but their practical deployment is hindered by severe efficiency roll-off at high brightness (># cd m−²) while maintaining high color purity (CIEy < #).	1	1	10.1038/s41377-026-02231-7	Blue perovskite quantum dot light-emitting diodes (QLEDs) are highly attractive for new generation high-definition displays, but their practical deployment is hindered by severe efficiency roll-off at high brightness (>4000 cd m−²) while maintaining high color purity (CIEy < 0.1).
abstract	while	The [PF₆]− anions coordinate with lead dangling bonds, cesium sites, and weaken coupling, while [EMIM]⁺ cations suppress bromine-related defects and inhibit Auger recombination, collectively reducing exciton quenching pathways.	1	1	10.1038/s41377-026-02231-7	The [PF₆]− anions coordinate with lead dangling bonds, cesium sites, and weaken coupling, while [EMIM]⁺ cations suppress bromine-related defects and inhibit Auger recombination, collectively reducing exciton quenching pathways.
introduction	however	However, this performance is typically accompanied by poor color purity—most efficient devices exhibit a Commission International de l’Eclairage coordinates of y (CIEy) > #, far below the Rec. # standard for blue.	1	1	10.1038/s41377-026-02231-7	However, this performance is typically accompanied by poor color purity—most efficient devices exhibit a Commission International de l’Eclairage coordinates of y (CIEy) > 0.1, far below the Rec. 2020 standard for blue.
introduction	but	While these approaches have yielded incremental gains, they often introduce new problems: compositional inhomogeneity leads to spectral instability, while insulating ligands improve passivation but hinder carrier injection and film conductivity.	1	1	10.1038/s41377-026-02231-7	While these approaches have yielded incremental gains, they often introduce new problems: compositional inhomogeneity leads to spectral instability, while insulating ligands improve passivation but hinder carrier injection and film conductivity.
results	while	These results indicate that [PF#]− ions effectively passivates lead- and cesium-related defects, while [EMIM]⁺ ions targets bromine-related defects, collectively stabilizing the QD surface (Fig. #a).	1	1	10.1038/s41377-026-02231-7	These results indicate that [PF6]− ions effectively passivates lead- and cesium-related defects, while [EMIM]⁺ ions targets bromine-related defects, collectively stabilizing the QD surface (Fig. 1a).
results	but	EMM-QDs had a higher degree of order compared to control QDs, but the interparticle coupling still exists (Fig. #c; Supplementary Figs.	1	1	10.1038/s41377-026-02231-7	EMM-QDs had a higher degree of order compared to control QDs, but the interparticle coupling still exists (Fig. 2c; Supplementary Figs.
results	whereas	S#b), whereas EMMPF-QDs displayed the highest degree of order of # and resisted electron irradiation (Fig. #a–d; Supplementary Figs.	1	1	10.1038/s41377-026-02231-7	S7b), whereas EMMPF-QDs displayed the highest degree of order of 0.94 and resisted electron irradiation (Fig. 2a–d; Supplementary Figs.
results	yet	The EMMPF-QDs retained strong quantum confinement yet exhibited a narrower photoluminescence (PL) spectrum (peak = # nm, FWHM = # nm) (Fig. #e, f; Supplementary Figs.	1	1	10.1038/s41377-026-02231-7	The EMMPF-QDs retained strong quantum confinement yet exhibited a narrower photoluminescence (PL) spectrum (peak = 475 nm, FWHM = 26 nm) (Fig. 2e, f; Supplementary Figs.
results	despite	Despite this, the PF-QD-based LED exhibited a turn-on voltage of # V, lower than the LED based on the control QDs of # V, and enhanced current density, suggesting improved conductivity and reduced trap states (Supplementary Fig.	1	1	10.1038/s41377-026-02231-7	Despite this, the PF-QD-based LED exhibited a turn-on voltage of 3.2 V, lower than the LED based on the control QDs of 3.6 V, and enhanced current density, suggesting improved conductivity and reduced trap states (Supplementary Fig.
results	however	However, its efficiency roll-off remained substantial: when the luminance reached # cd m−#, EQE had dropped to #% of peak (Supplementary Fig.	1	1	10.1038/s41377-026-02231-7	However, its efficiency roll-off remained substantial: when the luminance reached 1828 cd m−2, EQE had dropped to 93% of peak (Supplementary Fig.
abstract	however	However, fabricating the emissive perovskite quantum dot (QD) layer typically requires a protective atmosphere due to its air sensitivity, thereby increasing production costs and limiting industrial scalability.	1	1	10.1038/s41377-026-02247-z	However, fabricating the emissive perovskite quantum dot (QD) layer typically requires a protective atmosphere due to its air sensitivity, thereby increasing production costs and limiting industrial scalability.
abstract	while	The trifluoromethanesulfonic acid anions (OTf−) hydrogen bond with FA+, inhibiting its detachment and passivating the uncoordinated Pb#+, while the tetraalkylammonium cations (NR#+) serve as X-type ligands to inhibit deprotonation.	1	1	10.1038/s41377-026-02247-z	The trifluoromethanesulfonic acid anions (OTf−) hydrogen bond with FA+, inhibiting its detachment and passivating the uncoordinated Pb2+, while the tetraalkylammonium cations (NR4+) serve as X-type ligands to inhibit deprotonation.
introduction	however	However, perovskite QLEDs face critical challenges in industrialisation because their active QD layers suffer environmental sensitivity and require inert gas protection.	1	1	10.1038/s41377-026-02247-z	However, perovskite QLEDs face critical challenges in industrialisation because their active QD layers suffer environmental sensitivity and require inert gas protection.
introduction	nevertheless	Nevertheless, FAPbBr# QDs are extremely sensitive to ambient air.	1	1	10.1038/s41377-026-02247-z	Nevertheless, FAPbBr3 QDs are extremely sensitive to ambient air.
results	whereas	Among the cations, TBA+ yielded the highest PLQY in air-processed QD films, whereas among the anions, OTf− proved more effective.	1	1	10.1038/s41377-026-02247-z	Among the cations, TBA+ yielded the highest PLQY in air-processed QD films, whereas among the anions, OTf− proved more effective.
results	while	In these plots, regions of charge accumulation were shown in yellow, while charge depletion was depicted in blue.	1	1	10.1038/s41377-026-02247-z	In these plots, regions of charge accumulation were shown in yellow, while charge depletion was depicted in blue.
results	however	However, the broadening of the main diffraction peaks suggested that TBAOTf suppressed the growth of QDs during spin coating in ambient air.	1	1	10.1038/s41377-026-02247-z	However, the broadening of the main diffraction peaks suggested that TBAOTf suppressed the growth of QDs during spin coating in ambient air.
introduction	yet	Pure-red perovskite light-emitting diodes (PeLEDs), critical for ultrahigh-definition displays, have recently demonstrated color purity conforming to the Rec. # standard and external quantum efficiencies (EQE) exceeding #%, yet they still trail behind state-of-the-art organic LEDs (OLEDs).	1	1	10.1038/s41377-026-02184-x	Pure-red perovskite light-emitting diodes (PeLEDs), critical for ultrahigh-definition displays, have recently demonstrated color purity conforming to the Rec. 2020 standard and external quantum efficiencies (EQE) exceeding 25%, yet they still trail behind state-of-the-art organic LEDs (OLEDs).
introduction	however	However, integrating these colloidal systems into functional films confronts interrelated challenges.	1	1	10.1038/s41377-026-02184-x	However, integrating these colloidal systems into functional films confronts interrelated challenges.
introduction	while	Achieving precise control over crystallographic orientation during film formation remains technologically elusive, while ligand desorption frequently occurs, resulting in defect proliferation and PLQY decrease.	1	1	10.1038/s41377-026-02184-x	Achieving precise control over crystallographic orientation during film formation remains technologically elusive, while ligand desorption frequently occurs, resulting in defect proliferation and PLQY decrease.
results	although	Although both #-NMA and the commonly used #-naphthalene methylamine (#-NMA) share similar chemical compositions, their distinct substitution patterns lead to notable differences in the resulting perovskite structures and properties.	1	1	10.1038/s41377-026-02184-x	Although both 2-NMA and the commonly used 1-naphthalene methylamine (1-NMA) share similar chemical compositions, their distinct substitution patterns lead to notable differences in the resulting perovskite structures and properties.
results	while	Importantly, the terminal ammonium group of #-NMA encountered reduced steric hindrance during crystallization, while the naphthalene moiety promoted enhanced π–π stacking between adjacent layers.	1	1	10.1038/s41377-026-02184-x	Importantly, the terminal ammonium group of 2-NMA encountered reduced steric hindrance during crystallization, while the naphthalene moiety promoted enhanced π–π stacking between adjacent layers.
results	whereas	TEM characterization on the detached crystals revealed that #-NMA yielded irregularly shaped perovskite crystals (Fig. #f), whereas #-NMA facilitated the formation of well-defined nanosheets (Fig. #g) with a cubic-phase inorganic framework aligned along the [#] zone axis, as confirmed by the high-resolution TEM (HRTEM) and fast Fourier transform (FFT) analysis (Fig.	1	1	10.1038/s41377-026-02184-x	TEM characterization on the detached crystals revealed that 1-NMA yielded irregularly shaped perovskite crystals (Fig. 1f), whereas 2-NMA facilitated the formation of well-defined nanosheets (Fig. 1g) with a cubic-phase inorganic framework aligned along the [110] zone axis, as confirmed by the high-resolution TEM (HRTEM) and fast Fourier transform (FFT) analysis (Fig.
results	but	This conjugated network not only templated the growth of quasi-#D layered crystals but also promoted charge transport along the stacking direction.	1	1	10.1038/s41377-026-02184-x	This conjugated network not only templated the growth of quasi-2D layered crystals but also promoted charge transport along the stacking direction.
abstract	however	However the development of green-emitting InP-based QLEDs still remains a great challenge to the environmental preparation of InP quantum dots (QDs) and superior device performance.	1	1	10.1038/s41377-022-00855-z	However the development of green-emitting InP-based QLEDs still remains a great challenge to the environmental preparation of InP quantum dots (QDs) and superior device performance.
introduction	however	Nowadays the cadmium chalcogenide-based quantum dots (QDs) and QLEDs have made great achievement which has already devoted in application; however the intrinsic toxicity of Cd might inhibit their further development according to the restriction of hazardous substances directive.	1	1	10.1038/s41377-022-00855-z	Nowadays the cadmium chalcogenide-based quantum dots (QDs) and QLEDs have made great achievement which has already devoted in application; however the intrinsic toxicity of Cd might inhibit their further development according to the restriction of hazardous substances directive.
introduction	although	Although the GaP inner shell layer mitigated the lattice mismatch to a degree there still existed a large mismatch between InP core and GaP layer.	1	1	10.1038/s41377-022-00855-z	Although the GaP inner shell layer mitigated the lattice mismatch to a degree there still existed a large mismatch between InP core and GaP layer.
introduction	despite	Up to now despite a lot of works on multi shell design in InP-based QDs the optical performance of QDs was still not ideal especially their FWHM was usually more than # nm.	1	1	10.1038/s41377-022-00855-z	Up to now despite a lot of works on multi shell design in InP-based QDs the optical performance of QDs was still not ideal especially their FWHM was usually more than 35 nm.
introduction	whereas	As a consequence the holes’ mobility was facilitated whereas the electrons’ mobility was inhibited.	1	1	10.1038/s41377-022-00855-z	As a consequence the holes’ mobility was facilitated whereas the electrons’ mobility was inhibited.
results	but	Meanwhile we noted that the large lattice mismatch between InP core and ZnS outer shell in InP/ZnS QDs not only led to large stress at the interface between them but also produced additional defects and thus abated the optical properties of QDs.	1	1	10.1038/s41377-022-00855-z	Meanwhile we noted that the large lattice mismatch between InP core and ZnS outer shell in InP/ZnS QDs not only led to large stress at the interface between them but also produced additional defects and thus abated the optical properties of QDs.
results	while	It was found that no impurity phase had been observed while changing the composition of the ZnSexS₁₋x inner shell and the X-ray diffraction (XRD) patterns of InP/ZnSexS₁₋x fitted well with the standard InP ZnSe ZnS PDF cards (Fig. #b).	1	1	10.1038/s41377-022-00855-z	It was found that no impurity phase had been observed while changing the composition of the ZnSexS₁₋x inner shell and the X-ray diffraction (XRD) patterns of InP/ZnSexS₁₋x fitted well with the standard InP ZnSe ZnS PDF cards (Fig. 1b).
results	yet	The number of Se and S elements were not similar to the feed ratio yet remained coordinated tendency with it.	1	1	10.1038/s41377-022-00855-z	The number of Se and S elements were not similar to the feed ratio yet remained coordinated tendency with it.
results	however	However as we regulated the single shell to the gradient alloyed shell ZnSexS₁₋x the shape of QDs gradually became uniform and featured a spherical shape especially when x = # as shown in Fig. #d.	1	1	10.1038/s41377-022-00855-z	However as we regulated the single shell to the gradient alloyed shell ZnSexS₁₋x the shape of QDs gradually became uniform and featured a spherical shape especially when x = 0.7 as shown in Fig. 1d.
results	whereas	As a result the fast decay process was considered as band-edge emission because of the large overlap of electrons and holes whereas the slow decay process was considered as trap emission.	1	1	10.1038/s41377-022-00855-z	As a result the fast decay process was considered as band-edge emission because of the large overlap of electrons and holes whereas the slow decay process was considered as trap emission.
results	while	After efficiency elevation the accumulated acetates at the interface further spread into the Ag layer (red arrow bottom of Fig. #c) while signals of other species remain unaffected in the aged device (Supplementary Fig. #).	1	1	10.1038/s41467-023-43340-w	After efficiency elevation the accumulated acetates at the interface further spread into the Ag layer (red arrow bottom of Fig. 5c) while signals of other species remain unaffected in the aged device (Supplementary Fig. 7).
discussion	while	While the above findings suggest an inherent instability of the ZnO/Ag interface we highlight that whether its degradation would lead to the efficiency elevation of a QLED depends on two factors.	1	1	10.1038/s41467-023-43340-w	While the above findings suggest an inherent instability of the ZnO/Ag interface we highlight that whether its degradation would lead to the efficiency elevation of a QLED depends on two factors.
methods	while	While performing a standard AC mode scan to acquire the topography and phase signal of the sample an AC voltage (typically # V in amplitude and # kHz in frequency) and a DC voltage were applied to the tip.	1	1	10.1038/s41467-023-43340-w	While performing a standard AC mode scan to acquire the topography and phase signal of the sample an AC voltage (typically 3 V in amplitude and 1 kHz in frequency) and a DC voltage were applied to the tip.
abstract	although	Here we report that although state-of-the-art blue quantum dots with monotonically-graded core/shell/shell structures feature near-unity photoluminescence quantum efficiency and efficient charge injection the significant surface-bulk coupling at the quantum-dot level revealed by the abnormal dipolar excited state magnifies the impact of surface localized charges and limits operational lifetimes.	1	1	10.1038/s41467-023-35954-x	Here we report that although state-of-the-art blue quantum dots with monotonically-graded core/shell/shell structures feature near-unity photoluminescence quantum efficiency and efficient charge injection the significant surface-bulk coupling at the quantum-dot level revealed by the abnormal dipolar excited state magnifies the impact of surface localized charges and limits operational lifetimes.
introduction	however	However as a general challenge faced by solution-processable emitters the electroluminescence stability of blue QDs has not met the industrialization standard.	1	1	10.1038/s41467-023-35954-x	However as a general challenge faced by solution-processable emitters the electroluminescence stability of blue QDs has not met the industrialization standard.
results	despite	Therefore the Q#-based QLED exhibits external quantum efficiency (EQE) of #% and a T₉₅ lifetime (L₀ = #,# cd m⁻², λ = # nm) of # h (see Fig. #b and Supplementary Fig. #b) close to the best results reported so far despite shorter emission wavelength.	1	1	10.1038/s41467-023-35954-x	Therefore the Q1-based QLED exhibits external quantum efficiency (EQE) of 19.2% and a T₉₅ lifetime (L₀ = 1,000 cd m⁻², λ = 474 nm) of 47 h (see Fig. 1b and Supplementary Fig. 5b) close to the best results reported so far despite shorter emission wavelength.
results	however	However surface-associated transitions are intrinsic to Cd-based chalcogenide QDs despite perfect ligand passivation.	1	1	10.1038/s41467-023-35954-x	However surface-associated transitions are intrinsic to Cd-based chalcogenide QDs despite perfect ligand passivation.
results	while	For example computational results predict that increasing the core size while maintaining the shell parameters can keep the exciton wavefunction away from the surface.	1	1	10.1038/s41467-023-35954-x	For example computational results predict that increasing the core size while maintaining the shell parameters can keep the exciton wavefunction away from the surface.
results	but	Compared with the most stable blue QLEDs reported in the literature Q#- and Q#-based devices show similar CIE-y values but over three times the operational lifetimes (see Fig. #e).	1	1	10.1038/s41467-023-35954-x	Compared with the most stable blue QLEDs reported in the literature Q2- and Q3-based devices show similar CIE-y values but over three times the operational lifetimes (see Fig. 3e).
results	although	As summarized in Fig. #g although all the enclosed QDs share the same outer shell and surface configuration those with larger de₋h/rc values generally show faster spectral redshift and charge-induced QD degradation.	1	1	10.1038/s41467-023-35954-x	As summarized in Fig. 4g although all the enclosed QDs share the same outer shell and surface configuration those with larger de₋h/rc values generally show faster spectral redshift and charge-induced QD degradation.
abstract	however	However the implementation of such devices has been hampered by fast Auger recombination of gain-active multicarrier states poor stability of QD films at high current densities and the difficulty to obtain net optical gain in a complex device stack wherein a thin electroluminescent QD layer is combined with optically lossy charge-conducting layers.	1	1	10.1038/s41586-023-05855-6	However the implementation of such devices has been hampered by fast Auger recombination of gain-active multicarrier states poor stability of QD films at high current densities and the difficulty to obtain net optical gain in a complex device stack wherein a thin electroluminescent QD layer is combined with optically lossy charge-conducting layers.
results	but	In this study we use an optical gain medium based on a revised version of continuously graded QDs (cg-QDs) which are similar to our previously introduced CdSe/Cd₁₋xZnxSe cg-QDs but feature a reduced thickness of the graded layer.	1	1	10.1038/s41586-023-05855-6	In this study we use an optical gain medium based on a revised version of continuously graded QDs (cg-QDs) which are similar to our previously introduced CdSe/Cd₁₋xZnxSe cg-QDs but feature a reduced thickness of the graded layer.
results	despite	Despite its reduced thickness the compact graded shell allows for highly effective suppression of Auger decay which leads to a long biexciton Auger lifetime (τXXA = # ns) and a correspondingly high biexciton emission quantum yield of #% (Supplementary Fig. #).	1	1	10.1038/s41586-023-05855-6	Despite its reduced thickness the compact graded shell allows for highly effective suppression of Auger decay which leads to a long biexciton Auger lifetime (τXXA = 1.9 ns) and a correspondingly high biexciton emission quantum yield of 38% (Supplementary Fig. 2).
results	although	Although it is slightly lower than Gmod₁S light absorption in the top Ag electrode and unaccounted light scattering at imperfections within the waveguide increase the overall optical loss such that it becomes greater than modal gain which suppresses ASE.	1	1	10.1038/s41586-023-05855-6	Although it is slightly lower than Gmod₁S light absorption in the top Ag electrode and unaccounted light scattering at imperfections within the waveguide increase the overall optical loss such that it becomes greater than modal gain which suppresses ASE.
results	however	However it is less of a problem with our ccg-QDs because owing to impeded Auger decay these QDs show high emission efficiencies for both singly and doubly negatively charged excitons (Supplementary Fig. #).	1	1	10.1038/s41586-023-05855-6	However it is less of a problem with our ccg-QDs because owing to impeded Auger decay these QDs show high emission efficiencies for both singly and doubly negatively charged excitons (Supplementary Fig. 2).
results	whereas	In particular owing to the onset of ASE edge-emitted EL shows spectrally non-uniform intensity growth whereas such spectral non-uniformity is absent in the surface emission.	1	1	10.1038/s41586-023-05855-6	In particular owing to the onset of ASE edge-emitted EL shows spectrally non-uniform intensity growth whereas such spectral non-uniformity is absent in the surface emission.
methods	while	While adding solution B Zn-oleate (# M) solution was promptly injected three times at #, # and # min in the amounts of #, # and # ml respectively.	1	1	10.1038/s41586-023-05855-6	While adding solution B Zn-oleate (0.5 M) solution was promptly injected three times at 18.75, 52.5 and 67.5 min in the amounts of 2, 4 and 2 ml respectively.
methods	however	However the standard HIL/HTL combination leads to large optical losses that are mitigated here using the new design of the hole-injection device part.	1	1	10.1038/s41586-023-05855-6	However the standard HIL/HTL combination leads to large optical losses that are mitigated here using the new design of the hole-injection device part.
abstract	however	However the poor stability of the blue ones particularly pure blue color is hindering the commercialization of full-color quantum-dot light-emitting diode technology.	1	1	10.1038/s41467-024-44894-z	However the poor stability of the blue ones particularly pure blue color is hindering the commercialization of full-color quantum-dot light-emitting diode technology.
introduction	however	However for blue QD-LEDs particularly pure blue ones although the state-of-the-art T₅₀ lifetime (@# cd m⁻²) of sky blue (#-# nm) QD-LEDs has surpassed #,# h the T₅₀ lifetime for pure blue (#-# nm) QD-LEDs is only #,# h falling short of the criteria for display applications.	1	1	10.1038/s41467-024-44894-z	However for blue QD-LEDs particularly pure blue ones although the state-of-the-art T₅₀ lifetime (@100 cd m⁻²) of sky blue (466-480 nm) QD-LEDs has surpassed 50,000 h the T₅₀ lifetime for pure blue (455-465 nm) QD-LEDs is only 15,850 h falling short of the criteria for display applications.
introduction	yet	This strategy allows us to fabricate QD-LEDs with peak EQEs of #% and long operational lifetimes of more than #,# h at # cd m⁻² - both are state-of-the-art values yet reported for solution-processed pure blue QD-LEDs.	1	1	10.1038/s41467-024-44894-z	This strategy allows us to fabricate QD-LEDs with peak EQEs of 23% and long operational lifetimes of more than 41,000 h at 100 cd m⁻² - both are state-of-the-art values yet reported for solution-processed pure blue QD-LEDs.
results	however	However pure blue devices with simultaneous high stability and high EQE are yet to be demonstrated.	1	1	10.1038/s41467-024-44894-z	However pure blue devices with simultaneous high stability and high EQE are yet to be demonstrated.
results	but	But less is realized that PBO has a deep valence band (−# eV # eV deeper than TFB) and a high hole mobility (μh ~ # × #⁻³ cm² V⁻¹ s⁻¹) (Fig. #c and Supplementary Fig. #).	1	1	10.1038/s41467-024-44894-z	But less is realized that PBO has a deep valence band (−5.88 eV 0.52 eV deeper than TFB) and a high hole mobility (μh ~ 1.14 × 10⁻³ cm² V⁻¹ s⁻¹) (Fig. 1c and Supplementary Fig. 3).
results	although	Although those two devices show a similar turn-on voltage (# V) the brightness in QD-LEDs with PBO is about #-fold that of the device without PBO under the same current density (~# V ~# mA cm⁻²).	1	1	10.1038/s41467-024-44894-z	Although those two devices show a similar turn-on voltage (3.2 V) the brightness in QD-LEDs with PBO is about 2.6-fold that of the device without PBO under the same current density (~5.8 V ~287 mA cm⁻²).
results	while	The reduced hole accumulation in the HTL can prevent the oxidation of HTL while higher charge carrier concentration in the QD layer increases the recombination probability.	1	1	10.1038/s41467-024-44894-z	The reduced hole accumulation in the HTL can prevent the oxidation of HTL while higher charge carrier concentration in the QD layer increases the recombination probability.
introduction	however	However the toxicity of Cd-based QDs poses potential risks to the environment and human health limiting their prospects for industrial applications.	1	1	10.1038/s41467-025-59527-2	However the toxicity of Cd-based QDs poses potential risks to the environment and human health limiting their prospects for industrial applications.
introduction	nevertheless	Nevertheless compared to Cd-based QLEDs heavy-metal-free red QLEDs still face challenges in terms of efficiency stability and luminance.	1	1	10.1038/s41467-025-59527-2	Nevertheless compared to Cd-based QLEDs heavy-metal-free red QLEDs still face challenges in terms of efficiency stability and luminance.
introduction	although	Although significant progress has been made in the synthesis of heavy-metal-free QDs achieving uniform and dense QD films through spin-coating remains a challenge.	1	1	10.1038/s41467-025-59527-2	Although significant progress has been made in the synthesis of heavy-metal-free QDs achieving uniform and dense QD films through spin-coating remains a challenge.
introduction	while	While multicomponent inks can suppress intense solutal Marangoni flows by lowering the solvent evaporation rate challenges remain in achieving dense uniform and ordered nanoparticle films as the evaporation rate increases.	1	1	10.1038/s41467-025-59527-2	While multicomponent inks can suppress intense solutal Marangoni flows by lowering the solvent evaporation rate challenges remain in achieving dense uniform and ordered nanoparticle films as the evaporation rate increases.
introduction	but	The addition of surfactants is an effective method for achieving uniform films but it compromises device performance.	1	1	10.1038/s41467-025-59527-2	The addition of surfactants is an effective method for achieving uniform films but it compromises device performance.
results	while	Compared to spin-coating deposition our approach provides a slower and more controlled solvent evaporation rate while disordered internal liquid flows are suppressed.	1	1	10.1038/s41467-025-59527-2	Compared to spin-coating deposition our approach provides a slower and more controlled solvent evaporation rate while disordered internal liquid flows are suppressed.
results	however	However different from the chaotic internal flows with uncontrollable and non-regular TPCL (assembly edge) in evaporative droplets our design facilitates a directional and stable #D internal flow and assembly edge which ensures regulated mass transfer along the width direction (Supplementary Fig. #a).	1	1	10.1038/s41467-025-59527-2	However different from the chaotic internal flows with uncontrollable and non-regular TPCL (assembly edge) in evaporative droplets our design facilitates a directional and stable 2D internal flow and assembly edge which ensures regulated mass transfer along the width direction (Supplementary Fig. 4a).
results	although	Although the turn-on voltages of the two devices are similar (# V) at the same current density ( ~# V ~# mA cm⁻²) the luminance of the QLED with the uniform film is about twice that of the QLED with the rough film.	1	1	10.1038/s41467-025-59527-2	Although the turn-on voltages of the two devices are similar (2.0 V) at the same current density ( ~2.4 V ~3.6 mA cm⁻²) the luminance of the QLED with the uniform film is about twice that of the QLED with the rough film.
results	but	These results indicate that QLEDs with uniform dense QD films not only achieve higher electron-hole radiative recombination rates but also significantly suppress charge leakage.	1	1	10.1038/s41467-025-59527-2	These results indicate that QLEDs with uniform dense QD films not only achieve higher electron-hole radiative recombination rates but also significantly suppress charge leakage.
methods	while	Heptane (#%) n-octane (#%) and #-propanol (#%) were sourced from Innochem while high-purity n-hexane ethanol acetone toluene and chlorobenzene were obtained from China National Pharmaceutical Group Corporation.	1	1	10.1038/s41467-025-59527-2	Heptane (99%) n-octane (99%) and 2-propanol (99.5%) were sourced from Innochem while high-purity n-hexane ethanol acetone toluene and chlorobenzene were obtained from China National Pharmaceutical Group Corporation.
abstract	however	However to create high-resolution and large-area displays a pixel integration method is required which can deposit quantum dot arrays on an active-matrix backplane and maintain uniformity and precision without colour cross-contamination.	1	1	10.1038/s41928-026-01670-9	However to create high-resolution and large-area displays a pixel integration method is required which can deposit quantum dot arrays on an active-matrix backplane and maintain uniformity and precision without colour cross-contamination.
introduction	however	However to achieve a large-area and high-resolution full-colour display based on QD-LED technology millions of red green and blue (RGB) pixels must be integrated on an active-matrix (AM) display backplane.	1	1	10.1038/s41928-026-01670-9	However to achieve a large-area and high-resolution full-colour display based on QD-LED technology millions of red green and blue (RGB) pixels must be integrated on an active-matrix (AM) display backplane.
introduction	but	For example cadmium (Cd)-based QDs achieve high device performance but their use raises concerns regarding occupational safety end-of-life disposal and regulatory compliance.	1	1	10.1038/s41928-026-01670-9	For example cadmium (Cd)-based QDs achieve high device performance but their use raises concerns regarding occupational safety end-of-life disposal and regulatory compliance.
results	whereas	In conventional TP for QD patterning the primary focus has been on the competing fracture between Fpq and Fqs whereas the role of Fqq has been largely overlooked (Supplementary Fig. #bd).	1	1	10.1038/s41928-026-01670-9	In conventional TP for QD patterning the primary focus has been on the competing fracture between Fpq and Fqs whereas the role of Fqq has been largely overlooked (Supplementary Fig. 5bd).
results	however	However during the pick-up process of small QD pixels (L was less than a few hundred micrometres) Fqq becomes the dominant force in fracture mechanics surpassing both Fpq and Fqs (Supplementary Fig. #ce).	1	1	10.1038/s41928-026-01670-9	However during the pick-up process of small QD pixels (L was less than a few hundred micrometres) Fqq becomes the dominant force in fracture mechanics surpassing both Fpq and Fqs (Supplementary Fig. 5ce).
results	although	In particular although the effective force distribution varies with the stamp contact area and pixel size the dominant fracture-driving mechanism in CATP remains the localized overcoming of the lateral QDQD cohesive force at the pixel boundaries.	1	1	10.1038/s41928-026-01670-9	In particular although the effective force distribution varies with the stamp contact area and pixel size the dominant fracture-driving mechanism in CATP remains the localized overcoming of the lateral QDQD cohesive force at the pixel boundaries.
abstract	however	However the extensively deteriorated QD optical properties deriving from the changes of the QD surface states and/or surroundings set substantial limitations in obtaining high-quality QD patterns and efficient electroluminescent devices.	1	1	10.1038/s41377-026-02246-0	However the extensively deteriorated QD optical properties deriving from the changes of the QD surface states and/or surroundings set substantial limitations in obtaining high-quality QD patterns and efficient electroluminescent devices.
introduction	however	However some of these patterning methods suffer from inevitable drawbacks such as QD degradation complex procedures sophisticated apparatus low fidelity serious pixel crosstalk and poor compatibility with the device preparation process which undoubtedly restrict them in the fabrication of high-quality QD patterns as well as the highly performing pixelated QLEDs.	1	1	10.1038/s41377-026-02246-0	However some of these patterning methods suffer from inevitable drawbacks such as QD degradation complex procedures sophisticated apparatus low fidelity serious pixel crosstalk and poor compatibility with the device preparation process which undoubtedly restrict them in the fabrication of high-quality QD patterns as well as the highly performing pixelated QLEDs.
introduction	despite	Despite the microscale and uniform QD pixels achieved with the ligand crosslinking approach the insulating nature of the polymeric ligands prohibits efficient charge transportation thus hindering the further improvement of the device performance.	1	1	10.1038/s41377-026-02246-0	Despite the microscale and uniform QD pixels achieved with the ligand crosslinking approach the insulating nature of the polymeric ligands prohibits efficient charge transportation thus hindering the further improvement of the device performance.
results	while	While the bound MC ligands on the QD surface could well passivate the bare surface generated by OA removal.	1	1	10.1038/s41377-026-02246-0	While the bound MC ligands on the QD surface could well passivate the bare surface generated by OA removal.
results	however	However the absorption peak intensity of MC dramatically increases upon exposing the SP molecules to the UV light (# nm) accompanied by a decreased peak intensity for the SP signal showcasing the transformation of SP to MC under UV irradiation.	1	1	10.1038/s41377-026-02246-0	However the absorption peak intensity of MC dramatically increases upon exposing the SP molecules to the UV light (365 nm) accompanied by a decreased peak intensity for the SP signal showcasing the transformation of SP to MC under UV irradiation.
results	although	Although substantial works have reported the passivation of QD defects for improved emission efficiency very few studies show the full restoration of the QD optical properties due to other non-radiative recombination losses such as the energy transfer between QDs and the capped photosensitive ligands.	1	1	10.1038/s41377-026-02246-0	Although substantial works have reported the passivation of QD defects for improved emission efficiency very few studies show the full restoration of the QD optical properties due to other non-radiative recombination losses such as the energy transfer between QDs and the capped photosensitive ligands.
methods	while	The projector augmented wave (PAW) method was used to treat the effective interaction of the core electrons and nucleus with the valence electrons while exchange and correlation were described using the Perdew−Burke−Ernzerhof (PBE) functional.	1	1	10.1038/s41377-026-02246-0	The projector augmented wave (PAW) method was used to treat the effective interaction of the core electrons and nucleus with the valence electrons while exchange and correlation were described using the Perdew−Burke−Ernzerhof (PBE) functional.
abstract	however	Recently, finite tunneling magnetoresistance (TMR) has been demonstrated in tunnel junctions with antiferromagnetic electrodes, however, these studies have been mostly limited to junctions with two identical antiferromagnet (AFM) electrodes, where the matching of the spin-split Fermi surfaces played critical role.	1	1	10.1038/s41467-024-52208-6	Recently, finite tunneling magnetoresistance (TMR) has been demonstrated in tunnel junctions with antiferromagnetic electrodes, however, these studies have been mostly limited to junctions with two identical antiferromagnet (AFM) electrodes, where the matching of the spin-split Fermi surfaces played critical role.
abstract	despite	We observe a high TMR at cryogenic temperature (>#% at # K) in these asymmetric AFM tunnel junctions, suggesting a large effective spin polarization from Mn#Sn despite its nearly vanishing magnetization.	1	1	10.1038/s41467-024-52208-6	We observe a high TMR at cryogenic temperature (>100% at 10 K) in these asymmetric AFM tunnel junctions, suggesting a large effective spin polarization from Mn3Sn despite its nearly vanishing magnetization.
introduction	however	However, AFMs have not been widely employed in practical magnetic memory or spin logic devices due to the lack of efficient reading and writing mechanisms.	1	1	10.1038/s41467-024-52208-6	However, AFMs have not been widely employed in practical magnetic memory or spin logic devices due to the lack of efficient reading and writing mechanisms.
introduction	despite	Despite the initial demonstration, sizable TMR ratios have so far only been reported in symmetric antiferromagnetic tunnel junctions (AFMTJs) with two identical electrodes, with the difference in tunneling resistance originated from the matched or mismatched spin-split Fermi surface when the magnetic state in one of the electrodes is changed.	1	1	10.1038/s41467-024-52208-6	Despite the initial demonstration, sizable TMR ratios have so far only been reported in symmetric antiferromagnetic tunnel junctions (AFMTJs) with two identical electrodes, with the difference in tunneling resistance originated from the matched or mismatched spin-split Fermi surface when the magnetic state in one of the electrodes is changed.
introduction	while	Therefore, the band structure can exhibit local spin polarization p(k) for different wave vectors k, while the integration of p(k) over the whole Fermi surface reduces to zero due to the compensated spins in real space.	1	1	10.1038/s41467-024-52208-6	Therefore, the band structure can exhibit local spin polarization p(k) for different wave vectors k, while the integration of p(k) over the whole Fermi surface reduces to zero due to the compensated spins in real space.
results	however	However, when the same device is warmed up to RT and cooled down again, the TMR polarity can show uncorrelated signs from previous thermal cycles, as illustrated in Fig. #b for the TMR measurements from the same device after two thermal cycles.	1	1	10.1038/s41467-024-52208-6	However, when the same device is warmed up to RT and cooled down again, the TMR polarity can show uncorrelated signs from previous thermal cycles, as illustrated in Fig. 3b for the TMR measurements from the same device after two thermal cycles.
results	but	This suggests that the magnetic states of Mn#Sn contributing to TMR are pinned at low temperatures but activated into fluctuated states at RT.	1	1	10.1038/s41467-024-52208-6	This suggests that the magnetic states of Mn3Sn contributing to TMR are pinned at low temperatures but activated into fluctuated states at RT.
results	while	We note that while the polarity of the TMR can be controlled by the cooling field, the magnitude can vary between thermal cycles.	1	1	10.1038/s41467-024-52208-6	We note that while the polarity of the TMR can be controlled by the cooling field, the magnitude can vary between thermal cycles.
results	despite	Despite the that our growth and annealing are all carried out in situ, the top surface of Mn#Sn may incur a certain degree of oxidation during the MgO deposition, which alters the interfacial layer properties, including a significant increase of coercivity.	1	1	10.1038/s41467-024-52208-6	Despite the that our growth and annealing are all carried out in situ, the top surface of Mn3Sn may incur a certain degree of oxidation during the MgO deposition, which alters the interfacial layer properties, including a significant increase of coercivity.
methods	while	The angle of incidence is kept at #° while the #θ angle and the angle of reflection perform a coupled scan.	1	1	10.1038/s41467-024-52208-6	The angle of incidence is kept at 2° while the 2θ angle and the angle of reflection perform a coupled scan.
methods	but	We also fabricate AFMTJs using stacks with post-deposition annealing at # °C but observe only very weak TMR (#%), likely due to Mn diffusion-induced barrier degradation.	1	1	10.1038/s41467-024-52208-6	We also fabricate AFMTJs using stacks with post-deposition annealing at 400 °C but observe only very weak TMR (0.5%), likely due to Mn diffusion-induced barrier degradation.
abstract	but	Traditional MTJs rely on ferromagnetic (FM) materials, but significant improvements in speed and packing density could be enabled by exploiting antiferromagnetic (AFM) compounds instead.	1	1	10.1038/s41467-025-66981-5	Traditional MTJs rely on ferromagnetic (FM) materials, but significant improvements in speed and packing density could be enabled by exploiting antiferromagnetic (AFM) compounds instead.
abstract	despite	Experimental and theoretical analyses reveal a new TMR mechanism associated with interface-driven spin-polarized transport, despite the spin-independent nature of bulk FCGT.	1	1	10.1038/s41467-025-66981-5	Experimental and theoretical analyses reveal a new TMR mechanism associated with interface-driven spin-polarized transport, despite the spin-independent nature of bulk FCGT.
introduction	however	However, these MTJs suffer from large stray fields and are further inhibited by the relatively slow dynamic responses inherent to ferromagnets.	1	1	10.1038/s41467-025-66981-5	However, these MTJs suffer from large stray fields and are further inhibited by the relatively slow dynamic responses inherent to ferromagnets.
introduction	while	While these advances are significant and promising, an important gap remains in the field of AFMTJs: the realization of AFMTJs based on collinear AFM metals.	1	1	10.1038/s41467-025-66981-5	While these advances are significant and promising, an important gap remains in the field of AFMTJs: the realization of AFMTJs based on collinear AFM metals.
introduction	but	A collinear AFMTJ with a large TMR would not only complete the spectrum of available AFMTJs but also assist in a deeper understanding of the fundamental physics underlying antiferromagnets.	1	1	10.1038/s41467-025-66981-5	A collinear AFMTJ with a large TMR would not only complete the spectrum of available AFMTJs but also assist in a deeper understanding of the fundamental physics underlying antiferromagnets.
results	while	FCGT has a so-called A-type collinear AFM stacking, where the magnetic moments within each vdW layer exhibit FM alignment with perpendicular magnetic anisotropy, while the interlayer show AFM coupling.	1	1	10.1038/s41467-025-66981-5	FCGT has a so-called A-type collinear AFM stacking, where the magnetic moments within each vdW layer exhibit FM alignment with perpendicular magnetic anisotropy, while the interlayer show AFM coupling.
results	although	During the AFM-FM transition, although the net magnetic moment undergoes significant changes, the interfacial magnetic moment remains stable, leading to only minor fluctuations in magnetoresistance.	1	1	10.1038/s41467-025-66981-5	During the AFM-FM transition, although the net magnetic moment undergoes significant changes, the interfacial magnetic moment remains stable, leading to only minor fluctuations in magnetoresistance.
results	despite	Interestingly, as the temperature increased, non-volatile TMR behavior appeared above # K with TMRmax coincident with TMRZF in Fig. #b, despite the absence of a pinning layer.	1	1	10.1038/s41467-025-66981-5	Interestingly, as the temperature increased, non-volatile TMR behavior appeared above 80 K with TMRmax coincident with TMRZF in Fig. 4b, despite the absence of a pinning layer.
results	however	However, there is an energy barrier between the M# state and the AFM state; either further decreasing the magnetic field or increasing thermal agitation energy is required to overcome the barrier and then drive FCGT from the M# state to the AFM state.	1	1	10.1038/s41467-025-66981-5	However, there is an energy barrier between the M1 state and the AFM state; either further decreasing the magnetic field or increasing thermal agitation energy is required to overcome the barrier and then drive FCGT from the M1 state to the AFM state.
abstract	while	While the internet of things (IoT) enhances global connectivity through trillions of sensors, the sensory signals are weak and require precise amplification and rapid transmission via thin-film transistor (TFT) interfaces, which must uphold high voltage gain and wide operating frequency range.	1	1	10.1038/s41467-025-67347-7	While the internet of things (IoT) enhances global connectivity through trillions of sensors, the sensory signals are weak and require precise amplification and rapid transmission via thin-film transistor (TFT) interfaces, which must uphold high voltage gain and wide operating frequency range.
introduction	however	However, most if not all demonstrated TFTs operating in subthreshold exhibit low operating frequencies (<# kHz), primarily limited by low current and long channel lengths (># µm) or low channel mobility.	1	1	10.1038/s41467-025-67347-7	However, most if not all demonstrated TFTs operating in subthreshold exhibit low operating frequencies (<1 kHz), primarily limited by low current and long channel lengths (>10 µm) or low channel mobility.
results	but	But, instead expands the depletion envelope towards the drain direction and lowers the carrier density in the drain, like in the conventional TFT.	1	1	10.1038/s41467-025-67347-7	But, instead expands the depletion envelope towards the drain direction and lowers the carrier density in the drain, like in the conventional TFT.
results	while	From the transfer curves, we can see that when LCH is scaled down from # to # nm, the subthreshold characteristics of the MoS# SGT remain almost unchanged while the on-state current slightly increases.	1	1	10.1038/s41467-025-67347-7	From the transfer curves, we can see that when LCH is scaled down from 1000 to 200 nm, the subthreshold characteristics of the MoS2 SGT remain almost unchanged while the on-state current slightly increases.
results	despite	It shows that the fabricated MoS# SGT in this work has high Ai amongst the different TFTs despite the short LCH, demonstrating strong voltage amplification ability and the potential for sustained scaling.	1	1	10.1038/s41467-025-67347-7	It shows that the fabricated MoS2 SGT in this work has high Ai amongst the different TFTs despite the short LCH, demonstrating strong voltage amplification ability and the potential for sustained scaling.
results	although	Although the SGT exhibits a lower fT than previously reported MoS# transistors with comparable channel lengths that employed a top-gate structure optimized for high-frequency operation, this behavior is inherent to its source barrier-controlled conduction mechanism and subthreshold operation of the SGT.	1	1	10.1038/s41467-025-67347-7	Although the SGT exhibits a lower fT than previously reported MoS2 transistors with comparable channel lengths that employed a top-gate structure optimized for high-frequency operation, this behavior is inherent to its source barrier-controlled conduction mechanism and subthreshold operation of the SGT.
results	nevertheless	Nevertheless, future optimization, including shortening the source length, refining the gate-overlapped source region that controls the Schottky barrier injection (as detailed in Supplementary Fig. #), and minimizing parasitic gate-to-source/drain overlaps without affecting the intrinsic SGT operation, could further enhance the high-frequency performance.	1	1	10.1038/s41467-025-67347-7	Nevertheless, future optimization, including shortening the source length, refining the gate-overlapped source region that controls the Schottky barrier injection (as detailed in Supplementary Fig. 15), and minimizing parasitic gate-to-source/drain overlaps without affecting the intrinsic SGT operation, could further enhance the high-frequency performance.
methods	while	The AC performance of our devices was analyzed in terms of S-parameters, from which the current gain (h#) and power gain (Gmax) were calculated. fT was defined as the frequency at which h# reached unity (# dB), while fMAX was defined as the frequency at which Gmax reached # dB.	1	1	10.1038/s41467-025-67347-7	The AC performance of our devices was analyzed in terms of S-parameters, from which the current gain (h21) and power gain (Gmax) were calculated. fT was defined as the frequency at which h21 reached unity (0 dB), while fMAX was defined as the frequency at which Gmax reached 0 dB.
introduction	however	However, the low efficiency and fast degradation of CQDs emission during QLED operation fail to meet the display requirements.	1	1	10.1038/s41467-020-15481-9	However, the low efficiency and fast degradation of CQDs emission during QLED operation fail to meet the display requirements.
introduction	but	With these methods, not only the external quantum efficiency (EQE) over #% has been achieved but also half lifetime of QLED device has reached over #,#,# h.	1	1	10.1038/s41467-020-15481-9	With these methods, not only the external quantum efficiency (EQE) over 20% has been achieved but also half lifetime of QLED device has reached over 2,000,000 h.
introduction	although	For core/shell CQDs, although halide salt can passivate the anion, it is difficult to achieve complete ligand exchange either during the shell synthesis or afterwards in liquid phase.	1	1	10.1038/s41467-020-15481-9	For core/shell CQDs, although halide salt can passivate the anion, it is difficult to achieve complete ligand exchange either during the shell synthesis or afterwards in liquid phase.
introduction	while	M cations are in favor of bonding with the under-coordinated selenium (Se) anion sites, while the X group tends to form bonds with the under-coordinated Zn sites on the CQD surface.	1	1	10.1038/s41467-020-15481-9	M cations are in favor of bonding with the under-coordinated selenium (Se) anion sites, while the X group tends to form bonds with the under-coordinated Zn sites on the CQD surface.
results	while	While both the two coordinated Zn-#C atoms and the three coordinated Se-#C atoms lead to electron traps.	1	1	10.1038/s41467-020-15481-9	While both the two coordinated Zn-2C atoms and the three coordinated Se-3C atoms lead to electron traps.
results	however	However, given the computing efficiency and the little difference between zinc oleate and zinc acetate (Zn(Ac)#) in DFT simulation of ligand passivation, we chose the simpler structural Zn(Ac)# in our previous simulated (#) ZnSe surface to illustrate the effect of d-MX#	1	1	10.1038/s41467-020-15481-9	However, given the computing efficiency and the little difference between zinc oleate and zinc acetate (Zn(Ac)2) in DFT simulation of ligand passivation, we chose the simpler structural Zn(Ac)2 in our previous simulated (100) ZnSe surface to illustrate the effect of d-MX2.
results	although	Although the binding energy of the coordination bond could not be found from the reference, considering the binding strength of different types of the coordination bond and the possibility of the coordination bond formation in each type of ligands, the minor peak at # eV for both OA-QDs and Zn(OA)#-QDs in the Zn #p#/# spectra should be corresponding to the Zn–O coordination bond, and the clear shift toward higher binding energy of this minor peak from ZnCl#-QDs indicates the presence of Zn–Cl coordination bond.	1	1	10.1038/s41467-020-15481-9	Although the binding energy of the coordination bond could not be found from the reference, considering the binding strength of different types of the coordination bond and the possibility of the coordination bond formation in each type of ligands, the minor peak at 1020.6 eV for both OA-QDs and Zn(OA)2-QDs in the Zn 2p3/2 spectra should be corresponding to the Zn–O coordination bond, and the clear shift toward higher binding energy of this minor peak from ZnCl2-QDs indicates the presence of Zn–Cl coordination bond.
results	but	But hole current is orders of lower.	1	1	10.1038/s41467-020-15481-9	But hole current is orders of lower.
introduction	however	However, recent development in OLED patterning technologies has led to the development of displays with exceedingly high resolution.	1	1	10.1038/s41467-022-29538-4	However, recent development in OLED patterning technologies has led to the development of displays with exceedingly high resolution.
introduction	while	Notably, while they used GaN-on-sapphire wafers, our work is focused on transferring epilayer from the GaN-on-Si wafers.	1	1	10.1038/s41467-022-29538-4	Notably, while they used GaN-on-sapphire wafers, our work is focused on transferring epilayer from the GaN-on-Si wafers.
introduction	nevertheless	Nevertheless, the majority of color conversion materials, including QDs, are sensitive to organic solvents, and direct lithography patterning of photoresists on top of a QD layer is a challenge.	1	1	10.1038/s41467-022-29538-4	Nevertheless, the majority of color conversion materials, including QDs, are sensitive to organic solvents, and direct lithography patterning of photoresists on top of a QD layer is a challenge.
results	while	While photolithography is a highly effective method for patterning on flat surfaces, substrates that are topologically irregular create various problems in terms of alignment, reproducibility, and yield.	1	1	10.1038/s41467-022-29538-4	While photolithography is a highly effective method for patterning on flat surfaces, substrates that are topologically irregular create various problems in terms of alignment, reproducibility, and yield.
results	however	However, even such a low warpage can be critical for sub-# μm patterns, and relaxation of the residual stress on the epitaxial layer is crucial for the device yield.	1	1	10.1038/s41467-022-29538-4	However, even such a low warpage can be critical for sub-5 μm patterns, and relaxation of the residual stress on the epitaxial layer is crucial for the device yield.
results	but	The bonding material has to be sufficiently thick for high mechanical strength but thinner than the diode width to prevent device skew.	1	1	10.1038/s41467-022-29538-4	The bonding material has to be sufficiently thick for high mechanical strength but thinner than the diode width to prevent device skew.
results	although	Although there has been a significant development in inkjet printing technology, nozzle clogging is a common issue.	1	1	10.1038/s41467-022-29538-4	Although there has been a significant development in inkjet printing technology, nozzle clogging is a common issue.
discussion	although	Although this is significant progress for future displays required in HMDs, there is sufficient room for improvement in terms of fill factor and light leakage.	1	1	10.1038/s41467-022-29538-4	Although this is significant progress for future displays required in HMDs, there is sufficient room for improvement in terms of fill factor and light leakage.
abstract	despite	Despite the development of various quantum dot (QD) patterning techniques, achieving ultrahigh-resolution (>#,# pixels per inch (PPI)) and high-fidelity QD patterns is still a tough challenge that needs to be addressed urgently.	1	1	10.1038/s41377-024-01601-3	Despite the development of various quantum dot (QD) patterning techniques, achieving ultrahigh-resolution (>10,000 pixels per inch (PPI)) and high-fidelity QD patterns is still a tough challenge that needs to be addressed urgently.
introduction	while	While some issues are encountered during the preparation of QD pixels with the inkjet printing method.	1	1	10.1038/s41377-024-01601-3	While some issues are encountered during the preparation of QD pixels with the inkjet printing method.
introduction	however	However, there is a concern about the exact alignment of the micron-sized patterns during the transfer printing process.	1	1	10.1038/s41377-024-01601-3	However, there is a concern about the exact alignment of the micron-sized patterns during the transfer printing process.
results	while	While the QD surface is typically surrounded by dense and long-chain organic ligands, such as oleic acid, oleylamine, didodecyl dimethylammonium, etc., which induce a low dielectric constant for the QDs, thus low polarizability under an electric field (Supplementary Fig.	1	1	10.1038/s41377-024-01601-3	While the QD surface is typically surrounded by dense and long-chain organic ligands, such as oleic acid, oleylamine, didodecyl dimethylammonium, etc., which induce a low dielectric constant for the QDs, thus low polarizability under an electric field (Supplementary Fig.
results	whereas	S#, the areas between pixels show no emission within the detection view, whereas the QD pixels exhibit bright emissions, suggesting our proposed DED an effective QDs manipulation approach for pixel construction.	1	1	10.1038/s41377-024-01601-3	S10, the areas between pixels show no emission within the detection view, whereas the QD pixels exhibit bright emissions, suggesting our proposed DED an effective QDs manipulation approach for pixel construction.
results	although	Although substantial progress has been made to obtain various QD pixels with the main focus on their photoluminescence (PL) performance, the electroluminescent performance of the QD pixels is challenging to evaluate due to the incompatible fabrication process for the devices.	1	1	10.1038/s41377-024-01601-3	Although substantial progress has been made to obtain various QD pixels with the main focus on their photoluminescence (PL) performance, the electroluminescent performance of the QD pixels is challenging to evaluate due to the incompatible fabrication process for the devices.
results	however	However, the leakage current can be effectively suppressed by introducing DMS oligomer into the QD solution.	1	1	10.1038/s41377-024-01601-3	However, the leakage current can be effectively suppressed by introducing DMS oligomer into the QD solution.
methods	while	While the PDMS layer avoids the erosion of chlorobenzene, serving as a charge barrier layer for good suppression of the leakage current.	1	1	10.1038/s41377-024-01601-3	While the PDMS layer avoids the erosion of chlorobenzene, serving as a charge barrier layer for good suppression of the leakage current.
introduction	however	However, there are still great challenges to meet the requirements of high resolution and high brightness of AR technology, due to the brightness limitation of LCos and OLEDos and the full color limitation of Micro-LED.	1	1	10.1038/s41377-025-02000-y	However, there are still great challenges to meet the requirements of high resolution and high brightness of AR technology, due to the brightness limitation of LCos and OLEDos and the full color limitation of Micro-LED.
abstract	but	Fluorescent carbon dots (CDs) have garnered significant attention for their unique optoelectronic properties and applications, but their practical employment is hampered by the excessive synthesis temperature, tedious post-processing and limited solid-state luminescence efficiency.	1	1	10.1038/s41467-025-63653-2	Fluorescent carbon dots (CDs) have garnered significant attention for their unique optoelectronic properties and applications, but their practical employment is hampered by the excessive synthesis temperature, tedious post-processing and limited solid-state luminescence efficiency.
introduction	nevertheless	Nevertheless, the employment of the CDs is always limited by the complex preparation process and potential aggregation-caused quenching.	1	1	10.1038/s41467-025-63653-2	Nevertheless, the employment of the CDs is always limited by the complex preparation process and potential aggregation-caused quenching.
introduction	yet	Since these progressions have gained significant achievements in solid-state fluorescent CDs, there are still numerous challenges: (i) solid-state photoluminescence quantum yields (PL QYs) of most SSF CDs are still quite low; (ii) preparation process of SSF CDs always require high-cost precursors and intricate synthesis techniques with high temperature; (iii) scalable synthetic method are difficult to achieve, hindering industrial production and commercial applications (iv) CDs-based solid-state phosphors combining high luminous efficiency and long-term durability have yet to be realized.	1	1	10.1038/s41467-025-63653-2	Since these progressions have gained significant achievements in solid-state fluorescent CDs, there are still numerous challenges: (i) solid-state photoluminescence quantum yields (PL QYs) of most SSF CDs are still quite low; (ii) preparation process of SSF CDs always require high-cost precursors and intricate synthesis techniques with high temperature; (iii) scalable synthetic method are difficult to achieve, hindering industrial production and commercial applications (iv) CDs-based solid-state phosphors combining high luminous efficiency and long-term durability have yet to be realized.
results	while	As a result, the ΔG for the reaction with the molten salts is −# eV, while the ΔG of the reaction without the molten salts is # eV.	1	1	10.1038/s41467-025-63653-2	As a result, the ΔG for the reaction with the molten salts is −27.64 eV, while the ΔG of the reaction without the molten salts is 0.52 eV.
results	but	The assembled products can increase the PL QY of the pCDs but can’t contribute to the high PL QY of the SSF G-CDs, implying that the orderly assembly of molten salts and Zn-CD particles occur in the reaction process and contribute to the intraparticle interaction to effectively inhibit the non-radiative recombination.	1	1	10.1038/s41467-025-63653-2	The assembled products can increase the PL QY of the pCDs but can’t contribute to the high PL QY of the SSF G-CDs, implying that the orderly assembly of molten salts and Zn-CD particles occur in the reaction process and contribute to the intraparticle interaction to effectively inhibit the non-radiative recombination.
abstract	however	However, current patterning methods either require inert environments or compromised quantum dots optical properties under ambient conditions.	1	1	10.1038/s41467-025-64696-1	However, current patterning methods either require inert environments or compromised quantum dots optical properties under ambient conditions.
introduction	while	These applications demand ultrahigh-density QD pattern alignment, presenting dual challenges: achieving sub-micrometer patterning resolution while maintaining compatibility with environmentally benign, scalable processing conditions.	1	1	10.1038/s41467-025-64696-1	These applications demand ultrahigh-density QD pattern alignment, presenting dual challenges: achieving sub-micrometer patterning resolution while maintaining compatibility with environmentally benign, scalable processing conditions.
introduction	however	However, under ambient conditions, ultraviolet (UV) exposure inevitably leads to surface oxidation or photodegradation of QDs, which severely compromises their optical properties.	1	1	10.1038/s41467-025-64696-1	However, under ambient conditions, ultraviolet (UV) exposure inevitably leads to surface oxidation or photodegradation of QDs, which severely compromises their optical properties.
introduction	despite	Despite these advantages, the potential of TPP in post-synthetic QDs processing has remained largely unexplored.	1	1	10.1038/s41467-025-64696-1	Despite these advantages, the potential of TPP in post-synthetic QDs processing has remained largely unexplored.
results	however	However, the steric size of the ligand strongly influences its ligand binding affinity.	1	1	10.1038/s41467-025-64696-1	However, the steric size of the ligand strongly influences its ligand binding affinity.
results	while	The UV–visible absorption spectrum reveals that TPP exhibits strong absorption at # nm, while its absorption in the UV-A region (#–# nm) is relatively weak (Supplementary Fig. #).	1	1	10.1038/s41467-025-64696-1	The UV–visible absorption spectrum reveals that TPP exhibits strong absorption at 254 nm, while its absorption in the UV-A region (320–400 nm) is relatively weak (Supplementary Fig. 9).
results	but	The EPR spectrum shows no signal for TPP in the absence of light (black solid curve), but a strong radical signal appeares after UV irradiation at # nm (red solid curve).	1	1	10.1038/s41467-025-64696-1	The EPR spectrum shows no signal for TPP in the absence of light (black solid curve), but a strong radical signal appeares after UV irradiation at 254 nm (red solid curve).
results	although	Although the growth of the shell layer can effectively enhance the stability of QDs, almost all types of QDs remain susceptible to oxygen and water under light excitation.	1	1	10.1038/s41467-025-64696-1	Although the growth of the shell layer can effectively enhance the stability of QDs, almost all types of QDs remain susceptible to oxygen and water under light excitation.
results	yet	While the performance does not yet match that of Cd-based devices, we emphasize that this discrepancy primarily reflects the current state-of-the-art in QDs material development, rather than limitations of the patterning method itself.	1	1	10.1038/s41467-025-64696-1	While the performance does not yet match that of Cd-based devices, we emphasize that this discrepancy primarily reflects the current state-of-the-art in QDs material development, rather than limitations of the patterning method itself.
abstract	however	However, due to ion migration in crystal structure, PeLEDs have electroluminescence rise times over milliseconds, which is problematic for the development of high-refresh-rate displays.	1	1	10.1038/s41928-024-01181-5	However, due to ion migration in crystal structure, PeLEDs have electroluminescence rise times over milliseconds, which is problematic for the development of high-refresh-rate displays.
introduction	however	However, their EL response under pulsed operation has been largely overlooked.	1	1	10.1038/s41928-024-01181-5	However, their EL response under pulsed operation has been largely overlooked.
introduction	nevertheless	Nevertheless, the typical transient EL of PeLEDs shows two regions: an initial fast rise (in the range of microseconds) upon application of the pulse voltage, followed by a slow rise (in the range of tens of milliseconds) before reaching the steady EL.	1	1	10.1038/s41928-024-01181-5	Nevertheless, the typical transient EL of PeLEDs shows two regions: an initial fast rise (in the range of microseconds) upon application of the pulse voltage, followed by a slow rise (in the range of tens of milliseconds) before reaching the steady EL.
introduction	while	While the concept is known theoretically, it remains a challenge to create perfect surface-passivated perovskite nanocrystal films.	1	1	10.1038/s41928-024-01181-5	While the concept is known theoretically, it remains a challenge to create perfect surface-passivated perovskite nanocrystal films.
results	although	Although the Pb # f and Br # d remain unchanged for the untreated and treated nanocrystal films, they shift towards lower binding energy when comparing the mixed PbBr # –TBABF # film with the pure PbBr # film (Extended Data Fig. #f,g ).	1	1	10.1038/s41928-024-01181-5	Although the Pb 4 f and Br 3 d remain unchanged for the untreated and treated nanocrystal films, they shift towards lower binding energy when comparing the mixed PbBr 2 –TBABF 4 film with the pure PbBr 2 film (Extended Data Fig. 1f,g ).
results	whereas	The ultraviolet–visible absorbance of the nanocrystal film remains identical after TBABF # treatment, whereas the PL displays a noticeably enhanced intensity (Fig. #a ).	1	1	10.1038/s41928-024-01181-5	The ultraviolet–visible absorbance of the nanocrystal film remains identical after TBABF 4 treatment, whereas the PL displays a noticeably enhanced intensity (Fig. 2a ).
results	while	In contrast, for the AM PeLED based on the untreated CsPbBr # nanocrystal film or bulk FAPbBr # film, the transient ELs show quick responses at high frequencies, while exhibiting a continuous rise at pulse widths of milliseconds (Extended Data Fig. # ).	1	1	10.1038/s41928-024-01181-5	In contrast, for the AM PeLED based on the untreated CsPbBr 3 nanocrystal film or bulk FAPbBr 3 film, the transient ELs show quick responses at high frequencies, while exhibiting a continuous rise at pulse widths of milliseconds (Extended Data Fig. 8 ).
abstract	although	Although the unpaired electron arrangements of radicals enable efficient radiative transitions within the doublet-spin manifold in organic light-emitting diodes, their performance is limited by non-radiative pathways introduced in electroluminescence.	1	1	10.1038/s41566-024-01458-3	Although the unpaired electron arrangements of radicals enable efficient radiative transitions within the doublet-spin manifold in organic light-emitting diodes, their performance is limited by non-radiative pathways introduced in electroluminescence.
introduction	although	Although an external quantum efficiency (EQE) of >#% in electroluminescence (EL) has been demonstrated for visible-light OLEDs, and commercial displays are commonplace, the performance of NIR OLEDs is generally limited to #% EQE using fully organic emitters with emission peak wavelengths at # nm and longer.	1	1	10.1038/s41566-024-01458-3	Although an external quantum efficiency (EQE) of >20% in electroluminescence (EL) has been demonstrated for visible-light OLEDs, and commercial displays are commonplace, the performance of NIR OLEDs is generally limited to 5% EQE using fully organic emitters with emission peak wavelengths at 800 nm and longer.
introduction	whereas	The high-energy singlet state (near # eV) mitigates losses from the energy gap law, whereas its low-energy triplet state is spin-protected from non-radiative decay.	1	1	10.1038/s41566-024-01458-3	The high-energy singlet state (near 3 eV) mitigates losses from the energy gap law, whereas its low-energy triplet state is spin-protected from non-radiative decay.
results	whereas	The PLQY of TTM-TPA in toluene is #% (excited at # nm), whereas the CBP:TTM-TPA #% and MADN:TTM-TPA #% films have PLQYs of #% and #%, respectively, at the same host excitation wavelength.	1	1	10.1038/s41566-024-01458-3	The PLQY of TTM-TPA in toluene is 24% (excited at 370 nm), whereas the CBP:TTM-TPA 3% and MADN:TTM-TPA 3% films have PLQYs of 19% and 27%, respectively, at the same host excitation wavelength.
results	but	As we see from single-carrier device analysis (Supplementary Section # ), the CBP:TTM-TPA emitting layer shows poor electron transporting properties but very high hole transporting properties, which leads to the narrow emission zone causing exciton quenching and low stability.	1	1	10.1038/s41566-024-01458-3	As we see from single-carrier device analysis (Supplementary Section 2 ), the CBP:TTM-TPA emitting layer shows poor electron transporting properties but very high hole transporting properties, which leads to the narrow emission zone causing exciton quenching and low stability.
methods	yet	Yet we chose to use the RSH LC-ωhPBE functional to improve the accuracy in the calculations of electronic properties, especially in computing vertical excitation energies.	1	1	10.1038/s41566-024-01458-3	Yet we chose to use the RSH LC-ωhPBE functional to improve the accuracy in the calculations of electronic properties, especially in computing vertical excitation energies.
methods	whereas	OT-SRSH UKS TDA TDDFT calculations were then performed in toluene on # complexes (the first ten were selected according to the energy rank, whereas the other seven were randomly chosen to scan other potential relative positions and orientations of MADN and TTM-TPA).	1	1	10.1038/s41566-024-01458-3	OT-SRSH UKS TDA TDDFT calculations were then performed in toluene on 17 complexes (the first ten were selected according to the energy rank, whereas the other seven were randomly chosen to scan other potential relative positions and orientations of MADN and TTM-TPA).
abstract	although	Although excellent progress has been made, in most TADF OLEDs there is a severe decrease of efficiency as the drive current is increased, known as efficiency roll-off.	1	1	10.1038/s41586-024-07149-x	Although excellent progress has been made, in most TADF OLEDs there is a severe decrease of efficiency as the drive current is increased, known as efficiency roll-off.
introduction	but	These work very well for red and green emission, but there is not yet a blue phosphorescent emitter meeting all commercial requirements.	1	1	10.1038/s41586-024-07149-x	These work very well for red and green emission, but there is not yet a blue phosphorescent emitter meeting all commercial requirements.
introduction	although	The upper right part of region C shows that there are some reports of TADF OLEDs with high EQE and moderately high J # , although lower than for good phosphorescent devices.	1	1	10.1038/s41586-024-07149-x	The upper right part of region C shows that there are some reports of TADF OLEDs with high EQE and moderately high J 90 , although lower than for good phosphorescent devices.
introduction	however	However, region C also extends to extremely low values of J # that is, there are many TADF devices experiencing significant efficiency roll-off at current densities below # mA cm −# .	1	1	10.1038/s41586-024-07149-x	However, region C also extends to extremely low values of J 90 that is, there are many TADF devices experiencing significant efficiency roll-off at current densities below 0.1 mA cm −2 .
introduction	whereas	Even for a green device, this would correspond to a brightness of at most # cd m −# , whereas typical displays run at # cd m −# and their individual pixels often run at much higher brightness to achieve an average # cd m −# on the display.	1	1	10.1038/s41586-024-07149-x	Even for a green device, this would correspond to a brightness of at most 100 cd m −2 , whereas typical displays run at 400 cd m −2 and their individual pixels often run at much higher brightness to achieve an average 400 cd m −2 on the display.
results	but	Efficiency roll-off arises both from the emitter design and the device design, but for an optimized device design (for example, balanced charge carriers and wide recombination zone) it will ultimately be limited by the properties of the emitter.	1	1	10.1038/s41586-024-07149-x	Efficiency roll-off arises both from the emitter design and the device design, but for an optimized device design (for example, balanced charge carriers and wide recombination zone) it will ultimately be limited by the properties of the emitter.
results	however	This, however, is not as simply achieved as in the case of phosphorescence.	1	1	10.1038/s41586-024-07149-x	This, however, is not as simply achieved as in the case of phosphorescence.
results	although	There is potentially radiative and non-radiative decay of both triplets and singlets, although in a good TADF material \({k}_{{\rm{r}}}^{{\rm{S}}}\) will be much larger than any of \({k}_{{\rm{nr}}}^{{\rm{S}}}\) , \({k}_{{\rm{r}}}^{{\rm{T}}}\) and \({k}_{{\rm{nr}}}^{{\rm{T}}}\) (refs. ).	1	1	10.1038/s41586-024-07149-x	There is potentially radiative and non-radiative decay of both triplets and singlets, although in a good TADF material \({k}_{{\rm{r}}}^{{\rm{S}}}\) will be much larger than any of \({k}_{{\rm{nr}}}^{{\rm{S}}}\) , \({k}_{{\rm{r}}}^{{\rm{T}}}\) and \({k}_{{\rm{nr}}}^{{\rm{T}}}\) (refs. ).
results	whereas	A TADF OLED emits light by radiative decay from \({\text{S}}_{#}({k}_{\text{r}}^{\text{S}})\) , whereas non-radiative decay from both \({\text{S}}_{#}({k}_{\text{nr}}^{\text{S}})\) and \({\text{T}}_{#}({k}_{\text{nr}}^{\text{T}})\) , as well as the negligible radiative decay from \({\text{T}}_{#}({k}_{\text{r}}^{\text{T}})\) are other deactivation pathways of excited species.	1	1	10.1038/s41586-024-07149-x	A TADF OLED emits light by radiative decay from \({\text{S}}_{1}({k}_{\text{r}}^{\text{S}})\) , whereas non-radiative decay from both \({\text{S}}_{1}({k}_{\text{nr}}^{\text{S}})\) and \({\text{T}}_{1}({k}_{\text{nr}}^{\text{T}})\) , as well as the negligible radiative decay from \({\text{T}}_{1}({k}_{\text{r}}^{\text{T}})\) are other deactivation pathways of excited species.
results	yet	As these rate constants are not yet widely measured, we have not at this stage attempted to incorporate them into a FOM.	1	1	10.1038/s41586-024-07149-x	As these rate constants are not yet widely measured, we have not at this stage attempted to incorporate them into a FOM.
discussion	but	In terms of material design for low efficiency roll-off, it is not necessary to maximize k RISC , but it is very desirable to maximize k RISC relative to k ISC (without sacrificing \({k}_{{\rm{r}}}^{{\rm{S}}}\) ).	1	1	10.1038/s41586-024-07149-x	In terms of material design for low efficiency roll-off, it is not necessary to maximize k RISC , but it is very desirable to maximize k RISC relative to k ISC (without sacrificing \({k}_{{\rm{r}}}^{{\rm{S}}}\) ).
discussion	whereas	Whereas all main annihilation processes scale with the triplet population and thus inversely with our proposed FOM, the relative importance of these processes in each OLED is not sufficiently known.	1	1	10.1038/s41586-024-07149-x	Whereas all main annihilation processes scale with the triplet population and thus inversely with our proposed FOM, the relative importance of these processes in each OLED is not sufficiently known.
abstract	but	White organic light-emitting diodes (WOLEDs) hold significant promise in illumination and displays, but achieving high efficiency while maintaining stability is an ongoing challenge.	1	1	10.1038/s41467-024-52401-7	White organic light-emitting diodes (WOLEDs) hold significant promise in illumination and displays, but achieving high efficiency while maintaining stability is an ongoing challenge.
introduction	however	However, their device stability remains inferior, impeding the commercialization of all-TADF WOLEDs.	1	1	10.1038/s41467-024-52401-7	However, their device stability remains inferior, impeding the commercialization of all-TADF WOLEDs.
introduction	while	There is an urgent need to propose effective strategies to improve stability while maintaining high efficiency in all-TADF WOLEDs.	1	1	10.1038/s41467-024-52401-7	There is an urgent need to propose effective strategies to improve stability while maintaining high efficiency in all-TADF WOLEDs.
introduction	but	Consequently, MR-TADF emitters not only offer a high k r comparable to that of conventional fluorescent materials but also surpass them in exciton utilization efficiency, favoring higher device efficiency.	1	1	10.1038/s41467-024-52401-7	Consequently, MR-TADF emitters not only offer a high k r comparable to that of conventional fluorescent materials but also surpass them in exciton utilization efficiency, favoring higher device efficiency.
results	while	In this configuration, HAT-CN serves as the hole injection layer, while both TAPC and TCTA act as the hole transporting layers.	1	1	10.1038/s41467-024-52401-7	In this configuration, HAT-CN serves as the hole injection layer, while both TAPC and TCTA act as the hole transporting layers.
results	however	However, it is worth noting that device B emitted white light with an excess of the yellow component (Fig. #d ), resulting in unsatisfactory color coordinates of (#, #).	1	1	10.1038/s41467-024-52401-7	However, it is worth noting that device B emitted white light with an excess of the yellow component (Fig. 2d ), resulting in unsatisfactory color coordinates of (0.31, 0.51).
results	although	Although reducing the MR-Y concentration to # wt% (device A) aids in improving the color coordinate (#, #), it also brings about a sacrifice in efficiency.	1	1	10.1038/s41467-024-52401-7	Although reducing the MR-Y concentration to 0.3 wt% (device A) aids in improving the color coordinate (0.27, 0.46), it also brings about a sacrifice in efficiency.
results	but	In contrast, device D, fabricated without #TCzBN in the Y-EML, demonstrates a comparable efficiency but shows a steeper roll-off at high brightness (Fig. #c and Table # ).	1	1	10.1038/s41467-024-52401-7	In contrast, device D, fabricated without 5TCzBN in the Y-EML, demonstrates a comparable efficiency but shows a steeper roll-off at high brightness (Fig. 3c and Table 1 ).
abstract	however	However, achieving both in the solid state from the same organic chromophore poses a formidable challenge due to energetic and structural requirements needing to be met simultaneously.	1	1	10.1038/s41467-025-56987-4	However, achieving both in the solid state from the same organic chromophore poses a formidable challenge due to energetic and structural requirements needing to be met simultaneously.
introduction	however	However, the primary impediments to large-scale OLED commercialization are limited lifetime, high cost, and poor efficiency.	1	1	10.1038/s41467-025-56987-4	However, the primary impediments to large-scale OLED commercialization are limited lifetime, high cost, and poor efficiency.
introduction	although	Although TADF has been extensively studied over the past decade, TTA is rarely exploited because of its complicated mechanistic pathway.	1	1	10.1038/s41467-025-56987-4	Although TADF has been extensively studied over the past decade, TTA is rarely exploited because of its complicated mechanistic pathway.
results	while	Ground-state structures were optimized with the density functional theory (DFT) to gain insight into the relationship between molecular structures and electronic properties of phthalimide derivatives while varying the type and number of electron-donating groups.	1	1	10.1038/s41467-025-56987-4	Ground-state structures were optimized with the density functional theory (DFT) to gain insight into the relationship between molecular structures and electronic properties of phthalimide derivatives while varying the type and number of electron-donating groups.
results	whereas	These reveal major differences in the donor-acceptor dihedral angle; #° for the mono-substituted derivatives Pth-#PCz and Pth-#TPA, whereas in the di-substituted derivatives, the dihedral angles between phthalimide and the donors increase to #° for both PhCz and TPA (Fig. #a ), which can be ascribed to the steric hindrance between two ortho -linked donors.	1	1	10.1038/s41467-025-56987-4	These reveal major differences in the donor-acceptor dihedral angle; 37° for the mono-substituted derivatives Pth-1PCz and Pth-1TPA, whereas in the di-substituted derivatives, the dihedral angles between phthalimide and the donors increase to 49° for both PhCz and TPA (Fig. 2a ), which can be ascribed to the steric hindrance between two ortho -linked donors.
results	however	However, the calculations do not predict any substantial difference between PhCz and TPA species.	1	1	10.1038/s41467-025-56987-4	However, the calculations do not predict any substantial difference between PhCz and TPA species.
results	although	On the contrary, although many triplets (CT) are generated in PhCz-based systems, due to increased long-range molecular ordering, TTA surpasses rISC and generates delayed fluorescence (Fig. # ).	1	1	10.1038/s41467-025-56987-4	On the contrary, although many triplets (CT) are generated in PhCz-based systems, due to increased long-range molecular ordering, TTA surpasses rISC and generates delayed fluorescence (Fig. 8 ).
abstract	despite	Despite efforts to stabilize the surface by chemically engineering ligand binding moieties, blinking accompanied by photodegradation still poses barriers to implementing perovskite quantum dots in quantum emitters.	1	1	10.1038/s41467-024-55619-7	Despite efforts to stabilize the surface by chemically engineering ligand binding moieties, blinking accompanied by photodegradation still poses barriers to implementing perovskite quantum dots in quantum emitters.
introduction	however	However, research on exciton dynamics in single CsPbX # QDs to date has mainly focused on weakly confined nanocrystals because size-confined CsPbX # QDs generally exhibit poor photostability.	1	1	10.1038/s41467-024-55619-7	However, research on exciton dynamics in single CsPbX 3 QDs to date has mainly focused on weakly confined nanocrystals because size-confined CsPbX 3 QDs generally exhibit poor photostability.
introduction	yet	While coating a wide-bandgap semiconductor shell can suppress blinking and photodarkening in II-VI QDs, such as CdSe, a well-established shelling protocol for highly ionic CsPbX # QDs has yet to be discovered.	1	1	10.1038/s41467-024-55619-7	While coating a wide-bandgap semiconductor shell can suppress blinking and photodarkening in II-VI QDs, such as CdSe, a well-established shelling protocol for highly ionic CsPbX 3 QDs has yet to be discovered.
introduction	nevertheless	Nevertheless, small-sized CsPbX # QDs immobilized in the solid state still suffer from blinking and photodarkening, suggesting that their surfaces are still unstable under photoexcitation.	1	1	10.1038/s41467-024-55619-7	Nevertheless, small-sized CsPbX 3 QDs immobilized in the solid state still suffer from blinking and photodarkening, suggesting that their surfaces are still unstable under photoexcitation.
introduction	while	While tolerated by weakly confined perovskite QDs, under-passivated surfaces or photogenerated defects can be detrimental to strongly confined QDs (Supplementary Note # and Supplementary Fig. # ).	1	1	10.1038/s41467-024-55619-7	While tolerated by weakly confined perovskite QDs, under-passivated surfaces or photogenerated defects can be detrimental to strongly confined QDs (Supplementary Note 1 and Supplementary Fig. 1 ).
introduction	but	But fully passivating the (#) facet of CsPbBr # using DDA would require an aliphatic chain density of ~# chains·nm −# , exceeding that of the crystalline aliphatic chain density (# chains·nm −# ).	1	1	10.1038/s41467-024-55619-7	But fully passivating the (100) facet of CsPbBr 3 using DDA would require an aliphatic chain density of ~5.7 chains·nm −2 , exceeding that of the crystalline aliphatic chain density (4.9 chains·nm −2 ).
results	while	As shown in Fig. #c , the lowest surface energy of the CsPbBr # slab was achieved when # of the # Cs + sites were filled by DDAs, while adding an additional DDA would increase the surface energy.	1	1	10.1038/s41467-024-55619-7	As shown in Fig. 1c , the lowest surface energy of the CsPbBr 3 slab was achieved when 7 of the 8 Cs + sites were filled by DDAs, while adding an additional DDA would increase the surface energy.
results	however	However, QDs in a densely packed thin film typically used in the solid-state exchange cannot be optically resolved.	1	1	10.1038/s41467-024-55619-7	However, QDs in a densely packed thin film typically used in the solid-state exchange cannot be optically resolved.
results	despite	Despite the aggressive threshold, the PEA-covered QD remained mainly in the ON state without photodarkening over # min (Fig. #a ).	1	1	10.1038/s41467-024-55619-7	Despite the aggressive threshold, the PEA-covered QD remained mainly in the ON state without photodarkening over 10 min (Fig. 2a ).
results	but	QDs covered by ligands with only low-steric tails but without π-π stacking effects, such as iso-propylammonium (IPA) bromide, still showed a relatively low average ON time fraction of #% (extracted from measurements of # IPA-covered QDs, Supplementary Fig. # ), implying the existence of surface defects due to incomplete passivation in IPA-covered QDs.	1	1	10.1038/s41467-024-55619-7	QDs covered by ligands with only low-steric tails but without π-π stacking effects, such as iso-propylammonium (IPA) bromide, still showed a relatively low average ON time fraction of 83% (extracted from measurements of 67 IPA-covered QDs, Supplementary Fig. 18 ), implying the existence of surface defects due to incomplete passivation in IPA-covered QDs.
discussion	although	Although bulky long-chain ligand tails can entropically improve the colloidal stability of perovskite QDs, steric repulsion can lead to uncovered surface sites and ion loss.	1	1	10.1038/s41467-024-55619-7	Although bulky long-chain ligand tails can entropically improve the colloidal stability of perovskite QDs, steric repulsion can lead to uncovered surface sites and ion loss.
methods	while	The mixture was vacuumed on a Schlenk line for # min while stirring.	1	1	10.1038/s41467-024-55619-7	The mixture was vacuumed on a Schlenk line for 15 min while stirring.
abstract	but	InP/ZnSe/ZnS quantum dots (QDs) stand as promising candidates for advancing QD-organic light-emitting diodes (QLED) but low emission efficiency due to their susceptibility to oxidation impedes applications.	1	1	10.1038/s41467-024-45944-2	InP/ZnSe/ZnS quantum dots (QDs) stand as promising candidates for advancing QD-organic light-emitting diodes (QLED) but low emission efficiency due to their susceptibility to oxidation impedes applications.
introduction	however	However the oxophilic properties of InP make InP-based QDs vulnerable to oxidation which can diminish their emissions over time.	1	1	10.1038/s41467-024-45944-2	However the oxophilic properties of InP make InP-based QDs vulnerable to oxidation which can diminish their emissions over time.
introduction	while	While the ZnS shell protects the QDs from oxidation and provides effective exciton confinement the large lattice mismatch between InP and ZnS can cause surface traps thereby reducing photoluminescence (PL) efficiency.	1	1	10.1038/s41467-024-45944-2	While the ZnS shell protects the QDs from oxidation and provides effective exciton confinement the large lattice mismatch between InP and ZnS can cause surface traps thereby reducing photoluminescence (PL) efficiency.
results	while	While the maximum PL emission wavelength λmaxem of the QDs remains similar around # nm during the oxidation from # to # h (blue triangle Fig. #c) the full width at half maximum (FWHM) of the emission peak increases from # to # ± # nm as shown as red square in Fig. #c.	1	1	10.1038/s41467-024-45944-2	While the maximum PL emission wavelength λmaxem of the QDs remains similar around 627 nm during the oxidation from 0 to 72 h (blue triangle Fig. 1c) the full width at half maximum (FWHM) of the emission peak increases from 37 to 41 ± 1 nm as shown as red square in Fig. 1c.
results	however	However the QDs exposed to UV in an Ar atmosphere exhibit mostly identical PL lifetimes after # h changing from # to # ns (green symbols Fig. #e).	1	1	10.1038/s41467-024-45944-2	However the QDs exposed to UV in an Ar atmosphere exhibit mostly identical PL lifetimes after 72 h changing from 37.66 to 37.87 ns (green symbols Fig. 1e).
results	but	It is well known that structural defects and emission efficiency of QDs are closely related but the types of such structural defects are less reported.	1	1	10.1038/s41467-024-45944-2	It is well known that structural defects and emission efficiency of QDs are closely related but the types of such structural defects are less reported.
abstract	while	The impact can be exploited in colloidal semiconductor quantum dots (QDs) wherein structural stresses can be imposed in three dimensions while defect formation is suppressed by controlling surface growth kinetics.	1	1	10.1038/s41467-024-49791-z	The impact can be exploited in colloidal semiconductor quantum dots (QDs) wherein structural stresses can be imposed in three dimensions while defect formation is suppressed by controlling surface growth kinetics.
abstract	yet	Yet the control over the structural deformation of QDs free from optically active defects has not been reached.	1	1	10.1038/s41467-024-49791-z	Yet the control over the structural deformation of QDs free from optically active defects has not been reached.
introduction	despite	The degeneracy lift in colloidal QDs was first reported from a spherical core-asymmetrically grown shell geometry and has been found even in a conventional spherical core-shell geometry Despite progress the relation between the structural factors and photophysical/electronic characteristics of results QDs remains unknown.	1	1	10.1038/s41467-024-49791-z	The degeneracy lift in colloidal QDs was first reported from a spherical core-asymmetrically grown shell geometry and has been found even in a conventional spherical core-shell geometry Despite progress the relation between the structural factors and photophysical/electronic characteristics of results QDs remains unknown.
introduction	but	Resulting CdSe-ZnSe QDs bear compositionally abrupt but strain-graded core-shell interface in which the compressive strain imposed in CdSe is greatly intensified while the formation of misfit defects is effectively suppressed.	1	1	10.1038/s41467-024-49791-z	Resulting CdSe-ZnSe QDs bear compositionally abrupt but strain-graded core-shell interface in which the compressive strain imposed in CdSe is greatly intensified while the formation of misfit defects is effectively suppressed.
results	while	The former deploys facet dependent anisotropic growth of shell epilayers on the core while the latter employs the different compressive stress given by the reduced crystal symmetry of materials.	1	1	10.1038/s41467-024-49791-z	The former deploys facet dependent anisotropic growth of shell epilayers on the core while the latter employs the different compressive stress given by the reduced crystal symmetry of materials.
results	whereas	It is well known that the thick shell side accumulates structural stress at the core-shell interface to create misfit defects whereas the thin shell side is ineffective to confine charge carriers both of which are responsible for inefficiency and instability of QD’s emission characteristics.	1	1	10.1038/s41467-024-49791-z	It is well known that the thick shell side accumulates structural stress at the core-shell interface to create misfit defects whereas the thin shell side is ineffective to confine charge carriers both of which are responsible for inefficiency and instability of QD’s emission characteristics.
results	but	Core-compositionally graded shell heterostructure as known as cg-QD has been elaborated to meet the criteria but it inevitably accompanies the reduction of the magnitude of the compressive stress onto the core as well as the spectral broadening originating from the compositional or structural inhomogeneity of the interface layer.	1	1	10.1038/s41467-024-49791-z	Core-compositionally graded shell heterostructure as known as cg-QD has been elaborated to meet the criteria but it inevitably accompanies the reduction of the magnitude of the compressive stress onto the core as well as the spectral broadening originating from the compositional or structural inhomogeneity of the interface layer.
results	however	However compressive strain in CdSe core develops differently depending on the crystal axes.	1	1	10.1038/s41467-024-49791-z	However compressive strain in CdSe core develops differently depending on the crystal axes.
results	although	We attribute this intriguing behavior to the nonlinear change of the asymmetric strain for the thickness of the ZnSe shell (Supplementary Fig. # and Note #) although the exact thickness might be different due to the simplified geometry in our calculation.	1	1	10.1038/s41467-024-49791-z	We attribute this intriguing behavior to the nonlinear change of the asymmetric strain for the thickness of the ZnSe shell (Supplementary Fig. 7 and Note 3) although the exact thickness might be different due to the simplified geometry in our calculation.
results	despite	It is noted that despite the similar trends observed in the photophysical properties with compressive strain by means of increasing ZnSe shell thicknesses the impact appears less dramatic for Cd₀.₂₅Zn₀.₇₅Se-ZnSe sg-QDs compared to CdSe-ZnSe sg-QDs.	1	1	10.1038/s41467-024-49791-z	It is noted that despite the similar trends observed in the photophysical properties with compressive strain by means of increasing ZnSe shell thicknesses the impact appears less dramatic for Cd₀.₂₅Zn₀.₇₅Se-ZnSe sg-QDs compared to CdSe-ZnSe sg-QDs.
abstract	although	Although film quantum dot light-emitting diodes have achieved or approached efficiency and stability standards for commercial applications patterned quantum dot light-emitting diodes particularly blue quantum dot light-emitting diodes still face challenges in both efficiency and stability.	1	1	10.1038/s41467-025-62345-1	Although film quantum dot light-emitting diodes have achieved or approached efficiency and stability standards for commercial applications patterned quantum dot light-emitting diodes particularly blue quantum dot light-emitting diodes still face challenges in both efficiency and stability.
introduction	however	However patterned QLEDs especially blue patterned QLEDs generally exhibit lower efficiency luminance and poorer stability posing challenges to the commercialization of full-color QLEDs.	1	1	10.1038/s41467-025-62345-1	However patterned QLEDs especially blue patterned QLEDs generally exhibit lower efficiency luminance and poorer stability posing challenges to the commercialization of full-color QLEDs.
results	but	Compared to long-chain fatty acid ligands (such as oleic acid) short-chain aromatic ligands can not only improve carrier mobility but also enhance the attraction between QDs through π-π interactions which helps overcome the interference of complex hydrodynamics on the self-assembly process of blue QDs.	1	1	10.1038/s41467-025-62345-1	Compared to long-chain fatty acid ligands (such as oleic acid) short-chain aromatic ligands can not only improve carrier mobility but also enhance the attraction between QDs through π-π interactions which helps overcome the interference of complex hydrodynamics on the self-assembly process of blue QDs.
results	while	The interaction energy (ΔF) between OA modified QDs is −# eV (Fig. #c right and Supplementary Fig. #a) while ΔF between #-F-CA modified QDs is −# eV (Fig. #d right and Supplementary Fig. #b).	1	1	10.1038/s41467-025-62345-1	The interaction energy (ΔF) between OA modified QDs is −0.04 eV (Fig. 1c right and Supplementary Fig. 6a) while ΔF between 3-F-CA modified QDs is −0.64 eV (Fig. 1d right and Supplementary Fig. 6b).
results	whereas	Atomic force microscopy (AFM) images further show that the surface of the QD microstructures containing #-F-CA is smoother (Fig. #e and Supplementary Fig. #) whereas the QD microstructures without #-F-CA exhibit higher surface roughness (Supplementary Fig. #b).	1	1	10.1038/s41467-025-62345-1	Atomic force microscopy (AFM) images further show that the surface of the QD microstructures containing 3-F-CA is smoother (Fig. 2e and Supplementary Fig. 12) whereas the QD microstructures without 3-F-CA exhibit higher surface roughness (Supplementary Fig. 11b).
methods	while	During the computation the x-direction was set to periodic boundary conditions while the y-direction was assigned perfectly matched layer conditions.	1	1	10.1038/s41467-025-62345-1	During the computation the x-direction was set to periodic boundary conditions while the y-direction was assigned perfectly matched layer conditions.
abstract	however	However near-infrared counterparts considerably lag behind due to the inferior quality of near-infrared quantum dots and limitations in device architecture suitable for near-infrared electroluminescence.	1	1	10.1038/s41467-025-57746-1	However near-infrared counterparts considerably lag behind due to the inferior quality of near-infrared quantum dots and limitations in device architecture suitable for near-infrared electroluminescence.
introduction	however	However NIR QD-LEDs considerably lag behind state-of-the-art visible QD-LEDs which presents a major obstacle to their widespread application.	1	1	10.1038/s41467-025-57746-1	However NIR QD-LEDs considerably lag behind state-of-the-art visible QD-LEDs which presents a major obstacle to their widespread application.
introduction	while	While several RoHS-compliant NIR QDs have been explored as emitting materials for QD-LEDs many of these devices exhibit challenges related to efficiency radiance and operational stability (Table #).	1	1	10.1038/s41467-025-57746-1	While several RoHS-compliant NIR QDs have been explored as emitting materials for QD-LEDs many of these devices exhibit challenges related to efficiency radiance and operational stability (Table 1).
results	however	However previous studies on InAs-based QDs have typically reported small sizes and PLQYs below #%.	1	1	10.1038/s41467-025-57746-1	However previous studies on InAs-based QDs have typically reported small sizes and PLQYs below 80%.
results	although	Although InP deposition did not have a significant influence on the PLQY (<#% for InAs and InAs/InP QDs) a drastic increase in the PLQY to near #% was observed when a thin ZnSe layer (~# MLs) was overcoated.	1	1	10.1038/s41467-025-57746-1	Although InP deposition did not have a significant influence on the PLQY (<10% for InAs and InAs/InP QDs) a drastic increase in the PLQY to near 100% was observed when a thin ZnSe layer (~3 MLs) was overcoated.
results	but	Near-unity PLQY was preserved as the ZnSe layer was increased to # MLs but decreased to ~#% with the coating of an additional # MLs of ZnSe which was recovered after deposition of the protective ZnS layer (Fig. #f).	1	1	10.1038/s41467-025-57746-1	Near-unity PLQY was preserved as the ZnSe layer was increased to 14 MLs but decreased to ~78% with the coating of an additional 2 MLs of ZnSe which was recovered after deposition of the protective ZnS layer (Fig. 1f).
results	while	We have confirmed that neglecting the thin InP layer does not qualitatively affect the results while maintaining computational efficiency (Supplementary Fig. #).	1	1	10.1038/s41467-025-57746-1	We have confirmed that neglecting the thin InP layer does not qualitatively affect the results while maintaining computational efficiency (Supplementary Fig. 15).
methods	while	We employed a symmetric slab model for both {#} and {#} facets while a wedge model for {#} facets.	1	1	10.1038/s41467-025-57746-1	We employed a symmetric slab model for both {110} and {100} facets while a wedge model for {111} facets.
abstract	however	However printable (opto)electronic devices with sophisticated architectures including all-printed photodiodes face challenges in multi-material and multi-layer printing at micro- and nanoscales with low processing temperatures.	1	1	10.1038/s41467-025-64596-4	However printable (opto)electronic devices with sophisticated architectures including all-printed photodiodes face challenges in multi-material and multi-layer printing at micro- and nanoscales with low processing temperatures.
introduction	although	Although stereolithography and two-photon polymerisation-based #D printing have achieved sub-micron resolution and geometrical complexity the inks are still limited to metal(oxide)s and polymeric materials and the final products typically serve machinal and optical applications.	1	1	10.1038/s41467-025-64596-4	Although stereolithography and two-photon polymerisation-based 3D printing have achieved sub-micron resolution and geometrical complexity the inks are still limited to metal(oxide)s and polymeric materials and the final products typically serve machinal and optical applications.
introduction	yet	Printing the whole multi-layer device stacks like metal contacts/transport layers/photo-absorbing layers (PN or PIN junctions)/transport layers/metal contacts is also not yet achieved.	1	1	10.1038/s41467-025-64596-4	Printing the whole multi-layer device stacks like metal contacts/transport layers/photo-absorbing layers (PN or PIN junctions)/transport layers/metal contacts is also not yet achieved.
introduction	however	However these examples still rely on particular NC types and/or ligand matrices facing difficulties fulfilling the full range of tunable physical properties offered by metal semiconductor and dielectric NCs for solid-state device construction.	1	1	10.1038/s41467-025-64596-4	However these examples still rely on particular NC types and/or ligand matrices facing difficulties fulfilling the full range of tunable physical properties offered by metal semiconductor and dielectric NCs for solid-state device construction.
results	however	These as-printed NC structures however are electrically insulating due to the separation of individual NCs by bulky organic ligands (Fig. #a).	1	1	10.1038/s41467-025-64596-4	These as-printed NC structures however are electrically insulating due to the separation of individual NCs by bulky organic ligands (Fig. 1a).
results	whereas	The colour contrast in the scanning electron microscopy (SEM) image reflects the difference in conductivity and z-height of the two areas of printed Ag NC films (Fig. #f) whereas the nano-FTIR image indicates their drastically different intensities of IR absorption at # cm⁻¹ wavenumber (Fig. #g).	1	1	10.1038/s41467-025-64596-4	The colour contrast in the scanning electron microscopy (SEM) image reflects the difference in conductivity and z-height of the two areas of printed Ag NC films (Fig. 1f) whereas the nano-FTIR image indicates their drastically different intensities of IR absorption at 2900 cm⁻¹ wavenumber (Fig. 1g).
results	while	For example the width of printed Ag NC lines is reduced from \(#\pm #\{{\mathrm{nm}}}\) to \(#\pm #\{{\mathrm{nm}}}\) after the NH₄SCN L-E while the as-printed PbS NC lines shrink from \(#\pm #\{{\mathrm{nm}}}\) to \(#\pm #\{{\mathrm{nm}}}\) after the TBAI ligand exchange (Fig. #ik).	1	1	10.1038/s41467-025-64596-4	For example the width of printed Ag NC lines is reduced from \(651\pm 49\{{\mathrm{nm}}}\) to \(274\pm 31\{{\mathrm{nm}}}\) after the NH₄SCN L-E while the as-printed PbS NC lines shrink from \(754\pm 65\{{\mathrm{nm}}}\) to \(544\pm 34\{{\mathrm{nm}}}\) after the TBAI ligand exchange (Fig. 1ik).
results	but	The L-E treatment further shrinks the linewidth as consistently shown in SEM images but the relative dimension change varies with v.	1	1	10.1038/s41467-025-64596-4	The L-E treatment further shrinks the linewidth as consistently shown in SEM images but the relative dimension change varies with v.
results	although	This deviation suggests that the first Ag NC layer although printed with high v is sufficiently dense to sustain a high FR such that fewer additional layers are needed or higher ve is allowed to obtain the same high FR.	1	1	10.1038/s41467-025-64596-4	This deviation suggests that the first Ag NC layer although printed with high v is sufficiently dense to sustain a high FR such that fewer additional layers are needed or higher ve is allowed to obtain the same high FR.
abstract	however	However near-infrared (NIR) LEDs employing PQDs exhibit inferior external quantum efficiency related to the PQD emitting in the visible range.	1	1	10.1038/s41377-024-01704-x	However near-infrared (NIR) LEDs employing PQDs exhibit inferior external quantum efficiency related to the PQD emitting in the visible range.
introduction	however	However in the near-infrared I region (NIR-I ># nm) until now the efficiency is still relatively low.	1	1	10.1038/s41377-024-01704-x	However in the near-infrared I region (NIR-I >750 nm) until now the efficiency is still relatively low.
results	but	Surface ligand exchange is widely recognized as an effective way to replenish the trap sites and replace the long oleate ligands but the incompact ligand-QD binding usually leads to undesired ligand desorption and new trap sites during the film-preparation process so the appropriate ligand is a prerequisite for high-performance QDs.	1	1	10.1038/s41377-024-01704-x	Surface ligand exchange is widely recognized as an effective way to replenish the trap sites and replace the long oleate ligands but the incompact ligand-QD binding usually leads to undesired ligand desorption and new trap sites during the film-preparation process so the appropriate ligand is a prerequisite for high-performance QDs.
results	while	We observed the FASCN-treated films exhibited good thermal stability with no observable emission shift with increasing heating time (Δλ = # nm) while the control films suffered from a significant shift with a Δλ of # nm and the improved thermal stability was also clearly revealed by the PL intensity map (Fig.	1	1	10.1038/s41377-024-01704-x	We observed the FASCN-treated films exhibited good thermal stability with no observable emission shift with increasing heating time (Δλ = 1 nm) while the control films suffered from a significant shift with a Δλ of 12 nm and the improved thermal stability was also clearly revealed by the PL intensity map (Fig.
methods	while	The PMA-# system was connected to an integrating sphere (# in collecting device forward light) and a power supply system (controlling current output) while a PR-# instrument (Photo Research #–# nm) was used to calibrate the absolute radiance.	1	1	10.1038/s41377-024-01704-x	The PMA-12 system was connected to an integrating sphere (3.3 in collecting device forward light) and a power supply system (controlling current output) while a PR-745 instrument (Photo Research 380–1060 nm) was used to calibrate the absolute radiance.
abstract	however	However, the further development of perovskite LEDs requires ideal device electrical properties, which strongly depend on its interfaces.	1	1	10.1038/s41467-023-41929-9	However, the further development of perovskite LEDs requires ideal device electrical properties, which strongly depend on its interfaces.
introduction	however	However, in PeLEDs, the random configuration of the inorganic/organic heterointerface often leads to reduced physical robustness, imperfect hole injection, and undesired trap states, resulting in heterointerfaces with incommensurate nature.	1	1	10.1038/s41467-023-41929-9	However, in PeLEDs, the random configuration of the inorganic/organic heterointerface often leads to reduced physical robustness, imperfect hole injection, and undesired trap states, resulting in heterointerfaces with incommensurate nature.
introduction	but	This SAM not only improved the robustness and energy level coupling between the NiOx and PVK layers, but also provided a much-improved surface trap passivation effect to the NiOx simultaneously.	1	1	10.1038/s41467-023-41929-9	This SAM not only improved the robustness and energy level coupling between the NiOx and PVK layers, but also provided a much-improved surface trap passivation effect to the NiOx simultaneously.
results	but	These results suggest that the DMSO had washed away a portion of the PVK film in both cases, but less severely for that on the #PACz SAM substrate.	1	1	10.1038/s41467-023-41929-9	These results suggest that the DMSO had washed away a portion of the PVK film in both cases, but less severely for that on the 2PACz SAM substrate.
results	however	However, the contact angle kept similar (~#°) in the NiOx/SAM/PVK film, suggesting the remain of a compact PVK layer.	1	1	10.1038/s41467-023-41929-9	However, the contact angle kept similar (~90°) in the NiOx/SAM/PVK film, suggesting the remain of a compact PVK layer.
results	while	It could be partially attributed to the formation of the aforementioned interfacial dipoles across the NiOx/SAM interface, while the carbazole moiety in the #PACz SAM also contributed to the deepening of the energy level, thus reducing the energy barrier of hole injection from NiOx.	1	1	10.1038/s41467-023-41929-9	It could be partially attributed to the formation of the aforementioned interfacial dipoles across the NiOx/SAM interface, while the carbazole moiety in the 2PACz SAM also contributed to the deepening of the energy level, thus reducing the energy barrier of hole injection from NiOx.
discussion	but	This work demonstrates a simple but effective strategy to improve the organic/inorganic hole injection heterointerface for more efficient and brighter PeLEDs with quick response, paving the way for new applications of PeLEDs, such as light fidelity.	1	1	10.1038/s41467-023-41929-9	This work demonstrates a simple but effective strategy to improve the organic/inorganic hole injection heterointerface for more efficient and brighter PeLEDs with quick response, paving the way for new applications of PeLEDs, such as light fidelity.
introduction	despite	Despite the rapid developments, the critical working mechanisms of QLEDs including charge injection/transport, efficiency roll-off and device degradation are still unclear, limiting the further improvement of device performance.	1	1	10.1038/s41467-024-52521-0	Despite the rapid developments, the critical working mechanisms of QLEDs including charge injection/transport, efficiency roll-off and device degradation are still unclear, limiting the further improvement of device performance.
introduction	however	However, not all electrons are confined within the QDs and subsequently converted into photons, especially when the devices are operated at a small current density (J) or a large J.	1	1	10.1038/s41467-024-52521-0	However, not all electrons are confined within the QDs and subsequently converted into photons, especially when the devices are operated at a small current density (J) or a large J.
introduction	although	Take the external quantum efficiency-current density (EQE-J) characteristics (Supplementary Fig. #) for example, at a low J of #-# mA cm−#, although a considerable amount of electrons are injected into QDs, only a small fraction of them are converted into photons, leading to a very low EQE of only #-#%.	1	1	10.1038/s41467-024-52521-0	Take the external quantum efficiency-current density (EQE-J) characteristics (Supplementary Fig. 3) for example, at a low J of 0.06-0.14 mA cm−2, although a considerable amount of electrons are injected into QDs, only a small fraction of them are converted into photons, leading to a very low EQE of only 0.32-5.81%.
introduction	yet	In addition, even at a low J, where the effects of Auger recombination and Joule heat can be neglected, the device still exhibits a very low EQE, and the underlying causes are not yet fully understood.	1	1	10.1038/s41467-024-52521-0	In addition, even at a low J, where the effects of Auger recombination and Joule heat can be neglected, the device still exhibits a very low EQE, and the underlying causes are not yet fully understood.
introduction	but	The unambiguous revelations of electron transport behavior not only enhance our understanding of the working mechanism of QLEDs but also provide fresh insights into the development of efficient and stable QLEDs.	1	1	10.1038/s41467-024-52521-0	The unambiguous revelations of electron transport behavior not only enhance our understanding of the working mechanism of QLEDs but also provide fresh insights into the development of efficient and stable QLEDs.
results	while	At a sub-bandgap voltage of #-# V, the electrons are injected into QDs first due to their low injection barrier, while a few lucky holes, with the assistance of thermal energy, can overcome the injection barrier and recombine with the electrons, leading to the sub-bandgap luminance of #-# cd m−#, as we disclosed previously.	1	1	10.1038/s41467-024-52521-0	At a sub-bandgap voltage of 1.60-2.00 V, the electrons are injected into QDs first due to their low injection barrier, while a few lucky holes, with the assistance of thermal energy, can overcome the injection barrier and recombine with the electrons, leading to the sub-bandgap luminance of 0.27-700 cd m−2, as we disclosed previously.
results	however	However, the device exhibits a very low EQE of #-#%, indicating that most of the injected electrons do not convert into photons.	1	1	10.1038/s41467-024-52521-0	However, the device exhibits a very low EQE of 0.32-16.17%, indicating that most of the injected electrons do not convert into photons.
results	although	It is observed that at a sub-bandgap voltage of #-# V, although the QDs exhibits a high PL intensity, the EL intensity is relatively low.	1	1	10.1038/s41467-024-52521-0	It is observed that at a sub-bandgap voltage of 1.60-2.00 V, although the QDs exhibits a high PL intensity, the EL intensity is relatively low.
results	but	The ohmic current is present during the entire operation period, but its impact on device efficiency is negligible, since its value is order of magnitude smaller than that of the recombination current.	1	1	10.1038/s41467-024-52521-0	The ohmic current is present during the entire operation period, but its impact on device efficiency is negligible, since its value is order of magnitude smaller than that of the recombination current.
discussion	however	The excess electrons can also leak by recombining with the holes in TFB; however, such an interfacial recombination is only observed in blue QLEDs.	1	1	10.1038/s41467-024-52521-0	The excess electrons can also leak by recombining with the holes in TFB; however, such an interfacial recombination is only observed in blue QLEDs.
discussion	although	At high voltages, although electrons overflow into TFB still exist, it is the Auger recombination and Joule heat that mainly responsible for the EQE roll-off.	1	1	10.1038/s41467-024-52521-0	At high voltages, although electrons overflow into TFB still exist, it is the Auger recombination and Joule heat that mainly responsible for the EQE roll-off.
discussion	but	Our unambiguous revelations of electron transport behavior not only enhance our understanding of the working mechanism of QLEDs, but also provide fresh insights into the development of efficient and stable QLEDs.	1	1	10.1038/s41467-024-52521-0	Our unambiguous revelations of electron transport behavior not only enhance our understanding of the working mechanism of QLEDs, but also provide fresh insights into the development of efficient and stable QLEDs.
methods	while	The chemicals chlorobenzene and octane were obtained from Aladdin Industrial Corp., while absolute ethanol was obtained from Shanghai LingFeng Chemical Reagent Co., Ltd.	1	1	10.1038/s41467-024-52521-0	The chemicals chlorobenzene and octane were obtained from Aladdin Industrial Corp., while absolute ethanol was obtained from Shanghai LingFeng Chemical Reagent Co., Ltd.
abstract	despite	Despite the significant improvements of perovskite light-emitting diodes (PeLEDs) in the past few years, their efficiency roll-off at high current densities, caused by imbalanced charge injection and severe Auger recombination, is still a bottleneck for their practical applications.	1	1	10.1038/s41467-025-56001-x	Despite the significant improvements of perovskite light-emitting diodes (PeLEDs) in the past few years, their efficiency roll-off at high current densities, caused by imbalanced charge injection and severe Auger recombination, is still a bottleneck for their practical applications.
introduction	however	However, the severe efficiency roll-off at high current densities, originated from the imbalanced charge injection, ion migration and severe Auger recombination, severely restricts the commercial applications of PeLEDs in high-brightness displays and lighting.	1	1	10.1038/s41467-025-56001-x	However, the severe efficiency roll-off at high current densities, originated from the imbalanced charge injection, ion migration and severe Auger recombination, severely restricts the commercial applications of PeLEDs in high-brightness displays and lighting.
introduction	but	Another effective strategy is to improve the charge injection balance of PeLEDs, which cannot only increase the carrier recombination rate but also reduce the accumulation of excess charges and thus relieve Auger recombination.	1	1	10.1038/s41467-025-56001-x	Another effective strategy is to improve the charge injection balance of PeLEDs, which cannot only increase the carrier recombination rate but also reduce the accumulation of excess charges and thus relieve Auger recombination.
results	while	At a high current density of # mA cm−#, the EQE roll-off ratio of the PeLED with m-PEDOT is only #%, while that with p-PEDOT is #%.	1	1	10.1038/s41467-025-56001-x	At a high current density of 300 mA cm−2, the EQE roll-off ratio of the PeLED with m-PEDOT is only 11.4%, while that with p-PEDOT is 48.6%.
introduction	but	In the case of QLEDs, the n-type attributes of the nanocrystalline EIL are crucial not only for electron conduction/injection and hole blockage but also for facilitating the challenging hole injection.	1	1	10.1038/s41467-025-58471-5	In the case of QLEDs, the n-type attributes of the nanocrystalline EIL are crucial not only for electron conduction/injection and hole blockage but also for facilitating the challenging hole injection.
introduction	however	However, conventional doping strategies for bulk semiconductors are not effective for nanocrystalline EILs due to the high formation energy of dopants within the nanocrystalline lattice, and the properties are poorly understood and difficult to control.	1	1	10.1038/s41467-025-58471-5	However, conventional doping strategies for bulk semiconductors are not effective for nanocrystalline EILs due to the high formation energy of dopants within the nanocrystalline lattice, and the properties are poorly understood and difficult to control.
introduction	while	Achieving high EPE is primarily about maximizing luminance at the lowest possible driving voltage while maintaining high IQE.	1	1	10.1038/s41467-025-58471-5	Achieving high EPE is primarily about maximizing luminance at the lowest possible driving voltage while maintaining high IQE.
introduction	despite	Despite a decade of progress, fabrication of energy-efficient QLEDs with lighting-grade brightness remains elusive.	1	1	10.1038/s41467-025-58471-5	Despite a decade of progress, fabrication of energy-efficient QLEDs with lighting-grade brightness remains elusive.
results	however	However, to our knowledge, their n-type properties in thin film form have rarely been investigated.	1	1	10.1038/s41467-025-58471-5	However, to our knowledge, their n-type properties in thin film form have rarely been investigated.
results	although	Although molecular hydrogen with moderate reductivity could transfer their electrons to the ZnMgO nanocrystals followed by proton formation, its delayed detection relative to the onset of current and luminance enhancement and weaker reducing power compared to atomic hydrogen suggest H# plays a secondary role.	1	1	10.1038/s41467-025-58471-5	Although molecular hydrogen with moderate reductivity could transfer their electrons to the ZnMgO nanocrystals followed by proton formation, its delayed detection relative to the onset of current and luminance enhancement and weaker reducing power compared to atomic hydrogen suggest H2 plays a secondary role.
results	while	Because of the spatial confinement of carriers within a QD, single electron injection in QLEDs provides an essential Coulombic attraction for subsequent hole injection, while repelling additional electrons.	1	1	10.1038/s41467-025-58471-5	Because of the spatial confinement of carriers within a QD, single electron injection in QLEDs provides an essential Coulombic attraction for subsequent hole injection, while repelling additional electrons.
results	yet	The luminance at # V (L#V) mirrors this trend yet shows a faster rate, leading to an early-reached EQE plateau.	1	1	10.1038/s41467-025-58471-5	The luminance at 3 V (L3V) mirrors this trend yet shows a faster rate, leading to an early-reached EQE plateau.
results	whereas	During reductive treatment, the EQE increases more rapidly than the current density, whereas the oxygen treatment degrades the current density more quickly than the EQE.	1	1	10.1038/s41467-025-58471-5	During reductive treatment, the EQE increases more rapidly than the current density, whereas the oxygen treatment degrades the current density more quickly than the EQE.
methods	however	However, the device treated with water-vapor after Al deposition exhibits an enhanced geometric capacitance.	1	1	10.1038/s41467-025-58471-5	However, the device treated with water-vapor after Al deposition exhibits an enhanced geometric capacitance.
abstract	while	While the conductivity of ZnO is determined by both the density and mobility of charge carriers, a previously overlooked problem is that excessive carrier density in ZnO can lead to nonradiative Auger recombination at the quantum-dot/ZnO interface.	1	1	10.1038/s41377-025-01867-1	While the conductivity of ZnO is determined by both the density and mobility of charge carriers, a previously overlooked problem is that excessive carrier density in ZnO can lead to nonradiative Auger recombination at the quantum-dot/ZnO interface.
introduction	however	However, some fundamental physical issues in QLEDs remain unresolved.	1	1	10.1038/s41377-025-01867-1	However, some fundamental physical issues in QLEDs remain unresolved.
introduction	but	The high density of charge carriers in ZnO NP films, induced by surface defects, is primarily responsible for good electronic conduction, but this also leads to significant nonradiative recombination and poor device efficiency.	1	1	10.1038/s41377-025-01867-1	The high density of charge carriers in ZnO NP films, induced by surface defects, is primarily responsible for good electronic conduction, but this also leads to significant nonradiative recombination and poor device efficiency.
results	whereas	S#c, after five days of ageing, the current density at # V increased by approximately #%, whereas the luminance increased by more than #%.	1	1	10.1038/s41377-025-01867-1	S1c, after five days of ageing, the current density at 5 V increased by approximately 30%, whereas the luminance increased by more than 84%.
results	despite	S#), indicating that the exciton formation zone is unaffected despite variations in the cathodes and charge transport layers.	1	1	10.1038/s41377-025-01867-1	S2), indicating that the exciton formation zone is unaffected despite variations in the cathodes and charge transport layers.
results	however	However, the greater increase in luminance relative to current density (Fig. #b and Fig.	1	1	10.1038/s41377-025-01867-1	However, the greater increase in luminance relative to current density (Fig. 1b and Fig.
results	but	This enhancement cannot be attributed solely to improved electron injection into the QDs but originates from fundamental changes in electron dynamics within the ZnO layer due to metal ion diffusion under acidic conditions, i.e., operando chemical reactions.	1	1	10.1038/s41377-025-01867-1	This enhancement cannot be attributed solely to improved electron injection into the QDs but originates from fundamental changes in electron dynamics within the ZnO layer due to metal ion diffusion under acidic conditions, i.e., operando chemical reactions.
introduction	despite	Despite of these achievements, QLED is still in the early stage of research and development.	1	1	10.1038/s41467-019-08749-2	Despite of these achievements, QLED is still in the early stage of research and development.
introduction	but	As reported, the lifetime of red QLED has well exceeded # h; green devices are behind but still capable of # h; blue QLED is the worst among the three, delivering lifetime just over # h.	1	1	10.1038/s41467-019-08749-2	As reported, the lifetime of red QLED has well exceeded 3000 h; green devices are behind but still capable of 1000 h; blue QLED is the worst among the three, delivering lifetime just over 20 h.
introduction	however	For example, poly(#-vinlycarbazole) (PVK, hole mobility μ_h_ ~ #^−#^ cm^#^ V^−#^ s^−#^) is widely used in blue devices for high quantum efficiency, however, due to the very low carrier mobility and the instability of C–N bond, it is known for the negative impact on operating lifetime.	1	1	10.1038/s41467-019-08749-2	For example, poly(9-vinlycarbazole) (PVK, hole mobility μ_h_ ~ 10^−6^ cm^2^ V^−1^ s^−1^) is widely used in blue devices for high quantum efficiency, however, due to the very low carrier mobility and the instability of C–N bond, it is known for the negative impact on operating lifetime.
introduction	although	Although the result appears counter-intuitive since oxides are usually more stable than organic materials, the offset of conduction band maximum (CBM) across the ZnO–QD junction causes the unwanted charge transfer.	1	1	10.1038/s41467-019-08749-2	Although the result appears counter-intuitive since oxides are usually more stable than organic materials, the offset of conduction band maximum (CBM) across the ZnO–QD junction causes the unwanted charge transfer.
results	despite	Despite of the same device structure, red and blue QDs have different CBM and VBM values.	1	1	10.1038/s41467-019-08749-2	Despite of the same device structure, red and blue QDs have different CBM and VBM values.
results	but	These results suggest the charge balance in blue devices is poor, but they cannot accurately reflect the situation in a real QLED device.	1	1	10.1038/s41467-019-08749-2	These results suggest the charge balance in blue devices is poor, but they cannot accurately reflect the situation in a real QLED device.
results	although	Reviewing the data in Fig. #, we find that although the emergence of TFB^+^ can be spotted, the quadrature signal due to TFB degradation is negligible (see Supplementary Fig. # and the arrowed part in Supplementary Fig. #a).	1	1	10.1038/s41467-019-08749-2	Reviewing the data in Fig. 2, we find that although the emergence of TFB^+^ can be spotted, the quadrature signal due to TFB degradation is negligible (see Supplementary Fig. 2 and the arrowed part in Supplementary Fig. 4a).
results	nevertheless	Nevertheless, our results show that the luminance decay is not primarily determined by the degradation of HTL.	1	1	10.1038/s41467-019-08749-2	Nevertheless, our results show that the luminance decay is not primarily determined by the degradation of HTL.
results	however	Comparing to the samples of red QDs, the in-phase signals also increase with the addition of ZnO, however, the EA spectra show very different characteristics.	1	1	10.1038/s41467-019-08749-2	Comparing to the samples of red QDs, the in-phase signals also increase with the addition of ZnO, however, the EA spectra show very different characteristics.
results	while	First, as seen in the spectra of Supplementary Fig. #, red devices show no sign of quadrature signals before or after the lifetime tests, while blue devices with either TFB or PVK HTLs (Supplementary Fig. #a and c) shows strong quadrature spectra around the wavelength of # nm, which is consistent with Fig. #d.	1	1	10.1038/s41467-019-08749-2	First, as seen in the spectra of Supplementary Fig. 2, red devices show no sign of quadrature signals before or after the lifetime tests, while blue devices with either TFB or PVK HTLs (Supplementary Fig. 4a and c) shows strong quadrature spectra around the wavelength of 460 nm, which is consistent with Fig. 4d.
discussion	but	First, through the analysis of EA spectra, the emergence of HTL^+^ was spotted in both red and blue devices after their lifetime tests, but the operating-voltage rise across the HTLs is insignificant.	1	1	10.1038/s41467-019-08749-2	First, through the analysis of EA spectra, the emergence of HTL^+^ was spotted in both red and blue devices after their lifetime tests, but the operating-voltage rise across the HTLs is insignificant.
discussion	however	Therefore, HTL is responsible the slow degradation of red devices, however, it is not the culprit for the poor lifetime of blue devices.	1	1	10.1038/s41467-019-08749-2	Therefore, HTL is responsible the slow degradation of red devices, however, it is not the culprit for the poor lifetime of blue devices.
abstract	however	However, a fundamental question—how excitons are electrically generated in individual nanocrystals—remains unanswered.	1	1	10.1038/s41467-020-15944-z	However, a fundamental question—how excitons are electrically generated in individual nanocrystals—remains unanswered.
abstract	while	While hole injection into neutral quantum dots is generally considered to be inefficient, we find that the intermediate negatively charged state of quantum dots triggers confinement-enhanced Coulomb interactions, which simultaneously accelerate hole injection and hinder excessive electron injection.	1	1	10.1038/s41467-020-15944-z	While hole injection into neutral quantum dots is generally considered to be inefficient, we find that the intermediate negatively charged state of quantum dots triggers confinement-enhanced Coulomb interactions, which simultaneously accelerate hole injection and hinder excessive electron injection.
introduction	however	However, distinctive from bulk inorganic semiconductors, nanocrystals show efficient radiative recombination of single-exciton states and even faster non-radiative Auger recombination of charged-exciton states or multi-exciton states because of the strong spatial confinement of charge carriers within individual nanocrystals.	1	1	10.1038/s41467-020-15944-z	However, distinctive from bulk inorganic semiconductors, nanocrystals show efficient radiative recombination of single-exciton states and even faster non-radiative Auger recombination of charged-exciton states or multi-exciton states because of the strong spatial confinement of charge carriers within individual nanocrystals.
results	but	According to the characteristic decay dynamics (Supplementary Fig. #), the fast component (# ns) is assigned as X^−^, but not X^+^.	1	1	10.1038/s41467-020-15944-z	According to the characteristic decay dynamics (Supplementary Fig. 5), the fast component (2.7 ns) is assigned as X^−^, but not X^+^.
results	while	TCSPC measurements on the QD film under electrical injection (Supplementary Fig. # for the experimental setup) show that an additional fast decay component becomes more apparent with increasing electrical-excitation levels, while the slow decay characteristics remain unchanged (Fig. #c).	1	1	10.1038/s41467-020-15944-z	TCSPC measurements on the QD film under electrical injection (Supplementary Fig. 11 for the experimental setup) show that an additional fast decay component becomes more apparent with increasing electrical-excitation levels, while the slow decay characteristics remain unchanged (Fig. 4c).
discussion	despite	It is indeed interesting to see that at the single-nanocrystal level, despite that hole injection into a neutral QD is inefficient, the addition of an electron into the QD substantially increases the rate coefficient of hole injection to a level comparable to that of the efficient electron injection.	1	1	10.1038/s41467-020-15944-z	It is indeed interesting to see that at the single-nanocrystal level, despite that hole injection into a neutral QD is inefficient, the addition of an electron into the QD substantially increases the rate coefficient of hole injection to a level comparable to that of the efficient electron injection.
introduction	however	Despite excellent performance for CdSe relevant QLEDs, however, the use of Cd has been banned in numerous consumer electronics because of its environment and health hazard.	1	1	10.1038/s43246-021-00203-5	Despite excellent performance for CdSe relevant QLEDs, however, the use of Cd has been banned in numerous consumer electronics because of its environment and health hazard.
introduction	nevertheless	Nevertheless, having spent intense efforts in recent years, blue ZnSeTe and red InP QLEDs have a leaping advance.	1	1	10.1038/s43246-021-00203-5	Nevertheless, having spent intense efforts in recent years, blue ZnSeTe and red InP QLEDs have a leaping advance.
introduction	yet	In yet another approach, the red InP QLED has achieved an EQE of #% with a high brightness of # × #^#^ cd m^−#^.	1	1	10.1038/s43246-021-00203-5	In yet another approach, the red InP QLED has achieved an EQE of 21.4% with a high brightness of 1.0 × 10^5^ cd m^−2^.
introduction	but	Moreover, during the device operation, the excessive carriers accumulated at the barrier interface not only act as the nonradiative centers but also increase the driving voltage, limiting the device lifetime.	1	1	10.1038/s43246-021-00203-5	Moreover, during the device operation, the excessive carriers accumulated at the barrier interface not only act as the nonradiative centers but also increase the driving voltage, limiting the device lifetime.
results	but	This is plausibly caused by different degrees of CB and VB shift induced by the surface dipoles, which, in theory, is an opportunity to block the electron injection but facilitate the hole injection.	1	1	10.1038/s43246-021-00203-5	This is plausibly caused by different degrees of CB and VB shift induced by the surface dipoles, which, in theory, is an opportunity to block the electron injection but facilitate the hole injection.
results	however	However, upon fabrication into the device, it is interesting to know that the electroluminescence spectrum has negligible shift (<# nm) between those with and without BDA-modified QDs devices (see Fig. #c).	1	1	10.1038/s43246-021-00203-5	However, upon fabrication into the device, it is interesting to know that the electroluminescence spectrum has negligible shift (<1 nm) between those with and without BDA-modified QDs devices (see Fig. 2c).
results	nevertheless	Nevertheless, due to the capping of the remaining trap sites at a large, the emission properties in terms of lifetime increase, as elaborated below.	1	1	10.1038/s43246-021-00203-5	Nevertheless, due to the capping of the remaining trap sites at a large, the emission properties in terms of lifetime increase, as elaborated below.
results	while	In general, the shorter τ_#_ is related to a high rate of transition of interparticle charge and energy transfer, while the second exponent (τ_#_) is attributed to charge carrier recombination.	1	1	10.1038/s43246-021-00203-5	In general, the shorter τ_1_ is related to a high rate of transition of interparticle charge and energy transfer, while the second exponent (τ_2_) is attributed to charge carrier recombination.
results	despite	Upon adding ZnI_#_ to the BDA-modified InP GQDs, despite the unchanging of the absorption and emission spectral profile, τ_#_ and τ_#_ increase to #, # ns, respectively, supporting the further suppression of the trapping sites.	1	1	10.1038/s43246-021-00203-5	Upon adding ZnI_2_ to the BDA-modified InP GQDs, despite the unchanging of the absorption and emission spectral profile, τ_1_ and τ_2_ increase to 25.8, 85.5 ns, respectively, supporting the further suppression of the trapping sites.
results	whereas	The results shown in Fig. #b reveal further increase of the hole injection mobility whereas the change of electron mobility is not as significant.	1	1	10.1038/s43246-021-00203-5	The results shown in Fig. 3b reveal further increase of the hole injection mobility whereas the change of electron mobility is not as significant.
discussion	whereas	The alkyl diamines ligation provides bifunctionality, where upon surface passivation both energy level of CB and VB of InP GQDs lift due to the interface dipole interaction, facilitating the hole mobility, whereas the electron injection is retarded.	1	1	10.1038/s43246-021-00203-5	The alkyl diamines ligation provides bifunctionality, where upon surface passivation both energy level of CB and VB of InP GQDs lift due to the interface dipole interaction, facilitating the hole mobility, whereas the electron injection is retarded.
methods	while	Here, I_S_ and I_R_ are the integrated fluorescence intensities for the unknown and reference samples, respectively, while A_S_ and A_R_ are the respective absorbance values of the unknown and reference samples; n_S_ and n_R_ are the refractive indices of the unknown and reference samples.	1	1	10.1038/s43246-021-00203-5	Here, I_S_ and I_R_ are the integrated fluorescence intensities for the unknown and reference samples, respectively, while A_S_ and A_R_ are the respective absorbance values of the unknown and reference samples; n_S_ and n_R_ are the refractive indices of the unknown and reference samples.
introduction	yet	In hybrid QLEDs, an interesting yet under-investigated question remains to be answered.	1	1	10.1038/s41467-021-25955-z	In hybrid QLEDs, an interesting yet under-investigated question remains to be answered.
introduction	despite	Interestingly, most hybrid QLEDs exhibit current density and light emission threshold voltages (V_J_ and V_L_, respectively) comparable to or lower than E_g_/e despite large E_#S_h − E_HOMO, HTL_ (Supplemental Table #).	1	1	10.1038/s41467-021-25955-z	Interestingly, most hybrid QLEDs exhibit current density and light emission threshold voltages (V_J_ and V_L_, respectively) comparable to or lower than E_g_/e despite large E_1S_h − E_HOMO, HTL_ (Supplemental Table 1).
introduction	however	However, a large separation between ETLs and HTLs by a #–# nm-thick QD emissive layer (EML) makes the generation of charge-transfer excitons less probable.	1	1	10.1038/s41467-021-25955-z	However, a large separation between ETLs and HTLs by a 10–20 nm-thick QD emissive layer (EML) makes the generation of charge-transfer excitons less probable.
introduction	while	While the Coulombic potential of an electron in QDs to the hole is marginal compared to the extent of macroscopic potential gain, at sub-E_g_ condition, it modulates the exciton generation rate of individual QDs against nonradiative carrier loss through surface states.	1	1	10.1038/s41467-021-25955-z	While the Coulombic potential of an electron in QDs to the hole is marginal compared to the extent of macroscopic potential gain, at sub-E_g_ condition, it modulates the exciton generation rate of individual QDs against nonradiative carrier loss through surface states.
results	however	However, EL spectra acquired in the range of V_L_ ≤ V ≤ E_g_/e suggest that the carriers are injected into QDs at this regime, as opposed to recombining in CTLs or via charge-transfer excitons (Fig. #e).	1	1	10.1038/s41467-021-25955-z	However, EL spectra acquired in the range of V_L_ ≤ V ≤ E_g_/e suggest that the carriers are injected into QDs at this regime, as opposed to recombining in CTLs or via charge-transfer excitons (Fig. 1e).
results	but	Overall, the energy level alignment at the ZnO–QD junction is affected not only by the ɸ disparity but also by the electrons injected into the QD core.	1	1	10.1038/s41467-021-25955-z	Overall, the energy level alignment at the ZnO–QD junction is affected not only by the ɸ disparity but also by the electrons injected into the QD core.
results	yet	Second, the electron injection barrier, E_#S_e − E_CBM, ZnO_, is raised as a result of the E_F_ alignment, yet the increase is marginal since E_F_ difference is merely # eV.	1	1	10.1038/s41467-021-25955-z	Second, the electron injection barrier, E_1S_e − E_CBM, ZnO_, is raised as a result of the E_F_ alignment, yet the increase is marginal since E_F_ difference is merely 0.35 eV.
results	while	Despite the closeness of electrostatic potential gain from HTLs, V_L_ is larger than V_J_ in the hybrid QLEDs with #TNATA and NPB, while V_L_ and V_J_ are in similarly close proximity to E_g_/e in TCTA-based devices (Fig. #d).	1	1	10.1038/s41467-021-25955-z	Despite the closeness of electrostatic potential gain from HTLs, V_L_ is larger than V_J_ in the hybrid QLEDs with 2TNATA and NPB, while V_L_ and V_J_ are in similarly close proximity to E_g_/e in TCTA-based devices (Fig. 1d).
results	despite	Thus, trap-involved recombination is initiated at V = V_J, #TNATA_ and competes with the hole injection into QDs despite at V ≥ V_L, #TNATA_ (Fig. #d).	1	1	10.1038/s41467-021-25955-z	Thus, trap-involved recombination is initiated at V = V_J, 2TNATA_ and competes with the hole injection into QDs despite at V ≥ V_L, 2TNATA_ (Fig. 3d).
results	although	In other words, narrow-E_g_ QDs primarily consume holes via exciton recombination although a larger number of holes at the QD–#TNATA interface may cause trap recombination for all QDs.	1	1	10.1038/s41467-021-25955-z	In other words, narrow-E_g_ QDs primarily consume holes via exciton recombination although a larger number of holes at the QD–2TNATA interface may cause trap recombination for all QDs.
discussion	while	The narrow-E_g_ QDs give off EL as the correlated, rapid injection of a hole outpaces the trap-assisted recombination, while the EL from wide-E_g_ QDs is suppressed due to the trap recombination pathway.	1	1	10.1038/s41467-021-25955-z	The narrow-E_g_ QDs give off EL as the correlated, rapid injection of a hole outpaces the trap-assisted recombination, while the EL from wide-E_g_ QDs is suppressed due to the trap recombination pathway.
abstract	however	However, due to low carrier concentrations and strong confinement, the electroluminescence efficiency and brightness are hindered by low exciton formation rate, i.e. the probability of electrons meeting holes.	1	1	10.1038/s41467-025-65135-x	However, due to low carrier concentrations and strong confinement, the electroluminescence efficiency and brightness are hindered by low exciton formation rate, i.e. the probability of electrons meeting holes.
introduction	yet	Yet, sustaining exceptional efficiency at ultrahigh brightness remains a central challenge, particularly for applications in augmented and virtual reality as well as ultra-high-definition displays.	1	1	10.1038/s41467-025-65135-x	Yet, sustaining exceptional efficiency at ultrahigh brightness remains a central challenge, particularly for applications in augmented and virtual reality as well as ultra-high-definition displays.
introduction	although	Although approaches including interlayer engineering, charge-transport layer modification, and energy-level optimization have improved performance, the exciton formation rate continues to limit both brightness and EQE.	1	1	10.1038/s41467-025-65135-x	Although approaches including interlayer engineering, charge-transport layer modification, and energy-level optimization have improved performance, the exciton formation rate continues to limit both brightness and EQE.
introduction	however	However, in our recent work, we found the carrier population per QD in the operational device was low, as determined by electrically excited transient absorption (EETA) spectroscopy.	1	1	10.1038/s41467-025-65135-x	However, in our recent work, we found the carrier population per QD in the operational device was low, as determined by electrically excited transient absorption (EETA) spectroscopy.
results	however	However, the situation is the opposite in QD-LEDs, where the strong confinement inside individual QD emitters restricts the injection and diffusion of carriers, especially in thick ZnS shell-coated QDs.	1	1	10.1038/s41467-025-65135-x	However, the situation is the opposite in QD-LEDs, where the strong confinement inside individual QD emitters restricts the injection and diffusion of carriers, especially in thick ZnS shell-coated QDs.
results	while	We found that, while maintaining a constant electron-hole injection rate, a small increase in the lateral diffusion rate can effectively enhance the formation of excitons (Fig. # and Supplementary Fig. #).	1	1	10.1038/s41467-025-65135-x	We found that, while maintaining a constant electron-hole injection rate, a small increase in the lateral diffusion rate can effectively enhance the formation of excitons (Fig. 1 and Supplementary Fig. 1).
results	but	Thus, we have not only demonstrated our standpoint regarding hole migration in QD films from the perspectives of theoretical simulations and experimental characterizations, but we have also verified, through the carrier dynamics of devices, that hole migration enhances exciton formation and improves device brightness.	1	1	10.1038/s41467-025-65135-x	Thus, we have not only demonstrated our standpoint regarding hole migration in QD films from the perspectives of theoretical simulations and experimental characterizations, but we have also verified, through the carrier dynamics of devices, that hole migration enhances exciton formation and improves device brightness.
methods	while	Using an electronic time-delay module, the probe beam was directed to the excitation area of the device and collected by a monochromator and charge-coupled device, while the reference beam was recorded to eliminate optical jitter.	1	1	10.1038/s41467-025-65135-x	Using an electronic time-delay module, the probe beam was directed to the excitation area of the device and collected by a monochromator and charge-coupled device, while the reference beam was recorded to eliminate optical jitter.
abstract	however	However, practical applications of eco-friendly quantum dot light-emitting device remain challenging, primarily due to the inferior performance of green device, which still lag behind their red and blue counterparts.	1	1	10.1038/s41467-025-57304-9	However, practical applications of eco-friendly quantum dot light-emitting device remain challenging, primarily due to the inferior performance of green device, which still lag behind their red and blue counterparts.
introduction	however	However, despite these advancements, most reported green InP and ZnSeTe QLEDs continue to lag behind their red and blue counterparts.	1	1	10.1038/s41467-025-57304-9	However, despite these advancements, most reported green InP and ZnSeTe QLEDs continue to lag behind their red and blue counterparts.
introduction	while	While progress has been made in suppressing Auger recombination in Cd-based and InP-based QDs by smoothing interfacial potential, the relationship between interfacial potential and the performance of ZnSeTe QDs in QLEDs remains unclear.	1	1	10.1038/s41467-025-57304-9	While progress has been made in suppressing Auger recombination in Cd-based and InP-based QDs by smoothing interfacial potential, the relationship between interfacial potential and the performance of ZnSeTe QDs in QLEDs remains unclear.
results	while	The designed QD structure and the corresponding interfacial potential are depicted in Fig. #a, while the synthesis schematic of the IPG QDs is shown in Fig. #b.	1	1	10.1038/s41467-025-57304-9	The designed QD structure and the corresponding interfacial potential are depicted in Fig. 1a, while the synthesis schematic of the IPG QDs is shown in Fig. 1b.
results	whereas	As shown in Fig. #i, j, the Te distribution in the control QDs exhibit a steep transition, whereas in the IPG QDs, the Te distribution shows a gradual gradient along the radius.	1	1	10.1038/s41467-025-57304-9	As shown in Fig. 1i, j, the Te distribution in the control QDs exhibit a steep transition, whereas in the IPG QDs, the Te distribution shows a gradual gradient along the radius.
results	however	However, the introduction of the IPG leads to a stronger leakage of the carrier wave function outside the core.	1	1	10.1038/s41467-025-57304-9	However, the introduction of the IPG leads to a stronger leakage of the carrier wave function outside the core.
results	but	The fitting results (Fig. #i) show that the average lifetime remains constant under low excitation densities but decreases rapidly above # mJ cm^–#^, confirming the onset of Auger recombination at high excitation densities.	1	1	10.1038/s41467-025-57304-9	The fitting results (Fig. 3i) show that the average lifetime remains constant under low excitation densities but decreases rapidly above 1.6 mJ cm^–2^, confirming the onset of Auger recombination at high excitation densities.
methods	however	However, only # mL of Se precursor was injected over # h using a syringe pump, without the addition of Te, to form the standard core/shell structure.	1	1	10.1038/s41467-025-57304-9	However, only 0.2 mL of Se precursor was injected over 0.7 h using a syringe pump, without the addition of Te, to form the standard core/shell structure.
abstract	however	However, conventional methods cannot enable both energy level manipulation and conductivity enhancement for achieving optimum energy band configurations.	1	1	10.1038/s41467-021-27652-3	However, conventional methods cannot enable both energy level manipulation and conductivity enhancement for achieving optimum energy band configurations.
introduction	however	However, with increasing variation of the active layer and demand for higher device performance, pristine metal oxide systems fall short of meeting the electrical property requirements to achieve both excellent charge transport and injection properties.	1	1	10.1038/s41467-021-27652-3	However, with increasing variation of the active layer and demand for higher device performance, pristine metal oxide systems fall short of meeting the electrical property requirements to achieve both excellent charge transport and injection properties.
introduction	although	Although these two factors can be enhanced through engineering of material compositions or configurations, conventional techniques usually have fundamental limitations for tailoring both the charge transport and charge injection properties throughout the entire metal oxide layer.	1	1	10.1038/s41467-021-27652-3	Although these two factors can be enhanced through engineering of material compositions or configurations, conventional techniques usually have fundamental limitations for tailoring both the charge transport and charge injection properties throughout the entire metal oxide layer.
results	but	The two enhancement methods mentioned above provide either full film property enhancement or energy level modulation, but not both.	1	1	10.1038/s41467-021-27652-3	The two enhancement methods mentioned above provide either full film property enhancement or energy level modulation, but not both.
results	however	However, modulating the energy level and charge transport while providing the effect throughout the entire film is important for uniform and efficient charge injection and transport across the multilayer structure.	1	1	10.1038/s41467-021-27652-3	However, modulating the energy level and charge transport while providing the effect throughout the entire film is important for uniform and efficient charge injection and transport across the multilayer structure.
results	while	At # °C, the sol–gel processed NiO starts to undergo crystallization, while at # °C, the MoO# NPs undergo sintering and additional crystallization.	1	1	10.1038/s41467-021-27652-3	At 250 °C, the sol–gel processed NiO starts to undergo crystallization, while at 350 °C, the MoO3 NPs undergo sintering and additional crystallization.
abstract	however	However, current self-assembled monolayer (SAM)-based HTL suffer from weak interfacial adhesion, poor film uniformity, and limited stability, constraining their scalability.	1	1	10.1038/s41467-025-64111-9	However, current self-assembled monolayer (SAM)-based HTL suffer from weak interfacial adhesion, poor film uniformity, and limited stability, constraining their scalability.
abstract	while	PSCs with this HTL achieved a champion PCE of #% (with an active area of # cm#), while large-area modules reached #% at # cm#, #% at # cm#, and #% at # cm# (certified at #%), showing superior scalability.	1	1	10.1038/s41467-025-64111-9	PSCs with this HTL achieved a champion PCE of 26.02% (with an active area of 0.0655 cm2), while large-area modules reached 22.80% at 23.25 cm2, 21.45% at 87.45 cm2, and 20.21% at 749.276 cm2 (certified at 19.50%), showing superior scalability.
introduction	however	However, for commercial-scale large-area modules, SAM-based HTL still suffers from inadequate interfacial adhesion, poor film uniformity, and inconsistencies in large-area deposition, limiting device reproducibility and long-term operational stability.	1	1	10.1038/s41467-025-64111-9	However, for commercial-scale large-area modules, SAM-based HTL still suffers from inadequate interfacial adhesion, poor film uniformity, and inconsistencies in large-area deposition, limiting device reproducibility and long-term operational stability.
introduction	but	This non-uniformity not only affects the efficiency of charge injection at the interface, but also significantly increases charge recombination, thereby limiting further enhancement of the device performance.	1	1	10.1038/s41467-025-64111-9	This non-uniformity not only affects the efficiency of charge injection at the interface, but also significantly increases charge recombination, thereby limiting further enhancement of the device performance.
introduction	while	While these strategies improve small-area device performance, they remain inadequate for ensuring the fabrication consistency and long-term stability required for large-area commercial modules.	1	1	10.1038/s41467-025-64111-9	While these strategies improve small-area device performance, they remain inadequate for ensuring the fabrication consistency and long-term stability required for large-area commercial modules.
results	while	We found that the segmented introduced #PACz had uneven coverage on the H–NiOx layer, while the integrated introduced #PACz almost completely and evenly covered the surface of H–NiOx as expected.	1	1	10.1038/s41467-025-64111-9	We found that the segmented introduced 2PACz had uneven coverage on the H–NiOx layer, while the integrated introduced 2PACz almost completely and evenly covered the surface of H–NiOx as expected.
results	but	The precipitation of PbI# is promoted by the electron-proton transfer reaction between the overcoordinated Ni#+ sites and the perovskite precursor, which is observed in the H–NiOx sample but is suppressed after the introduction of #PACz.	1	1	10.1038/s41467-025-64111-9	The precipitation of PbI2 is promoted by the electron-proton transfer reaction between the overcoordinated Ni3+ sites and the perovskite precursor, which is observed in the H–NiOx sample but is suppressed after the introduction of 2PACz.
discussion	while	PSC devices with this integrated HTL achieved a champion PCE of #% (# cm#), while slot-die coating large-area modules reached #% (# cm#), #% (# cm#), and #% (# cm#).	1	1	10.1038/s41467-025-64111-9	PSC devices with this integrated HTL achieved a champion PCE of 26.02% (0.0655 cm2), while slot-die coating large-area modules reached 22.80% (23.25 cm2), 21.45% (87.45 cm2), and 20.21% (749.276 cm2).
abstract	however	However, absonant bilateral bond strength with NiOx and perovskite hinders the realization of efficient and stable PSCs.	1	1	10.1038/s41467-025-63389-z	However, absonant bilateral bond strength with NiOx and perovskite hinders the realization of efficient and stable PSCs.
introduction	however	However, each HTM has its limitations.	1	1	10.1038/s41467-025-63389-z	However, each HTM has its limitations.
introduction	although	Although inverted PSCs based on NiOx have achieved a PCE exceeding #%, its long-term operational stability is still relatively poor.	1	1	10.1038/s41467-025-63389-z	Although inverted PSCs based on NiOx have achieved a PCE exceeding 26%, its long-term operational stability is still relatively poor.
introduction	while	Higher Ni#+ and Ni#+ content will be beneficial to improve the conductivity and stability of NiOx films, respectively, while Ni#+ is generally detrimental due to its strong oxidizing ability, which can oxidize I⁻ into I#	1	1	10.1038/s41467-025-63389-z	Higher Ni3+ and Ni2+ content will be beneficial to improve the conductivity and stability of NiOx films, respectively, while Ni4+ is generally detrimental due to its strong oxidizing ability, which can oxidize I⁻ into I2.
introduction	but	Second, reported SAMs usually have strong interaction with NiOx but do not have or have very weak interaction with perovskites because there is a lack of active functional groups at the end of the SAM molecule.	1	1	10.1038/s41467-025-63389-z	Second, reported SAMs usually have strong interaction with NiOx but do not have or have very weak interaction with perovskites because there is a lack of active functional groups at the end of the SAM molecule.
results	but	This parallel adsorption configuration of BTSA keeps the -COOH group away from the NiOx surface but are inclined to combine with uncoordinated Pb#+ at the bottom surface of perovskite films, and thus prevents -COOH from ionizing H+ to bond with O atoms on the NiOx surface, which increases the p-type conductivity.	1	1	10.1038/s41467-025-63389-z	This parallel adsorption configuration of BTSA keeps the -COOH group away from the NiOx surface but are inclined to combine with uncoordinated Pb2+ at the bottom surface of perovskite films, and thus prevents -COOH from ionizing H+ to bond with O atoms on the NiOx surface, which increases the p-type conductivity.
results	while	Studies have shown that exposed Ni atoms on the surface of NiOx will act as electron donors, enhancing the n-type conductivity, while the exposed O atoms act as electron acceptors, contributing to p-type conductivity.	1	1	10.1038/s41467-025-63389-z	Studies have shown that exposed Ni atoms on the surface of NiOx will act as electron donors, enhancing the n-type conductivity, while the exposed O atoms act as electron acceptors, contributing to p-type conductivity.
results	whereas	We actually observed a significant improvement in hole mobility (Fig. #f) and conductivity (Fig. #g) in the three modulated NiOx films, especially in the BTSA modulated films, whereas the enhancements were less pronounced in NiOx films modulated with CSA or TSA.	1	1	10.1038/s41467-025-63389-z	We actually observed a significant improvement in hole mobility (Fig. 2f) and conductivity (Fig. 2g) in the three modulated NiOx films, especially in the BTSA modulated films, whereas the enhancements were less pronounced in NiOx films modulated with CSA or TSA.
results	however	However, Film # exhibited discoloration from black to gray, indicating a reaction between FAI and NiOx.	1	1	10.1038/s41467-025-63389-z	However, Film 1 exhibited discoloration from black to gray, indicating a reaction between FAI and NiOx.
abstract	yet	Dual hole transport layers consisting of NiOx and self-assembled molecules are widely adopted in inverted perovskite solar cells, yet plagued by high impurity content, inefficient hole transport, low molecular coverage, weak interfacial binding, unstable buried interface and energy level mismatch.	1	1	10.1038/s41467-026-73911-6	Dual hole transport layers consisting of NiOx and self-assembled molecules are widely adopted in inverted perovskite solar cells, yet plagued by high impurity content, inefficient hole transport, low molecular coverage, weak interfacial binding, unstable buried interface and energy level mismatch.
introduction	however	However, the interface between NiOx HTL and perovskite layer suffers from severe redox reaction, thereby deteriorating device long-term longevity.	1	1	10.1038/s41467-026-73911-6	However, the interface between NiOx HTL and perovskite layer suffers from severe redox reaction, thereby deteriorating device long-term longevity.
introduction	nevertheless	Nevertheless, there are some ongoing key challenges for double layer HTL formed by NiOx and SAMs.	1	1	10.1038/s41467-026-73911-6	Nevertheless, there are some ongoing key challenges for double layer HTL formed by NiOx and SAMs.
introduction	but	Second, the low coverage, prone to aggregation and insufficient adhesion of SAMs on the NiOx film would not only lower the charge transport capability of the SAMs layer, but also lead to poor perovskite crystallization and low quality of buried interface.	1	1	10.1038/s41467-026-73911-6	Second, the low coverage, prone to aggregation and insufficient adhesion of SAMs on the NiOx film would not only lower the charge transport capability of the SAMs layer, but also lead to poor perovskite crystallization and low quality of buried interface.
introduction	yet	Therefore, there is an urgent need to develop simple yet effective strategy to simultaneously tackle the above intricate problems, aiming to synchronously enhance the PCE and stability of inverted PSCs.	1	1	10.1038/s41467-026-73911-6	Therefore, there is an urgent need to develop simple yet effective strategy to simultaneously tackle the above intricate problems, aiming to synchronously enhance the PCE and stability of inverted PSCs.
introduction	while	For instance, doping or post-treatment of NiOx NPs can heighten the efficiency and stability of PSCs, while this method may introduce new impurity phases, which is not conducive to device long-term stability.	1	1	10.1038/s41467-026-73911-6	For instance, doping or post-treatment of NiOx NPs can heighten the efficiency and stability of PSCs, while this method may introduce new impurity phases, which is not conducive to device long-term stability.
results	while	First, high-resolution transmission electron microscopy (TEM) showed that the RT-NiOx NPs aggregated obviously with a typical size of # nm (Fig. #a), while the LT-NiOx NPs exhibited much suppressed agglomeration with a particle size of # nm (Fig. #b).	1	1	10.1038/s41467-026-73911-6	First, high-resolution transmission electron microscopy (TEM) showed that the RT-NiOx NPs aggregated obviously with a typical size of 6.96 nm (Fig. 1a), while the LT-NiOx NPs exhibited much suppressed agglomeration with a particle size of 5.31 nm (Fig. 1b).
results	whereas	It is worth noting that after # h of aging, the RT-NiOx-based film underwent significant agglomeration (Fig. #f), whereas the morphology of LT-NiOx-based film was almost invariant under the same aging conditions (Fig. #g).	1	1	10.1038/s41467-026-73911-6	It is worth noting that after 960 h of aging, the RT-NiOx-based film underwent significant agglomeration (Fig. 1f), whereas the morphology of LT-NiOx-based film was almost invariant under the same aging conditions (Fig. 1g).
results	however	However, the Eg of perovskite films deposited on RT-NiOx/SAM and LT-NiOx/SAM substrates was unchanged and was not dependent on HTL substrates.	1	1	10.1038/s41467-026-73911-6	However, the Eg of perovskite films deposited on RT-NiOx/SAM and LT-NiOx/SAM substrates was unchanged and was not dependent on HTL substrates.
results	but	In a word, our developed LT-NiOx can elevate not only PCE but also long-term operational stability by strengthened HTL and buried interface via bottom-up manipulation.	1	1	10.1038/s41467-026-73911-6	In a word, our developed LT-NiOx can elevate not only PCE but also long-term operational stability by strengthened HTL and buried interface via bottom-up manipulation.
methods	while	The final stage, P#, employed a # nm, picosecond laser to etch the Au electrodes, matching the width of P# (# ± # µm) while also avoiding penetration of the bottom TCO layer and preserving a # µm interval between the P# and P# etchings.	1	1	10.1038/s41467-026-73911-6	The final stage, P3, employed a 532 nm, picosecond laser to etch the Au electrodes, matching the width of P1 (30 ± 3 µm) while also avoiding penetration of the bottom TCO layer and preserving a 30 µm interval between the P2 and P3 etchings.
introduction	however	However, its instability under external stress (light or heat) and acidity strongly restricted the device's stability.	1	1	10.1038/s41467-024-51760-5	However, its instability under external stress (light or heat) and acidity strongly restricted the device's stability.
introduction	while	An additional energetic barrier might be consequently formed during the disassembly of micelles while SAM molecules bind to the substrate surface.	1	1	10.1038/s41467-024-51760-5	An additional energetic barrier might be consequently formed during the disassembly of micelles while SAM molecules bind to the substrate surface.
results	however	However, #PACz SAM on ITO can lead to a slightly higher roughness of # nm, which can be a result of the aggregation of disordered #PACz molecules on ITO.	1	1	10.1038/s41467-024-51760-5	However, 2PACz SAM on ITO can lead to a slightly higher roughness of 4.02 nm, which can be a result of the aggregation of disordered 2PACz molecules on ITO.
results	but	This improved homogeneity suggests that the incorporation of PyCA-#F not only promotes even dispersion but also substantially reduces the clustering of #PACz molecules on ITO.	1	1	10.1038/s41467-024-51760-5	This improved homogeneity suggests that the incorporation of PyCA-3F not only promotes even dispersion but also substantially reduces the clustering of 2PACz molecules on ITO.
results	while	It has been observed that PyCA-#F can assume a transient surface adsorption mode, wherein the carboxylate groups are anchored to the surface while the trifluoromethyl groups extend nearby.	1	1	10.1038/s41467-024-51760-5	It has been observed that PyCA-3F can assume a transient surface adsorption mode, wherein the carboxylate groups are anchored to the surface while the trifluoromethyl groups extend nearby.
results	nevertheless	Nevertheless, The PCE of OSCs is influenced by an amalgamation of both surface electronic and morphological properties.	1	1	10.1038/s41467-024-51760-5	Nevertheless, The PCE of OSCs is influenced by an amalgamation of both surface electronic and morphological properties.
methods	while	After vigorous stirring for # h at room temperature, # μl precursor is dripped onto different HTL substrates and spin-coating at # (# ramp) for # s and # rpm for # s (# ramp), while antisolvent (anisole) is dripped after # s.	1	1	10.1038/s41467-024-51760-5	After vigorous stirring for 2 h at room temperature, 50 μl precursor is dripped onto different HTL substrates and spin-coating at 1000 (200 ramp) for 10 s and 5000 rpm for 30 s (2000 ramp), while antisolvent (anisole) is dripped after 27 s.
introduction	whereas	Whereas, photovoltaic efficiency and stability of all-perovskite TSCs are both severely limited by the suboptimal interfacial contacts between NiOx and self-assembled monolayers (SAMs) in WBG subcell.	1	1	10.1038/s41467-025-59515-6	Whereas, photovoltaic efficiency and stability of all-perovskite TSCs are both severely limited by the suboptimal interfacial contacts between NiOx and self-assembled monolayers (SAMs) in WBG subcell.
introduction	while	While, due to the higher reactivity of NiOx than ITO and FTO, the strong acidic phosphoric acid (PA) anchor in the widely employed PA-functionalized SAMs would corrode NiOx, which is detrimental to the long-term stability of solar cell devices.	1	1	10.1038/s41467-025-59515-6	While, due to the higher reactivity of NiOx than ITO and FTO, the strong acidic phosphoric acid (PA) anchor in the widely employed PA-functionalized SAMs would corrode NiOx, which is detrimental to the long-term stability of solar cell devices.
introduction	but	It not only leads to nonradiative recombination and substantial VOC deficit, but also severely limits the operational stability of PSCs.	1	1	10.1038/s41467-025-59515-6	It not only leads to nonradiative recombination and substantial VOC deficit, but also severely limits the operational stability of PSCs.
results	while	Illustrated by Fig. #e, the interactions between Ni #d-O #p contribute to the formation of the bonding state, while the anti-bonding state originates from Ni #s-O #s#p and Ni #d-O #p.	1	1	10.1038/s41467-025-59515-6	Illustrated by Fig. 1e, the interactions between Ni 3d-O 2p contribute to the formation of the bonding state, while the anti-bonding state originates from Ni 4s-O 2s2p and Ni 3d-O 2p.
results	but	The Me-#PACz film exhibits a mean contact angle of #°, whereas the S-BA and S-BA-SAM film demonstrate slightly lower but comparable contact angles of #°, and #°, respectively.	1	1	10.1038/s41467-025-59515-6	The Me-4PACz film exhibits a mean contact angle of 86.3°, whereas the S-BA and S-BA-SAM film demonstrate slightly lower but comparable contact angles of 68.3°, and 72.3°, respectively.
results	whereas	Whereas, I(#)/I(#) values are significantly lower on both the top surface and the bottom layer in the control film.	1	1	10.1038/s41467-025-59515-6	Whereas, I(100)/I(110) values are significantly lower on both the top surface and the bottom layer in the control film.
introduction	however	However, researchers were mostly concerned molecular arrangement and dipole moment, ignoring the deflecting orientation of the overall interfacial dipole, which always pointed to hole transport layer (HTL) due to the chemisorption model of SAMs.	1	1	10.1038/s41467-024-55653-5	However, researchers were mostly concerned molecular arrangement and dipole moment, ignoring the deflecting orientation of the overall interfacial dipole, which always pointed to hole transport layer (HTL) due to the chemisorption model of SAMs.
introduction	whereas	The total dipole pointed towards the perovskites called "positive dipole", whereas "negative dipole" represented the total dipole pointed outside the perovskites.	1	1	10.1038/s41467-024-55653-5	The total dipole pointed towards the perovskites called "positive dipole", whereas "negative dipole" represented the total dipole pointed outside the perovskites.
introduction	but	Therefore, obtaining an optimal dipole orientation even with a larger interfacial dipole moment through a simple but efficient strategy, which is desirable for further improving the efficiency and reproducibility of inverted PSCs, is still a challenge.	1	1	10.1038/s41467-024-55653-5	Therefore, obtaining an optimal dipole orientation even with a larger interfacial dipole moment through a simple but efficient strategy, which is desirable for further improving the efficiency and reproducibility of inverted PSCs, is still a challenge.
results	whereas	The electron-rich units of the carboxyl (–COOH) group and P atom in #DPAA showed a negative ESP (red), whereas EDPP had only a single P atom to donate electrons.	1	1	10.1038/s41467-024-55653-5	The electron-rich units of the carboxyl (–COOH) group and P atom in 2DPAA showed a negative ESP (red), whereas EDPP had only a single P atom to donate electrons.
results	but	Overall, both theoretical and experimental results demonstrated that the initial dipole featured a negative orientation derived from the oblique arrangement of Me-#PACz, but the interfacial dipole orientation was turned into the positive orientation after the reconstruction of the interface dipole by #DPAA.	1	1	10.1038/s41467-024-55653-5	Overall, both theoretical and experimental results demonstrated that the initial dipole featured a negative orientation derived from the oblique arrangement of Me-4PACz, but the interfacial dipole orientation was turned into the positive orientation after the reconstruction of the interface dipole by 2DPAA.
abstract	however	However, variations in the valence states of NiOx on the surface create complexity in the growth of a high-quality SAM HTL.	1	1	10.1038/s41467-025-66421-4	However, variations in the valence states of NiOx on the surface create complexity in the growth of a high-quality SAM HTL.
introduction	while	The terminal group usually determines the energy level and surface wettability of the HTL, while the anchoring group shows significant influence on the resulting SAM coverage on substrate.	1	1	10.1038/s41467-025-66421-4	The terminal group usually determines the energy level and surface wettability of the HTL, while the anchoring group shows significant influence on the resulting SAM coverage on substrate.
introduction	however	However, variations in the valence states of NiOx on the surface create complexity in the growth of a high-quality SAM HTL.	1	1	10.1038/s41467-025-66421-4	However, variations in the valence states of NiOx on the surface create complexity in the growth of a high-quality SAM HTL.
results	while	The results show that there is a tridentate bind mode at NiO surface because of the thermodynamically favorable configuration with the lowest total energy, while a bidentate mode at Ni#O# surface due to the larger lattice spacing, and this larger lattice spacing limits the interaction between the anchor group and the substrate.	1	1	10.1038/s41467-025-66421-4	The results show that there is a tridentate bind mode at NiO surface because of the thermodynamically favorable configuration with the lowest total energy, while a bidentate mode at Ni2O3 surface due to the larger lattice spacing, and this larger lattice spacing limits the interaction between the anchor group and the substrate.
results	however	However, on Ni#O#, MeOF-#SHCz preferentially undergoes oxidation with a reaction energy of −# eV, which is significantly lower than that of MeOF-#PACz with Ni#O#, indicating a much stronger driving force for the reaction of MeOF-#SHCz with Ni#O# during the self-assembly process.	1	1	10.1038/s41467-025-66421-4	However, on Ni2O3, MeOF-4SHCz preferentially undergoes oxidation with a reaction energy of −5.25 eV, which is significantly lower than that of MeOF-4PACz with Ni2O3, indicating a much stronger driving force for the reaction of MeOF-4SHCz with Ni2O3 during the self-assembly process.
methods	while	In the progress of MD, Electrostatic is calculated using Ewald, while van der Waals is calculated using atom based.	1	1	10.1038/s41467-025-66421-4	In the progress of MD, Electrostatic is calculated using Ewald, while van der Waals is calculated using atom based.
abstract	yet	Self-assembled molecules are widely used as bottom interfacial layers in inverted perovskite solar cells, yet their application to perovskite top surfaces remains poorly understood.	1	1	10.1038/s41467-026-69198-2	Self-assembled molecules are widely used as bottom interfacial layers in inverted perovskite solar cells, yet their application to perovskite top surfaces remains poorly understood.
introduction	while	These dipole moments facilitate energy-level alignment, while the terminal groups of SAMs act as efficient hole collectors due to their hole-selective properties.	1	1	10.1038/s41467-026-69198-2	These dipole moments facilitate energy-level alignment, while the terminal groups of SAMs act as efficient hole collectors due to their hole-selective properties.
introduction	however	However, the application of SAMs for perovskite/HTL interface modification in n-i-p PSCs remains largely unexplored, and their functional roles in this configuration have yet to be thoroughly investigated.	1	1	10.1038/s41467-026-69198-2	However, the application of SAMs for perovskite/HTL interface modification in n-i-p PSCs remains largely unexplored, and their functional roles in this configuration have yet to be thoroughly investigated.
introduction	yet	Therefore, developing suitable SAMs that can effectively modify the perovskite/HTL interface in n-i-p PSCs and elucidating their underlying mechanisms are critical yet challenging tasks.	1	1	10.1038/s41467-026-69198-2	Therefore, developing suitable SAMs that can effectively modify the perovskite/HTL interface in n-i-p PSCs and elucidating their underlying mechanisms are critical yet challenging tasks.
results	while	The results show that the negative ESP is primarily localized on the electron-rich phosphonic acid group, while the positive ESP is concentrated on the SFX core and donor units.	1	1	10.1038/s41467-026-69198-2	The results show that the negative ESP is primarily localized on the electron-rich phosphonic acid group, while the positive ESP is concentrated on the SFX core and donor units.
results	whereas	Additionally, SFX-P# shows a glass transition temperature (Tg) of # °C, whereas no significant Tg is observed for SFX-P#, indicating their suitability for forming stable amorphous films.	1	1	10.1038/s41467-026-69198-2	Additionally, SFX-P1 shows a glass transition temperature (Tg) of 133.8 °C, whereas no significant Tg is observed for SFX-P2, indicating their suitability for forming stable amorphous films.
results	although	These findings suggest that when deposited on the perovskite surface using CF as a solvent, SAM molecules may form a more ordered arrangement through their anchoring units, although the interaction is not as strong as that observed on hydroxyl-rich metal oxide substrates.	1	1	10.1038/s41467-026-69198-2	These findings suggest that when deposited on the perovskite surface using CF as a solvent, SAM molecules may form a more ordered arrangement through their anchoring units, although the interaction is not as strong as that observed on hydroxyl-rich metal oxide substrates.
results	but	Notably, the SAM layer not only enhances efficiency but also reduces hysteresis in the J-V curves.	1	1	10.1038/s41467-026-69198-2	Notably, the SAM layer not only enhances efficiency but also reduces hysteresis in the J-V curves.
results	however	However, the champion efficiency of #% achieved with SFX-P#@CF remains lower than that of its counterpart based on SFX-DM HTL.	1	1	10.1038/s41467-026-69198-2	However, the champion efficiency of 25.13% achieved with SFX-P1@CF remains lower than that of its counterpart based on SFX-DM HTL.
abstract	yet	Self-assembled monolayers (SAMs) have emerged as efficient hole-transport layers for inverted perovskite solar cells (PSCs), yet molecular self-aggregation during assembly limits interfacial homogeneity and device performance.	1	1	10.1038/s41467-026-71301-6	Self-assembled monolayers (SAMs) have emerged as efficient hole-transport layers for inverted perovskite solar cells (PSCs), yet molecular self-aggregation during assembly limits interfacial homogeneity and device performance.
introduction	however	However, the presence of highly polar groups often induces uncontrolled intermolecular interactions during the self-assembly process.	1	1	10.1038/s41467-026-71301-6	However, the presence of highly polar groups often induces uncontrolled intermolecular interactions during the self-assembly process.
introduction	while	Bilayer architectures combining NiOx and SAMs demonstrated enhanced coverage and reduced interfacial losses, while small-molecule additives such as methyl phosphonic acid (MPA) and #-mercaptopropionic acid (#-MPA) helped suppress aggregation and minimize interfacial energy losses.	1	1	10.1038/s41467-026-71301-6	Bilayer architectures combining NiOx and SAMs demonstrated enhanced coverage and reduced interfacial losses, while small-molecule additives such as methyl phosphonic acid (MPA) and 3-mercaptopropionic acid (3-MPA) helped suppress aggregation and minimize interfacial energy losses.
introduction	despite	Despite these advances, achieving molecular-level homogeneity and indeed long-range order within SAMs remains a daunting challenge.	1	1	10.1038/s41467-026-71301-6	Despite these advances, achieving molecular-level homogeneity and indeed long-range order within SAMs remains a daunting challenge.
introduction	yet	This approach relies on the homogeneous co-assembly of structurally analogous yet non-identical molecules with high mutual miscibility.	1	1	10.1038/s41467-026-71301-6	This approach relies on the homogeneous co-assembly of structurally analogous yet non-identical molecules with high mutual miscibility.
results	whereas	Based on these advantages, PSCs based on the #:# Ph-Nd yielded a maximum PCE exceeding #%, whereas pure Nd-based PSCs suffered from a poor PCE below #%.	1	1	10.1038/s41467-026-71301-6	Based on these advantages, PSCs based on the 1:1 Ph-Nd yielded a maximum PCE exceeding 26%, whereas pure Nd-based PSCs suffered from a poor PCE below 20%.
results	while	These findings suggest that Nd preferentially associates with Ph-#PACz, effectively inhibiting the Ph-#PACz self-aggregation while facilitating the formation of a highly ordered and uniformly distributed molecular arrangement in Ph-Nd.	1	1	10.1038/s41467-026-71301-6	These findings suggest that Nd preferentially associates with Ph-4PACz, effectively inhibiting the Ph-4PACz self-aggregation while facilitating the formation of a highly ordered and uniformly distributed molecular arrangement in Ph-Nd.
results	but	Combining these experimental and computational results, we propose an alternating co-adsorption mechanism for Ph-Nd: Nd forms stable binding with Ph-#PACz through enhanced π-π interaction and hydrogen bonding, which not only suppresses Ph-#PACz self-aggregation but also enables the formation of highly uniform, alternating Ph-#PACz/Nd molecular arrangement in Ph-Nd.	1	1	10.1038/s41467-026-71301-6	Combining these experimental and computational results, we propose an alternating co-adsorption mechanism for Ph-Nd: Nd forms stable binding with Ph-4PACz through enhanced π-π interaction and hydrogen bonding, which not only suppresses Ph-4PACz self-aggregation but also enables the formation of highly uniform, alternating Ph-4PACz/Nd molecular arrangement in Ph-Nd.
results	however	Inserting a Ph-#PACz layer between perovskite and ITO produced a red shift of Pb #f peaks by # eV, however, the further incorporation of Nd into SAM resulted in no detectable chemical shift.	1	1	10.1038/s41467-026-71301-6	Inserting a Ph-4PACz layer between perovskite and ITO produced a red shift of Pb 4f peaks by 0.03 eV, however, the further incorporation of Nd into SAM resulted in no detectable chemical shift.
discussion	but	This alternating architecture not only suppresses Ph-#PACz self-aggregation and enables the formation of highly uniform, alternating Ph-#PACz/Nd molecular arrangement in Ph-Nd, but also features nonlinear energy levels to realize well-suited alignment at the SAM and perovskite interface.	1	1	10.1038/s41467-026-71301-6	This alternating architecture not only suppresses Ph-4PACz self-aggregation and enables the formation of highly uniform, alternating Ph-4PACz/Nd molecular arrangement in Ph-Nd, but also features nonlinear energy levels to realize well-suited alignment at the SAM and perovskite interface.
abstract	however	However, the ELA at the D-A interfaces is largely underdetermined, resulting in debates on the fundamental operating mechanisms of high-efficiency non-fullerene organic solar cells.	1	1	10.1038/s41467-022-29702-w	However, the ELA at the D-A interfaces is largely underdetermined, resulting in debates on the fundamental operating mechanisms of high-efficiency non-fullerene organic solar cells.
introduction	however	However, some recent reports challenge efficient charge generation upon zero energy offsets in NFA-OSCs, and claim that a decent HOMO offset is still necessary for efficient charge generation in NFA-OSCs.	1	1	10.1038/s41467-022-29702-w	However, some recent reports challenge efficient charge generation upon zero energy offsets in NFA-OSCs, and claim that a decent HOMO offset is still necessary for efficient charge generation in NFA-OSCs.
introduction	while	Work function (WF) and ionization potential (IP) evolutions with film thickness are mapped out through building up multilayer films with monolayer precision while avoiding interface intermixing using the Langmuir-Schäfer (LS) technique.	1	1	10.1038/s41467-022-29702-w	Work function (WF) and ionization potential (IP) evolutions with film thickness are mapped out through building up multilayer films with monolayer precision while avoiding interface intermixing using the Langmuir-Schäfer (LS) technique.
results	yet	Here, two donors (PBDB-T, PM#) and two acceptors (ITIC, IT#F) are selected as model materials, as they yield high power conversion efficiencies (PCEs) in the corresponding OSCs and share, respectively, similar molecular backbones (Supplementary Fig. #), yet have different energy levels.	1	1	10.1038/s41467-022-29702-w	Here, two donors (PBDB-T, PM6) and two acceptors (ITIC, IT4F) are selected as model materials, as they yield high power conversion efficiencies (PCEs) in the corresponding OSCs and share, respectively, similar molecular backbones (Supplementary Fig. 2), yet have different energy levels.
results	while	As can be seen in Supplementary Fig. #, large WF shifts of #–# eV are found in all spin-coated bilayer films compared with their corresponded bottom donor layers, while the measured IPs are the same as those in neat ITIC (IP = # ± # eV) and IT#F (IP = # ± # eV) films.	1	1	10.1038/s41467-022-29702-w	As can be seen in Supplementary Fig. 3, large WF shifts of 0.60–0.71 eV are found in all spin-coated bilayer films compared with their corresponded bottom donor layers, while the measured IPs are the same as those in neat ITIC (IP = 5.74 ± 0.1 eV) and IT4F (IP = 5.79 ± 0.1 eV) films.
results	whereas	In contrast, ITIC films are preferentially face-on oriented, in agreement with reported results, whereas the IT#F films are more disordered (Supplementary Note #).	1	1	10.1038/s41467-022-29702-w	In contrast, ITIC films are preferentially face-on oriented, in agreement with reported results, whereas the IT4F films are more disordered (Supplementary Note 1).
results	but	This result rules out the ELB at interface but well supports the VL shift scenario.	1	1	10.1038/s41467-022-29702-w	This result rules out the ELB at interface but well supports the VL shift scenario.
results	however	However, after contact and the VL shift correction, the resulting ELA displays interfacial energetic offsets that are shrunk to near zero while the photovoltaic gaps are significantly increased (see Table #).	1	1	10.1038/s41467-022-29702-w	However, after contact and the VL shift correction, the resulting ELA displays interfacial energetic offsets that are shrunk to near zero while the photovoltaic gaps are significantly increased (see Table 2).
discussion	however	However, the ICT model assumes the absence of intrinsic electric fields at the interface and no orbital hybridization.	1	1	10.1038/s41467-022-29702-w	However, the ICT model assumes the absence of intrinsic electric fields at the interface and no orbital hybridization.
discussion	but	As we see no significant change in the HOMO energy of the donors or acceptors at the heterojunctions, significant hybridization is unlikely but not ruled out completely.	1	1	10.1038/s41467-022-29702-w	As we see no significant change in the HOMO energy of the donors or acceptors at the heterojunctions, significant hybridization is unlikely but not ruled out completely.
discussion	while	We find that large abrupt VL shifts occur at the D–A interfaces, while no energy level bending is evident, resulting in decreased ΔHOMO that approaches near zero for some D–A combinations.	1	1	10.1038/s41467-022-29702-w	We find that large abrupt VL shifts occur at the D–A interfaces, while no energy level bending is evident, resulting in decreased ΔHOMO that approaches near zero for some D–A combinations.
methods	while	The deposition of polymer layers was carried out by approaching the substrate horizontally to the air/water interface at a surface pressure of # mN m−#, while small molecule layers were deposited at # mN m−#	1	1	10.1038/s41467-022-29702-w	The deposition of polymer layers was carried out by approaching the substrate horizontally to the air/water interface at a surface pressure of 25 mN m−1, while small molecule layers were deposited at 30 mN m−1.
introduction	yet	The International Roadmap for Device and Systems (IRDS #) sets a target for Si contact resistance below #−# Ω cm#, a goal that is challenging yet attainable.	1	1	10.1038/s41467-025-65695-y	The International Roadmap for Device and Systems (IRDS 2022) sets a target for Si contact resistance below 10−9 Ω cm2, a goal that is challenging yet attainable.
introduction	although	Although Ge possesses superior carrier mobility, as it has the highest hole mobility among all semiconductors, with electron mobility approximately three times higher than in Si, the pronounced FLP effect at the metal–Ge interfaces prevents it from replacing Si for developing advanced low-power transistors.	1	1	10.1038/s41467-025-65695-y	Although Ge possesses superior carrier mobility, as it has the highest hole mobility among all semiconductors, with electron mobility approximately three times higher than in Si, the pronounced FLP effect at the metal–Ge interfaces prevents it from replacing Si for developing advanced low-power transistors.
introduction	but	Two-dimensional (#D) semiconductors as channel materials could enable transistors with sub-# nm gate length while maintaining sufficiently small subthreshold swing and leakage current with body thickness down to one atomic layer, but also suffer from poor source and drain contacts with a considerably large SBH due to the FLP effect.	1	1	10.1038/s41467-025-65695-y	Two-dimensional (2D) semiconductors as channel materials could enable transistors with sub-10 nm gate length while maintaining sufficiently small subthreshold swing and leakage current with body thickness down to one atomic layer, but also suffer from poor source and drain contacts with a considerably large SBH due to the FLP effect.
introduction	whereas	Experiments show that n-type Si has a pinning factor of S = #, whereas n-type Ge possesses S = #, the strongest FLP among semiconductors, manifesting the Fermi level firmly pinned at about # eV above the valence band maximum (VBM) and yielding a large constant n-type SBH (# ± # eV) for the metal–Ge interface, irrespective of the metal in contact.	1	1	10.1038/s41467-025-65695-y	Experiments show that n-type Si has a pinning factor of S = 0.16, whereas n-type Ge possesses S = 0.025, the strongest FLP among semiconductors, manifesting the Fermi level firmly pinned at about 0.05 eV above the valence band maximum (VBM) and yielding a large constant n-type SBH (0.57 ± 0.07 eV) for the metal–Ge interface, irrespective of the metal in contact.
introduction	however	However, the MIGS model has recently been questioned by both theoretical and experimental observations that show interface structure can strongly modify the SBH and FLP, which are unlikely to be explained in the context of the MIGS model since it regards FLP as purely an intrinsic property of the bulk semiconductor as it relies solely on bulk band gap or dielectric constant without considering the role of the specific structure of the interface.	1	1	10.1038/s41467-025-65695-y	However, the MIGS model has recently been questioned by both theoretical and experimental observations that show interface structure can strongly modify the SBH and FLP, which are unlikely to be explained in the context of the MIGS model since it regards FLP as purely an intrinsic property of the bulk semiconductor as it relies solely on bulk band gap or dielectric constant without considering the role of the specific structure of the interface.
results	while	The p(# × #) dimer reconstruction surface has the lowest energy at low temperatures and arises from the non-reconstructed ideal c(# × #) surface by pairing the topmost-layer atoms along the [#] direction to form alternating buckled asymmetric dimers: one atom of the dimers displaces away from the surface (dimer-up atom), while the other moves inward (dimer-down atom).	1	1	10.1038/s41467-025-65695-y	The p(2 × 2) dimer reconstruction surface has the lowest energy at low temperatures and arises from the non-reconstructed ideal c(1 × 1) surface by pairing the topmost-layer atoms along the [110] direction to form alternating buckled asymmetric dimers: one atom of the dimers displaces away from the surface (dimer-up atom), while the other moves inward (dimer-down atom).
results	but	For the p(# × #) dimer reconstruction surface, one can see from Fig. #a that the first-principles calculated SBHs of the metal–Si (#) interfaces are in reasonable agreement with the experimental measurements, considering experimental data exhibiting a large scatter, but it is not true for the metal–Ge (#) interfaces.	1	1	10.1038/s41467-025-65695-y	For the p(2 × 2) dimer reconstruction surface, one can see from Fig. 1a that the first-principles calculated SBHs of the metal–Si (001) interfaces are in reasonable agreement with the experimental measurements, considering experimental data exhibiting a large scatter, but it is not true for the metal–Ge (001) interfaces.
results	however	However, for the metal–Ge (#) interfaces with the same p(# × #) dimer reconstruction, the predicted pinning factor S = # is unexpectedly large (Fig. #c), which is only # smaller than that of the metal–Si interfaces and thus is too large to account for the strong FLP (S = #) observed experimentally in the metal–Ge contacts.	1	1	10.1038/s41467-025-65695-y	However, for the metal–Ge (001) interfaces with the same p(2 × 2) dimer reconstruction, the predicted pinning factor S = 0.11 is unexpectedly large (Fig. 1c), which is only 0.05 smaller than that of the metal–Si interfaces and thus is too large to account for the strong FLP (S = 0.02) observed experimentally in the metal–Ge contacts.
results	although	Evidence has been accumulated that metal deposition may destroy the reconstructed surface structure of the substrate, although both clean Si (#) and Ge (#) surfaces are predicted theoretically and observed experimentally to be stabilized in the p(# × #) dimer reconstruction.	1	1	10.1038/s41467-025-65695-y	Evidence has been accumulated that metal deposition may destroy the reconstructed surface structure of the substrate, although both clean Si (001) and Ge (001) surfaces are predicted theoretically and observed experimentally to be stabilized in the p(2 × 2) dimer reconstruction.
results	whereas	Whereas DBSS emerges from the surface dangling bonds owing to the crystal lattice termination at the surface, and thus, its charges localize predominantly in the interface region and decay towards both sides.	1	1	10.1038/s41467-025-65695-y	Whereas DBSS emerges from the surface dangling bonds owing to the crystal lattice termination at the surface, and thus, its charges localize predominantly in the interface region and decay towards both sides.
results	yet	Considering the surface dangling bonds have not yet been fully passivated even in the p(# × #) interface reconstruction, as shown in Fig. #b, we postulate that we can further alleviate the FLP by improving the passivation of the surface dangling bonds using, e.g., hydrogen (H) atoms, which have been successfully used to shift all surface states out from the band gap on bare Si and Ge surfaces.	1	1	10.1038/s41467-025-65695-y	Considering the surface dangling bonds have not yet been fully passivated even in the p(2 × 2) interface reconstruction, as shown in Fig. 2b, we postulate that we can further alleviate the FLP by improving the passivation of the surface dangling bonds using, e.g., hydrogen (H) atoms, which have been successfully used to shift all surface states out from the band gap on bare Si and Ge surfaces.
discussion	but	Our calculated density of states for these dangling bonds (see Fig. #c) in bare surfaces confirms this trend: for ZnO and SrO, DBSS vanishes within the band gap, and for GaAs and BAs, the DBSS appears but is reduced compared with that in Si and C.	1	1	10.1038/s41467-025-65695-y	Our calculated density of states for these dangling bonds (see Fig. 5c) in bare surfaces confirms this trend: for ZnO and SrO, DBSS vanishes within the band gap, and for GaAs and BAs, the DBSS appears but is reduced compared with that in Si and C.
discussion	despite	This reduction in DBSS for highly ionic materials directly correlates with the much larger pinning factor S observed for II–VI compounds, such as ZnO (Eg = # eV, S ~ #) and SrO (Eg = # eV, S ~ #) compared with covalent group IV covalent semiconductors, particularly diamond (Eg = # eV, S ~ #), despite their comparable Eg, as shown by the literature-reported S in Fig. #a.	1	1	10.1038/s41467-025-65695-y	This reduction in DBSS for highly ionic materials directly correlates with the much larger pinning factor S observed for II–VI compounds, such as ZnO (Eg = 3.44 eV, S ~ 0.57) and SrO (Eg = 5.79 eV, S ~ 0.93) compared with covalent group IV covalent semiconductors, particularly diamond (Eg = 5.4 eV, S ~ 0.35), despite their comparable Eg, as shown by the literature-reported S in Fig. 5a.
discussion	nevertheless	Nevertheless, more in-depth studies are necessary to fully validate and extend this mechanism in future research.	1	1	10.1038/s41467-025-65695-y	Nevertheless, more in-depth studies are necessary to fully validate and extend this mechanism in future research.
discussion	however	However, it should also be emphasized that we do not disprove the significance of MIGS on the FLP in Ge and Si, although we attribute their different FLP to their different interface bonding configuration.	1	1	10.1038/s41467-025-65695-y	However, it should also be emphasized that we do not disprove the significance of MIGS on the FLP in Ge and Si, although we attribute their different FLP to their different interface bonding configuration.
discussion	while	Since MIGS is an intrinsic property of semiconductors and its contribution to S cannot be altered by H-passivation, we can roughly suppose that the increase of S from near # to around # by hydrogen passivation for both Si and Ge is due to the elimination of DBSS, while the remaining factor to hinder the approach to the Schottky–Mott limit S = # is due to residual MIGS.	1	1	10.1038/s41467-025-65695-y	Since MIGS is an intrinsic property of semiconductors and its contribution to S cannot be altered by H-passivation, we can roughly suppose that the increase of S from near 0 to around 0.5 by hydrogen passivation for both Si and Ge is due to the elimination of DBSS, while the remaining factor to hinder the approach to the Schottky–Mott limit S = 1 is due to residual MIGS.
discussion	whereas	From a device integration perspective, at typical CMOS processing temperature (># °C), hydrogen passivation is thermally unstable on both Si and Ge, whereas Cl and S passivation provide much better stability and effective interface states suppression, which might be better choices for DBSS passivation.	1	1	10.1038/s41467-025-65695-y	From a device integration perspective, at typical CMOS processing temperature (>400 °C), hydrogen passivation is thermally unstable on both Si and Ge, whereas Cl and S passivation provide much better stability and effective interface states suppression, which might be better choices for DBSS passivation.
abstract	but	Interfacial polarization – charge accumulation at the heterointerface – is a well-established tool in semiconductors, but its influence in metals remains unexplored.	1	1	10.1038/s41467-026-69200-x	Interfacial polarization – charge accumulation at the heterointerface – is a well-established tool in semiconductors, but its influence in metals remains unexplored.
abstract	despite	Using multislice electron ptychography, we directly visualize polar displacements of transition metal ions relative to oxygen octahedra near the interface, despite the conductive nature of RuO#	1	1	10.1038/s41467-026-69200-x	Using multislice electron ptychography, we directly visualize polar displacements of transition metal ions relative to oxygen octahedra near the interface, despite the conductive nature of RuO2.
introduction	however	However, exploration beyond perovskites remains limited, and interfacial polarization in metallic rutile oxides—a structurally distinct family—has not been previously demonstrated.	1	1	10.1038/s41467-026-69200-x	However, exploration beyond perovskites remains limited, and interfacial polarization in metallic rutile oxides—a structurally distinct family—has not been previously demonstrated.
introduction	but	RuO# is a chemically stable, highly conductive oxide with a tetragonal rutile structure, widely studied for its catalytic properties but not known to exhibit polar distortions.	1	1	10.1038/s41467-026-69200-x	RuO2 is a chemically stable, highly conductive oxide with a tetragonal rutile structure, widely studied for its catalytic properties but not known to exhibit polar distortions.
results	although	This observation aligns with first-principles predictions: although strained RuO# shows lattice instabilities at the Brillouin zone boundary, it lacks zone-center soft modes, suggesting strain alone cannot stabilize a polar ground state.	1	1	10.1038/s41467-026-69200-x	This observation aligns with first-principles predictions: although strained RuO2 shows lattice instabilities at the Brillouin zone boundary, it lacks zone-center soft modes, suggesting strain alone cannot stabilize a polar ground state.
results	while	The small standard deviation in VCPD (~# mV) ensured high precision, while the mean VCPD values showed significant dependence on tRuO#	1	1	10.1038/s41467-026-69200-x	The small standard deviation in VCPD (~1.6 mV) ensured high precision, while the mean VCPD values showed significant dependence on tRuO2.
results	yet	This variation is comparable to leading examples – such as the ~# eV shifts observed in molecule-adsorption studies on metal surfaces – yet is achieved here without any surface modification.	1	1	10.1038/s41467-026-69200-x	This variation is comparable to leading examples – such as the ~1.2 eV shifts observed in molecule-adsorption studies on metal surfaces – yet is achieved here without any surface modification.
discussion	while	This analysis further reveals that the thickness of a compensated interfacial layer is ~# nm in RuO#/TiO# structures, while it is reduced to ~# nm in TiO#/RuO#/TiO# heterostructures, consistent with the opposing interfacial polarization observed via electron ptychography.	1	1	10.1038/s41467-026-69200-x	This analysis further reveals that the thickness of a compensated interfacial layer is ~1.6 nm in RuO2/TiO2 structures, while it is reduced to ~0.7 nm in TiO2/RuO2/TiO2 heterostructures, consistent with the opposing interfacial polarization observed via electron ptychography.
methods	while	For high-angle annular dark field (HAADF) STEM imaging, the incident probe had an # mrad convergence semi-angle, while the detector collection angle was #–# mrad.	1	1	10.1038/s41467-026-69200-x	For high-angle annular dark field (HAADF) STEM imaging, the incident probe had an 18.9 mrad convergence semi-angle, while the detector collection angle was 72–179 mrad.
abstract	however	However the electroluminescence quantum efficiency of their light-emitting diodes was <#%.	1	1	alhtl_2017_cspbbr3-moo3-hil-peled	However the electroluminescence quantum efficiency of their light-emitting diodes was <1%.
introduction	however	However the EQE of the LEDs based on these materials remain <#% (refs #, #).	1	1	alhtl_2017_cspbbr3-moo3-hil-peled	However the EQE of the LEDs based on these materials remain <1% (refs 15, 34).
results	while	A high ratio of CsBr:PbBr₂ (#:#) precursor solution was used to guarantee the formation of pure phase CsPbBr₃, while the excess CsBr would be readily precipitated during solution stirring.	1	1	alhtl_2017_cspbbr3-moo3-hil-peled	A high ratio of CsBr:PbBr₂ (2.2:1) precursor solution was used to guarantee the formation of pure phase CsPbBr₃, while the excess CsBr would be readily precipitated during solution stirring.
results	although	Although the perovskite film surface coverage was significantly improved by introducing the PVP intermediate layer there was still an appreciable density of pinholes.	1	1	alhtl_2017_cspbbr3-moo3-hil-peled	Although the perovskite film surface coverage was significantly improved by introducing the PVP intermediate layer there was still an appreciable density of pinholes.
results	however	However the slow decay component of CsMA exhibited a longer lifetime indicative of less bulk defects consistent with the observed reduction of Pb metallic states (Supplementary Fig. #).	1	1	alhtl_2017_cspbbr3-moo3-hil-peled	However the slow decay component of CsMA exhibited a longer lifetime indicative of less bulk defects consistent with the observed reduction of Pb metallic states (Supplementary Fig. 7).
discussion	while	Similar mechanism has been proposed in previous reports while using PMMA insulting layer in quantum dot LEDs.	1	1	alhtl_2017_cspbbr3-moo3-hil-peled	Similar mechanism has been proposed in previous reports while using PMMA insulting layer in quantum dot LEDs.
methods	however	However we found that the PVP is slightly washed away during spin-coating of the DMSO solution.	1	1	alhtl_2017_cspbbr3-moo3-hil-peled	However we found that the PVP is slightly washed away during spin-coating of the DMSO solution.
introduction	although	Although EQE of thin film and quasi-two-dimensional perovskite-based PeLEDs significantly increased to >#%.	1	1	10.1038/s43246-020-00084-0	Although EQE of thin film and quasi-two-dimensional perovskite-based PeLEDs significantly increased to >20%.
introduction	however	However these works mainly focus on blocking of electrons to realize the carrier balance.	1	1	10.1038/s43246-020-00084-0	However these works mainly focus on blocking of electrons to realize the carrier balance.
introduction	while	Indeed introducing an electron block layer at the interface of perovskite/ETL can retard the electron injection and improve the efficiency while there is a large difference of highest occupied molecular orbital (HOMO) between PEDOT:PSS and PVK which causes a non-negligible hole injection barrier and results in a large energy loss and high turn-on voltage.	1	1	10.1038/s43246-020-00084-0	Indeed introducing an electron block layer at the interface of perovskite/ETL can retard the electron injection and improve the efficiency while there is a large difference of highest occupied molecular orbital (HOMO) between PEDOT:PSS and PVK which causes a non-negligible hole injection barrier and results in a large energy loss and high turn-on voltage.
results	while	Therefore holes transport into perovskite layer is increased while electrons transport into perovskite layer remains unchanged.	1	1	10.1038/s43246-020-00084-0	Therefore holes transport into perovskite layer is increased while electrons transport into perovskite layer remains unchanged.
results	but	Therefore the MoO₃ interface layer could not only form electric dipole layer but also realized better energy-level alignment to help hole transporting.	1	1	10.1038/s43246-020-00084-0	Therefore the MoO₃ interface layer could not only form electric dipole layer but also realized better energy-level alignment to help hole transporting.
results	although	Meanwhile as shown in Supplementary Fig. #, although MoO₃ can also reduce hole injection barrier and slightly increase the luminance it only makes a few contributions to the device performance.	1	1	10.1038/s43246-020-00084-0	Meanwhile as shown in Supplementary Fig. 5, although MoO₃ can also reduce hole injection barrier and slightly increase the luminance it only makes a few contributions to the device performance.
results	whereas	As the only difference between PeLEDs in our experiment is the insertion of # nm MoO₃, Qtrap would only make a small contribution whereas Qin and Qr are dominant in CV curves.	1	1	10.1038/s43246-020-00084-0	As the only difference between PeLEDs in our experiment is the insertion of 1.5 nm MoO₃, Qtrap would only make a small contribution whereas Qin and Qr are dominant in CV curves.
introduction	however	However these QDs require a complicated core-shell synthesizing process inert gas environment and high synthesizing temperature posing a challenge for large-scale industrialization.	1	1	10.1038/s41377-022-01036-8	However these QDs require a complicated core-shell synthesizing process inert gas environment and high synthesizing temperature posing a challenge for large-scale industrialization.
introduction	but	The devices not only can display information as an output port but also simultaneously sense outside light signals as an input port and modulate the display information accordingly.	1	1	10.1038/s41377-022-01036-8	The devices not only can display information as an output port but also simultaneously sense outside light signals as an input port and modulate the display information accordingly.
results	but	The capacitance value of the CuSCN/PTAA film also greatly increase under light stimulation (Fig. #a ii) but does not fall back to the initial state after light removal.	1	1	10.1038/s41377-022-01036-8	The capacitance value of the CuSCN/PTAA film also greatly increase under light stimulation (Fig. 4a ii) but does not fall back to the initial state after light removal.
discussion	but	The proposed photosensitive/display dual-function device can not only enhance the established display capability but also integrate multiple functions into one.	1	1	10.1038/s41377-022-01036-8	The proposed photosensitive/display dual-function device can not only enhance the established display capability but also integrate multiple functions into one.
abstract	however	However their performance is hampered by non-ideal interconnection layers (ICLs).	1	1	10.1038/s41467-024-55376-7	However their performance is hampered by non-ideal interconnection layers (ICLs).
abstract	while	Achieving fewer smaller and more uniformly spherical Au nanoparticles significantly minimizes localized surface plasmon resonance absorption while maintaining efficient electron-hole recombination within ICLs.	1	1	10.1038/s41467-024-55376-7	Achieving fewer smaller and more uniformly spherical Au nanoparticles significantly minimizes localized surface plasmon resonance absorption while maintaining efficient electron-hole recombination within ICLs.
introduction	yet	Yet their performance still lags behind other tandem counterparts such as silicon-perovskite and all-perovskite TSCs (#% and #% respectively).	1	1	10.1038/s41467-024-55376-7	Yet their performance still lags behind other tandem counterparts such as silicon-perovskite and all-perovskite TSCs (34.6% and 30.1% respectively).
introduction	while	Ideal ICLs should demonstrate optical transparency while simultaneously furnishing sufficient recombination sites for the extracted charges from each sub-cell.	1	1	10.1038/s41467-024-55376-7	Ideal ICLs should demonstrate optical transparency while simultaneously furnishing sufficient recombination sites for the extracted charges from each sub-cell.
introduction	however	However these noble metal NPs such as Au and Ag exhibit strong parasitic light absorption due to the excitation of a localized surface plasmon resonance (LSPR).	1	1	10.1038/s41467-024-55376-7	However these noble metal NPs such as Au and Ag exhibit strong parasitic light absorption due to the excitation of a localized surface plasmon resonance (LSPR).
results	while	Furthermore organic PEDOT:F exhibits a hydrophobic surface while the surface of MoOx is markedly hydrophilic (Fig. #B Fig.	1	1	10.1038/s41467-024-55376-7	Furthermore organic PEDOT:F exhibits a hydrophobic surface while the surface of MoOx is markedly hydrophilic (Fig. 1B Fig.
results	whereas	Figure #D E demonstrate the tendency of Au atoms to form large and irregular Au islands on the MoOx surface whereas smaller and more uniform Au particles are dispersedly formed on the organic PEDOT:F surface.	1	1	10.1038/s41467-024-55376-7	Figure 1D E demonstrate the tendency of Au atoms to form large and irregular Au islands on the MoOx surface whereas smaller and more uniform Au particles are dispersedly formed on the organic PEDOT:F surface.
results	but	In contrast once the nominal #-nm thin Au NPs are inserted both ICLs exhibit significant but distinguished different parasitic absorption losses (Fig. #B).	1	1	10.1038/s41467-024-55376-7	In contrast once the nominal 1-nm thin Au NPs are inserted both ICLs exhibit significant but distinguished different parasitic absorption losses (Fig. 2B).
results	however	However at a speedy evaporation rate of # Å/s minimal transparency forms in the visible and NIR regions.	1	1	10.1038/s41467-024-55376-7	However at a speedy evaporation rate of 1.00 Å/s minimal transparency forms in the visible and NIR regions.
results	nevertheless	Nevertheless the deposition rates of Au barely affect the conductivity of the ICLs (Fig.	1	1	10.1038/s41467-024-55376-7	Nevertheless the deposition rates of Au barely affect the conductivity of the ICLs (Fig.
results	yet	Yet a low extraction rate between D#-Cl and PEDOT:F also introduces a noticeable kink at VOC behaving enhanced “series” resistivity which contradicts the actual behavior of PEDOT:F-based tandems.	1	1	10.1038/s41467-024-55376-7	Yet a low extraction rate between D18-Cl and PEDOT:F also introduces a noticeable kink at VOC behaving enhanced “series” resistivity which contradicts the actual behavior of PEDOT:F-based tandems.
methods	while	For EQE measurement of tandem cells the perovskite front sub-cells were measured while saturating the organic rear sub-cells with continuous light from an # nm laser (LDM#/#LJ) while the organic rear sub-cells were measured while saturating the perovskite front sub-cells with continuous light from a # nm laser (CW#-#).	1	1	10.1038/s41467-024-55376-7	For EQE measurement of tandem cells the perovskite front sub-cells were measured while saturating the organic rear sub-cells with continuous light from an 808 nm laser (LDM808/3LJ) while the organic rear sub-cells were measured while saturating the perovskite front sub-cells with continuous light from a 450 nm laser (CW450-05).
abstract	while	While individual perovskite and organic solar cells have demonstrated remarkable performance achieving similar success in high-efficiency perovskite/organic tandem solar cells (TSCs) has been challenging primarily due to large voltage deficits and severe non-radiative recombination.	1	1	10.1038/s41467-025-58047-3	While individual perovskite and organic solar cells have demonstrated remarkable performance achieving similar success in high-efficiency perovskite/organic tandem solar cells (TSCs) has been challenging primarily due to large voltage deficits and severe non-radiative recombination.
introduction	despite	Nevertheless despite significant performance improvements in individual types of subcells with PCEs exceeding #% for perovskite solar cells (PSCs) and #% for organic solar cells (OSCs) optical and carrier recombination losses particularly within the interconnection layer (ICL) continue to impede the current performance of perovskite/organic TSCs.	1	1	10.1038/s41467-025-58047-3	Nevertheless despite significant performance improvements in individual types of subcells with PCEs exceeding 26% for perovskite solar cells (PSCs) and 20% for organic solar cells (OSCs) optical and carrier recombination losses particularly within the interconnection layer (ICL) continue to impede the current performance of perovskite/organic TSCs.
results	nevertheless	Nevertheless thermally evaporated MoO₃ is widely used as HTL for organic subcells in perovskite/organic TSCs due to its facile deposition on top of the thin metal recombination layer through subsequent evaporation under a more inert atmosphere.	1	1	10.1038/s41467-025-58047-3	Nevertheless thermally evaporated MoO₃ is widely used as HTL for organic subcells in perovskite/organic TSCs due to its facile deposition on top of the thin metal recombination layer through subsequent evaporation under a more inert atmosphere.
results	however	However recombination process tends to be suboptimal potentially limiting the overall performance of the TSC.	1	1	10.1038/s41467-025-58047-3	However recombination process tends to be suboptimal potentially limiting the overall performance of the TSC.
results	while	As shown in Supplementary Fig. #, the WF of these films is similar to that of intrinsic MoO₃, indicating that SAM modification primarily alters the surface properties of MoO₃, while its bulk properties remain largely unchanged.	1	1	10.1038/s41467-025-58047-3	As shown in Supplementary Fig. 6, the WF of these films is similar to that of intrinsic MoO₃, indicating that SAM modification primarily alters the surface properties of MoO₃, while its bulk properties remain largely unchanged.
results	but	Simultaneously the SAM layer beneath MoO₃ not only controls excess electron injection from SnO₂ to MoO₃ but also facilitates enhanced hole and electron injection to Au from MoO₃ and SnO₂, respectively ensuring balanced carrier transport and effective charge recombination as depicted in Fig. #d and Supplementary Fig. #e.	1	1	10.1038/s41467-025-58047-3	Simultaneously the SAM layer beneath MoO₃ not only controls excess electron injection from SnO₂ to MoO₃ but also facilitates enhanced hole and electron injection to Au from MoO₃ and SnO₂, respectively ensuring balanced carrier transport and effective charge recombination as depicted in Fig. 1d and Supplementary Fig. 2e.
discussion	while	Notably reflection was identified as the primary optical loss channel in the perovskite/organic TSCs accounting for # mA/cm while losses attributed to the electron/hole transport layers were negligible at under # mA/cm².	1	1	10.1038/s41467-025-58047-3	Notably reflection was identified as the primary optical loss channel in the perovskite/organic TSCs accounting for 8.65 mA/cm while losses attributed to the electron/hole transport layers were negligible at under 0.4 mA/cm².
discussion	but	This work not only elucidates the fundamental mechanisms of carrier balance transport with the ICL but also underscores the critical interactions between SAM and MoO₃.	1	1	10.1038/s41467-025-58047-3	This work not only elucidates the fundamental mechanisms of carrier balance transport with the ICL but also underscores the critical interactions between SAM and MoO₃.
methods	however	However for the control tandem device the active layer was directly spin-coated on the MoO₃.	1	1	10.1038/s41467-025-58047-3	However for the control tandem device the active layer was directly spin-coated on the MoO₃.
methods	while	The photocurrent generated by the devices under illumination was amplified with a low-noise current amplifier (SR#) while the light source was modulated by the Fourier transform infrared (FTIR) spectroscope.	1	1	10.1038/s41467-025-58047-3	The photocurrent generated by the devices under illumination was amplified with a low-noise current amplifier (SR570) while the light source was modulated by the Fourier transform infrared (FTIR) spectroscope.
abstract	however	However the field-effect mobility (μFE) of oxide TFTs is not sufficiently high to compete with that of low-temperature-processed polycrystalline-Si TFTs (#–# cm²V⁻¹s⁻¹).	1	1	10.1038/s41467-022-28480-9	However the field-effect mobility (μFE) of oxide TFTs is not sufficiently high to compete with that of low-temperature-processed polycrystalline-Si TFTs (50–100 cm²V⁻¹s⁻¹).
introduction	although	Although the μFE value of a-IGZO TFTs is more than ten times higher than that of hydrogenated amorphous Si (a-Si:H) TFTs (<# cm² V⁻¹ s⁻¹) it is not sufficiently high to compete with that of low-temperature-processed polycrystalline-Si (LTPS) TFTs (#–# cm² V⁻¹ s⁻¹).	1	1	10.1038/s41467-022-28480-9	Although the μFE value of a-IGZO TFTs is more than ten times higher than that of hydrogenated amorphous Si (a-Si:H) TFTs (<1 cm² V⁻¹ s⁻¹) it is not sufficiently high to compete with that of low-temperature-processed polycrystalline-Si (LTPS) TFTs (50–100 cm² V⁻¹ s⁻¹).
introduction	however	However undoped In₂O₃ films exhibit a high background electron concentration (#¹⁹–#²¹ cm⁻³) which is attributable to the presence of native defects such as oxygen vacancies making it difficult to control the threshold voltage of the TFTs.	1	1	10.1038/s41467-022-28480-9	However undoped In₂O₃ films exhibit a high background electron concentration (10¹⁹–10²¹ cm⁻³) which is attributable to the presence of native defects such as oxygen vacancies making it difficult to control the threshold voltage of the TFTs.
results	however	For the as-deposited films (Fig. #i) all films showed the maximum area fraction for a grain size of # nm; however a small proportion of the area fraction with a grain size of ~# nm was detected in the In₂O₃ film indicating nuclei in the as-deposited film.	1	1	10.1038/s41467-022-28480-9	For the as-deposited films (Fig. 1i) all films showed the maximum area fraction for a grain size of 15 nm; however a small proportion of the area fraction with a grain size of ~70 nm was detected in the In₂O₃ film indicating nuclei in the as-deposited film.
results	whereas	The Ne of the In₂O₃:H film annealed in N₂ gradually decreased with increasing Tann (Fig. #a) whereas the Ne of the In₂O₃:H film annealed in air rapidly decreased for Tann > # °C (Fig. #c).	1	1	10.1038/s41467-022-28480-9	The Ne of the In₂O₃:H film annealed in N₂ gradually decreased with increasing Tann (Fig. 2a) whereas the Ne of the In₂O₃:H film annealed in air rapidly decreased for Tann > 200 °C (Fig. 2c).
results	although	Although adding H₂ induced the formation of free carriers in the as-deposited films the Ne of the films could be reduced via the relatively low-temperature SPC process and became comparable to that of single-crystalline epitaxial In₂O₃ films deposited at # °C (~# × #¹⁷ cm⁻³).	1	1	10.1038/s41467-022-28480-9	Although adding H₂ induced the formation of free carriers in the as-deposited films the Ne of the films could be reduced via the relatively low-temperature SPC process and became comparable to that of single-crystalline epitaxial In₂O₃ films deposited at 650 °C (~1 × 10¹⁷ cm⁻³).
methods	whereas	For the Ar + O₂ + H₂-sputtered In₂O₃ film (In₂O₃:H) R[H₂] varied from # to #% whereas R[O₂] was fixed at #%.	1	1	10.1038/s41467-022-28480-9	For the Ar + O₂ + H₂-sputtered In₂O₃ film (In₂O₃:H) R[H₂] varied from 3 to 5% whereas R[O₂] was fixed at 1%.
introduction	however	However owing to the increasing demand and price for the rare material indium alternative transparent electrodes are urgently needed for the development of organic optoelectronic technology especially organic photovoltaics.	1	1	10.1038/s41467-022-32010-y	However owing to the increasing demand and price for the rare material indium alternative transparent electrodes are urgently needed for the development of organic optoelectronic technology especially organic photovoltaics.
introduction	although	The origin of the n-type conductivity in the sol-gel-grown ZnO is often ascribed to oxygen vacancies (VO) in the ZnO lattice although whether VO is a shallow donor state or a deep trap state is still being heavily debated.	1	1	10.1038/s41467-022-32010-y	The origin of the n-type conductivity in the sol-gel-grown ZnO is often ascribed to oxygen vacancies (VO) in the ZnO lattice although whether VO is a shallow donor state or a deep trap state is still being heavily debated.
introduction	despite	Nevertheless despite being an n-type semiconductor sol-gel-grown ZnO has very low conductivity on the order of #–# S cm⁻¹.	1	1	10.1038/s41467-022-32010-y	Nevertheless despite being an n-type semiconductor sol-gel-grown ZnO has very low conductivity on the order of 1–10 S cm⁻¹.
introduction	while	In this work we propose a strategy to increase the conductivity while maintaining the high optical transparency of sol-gel-grown ZnO thin films and realize a successful replacement of ITO in high-efficiency optoelectronic devices.	1	1	10.1038/s41467-022-32010-y	In this work we propose a strategy to increase the conductivity while maintaining the high optical transparency of sol-gel-grown ZnO thin films and realize a successful replacement of ITO in high-efficiency optoelectronic devices.
results	nevertheless	Nevertheless the conductivity of the UV-treated ZnO thin film is still low likely due to the incomplete formation of ZnO nanocrystals in the sol-gel-grown thin film.	1	1	10.1038/s41467-022-32010-y	Nevertheless the conductivity of the UV-treated ZnO thin film is still low likely due to the incomplete formation of ZnO nanocrystals in the sol-gel-grown thin film.
results	however	However for the ZnO film annealed with a lower temperature the diffraction peaks are non-detectable suggesting that the formation of ZnO nanocrystals in the film annealed with a lower temperature is far from being complete.	1	1	10.1038/s41467-022-32010-y	However for the ZnO film annealed with a lower temperature the diffraction peaks are non-detectable suggesting that the formation of ZnO nanocrystals in the film annealed with a lower temperature is far from being complete.
results	although	We note that the conductance of the ZnO stack continues to increase with the number of ZnO layers although the conductivity does not further increase.	1	1	10.1038/s41467-022-32010-y	We note that the conductance of the ZnO stack continues to increase with the number of ZnO layers although the conductivity does not further increase.
results	whereas	Strikingly the open-circuit voltage (Voc) of the PBDB-T:ITIC solar cell based on ZnO is high over # V which is a record value for PBDB-T:ITIC solar cells whereas the Voc of the ITO based solar cell is only # V.	1	1	10.1038/s41467-022-32010-y	Strikingly the open-circuit voltage (Voc) of the PBDB-T:ITIC solar cell based on ZnO is high over 1.0 V which is a record value for PBDB-T:ITIC solar cells whereas the Voc of the ITO based solar cell is only 0.91 V.
discussion	yet	Yet few materials have been proven to be competitive to replace ITO in actual devices.	1	1	10.1038/s41467-022-32010-y	Yet few materials have been proven to be competitive to replace ITO in actual devices.
introduction	however	However the utility of silicon (Si) technology for beyond BEOL integration is challenged by the low thermal budget (<# °C) posed by the low-k dielectric and copper interconnects where subjected to higher temperatures results in reliability issues.	1	1	10.1038/s41467-023-41868-5	However the utility of silicon (Si) technology for beyond BEOL integration is challenged by the low thermal budget (<400 °C) posed by the low-k dielectric and copper interconnects where subjected to higher temperatures results in reliability issues.
introduction	while	While there have been reports on high-performance ZnO TFT the reproducibility of results is still challenging due to the difficult process control as well as ensuring the long-term stability of the ZnO layer due to its hygroscopic nature.	1	1	10.1038/s41467-023-41868-5	While there have been reports on high-performance ZnO TFT the reproducibility of results is still challenging due to the difficult process control as well as ensuring the long-term stability of the ZnO layer due to its hygroscopic nature.
results	however	However the (#) and (#) peaks weaken significantly and the (#) peak dominates as the deposition temperature of ZnO films increases.	1	1	10.1038/s41467-023-41868-5	However the (100) and (101) peaks weaken significantly and the (002) peak dominates as the deposition temperature of ZnO films increases.
results	while	S#) while a distinct hump phenomenon appears in the # °C deposited ZnO TFT that is accompanied by a negative shift of VTH observable in all devices fabricated at this temperature.	1	1	10.1038/s41467-023-41868-5	S4) while a distinct hump phenomenon appears in the 250 °C deposited ZnO TFT that is accompanied by a negative shift of VTH observable in all devices fabricated at this temperature.
methods	while	Then the # cycles HfO₂ layer (#-nm thick measured by ellipsometer) was deposited as gate dielectric by ALD using tetrakis (ethylmethylamido) hafnium (TEMAH) as precursor and H₂O as reactant at # °C while the # cycles ZnO active channel layer (# nm thick) was deposited by ALD using diethylzinc (DEZ) as precursor and H₂O as reactant at three different temperatures—#/#/# °C for process optimization.	1	1	10.1038/s41467-023-41868-5	Then the 100 cycles HfO₂ layer (10-nm thick measured by ellipsometer) was deposited as gate dielectric by ALD using tetrakis (ethylmethylamido) hafnium (TEMAH) as precursor and H₂O as reactant at 250 °C while the 100 cycles ZnO active channel layer (15 nm thick) was deposited by ALD using diethylzinc (DEZ) as precursor and H₂O as reactant at three different temperatures—150/200/250 °C for process optimization.
abstract	however	However modulating the threshold voltage (VT) in ultrathin transistors is challenging as traditional doping methods are not readily applicable.	1	1	10.1038/s41467-023-41041-y	However modulating the threshold voltage (VT) in ultrathin transistors is challenging as traditional doping methods are not readily applicable.
introduction	but	The threshold voltage (VT) of a FET is a key parameter that determines its electronic functions not only defining its switching modes but also scaling the supply voltage in the logic gates.	1	1	10.1038/s41467-023-41041-y	The threshold voltage (VT) of a FET is a key parameter that determines its electronic functions not only defining its switching modes but also scaling the supply voltage in the logic gates.
results	while	While the traditional annealing method can effectively tune the VT of In₂O₃ transistors precise control of VT over the tuning range is difficult.	1	1	10.1038/s41467-023-41041-y	While the traditional annealing method can effectively tune the VT of In₂O₃ transistors precise control of VT over the tuning range is difficult.
results	but	To verify reproducibility of our approach we tested devices with identical fabrication processes but different metal contacts (Pd Pt) and substrates (# nm HfO₂ as the gate dielectric).	1	1	10.1038/s41467-023-41041-y	To verify reproducibility of our approach we tested devices with identical fabrication processes but different metal contacts (Pd Pt) and substrates (10 nm HfO₂ as the gate dielectric).
results	whereas	In₂O₃ with a thickness of # nm shows the largest tunable window whereas In₂O₃ with a thickness of # nm is capable of being tuned between the enhancement mode (VT > # V) and the depletion mode (VT < # V).	1	1	10.1038/s41467-023-41041-y	In₂O₃ with a thickness of 4 nm shows the largest tunable window whereas In₂O₃ with a thickness of 2 nm is capable of being tuned between the enhancement mode (VT > 0 V) and the depletion mode (VT < 0 V).
abstract	despite	Despite tremendous efforts to develop the next-generation power devices using emerging ultra-wide bandgap semiconductors the lack of effective bipolar doping has been a daunting obstacle for achieving the necessary robustness in these devices.	1	1	10.1038/s41467-023-40194-0	Despite tremendous efforts to develop the next-generation power devices using emerging ultra-wide bandgap semiconductors the lack of effective bipolar doping has been a daunting obstacle for achieving the necessary robustness in these devices.
introduction	however	However native p-n homojunction is difficult to form in UWBG materials due to the challenges of achieving efficient bipolar doping.	1	1	10.1038/s41467-023-40194-0	However native p-n homojunction is difficult to form in UWBG materials due to the challenges of achieving efficient bipolar doping.
introduction	although	Benefitting from its high critical electric field controllable n-type doping and the large-area wafer availability Ga₂O₃ power devices are advancing fast towards applications Whereas due to the flat valence band and strong self-trapping of holes the reliable p-type doping in Ga₂O₃ is very challenging although p-type Ga₂O₃ has been reported by some group.	1	1	10.1038/s41467-023-40194-0	Benefitting from its high critical electric field controllable n-type doping and the large-area wafer availability Ga₂O₃ power devices are advancing fast towards applications Whereas due to the flat valence band and strong self-trapping of holes the reliable p-type doping in Ga₂O₃ is very challenging although p-type Ga₂O₃ has been reported by some group.
introduction	despite	Despite excellent device performance the viability of avalanche and surge robustness in such heterojunctions remains a fundamental knowledge gap.	1	1	10.1038/s41467-023-40194-0	Despite excellent device performance the viability of avalanche and surge robustness in such heterojunctions remains a fundamental knowledge gap.
introduction	while	As a key enabler for surge robustness the bipolar conductivity modulation is found to be dominantly in the NiO with a high hole concentration while it is usually in the lightly-doped side in conventional homojunctions.	1	1	10.1038/s41467-023-40194-0	As a key enabler for surge robustness the bipolar conductivity modulation is found to be dominantly in the NiO with a high hole concentration while it is usually in the lightly-doped side in conventional homojunctions.
results	while	While avalanche represents the HJD’s robustness at reverse bias surge current measures its capability to withstand forward overcurrent.	1	1	10.1038/s41467-023-40194-0	While avalanche represents the HJD’s robustness at reverse bias surge current measures its capability to withstand forward overcurrent.
methods	while	The pulse measurement mode in the B# analyzer was adopted to characterize the forward current above # A (Fig. #e f) while the high-resolution DC mode was used to measure the log-scale forward IV characteristics of the HJD (Supplementary Section S#).	1	1	10.1038/s41467-023-40194-0	The pulse measurement mode in the B1505 analyzer was adopted to characterize the forward current above 1 A (Fig. 3e f) while the high-resolution DC mode was used to measure the log-scale forward IV characteristics of the HJD (Supplementary Section S7).
abstract	despite	Despite extensive efforts in preparing solution-processed uFTEs with cost-effective and high-throughput means achieving in-situ nano-adhesion in heterogeneous metal-oxide nanocomposites remains challenging.	1	1	10.1038/s41467-024-46243-6	Despite extensive efforts in preparing solution-processed uFTEs with cost-effective and high-throughput means achieving in-situ nano-adhesion in heterogeneous metal-oxide nanocomposites remains challenging.
introduction	however	However there is an ever-increasing demand for advanced solution-processed uFTEs with fast facile low-cost and high-throughput printing production.	1	1	10.1038/s41467-024-46243-6	However there is an ever-increasing demand for advanced solution-processed uFTEs with fast facile low-cost and high-throughput printing production.
introduction	but	Meanwhile Ag nanonets have been frequently combined with transparent metal-oxide-semiconductor nanomaterials to overcome not only the issue of the restricted conductive pathways but also avoid the vulnerability to externalities such as high humidity.	1	1	10.1038/s41467-024-46243-6	Meanwhile Ag nanonets have been frequently combined with transparent metal-oxide-semiconductor nanomaterials to overcome not only the issue of the restricted conductive pathways but also avoid the vulnerability to externalities such as high humidity.
introduction	although	Besides although the superior operation of ZnO-Ag nanonets under #-cycled bending has been reported with # mm of a bending radius there are many cracks appeared between Ag nanonets and the adjacent ZnO matrix in ZnO-Ag nanonets embedded in the polymer matrix with ># nm of peak-to-valley (PtV) surface roughness which will unfavorably accelerate the formation of mechanical defects under the repetitive mechanical bendings.	1	1	10.1038/s41467-024-46243-6	Besides although the superior operation of ZnO-Ag nanonets under 5000-cycled bending has been reported with 3 mm of a bending radius there are many cracks appeared between Ag nanonets and the adjacent ZnO matrix in ZnO-Ag nanonets embedded in the polymer matrix with >20 nm of peak-to-valley (PtV) surface roughness which will unfavorably accelerate the formation of mechanical defects under the repetitive mechanical bendings.
results	however	However integrating the dissimilar material interface system between AgNWs and ZⁿONPs is rarely examined in spite of a number of studies on these nanocomposite combinations due to the difficulty to observe their in-situ dynamics for nanoscale interactions between them.	1	1	10.1038/s41467-024-46243-6	However integrating the dissimilar material interface system between AgNWs and ZⁿONPs is rarely examined in spite of a number of studies on these nanocomposite combinations due to the difficulty to observe their in-situ dynamics for nanoscale interactions between them.
results	but	Recently the observation of interacting dynamics between metal nanoparticles and oxide supports in the field of catalysis which is the opposite geometric concept for this work has been reported by strong metal-support interaction (SMSI) but the mechanism is not fully understood.	1	1	10.1038/s41467-024-46243-6	Recently the observation of interacting dynamics between metal nanoparticles and oxide supports in the field of catalysis which is the opposite geometric concept for this work has been reported by strong metal-support interaction (SMSI) but the mechanism is not fully understood.
results	while	The NaBH₄ concentration of # molar concentration (M) has been decided for the optimized iSPM since it showed a considerable reduction of sheet resistance from the original ones and the rate of the sheet resistance reduction was almost saturated after # M while there was almost no observed silver debris as a by-product (Figure S#).	1	1	10.1038/s41467-024-46243-6	The NaBH₄ concentration of 0.1 molar concentration (M) has been decided for the optimized iSPM since it showed a considerable reduction of sheet resistance from the original ones and the rate of the sheet resistance reduction was almost saturated after 0.1 M while there was almost no observed silver debris as a by-product (Figure S1).
results	yet	Yet there is a concern that after the PVP removals from the AgNW networks the air exposure could potentially be harmful.	1	1	10.1038/s41467-024-46243-6	Yet there is a concern that after the PVP removals from the AgNW networks the air exposure could potentially be harmful.
results	despite	Interestingly the uFTEs with of PVP removal showed stable resistance which could be ascribed to both the passivation by the ZⁿONPs matrix and fluorinated cPI despite the PVP removals (Figure S#a).	1	1	10.1038/s41467-024-46243-6	Interestingly the uFTEs with of PVP removal showed stable resistance which could be ascribed to both the passivation by the ZⁿONPs matrix and fluorinated cPI despite the PVP removals (Figure S13a).
discussion	but	Consequently the strategic design for the lost-cost solution-processed and high-throughput uFTEs not only offers a comprehensive understanding of the formation mechanisms of the tri-system integration but also advances the integration of hybrid combinations of nano-materials for employing uFTEs in real device applications.	1	1	10.1038/s41467-024-46243-6	Consequently the strategic design for the lost-cost solution-processed and high-throughput uFTEs not only offers a comprehensive understanding of the formation mechanisms of the tri-system integration but also advances the integration of hybrid combinations of nano-materials for employing uFTEs in real device applications.
abstract	however	However the development of scalable processes for integrating three-dimensional TFT devices is challenging.	1	1	10.1038/s41928-024-01205-0	However the development of scalable processes for integrating three-dimensional TFT devices is challenging.
introduction	but	AOS-based thin-film transistors (TFTs) have been used in applications ranging from simple logic gates to # bit microprocessors but the development of AOS-based TFT integrated circuits (ICs) has been limited.	1	1	10.1038/s41928-024-01205-0	AOS-based thin-film transistors (TFTs) have been used in applications ranging from simple logic gates to 32 bit microprocessors but the development of AOS-based TFT integrated circuits (ICs) has been limited.
introduction	however	However this approach faces challenges—including low power density high-temperature bonding processes and lack of industry standards—that limit their widespread use.	1	1	10.1038/s41928-024-01205-0	However this approach faces challenges—including low power density high-temperature bonding processes and lack of industry standards—that limit their widespread use.
introduction	although	Although we did not fabricate vertical interconnect accesses for interconnection we outline potential approaches for their use in our device architecture (Supplementary Section #).	1	1	10.1038/s41928-024-01205-0	Although we did not fabricate vertical interconnect accesses for interconnection we outline potential approaches for their use in our device architecture (Supplementary Section 1).
results	although	In Supplementary Section #, we explain the reason for choosing underlapping over overlapping devices although the latter architecture has the potential to yield better performance.	1	1	10.1038/s41928-024-01205-0	In Supplementary Section 2, we explain the reason for choosing underlapping over overlapping devices although the latter architecture has the potential to yield better performance.
results	however	However when the table temperature was increased above # °C all the stacked transistors under test underwent significant negative shifts in the threshold voltage.	1	1	10.1038/s41928-024-01205-0	However when the table temperature was increased above 75 °C all the stacked transistors under test underwent significant negative shifts in the threshold voltage.
results	while	We achieved this by sweeping the BG potential (VBG) while maintaining the TG potential (VTG₁) at a fixed bias.	1	1	10.1038/s41928-024-01205-0	We achieved this by sweeping the BG potential (VBG) while maintaining the TG potential (VTG₁) at a fixed bias.
results	whereas	The driver transistor was in the S# layer whereas the load was in the S# layer.	1	1	10.1038/s41928-024-01205-0	The driver transistor was in the S1 layer whereas the load was in the S2 layer.
abstract	however	However the intrinsic stiffness and brittleness of inorganic materials have impeded their utilization in free-form electronics.	1	1	10.1038/s41467-024-47184-w	However the intrinsic stiffness and brittleness of inorganic materials have impeded their utilization in free-form electronics.
introduction	however	However these materials often exhibit inferior electrical properties thermal/chemical instability and incompatibility with complementary-metal-oxide-semiconductor (CMOS) processes.	1	1	10.1038/s41467-024-47184-w	However these materials often exhibit inferior electrical properties thermal/chemical instability and incompatibility with complementary-metal-oxide-semiconductor (CMOS) processes.
introduction	while	While hybrid integration methods have been used to attach silicon-based electronic onto stretchable substrates they still rely on costly manufacturing processes or use bulky conventional bulky chips.	1	1	10.1038/s41467-024-47184-w	While hybrid integration methods have been used to attach silicon-based electronic onto stretchable substrates they still rely on costly manufacturing processes or use bulky conventional bulky chips.
introduction	although	Although the previous advances on the rigid island-based stretchable electronics are noteworthy they often present a unit device or simple device array with low integration density owing to complex wiring electrode structures and lack of integration strategies on the intrinsically stretchable substances.	1	1	10.1038/s41467-024-47184-w	Although the previous advances on the rigid island-based stretchable electronics are noteworthy they often present a unit device or simple device array with low integration density owing to complex wiring electrode structures and lack of integration strategies on the intrinsically stretchable substances.
introduction	but	In addition the wavy or serpentine structures often used in conventional silicon-based stretchable inorganic devices not only reduce device density but also constrain the freedom to design stretchable electronic systems.	1	1	10.1038/s41467-024-47184-w	In addition the wavy or serpentine structures often used in conventional silicon-based stretchable inorganic devices not only reduce device density but also constrain the freedom to design stretchable electronic systems.
results	while	While at a glance PUA and PEA are polar opposites in terms of their mechanical properties—the former displaying a high degree of pliability and the latter notable rigidity—we have exploited the unique characteristic of these polymers to form robust covalent bonds with one another.	1	1	10.1038/s41467-024-47184-w	While at a glance PUA and PEA are polar opposites in terms of their mechanical properties—the former displaying a high degree of pliability and the latter notable rigidity—we have exploited the unique characteristic of these polymers to form robust covalent bonds with one another.
results	despite	Interestingly despite their stark differences both PUA and PEA share a commonality in the form of identical methyl acrylate terminations as depicted in Fig. #c.	1	1	10.1038/s41467-024-47184-w	Interestingly despite their stark differences both PUA and PEA share a commonality in the form of identical methyl acrylate terminations as depicted in Fig. 1c.
results	although	In the case of PDMS (#:#) although there was a slight increase in critical strain due to the decrease in material rigidity with the change in ratio delamination occurred at #%.	1	1	10.1038/s41467-024-47184-w	In the case of PDMS (20:1) although there was a slight increase in critical strain due to the decrease in material rigidity with the change in ratio delamination occurred at 40%.
results	however	However the nature of this delamination is markedly different from that observed in the PDMS substrate.	1	1	10.1038/s41467-024-47184-w	However the nature of this delamination is markedly different from that observed in the PDMS substrate.
results	whereas	The Mo film undergoes severe mechanical distortion and strain distribution in the single-island structure whereas in the dual-island structure the distortion and strain of the Mo film are effectively released possibly due to dispersion of the induced stresses into the additional PI layer.	1	1	10.1038/s41467-024-47184-w	The Mo film undergoes severe mechanical distortion and strain distribution in the single-island structure whereas in the dual-island structure the distortion and strain of the Mo film are effectively released possibly due to dispersion of the induced stresses into the additional PI layer.
results	but	Consequently by introducing an additional PI layer (dual-island structures) on top of the transistor device not only mitigates the strain in the unit device area but also significantly reduces the interfacial strain between the Mo S/D metal and the EGaIn wiring liquid metal electrodes facilitating more robust device integration.	1	1	10.1038/s41467-024-47184-w	Consequently by introducing an additional PI layer (dual-island structures) on top of the transistor device not only mitigates the strain in the unit device area but also significantly reduces the interfacial strain between the Mo S/D metal and the EGaIn wiring liquid metal electrodes facilitating more robust device integration.
results	nevertheless	Nevertheless it would be possible to significantly enhance the power efficiency by utilizing to a CMOS structure wherein high-quality p-type counterparts are incorporated.	1	1	10.1038/s41467-024-47184-w	Nevertheless it would be possible to significantly enhance the power efficiency by utilizing to a CMOS structure wherein high-quality p-type counterparts are incorporated.
abstract	while	While our approach can promote the advancement of low-temperature manufacturing for oxide TFT technology further work will be necessary to confirm the role of the applied pressure in the β-Ga₂O₃ crystallization process.	1	1	10.1038/s41467-025-57200-2	While our approach can promote the advancement of low-temperature manufacturing for oxide TFT technology further work will be necessary to confirm the role of the applied pressure in the β-Ga₂O₃ crystallization process.
introduction	but	To develop these device applications it is crucial to explore low-temperature semiconductor device fabrication processes that not only reduce production costs but also minimize the environmental impact of electronic devices significantly contributing to the development of sustainable electronics.	1	1	10.1038/s41467-025-57200-2	To develop these device applications it is crucial to explore low-temperature semiconductor device fabrication processes that not only reduce production costs but also minimize the environmental impact of electronic devices significantly contributing to the development of sustainable electronics.
introduction	however	However n-type oxide semiconductors are less sensitive to structural defects due to their unique electronic structure nature and electron transport is not significantly hindered.	1	1	10.1038/s41467-025-57200-2	However n-type oxide semiconductors are less sensitive to structural defects due to their unique electronic structure nature and electron transport is not significantly hindered.
introduction	nevertheless	Nevertheless low-temperature processes for Ga₂O₃ TFTs show promise for various practical applications such as low-power switching devices and solar-blind deep-ultraviolet photodetectors originating from their ultra-wide-bandgap nature.	1	1	10.1038/s41467-025-57200-2	Nevertheless low-temperature processes for Ga₂O₃ TFTs show promise for various practical applications such as low-power switching devices and solar-blind deep-ultraviolet photodetectors originating from their ultra-wide-bandgap nature.
results	however	However to achieve the β-Ga₂O₃ phase from these metastable phases a high-temperature process of at least # °C is required.	1	1	10.1038/s41467-025-57200-2	However to achieve the β-Ga₂O₃ phase from these metastable phases a high-temperature process of at least 300 °C is required.
results	while	The SiO₂ served as the gate oxide with a thickness of # nm while the p + -Si acted as the gate electrode.	1	1	10.1038/s41467-025-57200-2	The SiO₂ served as the gate oxide with a thickness of 150 nm while the p + -Si acted as the gate electrode.
results	but	On the other hand vacuum annealing (~#⁻⁵ mTorr) improved the TFT mobility but also exhibited a negative Vth shift with the increase of off-current.	1	1	10.1038/s41467-025-57200-2	On the other hand vacuum annealing (~10⁻⁵ mTorr) improved the TFT mobility but also exhibited a negative Vth shift with the increase of off-current.
abstract	while	The integration of high dielectric constant (k) dielectrics onto #D semiconductors while maintaining their pristine properties by low-defect-density interfaces has proven challenging and become one performance bottleneck of their practical implementation.	1	1	10.1038/s41467-025-56815-9	The integration of high dielectric constant (k) dielectrics onto 2D semiconductors while maintaining their pristine properties by low-defect-density interfaces has proven challenging and become one performance bottleneck of their practical implementation.
introduction	however	The vdW surface of #D semiconductors however also leads to one critical challenge: integrating high-quality high-k dielectrics as silicon did.	1	1	10.1038/s41467-025-56815-9	The vdW surface of 2D semiconductors however also leads to one critical challenge: integrating high-quality high-k dielectrics as silicon did.
introduction	but	On the other side by using the transfer technique one can feasibly separate the fabrication and integration of dielectrics loosening restrictions in dielectric elements and synthesis temperatures but asking for its transferrable feature.	1	1	10.1038/s41467-025-56815-9	On the other side by using the transfer technique one can feasibly separate the fabrication and integration of dielectrics loosening restrictions in dielectric elements and synthesis temperatures but asking for its transferrable feature.
results	while	By Raman and X-ray diffraction (XRD) characterizations (Supplementary Fig. #) we found that CCTO films calcinated below # °C were amorphous while CCTO-# had a spatially hybrid crystalline-amorphous structure and pure crystalline phase for CCTO films at # °C and above.	1	1	10.1038/s41467-025-56815-9	By Raman and X-ray diffraction (XRD) characterizations (Supplementary Fig. 3) we found that CCTO films calcinated below 600 °C were amorphous while CCTO-600 had a spatially hybrid crystalline-amorphous structure and pure crystalline phase for CCTO films at 700 °C and above.
results	despite	Despite the top-gate voltage range we utilized (−# V# V or −# V# V) Δ VH negatively correlates with the applied sweep rate and is always less than # mV/(MV cm⁻¹) (See the double-sweep transfer curves and detailed analysis Δ VH versus sweep rate total sweep time and frequency in Supplementary Fig. #).	1	1	10.1038/s41467-025-56815-9	Despite the top-gate voltage range we utilized (−1 V1 V or −2 V2 V) Δ VH negatively correlates with the applied sweep rate and is always less than 10 mV/(MV cm⁻¹) (See the double-sweep transfer curves and detailed analysis Δ VH versus sweep rate total sweep time and frequency in Supplementary Fig. 16).
discussion	but	Last but not least the wafer-scale fabrication of uniform CCTO thin films by the conventional vacuum deposition (e.g. sputtering) followed by the etching-transfer process could be worthy of further investigation.	1	1	10.1038/s41467-025-56815-9	Last but not least the wafer-scale fabrication of uniform CCTO thin films by the conventional vacuum deposition (e.g. sputtering) followed by the etching-transfer process could be worthy of further investigation.
abstract	but	Inverted flexible organic solar cells (F-OSCs) require low-temperature processing but sol-gel ZnO as widely used electron transport layers (ETLs) demand high-temperature annealing above # oC limiting incompatibility with plastic substrates.	1	1	10.1038/s41467-026-74198-3	Inverted flexible organic solar cells (F-OSCs) require low-temperature processing but sol-gel ZnO as widely used electron transport layers (ETLs) demand high-temperature annealing above 150 oC limiting incompatibility with plastic substrates.
introduction	however	However replacing rigid glass substrates with flexible polymer films (e.g.	1	1	10.1038/s41467-026-74198-3	However replacing rigid glass substrates with flexible polymer films (e.g.
introduction	yet	Yet annealing at such temperatures risks deforming flexible substrates especially in large-area modules.	1	1	10.1038/s41467-026-74198-3	Yet annealing at such temperatures risks deforming flexible substrates especially in large-area modules.
introduction	despite	Despite this progress low-temperature processed ZnO films often suffer from high surface defect densities leading to low efficiency and instability.	1	1	10.1038/s41467-026-74198-3	Despite this progress low-temperature processed ZnO films often suffer from high surface defect densities leading to low efficiency and instability.
introduction	but	This work not only reveals how the ligand structure governs the low-temperature transformation pathway of ZnO precursors through the regulation of Ostwald ripening but also provide a new a ligand-directed design strategy for the green low-temperature and manufacturing of high-performance flexible optoelectronic devices.	1	1	10.1038/s41467-026-74198-3	This work not only reveals how the ligand structure governs the low-temperature transformation pathway of ZnO precursors through the regulation of Ostwald ripening but also provide a new a ligand-directed design strategy for the green low-temperature and manufacturing of high-performance flexible optoelectronic devices.
results	however	However this peak is blue-shifted by approximately # nm in DMEN-ZnO relative to EA-ZnO.	1	1	10.1038/s41467-026-74198-3	However this peak is blue-shifted by approximately 10 nm in DMEN-ZnO relative to EA-ZnO.
results	while	S#) showed that DMEN-ZnO formed homogeneous nano-colloids of #-# nm while EA-ZnO formed inhomogeneous aggregates on the micrometer scale providing further evidence at the solution level.	1	1	10.1038/s41467-026-74198-3	S1) showed that DMEN-ZnO formed homogeneous nano-colloids of 80-100 nm while EA-ZnO formed inhomogeneous aggregates on the micrometer scale providing further evidence at the solution level.
results	whereas	S#) also indicated that EA-ZnO exhibited broad continuous mass spectral signals representing a poly-disperse complex system whereas DMEN-ZnO showed several sharp discrete peaks corresponding to more defined discrete species.Ab initio molecular dynamics simulations (Fig.	1	1	10.1038/s41467-026-74198-3	S2) also indicated that EA-ZnO exhibited broad continuous mass spectral signals representing a poly-disperse complex system whereas DMEN-ZnO showed several sharp discrete peaks corresponding to more defined discrete species.Ab initio molecular dynamics simulations (Fig.
results	but	Moreover O # s analysis in Fig. #d reveals that the Zn-O-Zn bridging oxygen component accounts for #% in EA-ZnO but is negligible (~#%) in DMEN-ZnO directly demonstrating that DMEN greatly suppresses the condensation and extension of the zinc-oxo network at the chemical bond level.	1	1	10.1038/s41467-026-74198-3	Moreover O 1 s analysis in Fig. 1d reveals that the Zn-O-Zn bridging oxygen component accounts for 8.2% in EA-ZnO but is negligible (~0.7%) in DMEN-ZnO directly demonstrating that DMEN greatly suppresses the condensation and extension of the zinc-oxo network at the chemical bond level.
results	nevertheless	Nevertheless GIWAXS measurements on intact films (Fig.	1	1	10.1038/s41467-026-74198-3	Nevertheless GIWAXS measurements on intact films (Fig.
results	despite	Despite AFM topography (Fig.	1	1	10.1038/s41467-026-74198-3	Despite AFM topography (Fig.
abstract	although	Although CuI has recently attracted attention owing to its excellent opto-electrical properties, solution processability, and low-temperature synthesis, the uncontrolled copper vacancy generation and subsequent excessive hole doping hinder its use as a semiconductor material in TFT devices.	1	1	10.1038/s41467-020-18006-6	Although CuI has recently attracted attention owing to its excellent opto-electrical properties, solution processability, and low-temperature synthesis, the uncontrolled copper vacancy generation and subsequent excessive hole doping hinder its use as a semiconductor material in TFT devices.
introduction	however	However, considering the industrial requirements of high mobility and optical transmittance, despite the extensive studies, the reported p-type metal-oxide semiconductors still exhibit insufficient performance.	1	1	10.1038/s41467-020-18006-6	However, considering the industrial requirements of high mobility and optical transmittance, despite the extensive studies, the reported p-type metal-oxide semiconductors still exhibit insufficient performance.
introduction	although	Although the concept of chemical modulation of the valence band was effective for fabricating new transparent p-type materials, such as CuMO# delafossites (M = Al, In, Ga, etc.) and LnCuOCh oxychalcogenides (Ln = lanthanide, Ch = chalcogen), the low hole mobilities or high carrier concentrations and high deposition temperatures (># °C) make them unsuitable for transistor applications.	1	1	10.1038/s41467-020-18006-6	Although the concept of chemical modulation of the valence band was effective for fabricating new transparent p-type materials, such as CuMO2 delafossites (M = Al, In, Ga, etc.) and LnCuOCh oxychalcogenides (Ln = lanthanide, Ch = chalcogen), the low hole mobilities or high carrier concentrations and high deposition temperatures (>700 °C) make them unsuitable for transistor applications.
results	however	However, the facile copper vacancy formation by the thermal stress during the fabrication or off-stoichiometry induces a significant Fermi level shift to near the VBM with a high hole concentration of # cm−# for the as-deposited film.	1	1	10.1038/s41467-020-18006-6	However, the facile copper vacancy formation by the thermal stress during the fabrication or off-stoichiometry induces a significant Fermi level shift to near the VBM with a high hole concentration of 1019 cm−3 for the as-deposited film.
results	while	Its VBM is characterised as a hybridisation of Cu #d and I #p states, while the conduction band minimum (CBM) is characterised as Cu #s states.	1	1	10.1038/s41467-020-18006-6	Its VBM is characterised as a hybridisation of Cu 3d and I 5p states, while the conduction band minimum (CBM) is characterised as Cu 4s states.
discussion	but	Over the past # years, great efforts have been focused on p-type metal oxides, but we still have not realized the potential for practical applications because of too poor electrical performance, rigorous deposition process, and a lack of universality for easy repetition.	1	1	10.1038/s41467-020-18006-6	Over the past 20 years, great efforts have been focused on p-type metal oxides, but we still have not realized the potential for practical applications because of too poor electrical performance, rigorous deposition process, and a lack of universality for easy repetition.
discussion	despite	Herein, despite the initial attempt on CuI:Zn, its high transistor performance and easy processing capability exhibited great superiority when compared with previous reports.	1	1	10.1038/s41467-020-18006-6	Herein, despite the initial attempt on CuI:Zn, its high transistor performance and easy processing capability exhibited great superiority when compared with previous reports.
discussion	however	However, the high-mobility devices were operated in depletion mode, which indicated a still high hole concentration in the channel layers.	1	1	10.1038/s41467-020-18006-6	However, the high-mobility devices were operated in depletion mode, which indicated a still high hole concentration in the channel layers.
abstract	however	However, fundamental understanding of ion hopping processes is impeded by the lack of atomically precise materials and probes that allow for the monitoring and control at the appropriate time- and length- scales.	1	1	10.1038/s41467-023-40746-4	However, fundamental understanding of ion hopping processes is impeded by the lack of atomically precise materials and probes that allow for the monitoring and control at the appropriate time- and length- scales.
introduction	whereas	BM-SFO is a G-type antiferromagnetic insulator, whereas the stoichiometric perovskite-structured SrFeO# (P-SFO) is an antiferromagnetic metal, which suggests that a zoo of transitory electronic behaviors may be realized by accessing metastable phases along the BM-SFO to P-SFO transition pathways.	1	1	10.1038/s41467-023-40746-4	BM-SFO is a G-type antiferromagnetic insulator, whereas the stoichiometric perovskite-structured SrFeO3 (P-SFO) is an antiferromagnetic metal, which suggests that a zoo of transitory electronic behaviors may be realized by accessing metastable phases along the BM-SFO to P-SFO transition pathways.
introduction	however	However, an atomistic understanding that bridges the evolution of the microstructure and properties in such materials is still lacking, preventing their predictive and practical use.	1	1	10.1038/s41467-023-40746-4	However, an atomistic understanding that bridges the evolution of the microstructure and properties in such materials is still lacking, preventing their predictive and practical use.
introduction	yet	In this work, we show that controlling the orientation of the OVCs by epitaxial growth allows us to exploit the structural anisotropy to stabilize isomeric yet structurally and electronically distinct intermediates (SrFeO#).	1	1	10.1038/s41467-023-40746-4	In this work, we show that controlling the orientation of the OVCs by epitaxial growth allows us to exploit the structural anisotropy to stabilize isomeric yet structurally and electronically distinct intermediates (SrFeO2.75).
results	while	While combining the electron beam-induced electric field and low-temperature thermal field, the adequate O ions migration from STO to SFO could be triggered and thus realized the oxidation process of SFO.	1	1	10.1038/s41467-023-40746-4	While combining the electron beam-induced electric field and low-temperature thermal field, the adequate O ions migration from STO to SFO could be triggered and thus realized the oxidation process of SFO.
results	but	As the experiments were conducted in ultra-high vacuum, there is no other oxygen source but the STO substrates.	1	1	10.1038/s41467-023-40746-4	As the experiments were conducted in ultra-high vacuum, there is no other oxygen source but the STO substrates.
discussion	however	However, for the SrFeO# phase, this energy difference reaches # eV (for Hubbard U = # eV).	1	1	10.1038/s41467-023-40746-4	However, for the SrFeO2.75 phase, this energy difference reaches 0.35 eV (for Hubbard U = 0 eV).
discussion	while	Preferential occupation of the VO-oop sites is attributed to unconstrained lattice relaxation in the off-plane direction, while in-plane relaxation is suppressed due to epitaxial constraints.	1	1	10.1038/s41467-023-40746-4	Preferential occupation of the VO-oop sites is attributed to unconstrained lattice relaxation in the off-plane direction, while in-plane relaxation is suppressed due to epitaxial constraints.
discussion	but	Thus, the electronic properties of the SrFeOx films, particularly the onset for insulator-to-metal transition, can be controlled not only by changing the oxygen content but also by controlling the oxidation pathways to access the appropriate precursor phases.	1	1	10.1038/s41467-023-40746-4	Thus, the electronic properties of the SrFeOx films, particularly the onset for insulator-to-metal transition, can be controlled not only by changing the oxygen content but also by controlling the oxidation pathways to access the appropriate precursor phases.
discussion	whereas	For the case of OVCs parallel to the interface, O diffusion is found to involve both FeO# octahedral and FeO# tetrahedral sublayers, whereas the phase transition from BM-SFO to P-SFO proceeds through a DD-SrFeO# intermediate state via a disruptive diffusion process.	1	1	10.1038/s41467-023-40746-4	For the case of OVCs parallel to the interface, O diffusion is found to involve both FeO6 octahedral and FeO4 tetrahedral sublayers, whereas the phase transition from BM-SFO to P-SFO proceeds through a DD-SrFeO2.75 intermediate state via a disruptive diffusion process.
abstract	however	However, finding comparable p-type counterparts poses notable challenges, impeding the progress of complementary metal–oxide–semiconductor technology and integrated circuits.	1	1	10.1038/s41586-024-07360-w	However, finding comparable p-type counterparts poses notable challenges, impeding the progress of complementary metal–oxide–semiconductor technology and integrated circuits.
introduction	however	However, the current hurdle lies in the highly localized valence band maximum (VBM) states, consisting of anisotropic oxygen #p orbitals.	1	1	10.1038/s41586-024-07360-w	However, the current hurdle lies in the highly localized valence band maximum (VBM) states, consisting of anisotropic oxygen 2p orbitals.
introduction	whereas	In conventional p-type oxides such as Cu#O and SnO, the valence band orbital hybridization imparts decent p-type characters whereas the device performance remains constrained, even with the crystalline channel.	1	1	10.1038/s41586-024-07360-w	In conventional p-type oxides such as Cu2O and SnO, the valence band orbital hybridization imparts decent p-type characters whereas the device performance remains constrained, even with the crystalline channel.
introduction	nevertheless	Nevertheless, this use is confined to small- and/or medium-area devices due to the intricate process flow, inhomogeneity from the grain boundary and challenges in upscaling mass production.	1	1	10.1038/s41586-024-07360-w	Nevertheless, this use is confined to small- and/or medium-area devices due to the intricate process flow, inhomogeneity from the grain boundary and challenges in upscaling mass production.
results	however	However, their embeddedness and dispersion within the amorphous TeOx matrix tend to induce short-range disordering.	1	1	10.1038/s41586-024-07360-w	However, their embeddedness and dispersion within the amorphous TeOx matrix tend to induce short-range disordering.
results	whereas	The deposited Se-alloyed Te–TeOx TFTs delivered an average μh of around # cm# V−# s−# (forward scan; μh from reverse scan is around # cm# V−# s−#), an Ion/Ioff of roughly # and onset voltages of #–# V, whereas higher Se alloying percentages were found to degrade the TFT performance with a notable n-doping effect.	1	1	10.1038/s41586-024-07360-w	The deposited Se-alloyed Te–TeOx TFTs delivered an average μh of around 15 cm2 V−1 s−1 (forward scan; μh from reverse scan is around 14 cm2 V−1 s−1), an Ion/Ioff of roughly 107 and onset voltages of 20–25 V, whereas higher Se alloying percentages were found to degrade the TFT performance with a notable n-doping effect.
introduction	while	For instance the EQEs of the state-of-the-art red- (R-) green- (G-) and blue- (B-) QLEDs are higher than #% #% and #% respectively while the T₅₀ lifetime of R- and G-QLEDs are longer than #,# and # h at an initial brightness of # cd m⁻².	1	1	10.1038/s41467-020-16659-x	For instance the EQEs of the state-of-the-art red- (R-) green- (G-) and blue- (B-) QLEDs are higher than 20.5% 22% and 18% respectively while the T₅₀ lifetime of R- and G-QLEDs are longer than 26,500 and 25000 h at an initial brightness of 1000 cd m⁻².
introduction	although	Although the efficiency of QLEDs could meet the requirements of display applications the realization of QLED full-color display remains challenging.	1	1	10.1038/s41467-020-16659-x	Although the efficiency of QLEDs could meet the requirements of display applications the realization of QLED full-color display remains challenging.
introduction	however	However promoting the marriage between QLEDs and OLEDs could be difficult since they come from different families.	1	1	10.1038/s41467-020-16659-x	However promoting the marriage between QLEDs and OLEDs could be difficult since they come from different families.
introduction	but	In #s Forrest and co-authors first obtained full-color-tunable OLEDs by vertically stacking R- G- and B-OLEDs but it requires four independently addressable electrodes to drive these devices which complicates the fabrication and the drive circuits.	1	1	10.1038/s41467-020-16659-x	In 1990s Forrest and co-authors first obtained full-color-tunable OLEDs by vertically stacking R- G- and B-OLEDs but it requires four independently addressable electrodes to drive these devices which complicates the fabrication and the drive circuits.
results	while	In this way the Y-QLED is reversely biased while the B-OLED is forwardly driven and thus both devices can be independently addressed by the polarity of the driving signals consequently enabling a color-tunable device as will be discussed in the next section.	1	1	10.1038/s41467-020-16659-x	In this way the Y-QLED is reversely biased while the B-OLED is forwardly driven and thus both devices can be independently addressed by the polarity of the driving signals consequently enabling a color-tunable device as will be discussed in the next section.
abstract	although	Although various solution-processed techniques have been developed for nanomaterials high-resolution and uniform patterning technology amicable to manufacturing is still missing.	1	1	10.1038/s41467-021-24931-x	Although various solution-processed techniques have been developed for nanomaterials high-resolution and uniform patterning technology amicable to manufacturing is still missing.
introduction	however	However most of these methods suffer from drawbacks such as performance degradation by ultraviolet light and solvents complex processing technology long processing time low efficiency and poor repeatability.	1	1	10.1038/s41467-021-24931-x	However most of these methods suffer from drawbacks such as performance degradation by ultraviolet light and solvents complex processing technology long processing time low efficiency and poor repeatability.
introduction	yet	The deposited QD films with controlled uniform feature sizes down to # µm and precisely modulated thickness can be patterned into pixel array with arbitrary yet predefined shapes beyond #,# pixels per inch (PPI).	1	1	10.1038/s41467-021-24931-x	The deposited QD films with controlled uniform feature sizes down to 2 µm and precisely modulated thickness can be patterned into pixel array with arbitrary yet predefined shapes beyond 1,000 pixels per inch (PPI).
results	however	However ligand modification influences PLQY of QD slightly in our experiment the QD with the highest PLQY was selected as the model compound for the construction of multicolor patterned structures.	1	1	10.1038/s41467-021-24931-x	However ligand modification influences PLQY of QD slightly in our experiment the QD with the highest PLQY was selected as the model compound for the construction of multicolor patterned structures.
results	but	Therefore the thickness of QD patterns can be precisely controlled in a large range from several nanometers to tens of microns through the combination of electric field and QD concentration which not only can meet the thickness requirement for color conversion layer in LCDs blue OLEDs and micro-LEDs but also the accuracy demand of QLED.	1	1	10.1038/s41467-021-24931-x	Therefore the thickness of QD patterns can be precisely controlled in a large range from several nanometers to tens of microns through the combination of electric field and QD concentration which not only can meet the thickness requirement for color conversion layer in LCDs blue OLEDs and micro-LEDs but also the accuracy demand of QLED.
results	while	As shown in Supplementary Fig. # and Fig. #d with the increase of electric field force the size of oligomer changes little while the film thickness decreases and the packing density increases.	1	1	10.1038/s41467-021-24931-x	As shown in Supplementary Fig. 10 and Fig. 2d with the increase of electric field force the size of oligomer changes little while the film thickness decreases and the packing density increases.
methods	while	The green QLEDs therefore have the optimized TFB layer thickness of ∼# nm (# mg mL⁻¹ TFB in chlorobenzene solution #,# r.p.m. spin speed) while those for red QLEDs are ∼# nm (TFB # mg mL⁻¹, #,# r.p.m.) respectively.	1	1	10.1038/s41467-021-24931-x	The green QLEDs therefore have the optimized TFB layer thickness of ∼30 nm (8 mg mL⁻¹ TFB in chlorobenzene solution 3,000 r.p.m. spin speed) while those for red QLEDs are ∼50 nm (TFB 20 mg mL⁻¹, 3,000 r.p.m.) respectively.
introduction	although	Although most AC-DC converters can achieve conversion efficiencies of over #% energy losses remain during the conversion process.	1	1	10.1038/s41467-024-47891-4	Although most AC-DC converters can achieve conversion efficiencies of over 90% energy losses remain during the conversion process.
introduction	but	As a result introducing the AC-DC converters and DC drivers not only incurs additional costs (accounting for approximately #% of the entire LED lamp cost) but also increases power consumption and reduces the robustness of LED lamps.	1	1	10.1038/s41467-024-47891-4	As a result introducing the AC-DC converters and DC drivers not only incurs additional costs (accounting for approximately 17% of the entire LED lamp cost) but also increases power consumption and reduces the robustness of LED lamps.
introduction	however	However during the negative half cycles of AC driving the injected charge carriers are released from the devices and thus there is no light emission.	1	1	10.1038/s41467-024-47891-4	However during the negative half cycles of AC driving the injected charge carriers are released from the devices and thus there is no light emission.
results	while	Under the AC mode the tandem device is denoted as AC-QLED where the top Al of T-QLED and bottom indium-tin-oxide (ITO) of B-QLED are electrically shorted to serve as a common electrode while the IZO is extracted as a counter electrode.	1	1	10.1038/s41467-024-47891-4	Under the AC mode the tandem device is denoted as AC-QLED where the top Al of T-QLED and bottom indium-tin-oxide (ITO) of B-QLED are electrically shorted to serve as a common electrode while the IZO is extracted as a counter electrode.
results	however	However for high currents or high brightness situations because the forward current is significantly higher than the reverse current the impact of the reverse current on the efficiency of AC-QLED becomes negligible.	1	1	10.1038/s41467-024-47891-4	However for high currents or high brightness situations because the forward current is significantly higher than the reverse current the impact of the reverse current on the efficiency of AC-QLED becomes negligible.
results	although	Although the efficiency of AC-QLED is almost the same as that of QLED driven by a DC source its lifetime is effectively prolonged.	1	1	10.1038/s41467-024-47891-4	Although the efficiency of AC-QLED is almost the same as that of QLED driven by a DC source its lifetime is effectively prolonged.
results	despite	Despite the presence of RIZO and reverse current the PnP-QLED still exhibits a peak PE of # lm W⁻¹, which is slightly lower than # lm W⁻¹ of the S-QLED as shown in Fig. #e.	1	1	10.1038/s41467-024-47891-4	Despite the presence of RIZO and reverse current the PnP-QLED still exhibits a peak PE of 20.46 lm W⁻¹, which is slightly lower than 22.66 lm W⁻¹ of the S-QLED as shown in Fig. 3e.
results	but	This approach not only reduces the AC-DC circuit but also eliminates the complex current regulation circuit that is used to tune the brightness of DC LEDs.	1	1	10.1038/s41467-024-47891-4	This approach not only reduces the AC-DC circuit but also eliminates the complex current regulation circuit that is used to tune the brightness of DC LEDs.
discussion	while	In addition they can be operated over a wide frequency range (several Hz-MHz) while maintaining high performance similar to that of S-QLEDs.	1	1	10.1038/s41467-024-47891-4	In addition they can be operated over a wide frequency range (several Hz-MHz) while maintaining high performance similar to that of S-QLEDs.
methods	while	Ltd. while an IZO target consisting of # wt.% In₂O₃ and # wt.% ZnO was acquired from Hebei Gaocheng New Materials Technology Co.	1	1	10.1038/s41467-024-47891-4	Ltd. while an IZO target consisting of 90 wt.% In₂O₃ and 10 wt.% ZnO was acquired from Hebei Gaocheng New Materials Technology Co.
introduction	however	However to meet the requirements of traditional and emerging applications QLEDs need even higher luminance and longer operational lifetime which are more directly determined by current efficiency (CE) than EQE.	1	1	10.1038/s41467-024-49574-6	However to meet the requirements of traditional and emerging applications QLEDs need even higher luminance and longer operational lifetime which are more directly determined by current efficiency (CE) than EQE.
introduction	while	While the multijunction (or tandem) structure is a standard CE-enhancing solution adding functional layers and interfaces significantly reduces device stability.	1	1	10.1038/s41467-024-49574-6	While the multijunction (or tandem) structure is a standard CE-enhancing solution adding functional layers and interfaces significantly reduces device stability.
introduction	yet	As a result except for red emission TE QLEDs have not yet demonstrated operational lifetimes that are competitive with those of their bottom-emitting (BE) counterparts and TE OLEDs.	1	1	10.1038/s41467-024-49574-6	As a result except for red emission TE QLEDs have not yet demonstrated operational lifetimes that are competitive with those of their bottom-emitting (BE) counterparts and TE OLEDs.
results	however	However the discussion on the penetration depth into metallic mirrors has been confusing due to inconsistent sign conventions.	1	1	10.1038/s41467-024-49574-6	However the discussion on the penetration depth into metallic mirrors has been confusing due to inconsistent sign conventions.
results	despite	Fitting a high-performance green QLED into a single-mode microcavity remains challenging despite correctly obtaining the reflection penetration depths.	1	1	10.1038/s41467-024-49574-6	Fitting a high-performance green QLED into a single-mode microcavity remains challenging despite correctly obtaining the reflection penetration depths.
results	while	Figure #b shows that the CE reaches a maximum value of # cd A⁻¹, while the conventional process offers a much lower CE.	1	1	10.1038/s41467-024-49574-6	Figure 2b shows that the CE reaches a maximum value of 204.2 cd A⁻¹, while the conventional process offers a much lower CE.
results	although	Although the mode maximum slightly shifts to shorter wavelengths at large off-axis angles the mode distribution is broad enough to cover QDs’ narrow emission linewidth and ensure high integral overlap.	1	1	10.1038/s41467-024-49574-6	Although the mode maximum slightly shifts to shorter wavelengths at large off-axis angles the mode distribution is broad enough to cover QDs’ narrow emission linewidth and ensure high integral overlap.
results	but	A longer cavity can concentrate the emission maximum in the substrate-normal direction leading to a higher EQE but lower CE.	1	1	10.1038/s41467-024-49574-6	A longer cavity can concentrate the emission maximum in the substrate-normal direction leading to a higher EQE but lower CE.
abstract	however	However the serious energy disorder between the quantum dots (QDs) and hole transport layer (HTL) makes it challenging to achieve high-performance devices at lower voltage ranges.	1	1	10.1038/s41377-024-01727-4	However the serious energy disorder between the quantum dots (QDs) and hole transport layer (HTL) makes it challenging to achieve high-performance devices at lower voltage ranges.
introduction	although	Although QLEDs produce significantly less heat compared to thermal radiation light sources.	1	1	10.1038/s41377-024-01727-4	Although QLEDs produce significantly less heat compared to thermal radiation light sources.
introduction	however	However at present the external quantum efficiency (EQE) and luminance of most QLEDs remain relatively low at low voltages.	1	1	10.1038/s41377-024-01727-4	However at present the external quantum efficiency (EQE) and luminance of most QLEDs remain relatively low at low voltages.
introduction	but	This is not only related to the Auger recombination process and the photoluminescence linewidth but also affects the hole quasi-Fermi level.	1	1	10.1038/s41377-024-01727-4	This is not only related to the Auger recombination process and the photoluminescence linewidth but also affects the hole quasi-Fermi level.
results	while	A novel “giant” full alloy CdZnSe/ZnSeS core/shell QDs (named CdZnSe-based QDs) exhibit a fully continuous energy level and delocalized hole wavefunctions while soothingly releasing the compressive strain (Fig. #b).	1	1	10.1038/s41377-024-01727-4	A novel “giant” full alloy CdZnSe/ZnSeS core/shell QDs (named CdZnSe-based QDs) exhibit a fully continuous energy level and delocalized hole wavefunctions while soothingly releasing the compressive strain (Fig. 1b).
results	although	Furthermore although the CPD response of both types of quantum dots increased the enhancement of CdZnSe-based QDs is more significant under high-energy excitation light at # nm.	1	1	10.1038/s41377-024-01727-4	Furthermore although the CPD response of both types of quantum dots increased the enhancement of CdZnSe-based QDs is more significant under high-energy excitation light at 480 nm.
results	however	However the values of CdSe-based QLEDs are only # and # cd m⁻², which are consistent with previous literatures.	1	1	10.1038/s41377-024-01727-4	However the values of CdSe-based QLEDs are only 510 and 3000 cd m⁻², which are consistent with previous literatures.
introduction	however	However the maximum EQE reported for tandem QLEDs is #% which remains significantly lower than the expected value.	1	1	10.1038/s41377-025-01835-9	However the maximum EQE reported for tandem QLEDs is 49% which remains significantly lower than the expected value.
introduction	while	Moreover the positions of the two emitting layers are different while the device thickness is not rigorously optimized to achieve optimal OCE for both LEUs resulting in a low OCE that does not double compared to that of a regular device. (#) Inefficient ICL.	1	1	10.1038/s41377-025-01835-9	Moreover the positions of the two emitting layers are different while the device thickness is not rigorously optimized to achieve optimal OCE for both LEUs resulting in a low OCE that does not double compared to that of a regular device. (2) Inefficient ICL.
introduction	yet	A stable and efficient solution-processed ICL to ensure a perfect electrical connection of two LEUs has not yet been demonstrated.	1	1	10.1038/s41377-025-01835-9	A stable and efficient solution-processed ICL to ensure a perfect electrical connection of two LEUs has not yet been demonstrated.
introduction	although	Although stable white light emission was realized the peak CE of # cd A⁻¹ and the EQE of #% were far lower than the theoretical values.	1	1	10.1038/s41377-025-01835-9	Although stable white light emission was realized the peak CE of 4.74 cd A⁻¹ and the EQE of 2.0% were far lower than the theoretical values.
results	while	With careful optical optimization and stringent cavity design the top unit exhibits a high transmittance (~#%) while the bottom unit shows a high reflectance (~#%) without compromising the device performance as shown in Fig.	1	1	10.1038/s41377-025-01835-9	With careful optical optimization and stringent cavity design the top unit exhibits a high transmittance (~95%) while the bottom unit shows a high reflectance (~95%) without compromising the device performance as shown in Fig.
results	but	Moreover both the bottom and the top units are fabricated on their own substrate which not only allows them to be optimized separately but also completely avoids damage to the underlying layers caused by solvent erosion and multiple high-temperature annealing.	1	1	10.1038/s41377-025-01835-9	Moreover both the bottom and the top units are fabricated on their own substrate which not only allows them to be optimized separately but also completely avoids damage to the underlying layers caused by solvent erosion and multiple high-temperature annealing.
results	despite	Despite the incorporation of the heat-dissipating substrates the devices still exhibit current saturation at high voltage conditions.	1	1	10.1038/s41377-025-01835-9	Despite the incorporation of the heat-dissipating substrates the devices still exhibit current saturation at high voltage conditions.
results	however	However such a color-tunable LED is problematic because the color and the brightness cannot be separately controlled and the efficiency is quite low due to the energy transfer among the closely packed red green and blue QDs.	1	1	10.1038/s41377-025-01835-9	However such a color-tunable LED is problematic because the color and the brightness cannot be separately controlled and the efficiency is quite low due to the energy transfer among the closely packed red green and blue QDs.
introduction	however	However, compared to the mesoporous-type PSC, its planar-type counterpart suffers from significant lower certified PCE.	1	1	10.1038/s41467-018-05760-x	However, compared to the mesoporous-type PSC, its planar-type counterpart suffers from significant lower certified PCE.
results	while	It is apparent that the unmodified EDTA and SnO# samples are transparent, while EDTA-treated SnO# turned into milky white.	1	1	10.1038/s41467-018-05760-x	It is apparent that the unmodified EDTA and SnO2 samples are transparent, while EDTA-treated SnO2 turned into milky white.
results	however	However, when the bending radius is decreased to # mm and # mm, the PCE degraded to #% and #%, respectively, attributing to the conductivity degradation of ITO.	1	1	10.1038/s41467-018-05760-x	However, when the bending radius is decreased to 12 mm and 7 mm, the PCE degraded to 17.82% and 16.84%, respectively, attributing to the conductivity degradation of ITO.
introduction	however	However, uncoordinated Sn#+ dangling bonds and oxygen vacancies on the SnO# surface inevitably act as interfacial recombination centers, causing serious interfacial recombination and deteriorating the device performance.	1	1	10.1038/s41467-018-07099-9	However, uncoordinated Sn4+ dangling bonds and oxygen vacancies on the SnO2 surface inevitably act as interfacial recombination centers, causing serious interfacial recombination and deteriorating the device performance.
introduction	nevertheless	Nevertheless, the solution-processed SnO# films still suffer from severe interfacial recombination due to the abundant surface defects, including hydroxyl groups, oxygen vacancies and uncoordinated Sn#+ ions, which act as trap states for photo-generated carriers.	1	1	10.1038/s41467-018-07099-9	Nevertheless, the solution-processed SnO2 films still suffer from severe interfacial recombination due to the abundant surface defects, including hydroxyl groups, oxygen vacancies and uncoordinated Sn4+ ions, which act as trap states for photo-generated carriers.
results	whereas	The Cl #p signals are barely detectable in the KCl-treated SnO# films, whereas a distinct K #p peak appears, confirming that the potassium cations, rather than the chloride anions, dominate the surface modification.	1	1	10.1038/s41467-018-07099-9	The Cl 2p signals are barely detectable in the KCl-treated SnO2 films, whereas a distinct K 2p peak appears, confirming that the potassium cations, rather than the chloride anions, dominate the surface modification.
introduction	while	Electron transport layers (ETLs) are key elements in PSCs: they extract and transport photo-induced electrons while blocking holes.	1	1	10.1038/s41467-019-13437-2	Electron transport layers (ETLs) are key elements in PSCs: they extract and transport photo-induced electrons while blocking holes.
introduction	however	However, these approaches address defect passivation without simultaneously tackling band alignment.	1	1	10.1038/s41467-019-13437-2	However, these approaches address defect passivation without simultaneously tackling band alignment.
introduction	but	For example, alkali metal halides have been used to passivate the defects; but organic ammonium halides that can combine defect passivation with improved band alignment and charge extraction have been less explored for metal oxide surfaces.	1	1	10.1038/s41467-019-13437-2	For example, alkali metal halides have been used to passivate the defects; but organic ammonium halides that can combine defect passivation with improved band alignment and charge extraction have been less explored for metal oxide surfaces.
results	whereas	The SnO#-PTABr-based device retains #% of its initial PCE after # h of storage, whereas the control device based on pristine SnO# retains only #% of its initial PCE over the same period.	1	1	10.1038/s41467-019-13437-2	The SnO2-PTABr-based device retains 90% of its initial PCE after 500 h of storage, whereas the control device based on pristine SnO2 retains only 78% of its initial PCE over the same period.
discussion	while	Bromide and phenylammonium moieties passivate the oxygen vacancy defects at the tin oxide surface, while the conjugated phenyl ring acts as an electron transport channel that improves electron extraction.	1	1	10.1038/s41467-019-13437-2	Bromide and phenylammonium moieties passivate the oxygen vacancy defects at the tin oxide surface, while the conjugated phenyl ring acts as an electron transport channel that improves electron extraction.
abstract	but	Perovskite/silicon tandem solar cells can exceed Shockley-Queisser limit, but achieving complete coverage of #-# μm pyramids on industrial fully-textured silicon with solution-processed perovskite film remains challenging.	1	1	10.1038/s41467-025-64546-0	Perovskite/silicon tandem solar cells can exceed Shockley-Queisser limit, but achieving complete coverage of 2-4 μm pyramids on industrial fully-textured silicon with solution-processed perovskite film remains challenging.
abstract	although	Although super-hydrophilic effect enhances wetting, it alone is insufficient to achieve complete coverage of pyramids by perovskite film.	1	1	10.1038/s41467-025-64546-0	Although super-hydrophilic effect enhances wetting, it alone is insufficient to achieve complete coverage of pyramids by perovskite film.
introduction	however	However, a key challenge lies in addressing the structural incompatibility between the thickness of perovskite films and the surface roughness of industrial fully-textured silicon solar cells.	1	1	10.1038/s41467-025-64546-0	However, a key challenge lies in addressing the structural incompatibility between the thickness of perovskite films and the surface roughness of industrial fully-textured silicon solar cells.
introduction	while	While perovskite films typically have thicknesses ranging from # to # μm, the surfaces of industrial silicon solar cells are textured by pyramidal structures with heights of #–# μm.	1	1	10.1038/s41467-025-64546-0	While perovskite films typically have thicknesses ranging from 0.5 to 1 μm, the surfaces of industrial silicon solar cells are textured by pyramidal structures with heights of 2–4 μm.
introduction	although	Although effective, vacuum deposition is capital expenditure (CAPEX) intensive and relatively slow, has low material utilization, thereby driving up production costs.	1	1	10.1038/s41467-025-64546-0	Although effective, vacuum deposition is capital expenditure (CAPEX) intensive and relatively slow, has low material utilization, thereby driving up production costs.
results	however	On the NiOx-coated silicon, the super-hydrophilic surface facilitated perovskite solution climbing along the pyramid sidewalls; however, complete coverage of the textured surface by perovskite film was not achieved even though super-hydrophilic surface enhances wetting behavior.	1	1	10.1038/s41467-025-64546-0	On the NiOx-coated silicon, the super-hydrophilic surface facilitated perovskite solution climbing along the pyramid sidewalls; however, complete coverage of the textured surface by perovskite film was not achieved even though super-hydrophilic surface enhances wetting behavior.
results	but	Spin-coating proved effective for random deposition of small particles (such as # nm NiOx and # nm Al#O#) on pyramids, but failed for larger particles (such as # nm and # nm), which similarly settled in the valleys.	1	1	10.1038/s41467-025-64546-0	Spin-coating proved effective for random deposition of small particles (such as 10 nm NiOx and 30 nm Al2O3) on pyramids, but failed for larger particles (such as 100 nm and 300 nm), which similarly settled in the valleys.
results	whereas	Near-conformal perovskite film coating on fully textured substrate was obtained when the coverage ranged from ~#% to ~#%, whereas low coverage of ~#% led to incomplete coating with some pyramid tips exposed.	1	1	10.1038/s41467-025-64546-0	Near-conformal perovskite film coating on fully textured substrate was obtained when the coverage ranged from ~42% to ~73%, whereas low coverage of ~18% led to incomplete coating with some pyramid tips exposed.
results	while	A smaller incident angle (e.g., #°) favors particle accumulation near the pyramid tips, while larger angles (e.g., #°) result in more randomized distribution across the entire textured surface.	1	1	10.1038/s41467-025-64546-0	A smaller incident angle (e.g., 5°) favors particle accumulation near the pyramid tips, while larger angles (e.g., 20°) result in more randomized distribution across the entire textured surface.
results	although	Although the contact angle θ varies slightly with different HTL configurations, its effect on nucleation behavior is negligible in Al#O#-decorated samples.	1	1	10.1038/s41467-025-64546-0	Although the contact angle θ varies slightly with different HTL configurations, its effect on nucleation behavior is negligible in Al2O3-decorated samples.
results	despite	Despite these variations, all formulations achieved near-conformal perovskite films on textured silicon with Al#O# particles.	1	1	10.1038/s41467-025-64546-0	Despite these variations, all formulations achieved near-conformal perovskite films on textured silicon with Al2O3 particles.
discussion	but	By spray-coating alumina particles, we created a super-hydrophilic interface that not only enhanced wetting behavior but also redirected nucleation dynamics, enabling near-conformal perovskite film growth across the fully-textured silicon surface.	1	1	10.1038/s41467-025-64546-0	By spray-coating alumina particles, we created a super-hydrophilic interface that not only enhanced wetting behavior but also redirected nucleation dynamics, enabling near-conformal perovskite film growth across the fully-textured silicon surface.
methods	while	The aperture area of the single-junction perovskite solar cells was defined by a photomask with an aperture of # cm#, while that for tandem solar cells was # cm#	1	1	10.1038/s41467-025-64546-0	The aperture area of the single-junction perovskite solar cells was defined by a photomask with an aperture of 0.0544 cm2, while that for tandem solar cells was 1.0037 cm2.
abstract	however	However, the performance of Sn-Pb perovskite photodetectors/imagers remains limited by intrinsic defects, particularly Sn-related imperfections that cause substantial nonradiative recombination losses and instability.	1	1	10.1038/s41377-025-01987-8	However, the performance of Sn-Pb perovskite photodetectors/imagers remains limited by intrinsic defects, particularly Sn-related imperfections that cause substantial nonradiative recombination losses and instability.
introduction	despite	Despite these advantages, Sn-Pb perovskites suffer from severe intrinsic defect issues.	1	1	10.1038/s41377-025-01987-8	Despite these advantages, Sn-Pb perovskites suffer from severe intrinsic defect issues.
introduction	however	However, a systematic understanding of how facets and controlled oxidation jointly govern the photoluminescence and photoresponse of low-bandgap Sn-Pb perovskites has not been established.	1	1	10.1038/s41377-025-01987-8	However, a systematic understanding of how facets and controlled oxidation jointly govern the photoluminescence and photoresponse of low-bandgap Sn-Pb perovskites has not been established.
discussion	while	The preferred facet intrinsically reduces the surface trap density, while DMSO-mediated self-limited oxidation passivates deep-level Sn-related defects without introducing harmful p-doping.	1	1	10.1038/s41377-025-01987-8	The preferred facet intrinsically reduces the surface trap density, while DMSO-mediated self-limited oxidation passivates deep-level Sn-related defects without introducing harmful p-doping.
discussion	but	We anticipate that this dual-modulation strategy will benefit not only NIR sensing technologies but also the broader development of defect-passivated mixed Sn-Pb perovskite optoelectronics, including tandem photovoltaics and NIR light-emitting diodes.	1	1	10.1038/s41377-025-01987-8	We anticipate that this dual-modulation strategy will benefit not only NIR sensing technologies but also the broader development of defect-passivated mixed Sn-Pb perovskite optoelectronics, including tandem photovoltaics and NIR light-emitting diodes.
abstract	however	However, these materials usually contain a mixture of phases and the phase impurity could cause low emission efficiency.	1	1	10.1038/s41467-018-02978-7	However, these materials usually contain a mixture of phases and the phase impurity could cause low emission efficiency.
introduction	however	However, opposite properties are desired when they are used as emitting materials in LEDs.	1	1	10.1038/s41467-018-02978-7	However, opposite properties are desired when they are used as emitting materials in LEDs.
introduction	while	In the early reports, #D perovskite materials were used as emitting layers, while electroluminescence can only be observed at liquid nitrogen temperature.	1	1	10.1038/s41467-018-02978-7	In the early reports, 2D perovskite materials were used as emitting layers, while electroluminescence can only be observed at liquid nitrogen temperature.
results	but	Previous results suggested that the quasi-#D perovskite films are not a single phase but contain a variety of n-phases.	1	1	10.1038/s41467-018-02978-7	Previous results suggested that the quasi-2D perovskite films are not a single phase but contain a variety of n-phases.
results	however	However, the peaks become much more broadened, indicating that the diffraction peak could be from a series of PEA₂(FAPbBr₃)ₙ₋₁PbBr₄ phases with large n (n→∞) or #D FAPbBr₃ with nano-size grains (Supplementary Fig.#).	1	1	10.1038/s41467-018-02978-7	However, the peaks become much more broadened, indicating that the diffraction peak could be from a series of PEA₂(FAPbBr₃)ₙ₋₁PbBr₄ phases with large n (n→∞) or 3D FAPbBr₃ with nano-size grains (Supplementary Fig.3).
results	while	It is unexpected that diffraction peaks of the n = # phase is absent in the n = # composition, while obvious diffraction peaks from the n = # phase are observed.	1	1	10.1038/s41467-018-02978-7	It is unexpected that diffraction peaks of the n = 1 phase is absent in the n = 3 composition, while obvious diffraction peaks from the n = 2 phase are observed.
results	although	Although a small red-shift in PL spectra has been observed for the TOPO-treated #D perovskite film previously, no obvious modulation of PL due to TOPO treatment is observed in this study (Supplementary Fig. #).	1	1	10.1038/s41467-018-02978-7	Although a small red-shift in PL spectra has been observed for the TOPO-treated 3D perovskite film previously, no obvious modulation of PL due to TOPO treatment is observed in this study (Supplementary Fig. 7).
introduction	although	Although an average n number is controlled by the stoichiometry of the precursor solution, a broad phase distribution ranging from n = # to n = ∞ is usually formed after thin film processing due to kinetic and thermodynamic factors.	1	1	10.1038/s41467-023-36118-7	Although an average n number is controlled by the stoichiometry of the precursor solution, a broad phase distribution ranging from n = 1 to n = ∞ is usually formed after thin film processing due to kinetic and thermodynamic factors.
introduction	but	A few recent efforts have been devoted to regulating phase distribution and smoothing the energy landscape in quasi-#D perovskite thin films, but has exhibited limited success in wavelength-tunable LEDs due to ineffective phase control.	1	1	10.1038/s41467-023-36118-7	A few recent efforts have been devoted to regulating phase distribution and smoothing the energy landscape in quasi-2D perovskite thin films, but has exhibited limited success in wavelength-tunable LEDs due to ineffective phase control.
results	yet	This latter factor may lead to better solution processability and unusual phase control behaviors, which is yet to be explored.	1	1	10.1038/s41467-023-36118-7	This latter factor may lead to better solution processability and unusual phase control behaviors, which is yet to be explored.
results	while	The TEA organic layer exhibits slightly increased surface coverage on the PbI₄²⁻ inorganic octahedron layers relative to BA, while the PPT’ and PPT layers provide significantly better coverage.	1	1	10.1038/s41467-023-36118-7	The TEA organic layer exhibits slightly increased surface coverage on the PbI₄²⁻ inorganic octahedron layers relative to BA, while the PPT’ and PPT layers provide significantly better coverage.
results	although	Although we expect similar trends for these ions, the simulations of n > # systems are currently beyond the scope of this work.	1	1	10.1038/s41467-023-36118-7	Although we expect similar trends for these ions, the simulations of n > 1 systems are currently beyond the scope of this work.
results	whereas	The PPT’ film mainly consists of median-n phases ranging from n = # to # (Fig. #g), whereas the PPT film is dominated by a narrower phase distribution ranging from n = # to # (Fig. #h).	1	1	10.1038/s41467-023-36118-7	The PPT’ film mainly consists of median-n phases ranging from n = 2 to 8 (Fig. 2g), whereas the PPT film is dominated by a narrower phase distribution ranging from n = 2 to 6 (Fig. 2h).
results	but	It is revealed that n ~ # phases form at the initial spinning stage for all cases (Supplementary Figs. #, #), but BA and TEA cations lead to phase disproportionation to low- and high-n phases during late-stage of spinning, whereas PPT’ and PPT films retain n ~ # phase throughout the spinning process (Supplementary Fig. #).	1	1	10.1038/s41467-023-36118-7	It is revealed that n ~ 3 phases form at the initial spinning stage for all cases (Supplementary Figs. 11, 12), but BA and TEA cations lead to phase disproportionation to low- and high-n phases during late-stage of spinning, whereas PPT’ and PPT films retain n ~ 3 phase throughout the spinning process (Supplementary Fig. 11).
results	however	However, upon heating the PPT film at # °C for a long period (> # h), small amounts of n = # and n ~ ∞ phases appeared (Supplementary Fig. #), validating that the median-n phases are kinetic products and that they can eventually disproportionate, albeit with a higher activation energy than the other films.	1	1	10.1038/s41467-023-36118-7	However, upon heating the PPT film at 100 °C for a long period (> 5 h), small amounts of n = 2 and n ~ ∞ phases appeared (Supplementary Fig. 18), validating that the median-n phases are kinetic products and that they can eventually disproportionate, albeit with a higher activation energy than the other films.
methods	while	The spectra were collected with a H Lyman-α photon source (E-LUX #, photon energy of # eV) and a # eV pass energy while the samples were biased at negative # V.	1	1	10.1038/s41467-023-36118-7	The spectra were collected with a H Lyman-α photon source (E-LUX 121, photon energy of 10.2 eV) and a 5.85 eV pass energy while the samples were biased at negative 5 V.
methods	but	This is a useful method, mainly applied to quantify the alloys but also to identify any ion compounds.	1	1	10.1038/s41467-023-36118-7	This is a useful method, mainly applied to quantify the alloys but also to identify any ion compounds.
abstract	but	Light-emitting diodes (LEDs) based on perovskite semiconductor materials with tunable emission wavelength in visible light range as well as narrow linewidth are potential competitors among current light-emitting display technologies, but still suffer from severe instability driven by electric field.	1	1	10.1038/s41377-024-01500-7	Light-emitting diodes (LEDs) based on perovskite semiconductor materials with tunable emission wavelength in visible light range as well as narrow linewidth are potential competitors among current light-emitting display technologies, but still suffer from severe instability driven by electric field.
introduction	however	However, the intrinsic instability of perovskites still casts a shadow over their practical applications.	1	1	10.1038/s41377-024-01500-7	However, the intrinsic instability of perovskites still casts a shadow over their practical applications.
results	while	The EL peaks of PeLED and OLED are around # nm and # nm, respectively, while the hybrid LED exhibits a peak centered at # nm dominated by the sharp emission linewidth of perovskite emission.	1	1	10.1038/s41377-024-01500-7	The EL peaks of PeLED and OLED are around 514 nm and 523 nm, respectively, while the hybrid LED exhibits a peak centered at 516 nm dominated by the sharp emission linewidth of perovskite emission.
results	whereas	Under reverse bias, charge carriers are generated at the interface of HAT-CN/CBP and ultimately are extracted by the electrodes, whereas the charge carriers are injected from the electrodes and finally are quenched by the ICL under forward bias.	1	1	10.1038/s41377-024-01500-7	Under reverse bias, charge carriers are generated at the interface of HAT-CN/CBP and ultimately are extracted by the electrodes, whereas the charge carriers are injected from the electrodes and finally are quenched by the ICL under forward bias.
results	however	However, this enables an enhancement in the electrical conductivity of HAT-CN, as revealed by c-AFM (Fig. #c).	1	1	10.1038/s41377-024-01500-7	However, this enables an enhancement in the electrical conductivity of HAT-CN, as revealed by c-AFM (Fig. 3c).
discussion	but	In summary, we demonstrated highly efficient and stable hybrid LEDs with remarkable narrow linewidth emission constructed with a top OLED and a bottom PeLED by employing an efficient ICL based on a structure of HAT-CN/MoO₃/CBP, in which the ultra-thin MoO₃ sandwiched in the organic hole inject layer and hole transport layer not only facilitates the electron transfer from CBP to HAT-CN leaving a p-type doped HTL interface that leads to significant enhancement in the capacity for charge generation, separation and transport of the ICL, but also effectively suppresses the undesired Joule heating due to the decreased resistance.	1	1	10.1038/s41377-024-01500-7	In summary, we demonstrated highly efficient and stable hybrid LEDs with remarkable narrow linewidth emission constructed with a top OLED and a bottom PeLED by employing an efficient ICL based on a structure of HAT-CN/MoO₃/CBP, in which the ultra-thin MoO₃ sandwiched in the organic hole inject layer and hole transport layer not only facilitates the electron transfer from CBP to HAT-CN leaving a p-type doped HTL interface that leads to significant enhancement in the capacity for charge generation, separation and transport of the ICL, but also effectively suppresses the undesired Joule heating due to the decreased resistance.
abstract	however	However, in highly efficient LEDs based on metal halide perovskites, a seemingly large hole injection barrier is usually observed.	1	1	10.1038/s41563-025-02123-y	However, in highly efficient LEDs based on metal halide perovskites, a seemingly large hole injection barrier is usually observed.
abstract	but	Our results not only provide rational design rules to fabricate high-efficiency perovskite LEDs but also present new insights to benefit the design of other perovskite optoelectronic devices.	1	1	10.1038/s41563-025-02123-y	Our results not only provide rational design rules to fabricate high-efficiency perovskite LEDs but also present new insights to benefit the design of other perovskite optoelectronic devices.
introduction	despite	This increased hole concentration rationalizes the fact that turn-on voltages are dependent on electron-transport materials in both our and reported PeLEDs despite large hole injection barriers, where better electron-transport properties correspond to lower turn-on voltages.	1	1	10.1038/s41563-025-02123-y	This increased hole concentration rationalizes the fact that turn-on voltages are dependent on electron-transport materials in both our and reported PeLEDs despite large hole injection barriers, where better electron-transport properties correspond to lower turn-on voltages.
results	however	However, in the current case, the device shows excellent electroluminescence (EL) performance at low working biases.	1	1	10.1038/s41563-025-02123-y	However, in the current case, the device shows excellent electroluminescence (EL) performance at low working biases.
results	despite	The decrease of the turn-on voltages matches well with the increase of electron mobility, despite different hole transport layers used in different PeLEDs.	1	1	10.1038/s41563-025-02123-y	The decrease of the turn-on voltages matches well with the increase of electron mobility, despite different hole transport layers used in different PeLEDs.
results	but	Configuration B involves the same perovskite slabs but with the surface density of additives reduced to one-fourth of configuration A.	1	1	10.1038/s41563-025-02123-y	Configuration B involves the same perovskite slabs but with the surface density of additives reduced to one-fourth of configuration A.
results	while	Thus, as compared with the IPA-washed film, PL lifetime enhancement of the pristine film is only # times while the PL intensity enhancement is over # times.	1	1	10.1038/s41563-025-02123-y	Thus, as compared with the IPA-washed film, PL lifetime enhancement of the pristine film is only 2.48 times while the PL intensity enhancement is over 48 times.
results	although	As such, we believe that the effect of additive-induced surface hole concentration enhancement on the PL intensity is not limited to our materials; instead, it might be generally applicable to many perovskites, although not discussed previously.	1	1	10.1038/s41563-025-02123-y	As such, we believe that the effect of additive-induced surface hole concentration enhancement on the PL intensity is not limited to our materials; instead, it might be generally applicable to many perovskites, although not discussed previously.
discussion	despite	By contrast, in the hole-concentration-enhanced LEDs, the devices can still work efficiently under low current densities despite high hole injection barriers, resulting in low turn-on voltages.	1	1	10.1038/s41563-025-02123-y	By contrast, in the hole-concentration-enhanced LEDs, the devices can still work efficiently under low current densities despite high hole injection barriers, resulting in low turn-on voltages.
methods	while	While ionic positions of layers #–# were fixed, layers #–# were relaxed with the HSE# functional with a k-point density of # Å−# (where k is the reciprocal space wave vector) and a Gaussian smearing with a width of # eV until the residual forces <# × #−# eV Å−# were achieved.	1	1	10.1038/s41563-025-02123-y	While ionic positions of layers 1–14 were fixed, layers 15–17 were relaxed with the HSE06 functional with a k-point density of 0.30 Å−1 (where k is the reciprocal space wave vector) and a Gaussian smearing with a width of 0.05 eV until the residual forces <5 × 10−2 eV Å−1 were achieved.
abstract	yet	Solution-processed metal halide perovskites are widely studied for their potential in high-efficiency light-emitting diodes, yet they are facing several challenges like insufficient brightness, short operational lifetimes, and reduced power conversion efficiency under practical operation conditions.	1	1	10.1038/s41467-025-56557-8	Solution-processed metal halide perovskites are widely studied for their potential in high-efficiency light-emitting diodes, yet they are facing several challenges like insufficient brightness, short operational lifetimes, and reduced power conversion efficiency under practical operation conditions.
introduction	however	However, the incorporation of additives or polymers in perovskite films and the use of organic charge-injection layers (CILs) characterized by relatively low carrier mobility often impede the charge transport, necessitating higher driving voltages for optimal device operation, which in turn leads to reduced PCEs.	1	1	10.1038/s41467-025-56557-8	However, the incorporation of additives or polymers in perovskite films and the use of organic charge-injection layers (CILs) characterized by relatively low carrier mobility often impede the charge transport, necessitating higher driving voltages for optimal device operation, which in turn leads to reduced PCEs.
introduction	while	This device configuration ensures efficient electron transport while minimizing interfacial emission quenching, enabling the perovskite LEDs to achieve high brightness, prolonged operational lifetime, and high PCEs simultaneously.	1	1	10.1038/s41467-025-56557-8	This device configuration ensures efficient electron transport while minimizing interfacial emission quenching, enabling the perovskite LEDs to achieve high brightness, prolonged operational lifetime, and high PCEs simultaneously.
results	while	The absorption spectra (Fig. #e) of the perovskite films showed that the strong absorption peaks at higher energies gradually disappear while the perovskite absorption edge at around # nm becomes dominant within the annealing time of # min, suggesting the transformation of low-dimensional phases into #D perovskite films.	1	1	10.1038/s41467-025-56557-8	The absorption spectra (Fig. 1e) of the perovskite films showed that the strong absorption peaks at higher energies gradually disappear while the perovskite absorption edge at around 532 nm becomes dominant within the annealing time of 1 min, suggesting the transformation of low-dimensional phases into 3D perovskite films.
results	however	However, these films had reduced thermal stability, as evidenced by a dramatic decrease in PL intensity under continuous annealing at # °C (Supplementary Fig. #).	1	1	10.1038/s41467-025-56557-8	However, these films had reduced thermal stability, as evidenced by a dramatic decrease in PL intensity under continuous annealing at 100 °C (Supplementary Fig. 11).
results	but	Previous studies found that ZnO-S EILs exhibited minimal quenching of the perovskite emission but suffered from low electrical conductivity due to the long carbon chain ligands on the ZnO-S surface.	1	1	10.1038/s41467-025-56557-8	Previous studies found that ZnO-S EILs exhibited minimal quenching of the perovskite emission but suffered from low electrical conductivity due to the long carbon chain ligands on the ZnO-S surface.
discussion	but	The resultant devices not only achieved champion values for brightness (#,# cd m⁻²) and PCEs (#% at # mA cm⁻²) but also set benchmarks for perovskite LEDs in terms of extended operational stability (T₅₀ lifetime of #,# h at # cd m⁻²).	1	1	10.1038/s41467-025-56557-8	The resultant devices not only achieved champion values for brightness (312,000 cd m⁻²) and PCEs (15.6% at 300 mA cm⁻²) but also set benchmarks for perovskite LEDs in terms of extended operational stability (T₅₀ lifetime of 17,000 h at 100 cd m⁻²).
abstract	yet	Metal halide perovskite light-emitting diodes offer a promising platform for low-cost full-color displays, yet achieving high-performance pure-red emission remains challenging.	1	1	10.1038/s41467-026-72733-w	Metal halide perovskite light-emitting diodes offer a promising platform for low-cost full-color displays, yet achieving high-performance pure-red emission remains challenging.
introduction	but	Pure-red PeLEDs emitting at ~# nm is desired to fulfill the color gamut specified by Rec. # display standard, but the realization of pure-red PeLEDs with both high luminance and high efficiency remains challenging.	1	1	10.1038/s41467-026-72733-w	Pure-red PeLEDs emitting at ~635 nm is desired to fulfill the color gamut specified by Rec. 2020 display standard, but the realization of pure-red PeLEDs with both high luminance and high efficiency remains challenging.
results	while	Oxygen and fluorine atoms display negative charge, while H atoms are positively charged.	1	1	10.1038/s41467-026-72733-w	Oxygen and fluorine atoms display negative charge, while H atoms are positively charged.
results	however	However, the CF#-BSA modified perovskite films reach a stable PL peak at an earlier stage of crystallization than the control sample (Supplementary Fig. #a).	1	1	10.1038/s41467-026-72733-w	However, the CF3-BSA modified perovskite films reach a stable PL peak at an earlier stage of crystallization than the control sample (Supplementary Fig. 25a).
discussion	whereas	BSA and M-BSA exhibit relatively large dipole moments (# and # D), whereas fluorinated derivatives, particularly CF#-BSA, display significantly reduced dipole moments (# D) together with pronounced steric hindrance arising from the bulky CF# substituent.	1	1	10.1038/s41467-026-72733-w	BSA and M-BSA exhibit relatively large dipole moments (6.80 and 6.68 D), whereas fluorinated derivatives, particularly CF3-BSA, display significantly reduced dipole moments (3.90 D) together with pronounced steric hindrance arising from the bulky CF3 substituent.
methods	while	For CsPbI₃, structural relaxation was performed by optimizing all atomic coordinates while keeping the lattice parameters fixed.	1	1	10.1038/s41467-026-72733-w	For CsPbI₃, structural relaxation was performed by optimizing all atomic coordinates while keeping the lattice parameters fixed.
abstract	despite	Despite the commercial success of nanocrystal quantum dots as optical absorbers and emitters applications involving charge transport through nanocrystal semiconductors have eluded exploitation due to the inability to predictively control their electronic properties.	1	1	10.1038/s41467-020-16560-7	Despite the commercial success of nanocrystal quantum dots as optical absorbers and emitters applications involving charge transport through nanocrystal semiconductors have eluded exploitation due to the inability to predictively control their electronic properties.
introduction	while	While parametric studies have demonstrated some of the scaling relations in this design space the fundamental mechanism driving charge transport in NC-based semiconductors has remained unclear making it difficult to build up predictive models for charge transport in NC semiconductors or tap the full potential of NCs as building blocks for electronic materials through theory-guided design.	1	1	10.1038/s41467-020-16560-7	While parametric studies have demonstrated some of the scaling relations in this design space the fundamental mechanism driving charge transport in NC-based semiconductors has remained unclear making it difficult to build up predictive models for charge transport in NC semiconductors or tap the full potential of NCs as building blocks for electronic materials through theory-guided design.
results	while	Upon charging with an electron (or hole) the Pbiodine ligand bonds on the (#) surfaces of the NCs expand (or contract) while the PbS bond lengths remain unchanged (Fig. #c Supplementary Fig. #, Supplementary Information Note #).	1	1	10.1038/s41467-020-16560-7	Upon charging with an electron (or hole) the Pbiodine ligand bonds on the (111) surfaces of the NCs expand (or contract) while the PbS bond lengths remain unchanged (Fig. 1c Supplementary Fig. 1, Supplementary Information Note 1).
results	although	Although the shifts in bond length are small (up to # Å or #% of the # Å nominal bond length) the associated reorganization energy for charge transfer between two NCs λ is large (#s to #s of meV) (Fig. #d).	1	1	10.1038/s41467-020-16560-7	Although the shifts in bond length are small (up to 0.005 Å or 0.2% of the 3.22 Å nominal bond length) the associated reorganization energy for charge transfer between two NCs λ is large (10s to 100s of meV) (Fig. 1d).
results	however	Doped NCs will in general be energetically unfavorable; however small densities of doped NCs are to be expected through reaction kinetics.	1	1	10.1038/s41467-020-16560-7	Doped NCs will in general be energetically unfavorable; however small densities of doped NCs are to be expected through reaction kinetics.
discussion	while	While band gap disorder has a similar impact on carrier mobility for both small and large NCs deep traps are more detrimental to transport for small NCs.	1	1	10.1038/s41467-020-16560-7	While band gap disorder has a similar impact on carrier mobility for both small and large NCs deep traps are more detrimental to transport for small NCs.
discussion	however	However in addition to their size dependence the reorganization energy and electronic coupling in an NC semiconductor should also depend on the NC material and surface termination and our finding of small polaron hopping (with λ >> Vct) in PbS systems should not be expected to hold for all NC semiconductors.	1	1	10.1038/s41467-020-16560-7	However in addition to their size dependence the reorganization energy and electronic coupling in an NC semiconductor should also depend on the NC material and surface termination and our finding of small polaron hopping (with λ >> Vct) in PbS systems should not be expected to hold for all NC semiconductors.
discussion	but	This enables the creation of semiconductors with isotropic optical properties but with highly anisotropic electronic properties (as in the case of PbS) or with highly anisotropic optical properties and highly isotropic electronic properties.	1	1	10.1038/s41467-020-16560-7	This enables the creation of semiconductors with isotropic optical properties but with highly anisotropic electronic properties (as in the case of PbS) or with highly anisotropic optical properties and highly isotropic electronic properties.
methods	but	This splitting is discussed in detail elsewhere but we find the ordering to vary between differently sized NCs i.e. for some sizes the VBM/CBM are singly/triply degenerate whereas for other sizes they are found to be triply/singly degenerate.	1	1	10.1038/s41467-020-16560-7	This splitting is discussed in detail elsewhere but we find the ordering to vary between differently sized NCs i.e. for some sizes the VBM/CBM are singly/triply degenerate whereas for other sizes they are found to be triply/singly degenerate.
methods	however	We note that the excitation energy is larger than the band gap of the NCs; however this should not impact the transient dynamics as PbS NCs have hot-carrier cooling times on the order of # s of fs.	1	1	10.1038/s41467-020-16560-7	We note that the excitation energy is larger than the band gap of the NCs; however this should not impact the transient dynamics as PbS NCs have hot-carrier cooling times on the order of 100 s of fs.
introduction	however	Previous studies on TET from NCs to PAHs however have resulted in contradictory models.	1	1	10.1038/s41467-019-13951-3	Previous studies on TET from NCs to PAHs however have resulted in contradictory models.
introduction	but	As for NC-naphthalene we observe direct formation of molecular triplets but a coupling matrix element analysis indicates that TET could also be mediated by a virtual charge-transfer (CT) state.	1	1	10.1038/s41467-019-13951-3	As for NC-naphthalene we observe direct formation of molecular triplets but a coupling matrix element analysis indicates that TET could also be mediated by a virtual charge-transfer (CT) state.
results	but	In our study we mainly used a sample of quantum-confined CsPbBr₃ NCs with an average diameter of # ± # nm (Fig. #a and Supplementary Fig. #) but NCs of other sizes have also been studied for control experiments; details regarding sample preparation and characterization are provided in the Methods section.	1	1	10.1038/s41467-019-13951-3	In our study we mainly used a sample of quantum-confined CsPbBr₃ NCs with an average diameter of 3.8 ± 0.4 nm (Fig. 1a and Supplementary Fig. 1) but NCs of other sizes have also been studied for control experiments; details regarding sample preparation and characterization are provided in the Methods section.
results	while	This consistency also suggests that while the absolute values of the energy levels in Fig. #c are only for reference due to many well-known complications associated with these measurements the energy level alignments (i.e. relative values) should be reliable.	1	1	10.1038/s41467-019-13951-3	This consistency also suggests that while the absolute values of the energy levels in Fig. 1c are only for reference due to many well-known complications associated with these measurements the energy level alignments (i.e. relative values) should be reliable.
results	however	The driving forces for CT reactions (−ΔGCT) however are not simply determined by the “single-particle” energy alignments shown in Fig. #c.	1	1	10.1038/s41467-019-13951-3	The driving forces for CT reactions (−ΔGCT) however are not simply determined by the “single-particle” energy alignments shown in Fig. 1c.
results	whereas	According to the energetic analysis above the only quenching pathway in NC*-NCA is TET from NCs to NCA whereas both TET and hole transfer are possible quenching pathways in NC*-TCA.	1	1	10.1038/s41467-019-13951-3	According to the energetic analysis above the only quenching pathway in NC*-NCA is TET from NCs to NCA whereas both TET and hole transfer are possible quenching pathways in NC*-TCA.
results	yet	On the basis of the weaker contribution to the XB by the hole the simplest yet most plausible model is that the PL decay occurring within # ps arises from a sub-ensemble of NCs exhibiting ultrafast hole trapping kinetics.	1	1	10.1038/s41467-019-13951-3	On the basis of the weaker contribution to the XB by the hole the simplest yet most plausible model is that the PL decay occurring within 200 ps arises from a sub-ensemble of NCs exhibiting ultrafast hole trapping kinetics.
results	although	Note that although the cation and anion absorption signals were reported to be very similar we do not consider electron transfer from NCs to TCA here because its driving force is ~# eV less than that of hole transfer (Fig. #) and because the XB signal shows #% decay that is more consistent with the hole contribution.	1	1	10.1038/s41467-019-13951-3	Note that although the cation and anion absorption signals were reported to be very similar we do not consider electron transfer from NCs to TCA here because its driving force is ~0.7 eV less than that of hole transfer (Fig. 2) and because the XB signal shows 25% decay that is more consistent with the hole contribution.
results	despite	In pentacene for example the electronic coupling calculated by including CT states is ~#-fold stronger than the direct coupled case despite that their energy is ~#–# eV above the singlets and the calculated rates for CT-mediated SF are in good agreement with experimental rates .	1	1	10.1038/s41467-019-13951-3	In pentacene for example the electronic coupling calculated by including CT states is ~4-fold stronger than the direct coupled case despite that their energy is ~0.3–0.6 eV above the singlets and the calculated rates for CT-mediated SF are in good agreement with experimental rates .
discussion	whereas	Our results clearly identify that in the case of NC-tetracene where hole transfer from NCs to tetracene is energetically favoured TET is mediated by a real charge separated state whereas “direct” TET is observed for the NC-naphthalene system because charge-transfer processes are energetically uphill.	1	1	10.1038/s41467-019-13951-3	Our results clearly identify that in the case of NC-tetracene where hole transfer from NCs to tetracene is energetically favoured TET is mediated by a real charge separated state whereas “direct” TET is observed for the NC-naphthalene system because charge-transfer processes are energetically uphill.
discussion	however	However we suspect that “direct” TET can also be mediated through a high-energy virtual charge-transfer state.	1	1	10.1038/s41467-019-13951-3	However we suspect that “direct” TET can also be mediated through a high-energy virtual charge-transfer state.
discussion	but	The revealed TET mechanisms not only suggest fundamental similarities between TET singlet fission as well as other charge/energy transfer processes but also pave the way for rationally designing the energetics at the inorganic semiconductor/organic molecule interface for high-efficiency TET important for many emerging applications.	1	1	10.1038/s41467-019-13951-3	The revealed TET mechanisms not only suggest fundamental similarities between TET singlet fission as well as other charge/energy transfer processes but also pave the way for rationally designing the energetics at the inorganic semiconductor/organic molecule interface for high-efficiency TET important for many emerging applications.
introduction	however	However it has been frequently observed that the \({V}_{T}\) is substantially smaller than \(h\nu /e{{{{{\rm{;}}}}}}\) for instance we found that the turn-on voltage to induce a # nm red emission in typical QLEDs can be as low as # V (Supplementary movie) which is far smaller than the bandgap voltage of # V and means that an electron with energy of # eV can be up-converted to a # eV photon.	1	1	10.1038/s41467-022-28037-w	However it has been frequently observed that the \({V}_{T}\) is substantially smaller than \(h\nu /e{{{{{\rm{;}}}}}}\) for instance we found that the turn-on voltage to induce a 620 nm red emission in typical QLEDs can be as low as 1.2 V (Supplementary movie) which is far smaller than the bandgap voltage of 2 V and means that an electron with energy of 1.2 eV can be up-converted to a 2.0 eV photon.
introduction	but	The phenomena of sub-bandgap turn-on and up-conversion EL have also been observed in III-V compound semiconductor LED Rubrene/Fullerene organic LED and MEH-PPV/ZnO LED but the mechanism remains unclear and is still under debate.	1	1	10.1038/s41467-022-28037-w	The phenomena of sub-bandgap turn-on and up-conversion EL have also been observed in III-V compound semiconductor LED Rubrene/Fullerene organic LED and MEH-PPV/ZnO LED but the mechanism remains unclear and is still under debate.
results	while	Interestingly the \({V}_{T}\) is significantly affected by the temperature; for example for the red QLEDs the \({V}_{T}\) is decreased to # V at an elevated temperature of # °C while it is increased and approached to the bandgap voltage of # V by cooling down the devices to −# °C.	1	1	10.1038/s41467-022-28037-w	Interestingly the \({V}_{T}\) is significantly affected by the temperature; for example for the red QLEDs the \({V}_{T}\) is decreased to 1.25 V at an elevated temperature of 160 °C while it is increased and approached to the bandgap voltage of 2.03 V by cooling down the devices to −100 °C.
results	but	These results indicate that: (#) the reduction of \({V}_{T}\) at elevated temperatures should not be attributed to the change of \({V}_{{ph}}\) but instead should be ascribed to the increase of the thermal energy; (#) the sub-bandgap turn-on and up-conversion EL are enabled by the thermal-assisted charge injection process.	1	1	10.1038/s41467-022-28037-w	These results indicate that: (1) the reduction of \({V}_{T}\) at elevated temperatures should not be attributed to the change of \({V}_{{ph}}\) but instead should be ascribed to the increase of the thermal energy; (2) the sub-bandgap turn-on and up-conversion EL are enabled by the thermal-assisted charge injection process.
results	although	At elevated temperatures although the charge injection is promoted (Supplementary Fig. #) and the brightness is enhanced the EQE is reduced (Fig. #f) due to the damage of QDs and the quenching of excitons.	1	1	10.1038/s41467-022-28037-w	At elevated temperatures although the charge injection is promoted (Supplementary Fig. 1) and the brightness is enhanced the EQE is reduced (Fig. 1f) due to the damage of QDs and the quenching of excitons.
results	however	At RT and \({V}_{{FB\_QD}}\) it is difficult to observe the EL; however at high temperature (HT) with sufficient thermal energy provided thermal-assisted hole injection could be triggered thereby enabling the turn-on of EL at \({V}_{{FB\_QD}}\).	1	1	10.1038/s41467-022-28037-w	At RT and \({V}_{{FB\_QD}}\) it is difficult to observe the EL; however at high temperature (HT) with sufficient thermal energy provided thermal-assisted hole injection could be triggered thereby enabling the turn-on of EL at \({V}_{{FB\_QD}}\).
discussion	while	Our results show that at RT and at an applied voltage of # V an electron with energy of # eV can be directly injected into QDs while with the assistance of thermal energy a hole can overcome a barrier of # eV and inject into QDs thereby resulting in a # eV up-converted photon.	1	1	10.1038/s41467-022-28037-w	Our results show that at RT and at an applied voltage of 1.6 V an electron with energy of 1.6 eV can be directly injected into QDs while with the assistance of thermal energy a hole can overcome a barrier of 0.4 eV and inject into QDs thereby resulting in a 2 eV up-converted photon.
abstract	however	However the electrical conducting properties remain detrimental predominantly due to the orientational disorder of quantum dots in the assembly.	1	1	10.1038/s41467-023-38216-y	However the electrical conducting properties remain detrimental predominantly due to the orientational disorder of quantum dots in the assembly.
introduction	while	It is beneficial for designing QD solids with high electronic performance while retaining their unique properties stemming from the quantum confinement effect.	1	1	10.1038/s41467-023-38216-y	It is beneficial for designing QD solids with high electronic performance while retaining their unique properties stemming from the quantum confinement effect.
introduction	yet	Dirac cones and topological states which have yet to be realised.	1	1	10.1038/s41467-023-38216-y	Dirac cones and topological states which have yet to be realised.
introduction	but	To create a “confined-but-connected” system the ordered nanocrystal assembly should be in large-area but with minimum energetic and spatial disorders which should result in high electron mobility operation.	1	1	10.1038/s41467-023-38216-y	To create a “confined-but-connected” system the ordered nanocrystal assembly should be in large-area but with minimum energetic and spatial disorders which should result in high electron mobility operation.
results	however	However the choice of subphase that induces partial ligand-removal and controls the solvent evaporation rate is crucial.	1	1	10.1038/s41467-023-38216-y	However the choice of subphase that induces partial ligand-removal and controls the solvent evaporation rate is crucial.
results	while	The azimuthal line cut-off suggests that the preferential orientation of {#} atomic lattice is at χ ~ #° while the {#} atomic lattice is at χ = #° (face-up) which satisfies the condition of the collective QDs arrangement illustrated in Fig. #i.	1	1	10.1038/s41467-023-38216-y	The azimuthal line cut-off suggests that the preferential orientation of {111} atomic lattice is at χ ~ 56° while the {200} atomic lattice is at χ = 0° (face-up) which satisfies the condition of the collective QDs arrangement illustrated in Fig. 1i.
results	but	Meanwhile for larger QDs the α was only increasing slightly but still showed a hexagonal structure.	1	1	10.1038/s41467-023-38216-y	Meanwhile for larger QDs the α was only increasing slightly but still showed a hexagonal structure.
results	although	Although larger QD would have a larger area of {#} facet the smaller α value reduces the effective epitaxial cross-section area.	1	1	10.1038/s41467-023-38216-y	Although larger QD would have a larger area of {100} facet the smaller α value reduces the effective epitaxial cross-section area.
discussion	however	However this hopping should get weaker as the diameter of the QDs increases due to the smaller wavefunction overlap.	1	1	10.1038/s41467-023-38216-y	However this hopping should get weaker as the diameter of the QDs increases due to the smaller wavefunction overlap.
discussion	despite	The steeper temperature dependence of the VRH-like behaviour in the EDT-bridged PbS QDs than the epitaxially-connected QD-SLs indicate that more significant disorder remains due to the non-coherence of the QD orientation despite the uniform inter-QD distance.	1	1	10.1038/s41467-023-38216-y	The steeper temperature dependence of the VRH-like behaviour in the EDT-bridged PbS QDs than the epitaxially-connected QD-SLs indicate that more significant disorder remains due to the non-coherence of the QD orientation despite the uniform inter-QD distance.
discussion	but	The observation of possible weak localisation and T-independent conductivity suggests that the electron transport in the epitaxially-connected QD-SLs is not predominantly governed by the hopping between the individual QD anymore but is determined by the band-like transport with remaining weak disorder.	1	1	10.1038/s41467-023-38216-y	The observation of possible weak localisation and T-independent conductivity suggests that the electron transport in the epitaxially-connected QD-SLs is not predominantly governed by the hopping between the individual QD anymore but is determined by the band-like transport with remaining weak disorder.
methods	while	The PTFE bath was then covered by slide glass immediately while the QD solution spread suppressing the hexane evaporation rate.	1	1	10.1038/s41467-023-38216-y	The PTFE bath was then covered by slide glass immediately while the QD solution spread suppressing the hexane evaporation rate.
abstract	while	While quantum transport theory has predicted distinct transport in the intermediate coupling regime resulting from the intricate interplay between coherent wave-like and incoherent particle-like mechanisms these predictions are awaiting experimental evidence.	1	1	10.1038/s41467-024-55812-8	While quantum transport theory has predicted distinct transport in the intermediate coupling regime resulting from the intricate interplay between coherent wave-like and incoherent particle-like mechanisms these predictions are awaiting experimental evidence.
introduction	while	While electronic transport has been studied in both the coherent and incoherent limits there are limited experimental studies addressing the intermediate regime where both coherent and incoherent effects are important.	1	1	10.1038/s41467-024-55812-8	While electronic transport has been studied in both the coherent and incoherent limits there are limited experimental studies addressing the intermediate regime where both coherent and incoherent effects are important.
introduction	however	However the experimental validation of these predictions remains elusive.	1	1	10.1038/s41467-024-55812-8	However the experimental validation of these predictions remains elusive.
results	while	While the NC core size is similar #-# nm (Supplementary Fig. #ad) the use of longer OA/OAm ligands results in a larger average center-to-center distance a of # nm ± # nm (Fig. #d).	1	1	10.1038/s41467-024-55812-8	While the NC core size is similar 8-9 nm (Supplementary Fig. 1ad) the use of longer OA/OAm ligands results in a larger average center-to-center distance a of 11.2 nm ± 1.1 nm (Fig. 1d).
results	although	Although the temporal resolution of PL microscopy is inferior (about # ps) it provides a superior sensitivity that is critical for imaging transport over a nanosecond window which is necessary for investigating ENAQT.	1	1	10.1038/s41467-024-55812-8	Although the temporal resolution of PL microscopy is inferior (about 70 ps) it provides a superior sensitivity that is critical for imaging transport over a nanosecond window which is necessary for investigating ENAQT.
results	despite	It is noteworthy that the time-dependent exciton spatial profiles depicted in Fig. #b markedly diverge from a Gaussian shape despite being subjected to a Gaussian excitation beam (fitting to Gaussian and the excitation beam shown in Supplementary Fig. #g).	1	1	10.1038/s41467-024-55812-8	It is noteworthy that the time-dependent exciton spatial profiles depicted in Fig. 2b markedly diverge from a Gaussian shape despite being subjected to a Gaussian excitation beam (fitting to Gaussian and the excitation beam shown in Supplementary Fig. 8g).
results	whereas	In the SLs with NCs separated by long-chain insulating ligands exciton transport exclusively relies on long-range dipolar exciton interactions whereas in the bulk crystal with extended lattices the exciton binding energy is smaller and band-like charge transport is more important.	1	1	10.1038/s41467-024-55812-8	In the SLs with NCs separated by long-chain insulating ligands exciton transport exclusively relies on long-range dipolar exciton interactions whereas in the bulk crystal with extended lattices the exciton binding energy is smaller and band-like charge transport is more important.
results	however	However the nanocrystals are separated by long insulating ligands such as OA and DAB which greatly hinder charge transport.	1	1	10.1038/s41467-024-55812-8	However the nanocrystals are separated by long insulating ligands such as OA and DAB which greatly hinder charge transport.
results	but	For defect scattering in a band such as for the bulk crystal at # K (Supplementary Fig. #) transport is always allowed but the mean free path of the carriers is reduced by the presence of defects.	1	1	10.1038/s41467-024-55812-8	For defect scattering in a band such as for the bulk crystal at 7 K (Supplementary Fig. 13) transport is always allowed but the mean free path of the carriers is reduced by the presence of defects.
discussion	however	However experimental evidence of quantum diffusion of excitons has remained elusive thus far.	1	1	10.1038/s41467-024-55812-8	However experimental evidence of quantum diffusion of excitons has remained elusive thus far.
discussion	while	While these reports attributed the turn over behavior to the exchange of populations between bright and dark exciton levels we propose that such an exchange is unlikely to be important in our case.	1	1	10.1038/s41467-024-55812-8	While these reports attributed the turn over behavior to the exchange of populations between bright and dark exciton levels we propose that such an exchange is unlikely to be important in our case.
methods	while	Lead (II) bromide (# + % extra pure) was obtained from ACROS Organics while anhydrous n-hexanes were purchased from Thomas Scientific.	1	1	10.1038/s41467-024-55812-8	Lead (II) bromide (98 + % extra pure) was obtained from ACROS Organics while anhydrous n-hexanes were purchased from Thomas Scientific.
methods	but	The calculation is outlined briefly below but readers are encouraged to visit the SI of Ref. for greater details.	1	1	10.1038/s41467-024-55812-8	The calculation is outlined briefly below but readers are encouraged to visit the SI of Ref. for greater details.
methods	however	However in our experiment the number of NC in each SL involved is typically on the order of #⁴, reasonably large that one can expect significant averaging over disorder and noise realizations occurs.	1	1	10.1038/s41467-024-55812-8	However in our experiment the number of NC in each SL involved is typically on the order of 10⁴, reasonably large that one can expect significant averaging over disorder and noise realizations occurs.
introduction	however	However fully exploiting the potential of artificial atoms requires learning how to synthesize quantum dot “molecules” with controlled stoichiometry programmed geometry and engineered electronic coupling between bound QDs.	1	1	10.1038/s41467-026-70555-4	However fully exploiting the potential of artificial atoms requires learning how to synthesize quantum dot “molecules” with controlled stoichiometry programmed geometry and engineered electronic coupling between bound QDs.
introduction	but	All such linkages can provide exquisite control over the directionality connectivity and symmetry of assembled quantum dot molecules but they inevitably impede inter-dot electronic communication.	1	1	10.1038/s41467-026-70555-4	All such linkages can provide exquisite control over the directionality connectivity and symmetry of assembled quantum dot molecules but they inevitably impede inter-dot electronic communication.
introduction	yet	Yet the reliable synthesis of such coupled dots remains considerably less straightforward than the assembly of assembled quantum dot molecules.	1	1	10.1038/s41467-026-70555-4	Yet the reliable synthesis of such coupled dots remains considerably less straightforward than the assembly of assembled quantum dot molecules.
introduction	while	While reliable this workflow is experimentally involved and was only extended to dimeric assembled quantum dot assembles.	1	1	10.1038/s41467-026-70555-4	While reliable this workflow is experimentally involved and was only extended to dimeric assembled quantum dot assembles.
results	whereas	Meanwhile OLAm acts as an amine-based anchor whereas oleic acid (OLA) predominantly appears as a monodentate carboxylate that links the long-chain alkyl tail to the QD surface with the carboxylate remaining more stable than the amine even in the monodentate form.	1	1	10.1038/s41467-026-70555-4	Meanwhile OLAm acts as an amine-based anchor whereas oleic acid (OLA) predominantly appears as a monodentate carboxylate that links the long-chain alkyl tail to the QD surface with the carboxylate remaining more stable than the amine even in the monodentate form.
results	while	Furthermore energy dispersive X-ray spectroscopy (EDS) element mapping confirmed the core-shell architecture of the colloidal ZnSe@ZnS assemblies (Fig. #il) which indicating a continuous distribution of zinc in both the core and shell locations while sulfur and selenium are distinctly located signifying the shell and core positions respectively.	1	1	10.1038/s41467-026-70555-4	Furthermore energy dispersive X-ray spectroscopy (EDS) element mapping confirmed the core-shell architecture of the colloidal ZnSe@ZnS assemblies (Fig. 2il) which indicating a continuous distribution of zinc in both the core and shell locations while sulfur and selenium are distinctly located signifying the shell and core positions respectively.
results	however	However their use in X-ray imaging or detection is limited due to issues such as stability susceptibility to deliquescence and strong reabsorption effects.	1	1	10.1038/s41467-026-70555-4	However their use in X-ray imaging or detection is limited due to issues such as stability susceptibility to deliquescence and strong reabsorption effects.
abstract	while	For the state-of-the-art quantum dot light-emitting diodes while the ZnO nanoparticle layers can provide effective electron injections into quantum dots layers the hole transporting materials usually cannot guarantee sufficient hole injection owing to the deep valence band of quantum dots.	1	1	10.1038/s41467-018-04986-z	For the state-of-the-art quantum dot light-emitting diodes while the ZnO nanoparticle layers can provide effective electron injections into quantum dots layers the hole transporting materials usually cannot guarantee sufficient hole injection owing to the deep valence band of quantum dots.
introduction	however	However the half lifetime (T₅₀) of QLEDs was only in the range of #,# h with an initial brightness of # cd m⁻², which is far below the requirement of display applications.	1	1	10.1038/s41467-018-04986-z	However the half lifetime (T₅₀) of QLEDs was only in the range of 100,000 h with an initial brightness of 100 cd m⁻², which is far below the requirement of display applications.
introduction	while	In the state-of-art organic/inorganic hybrid QLEDs while commonly used ZnO can provide effective electron injection the relatively large energy level offset between QDs and hole transport layer usually impedes hole injection leading to unbalanced electrons and holes and hence low device efficiency.	1	1	10.1038/s41467-018-04986-z	In the state-of-art organic/inorganic hybrid QLEDs while commonly used ZnO can provide effective electron injection the relatively large energy level offset between QDs and hole transport layer usually impedes hole injection leading to unbalanced electrons and holes and hence low device efficiency.
introduction	but	Moreover exceeding carriers accumulate at the barrier interface during the device operation not only acting as the non-radiative centers but also rising the driving voltage and limiting device lifetime.	1	1	10.1038/s41467-018-04986-z	Moreover exceeding carriers accumulate at the barrier interface during the device operation not only acting as the non-radiative centers but also rising the driving voltage and limiting device lifetime.
results	but	Conventional CdSe/Cd₁₋xZnxSe₁₋ySy/ZnS QDs (ZnS-QDs) that have the same core as ZnSe-QDs but with a wider bandgap ZnS outer shell were also prepared for comparison.	1	1	10.1038/s41467-018-04986-z	Conventional CdSe/Cd₁₋xZnxSe₁₋ySy/ZnS QDs (ZnS-QDs) that have the same core as ZnSe-QDs but with a wider bandgap ZnS outer shell were also prepared for comparison.
results	while	While the average size of ZnS-QDs are measured to be about # nm the optimized ZnSe-QDs show a larger size of about # nm.	1	1	10.1038/s41467-018-04986-z	While the average size of ZnS-QDs are measured to be about 8.4 nm the optimized ZnSe-QDs show a larger size of about 9.8 nm.
results	although	It is also found that although ZnSe has narrower energy bandgap assumptively less efficient confinement than ZnS the ZnSe-QDs can still achieve similarly high photoluminescence quantum yield (PLQY) of #% compared to that of ZnS-QDs (PLQY = #%) by precisely optimizing the gradient of the intermediate shell (Cd₁₋xZnxSe) and the thickness of the outer ZnSe layer for efficient wavefunction confinement(Supplementary Fig. #).	1	1	10.1038/s41467-018-04986-z	It is also found that although ZnSe has narrower energy bandgap assumptively less efficient confinement than ZnS the ZnSe-QDs can still achieve similarly high photoluminescence quantum yield (PLQY) of 84% compared to that of ZnS-QDs (PLQY = 87%) by precisely optimizing the gradient of the intermediate shell (Cd₁₋xZnxSe) and the thickness of the outer ZnSe layer for efficient wavefunction confinement(Supplementary Fig. 3).
results	whereas	As shown in Fig. #b the valence band offset at the TFB/ZnS-QD interface is calculated to be about # ± # eV whereas that at the TFB/ZnSe-QD interface is negligible which proves that this excellent alignment of the valance band and HOMO between ZnSe-QDs and TFB interface promises with a significantly reduced hole injection barrier in the corresponding QLEDs.	1	1	10.1038/s41467-018-04986-z	As shown in Fig. 1b the valence band offset at the TFB/ZnS-QD interface is calculated to be about 0.32 ± 0.05 eV whereas that at the TFB/ZnSe-QD interface is negligible which proves that this excellent alignment of the valance band and HOMO between ZnSe-QDs and TFB interface promises with a significantly reduced hole injection barrier in the corresponding QLEDs.
results	however	However the situation for the hole-only devices is far different.	1	1	10.1038/s41467-018-04986-z	However the situation for the hole-only devices is far different.
abstract	however	However massive defects are prone to be reproduced during the quantum dot (QD) film assembly which would sorely affect carrier injection transportation and recombination and finally degrade QLED performances.	1	1	10.1038/s41467-020-17633-3	However massive defects are prone to be reproduced during the quantum dot (QD) film assembly which would sorely affect carrier injection transportation and recombination and finally degrade QLED performances.
introduction	but	Interface molecular passivation has been widely used in perovskite-based device which could not only improve the effective radiation recombination but also enhance the stability.	1	1	10.1038/s41467-020-17633-3	Interface molecular passivation has been widely used in perovskite-based device which could not only improve the effective radiation recombination but also enhance the stability.
introduction	however	However most of work only focused on the top surface of the perovskite film few reports noticed the importance of double-sided passivation.	1	1	10.1038/s41467-020-17633-3	However most of work only focused on the top surface of the perovskite film few reports noticed the importance of double-sided passivation.
results	while	While the trap states in QD films after passivating by TSPO# was greatly weaken which indicated the TSPO# could effectively passivate defects eliminate the trap states and prevent the trapping of carriers.	1	1	10.1038/s41467-020-17633-3	While the trap states in QD films after passivating by TSPO1 was greatly weaken which indicated the TSPO1 could effectively passivate defects eliminate the trap states and prevent the trapping of carriers.
results	however	However phosphorus oxygen groups exhibited stronger interaction with Pb (bond order is #) compared to other groups which could suppress the regeneration of defects.	1	1	10.1038/s41467-020-17633-3	However phosphorus oxygen groups exhibited stronger interaction with Pb (bond order is 0.2) compared to other groups which could suppress the regeneration of defects.
results	nevertheless	Nevertheless the light emission of the film exhibited a sharp decline due to the formation of non-radiative recombination centers during the film-forming process.	1	1	10.1038/s41467-020-17633-3	Nevertheless the light emission of the film exhibited a sharp decline due to the formation of non-radiative recombination centers during the film-forming process.
results	although	From above results although single-side interface passivation can also improve the performance of QD film treatment on both sides is more effective.	1	1	10.1038/s41467-020-17633-3	From above results although single-side interface passivation can also improve the performance of QD film treatment on both sides is more effective.
abstract	but	Field-induced ionic motions in all-inorganic CsPbBr₃ perovskite quantum dots (QDs) strongly dictate not only their electro-optical characteristics but also the ultimate optoelectronic device performance.	1	1	10.1038/s41467-021-24762-w	Field-induced ionic motions in all-inorganic CsPbBr₃ perovskite quantum dots (QDs) strongly dictate not only their electro-optical characteristics but also the ultimate optoelectronic device performance.
abstract	while	We then realize for the first time a fast all-perovskite light-emitting memory (LEM) operating at # kHz by pairing such two identical devices in series in which one functions as an RRAM to electrically read the encoded data while the other simultaneously as an LEC for a parallel non-contact optical reading.	1	1	10.1038/s41467-021-24762-w	We then realize for the first time a fast all-perovskite light-emitting memory (LEM) operating at 5 kHz by pairing such two identical devices in series in which one functions as an RRAM to electrically read the encoded data while the other simultaneously as an LEC for a parallel non-contact optical reading.
introduction	however	However the previous LEMs proposed in the literature are usually produced by integrating two separate devices comprised of completely dissimilar material systems.	1	1	10.1038/s41467-021-24762-w	However the previous LEMs proposed in the literature are usually produced by integrating two separate devices comprised of completely dissimilar material systems.
introduction	but	All of these requirements not only pose a serious constraint on the material selection and compatibility but significantly add the complexity in the device fabrication.	1	1	10.1038/s41467-021-24762-w	All of these requirements not only pose a serious constraint on the material selection and compatibility but significantly add the complexity in the device fabrication.
results	although	Although the spatial distance between two devices is ~# mm they are connected electrically in series as the ITO has a low resistivity of ~ # × #⁻⁴ Ω·cm.	1	1	10.1038/s41467-021-24762-w	Although the spatial distance between two devices is ~1.0 mm they are connected electrically in series as the ITO has a low resistivity of ~ 4.8 × 10⁻⁴ Ω·cm.
results	but	First in order to form the latter either the perovskite precursor solution or the mixed powers of PbBr₂ and CsBr would need to be subject to a period of high temperature for facilitating the nucleation and crystallization of the bulk perovskites but the heating process would introduce undesirable thermal stress to the underlying ITO and reduce the electrical conductivity of ITO and degrade the overall LEM device performance (Supplementary Fig. #).	1	1	10.1038/s41467-021-24762-w	First in order to form the latter either the perovskite precursor solution or the mixed powers of PbBr₂ and CsBr would need to be subject to a period of high temperature for facilitating the nucleation and crystallization of the bulk perovskites but the heating process would introduce undesirable thermal stress to the underlying ITO and reduce the electrical conductivity of ITO and degrade the overall LEM device performance (Supplementary Fig. 1).
results	nevertheless	Nevertheless the well-resolved lattice fringes with an average interplanar space of # nm can be observed (Fig. #d) consistent with the distance between the (#) planes indexed in the XRD measurement.	1	1	10.1038/s41467-021-24762-w	Nevertheless the well-resolved lattice fringes with an average interplanar space of 0.59 nm can be observed (Fig. 1d) consistent with the distance between the (200) planes indexed in the XRD measurement.
results	while	Here shall be addressed that light emission can only be observed by applying the negative poling voltage on the LEC while no light is emitted if changing the voltage polarity to positive.	1	1	10.1038/s41467-021-24762-w	Here shall be addressed that light emission can only be observed by applying the negative poling voltage on the LEC while no light is emitted if changing the voltage polarity to positive.
results	whereas	After the electroforming process both the Ag filament and VBr conducting channel are well established in the right device whereas only the VBr conducting channel is induced on the left (Supplementary Fig. #b).	1	1	10.1038/s41467-021-24762-w	After the electroforming process both the Ag filament and VBr conducting channel are well established in the right device whereas only the VBr conducting channel is induced on the left (Supplementary Fig. 9b).
discussion	but	The highly-efficient optical transitions in the perovskite QD layer accompanied by the tunable emission colors not only allow for the realization of the LEM in the same material system through monolithic integration but also the enhanced functionalities of the LEM to broaden the scope of its applications.	1	1	10.1038/s41467-021-24762-w	The highly-efficient optical transitions in the perovskite QD layer accompanied by the tunable emission colors not only allow for the realization of the LEM in the same material system through monolithic integration but also the enhanced functionalities of the LEM to broaden the scope of its applications.
methods	while	The inert gas of argon at a flow rate of # and # sccm was introduced into the sputtering chamber while depositing Ag and ITO films respectively.	1	1	10.1038/s41467-021-24762-w	The inert gas of argon at a flow rate of 6.0 and 10.0 sccm was introduced into the sputtering chamber while depositing Ag and ITO films respectively.
abstract	however	However a generic organic ligand-free and antisolvent-free solution method to fabricate highly efficient full-color perovskite light-emitting diodes has not been realized.	1	1	10.1038/s41467-023-40150-y	However a generic organic ligand-free and antisolvent-free solution method to fabricate highly efficient full-color perovskite light-emitting diodes has not been realized.
introduction	despite	Despite the significant advancements achieved on green red and near infrared perovskite light-emitting diodes (PeLEDs) the best reported EQE of blue PeLEDs is merely #% which impedes their practical applications in wide-color-gamut displays and solid-state lighting.	1	1	10.1038/s41467-023-40150-y	Despite the significant advancements achieved on green red and near infrared perovskite light-emitting diodes (PeLEDs) the best reported EQE of blue PeLEDs is merely 18% which impedes their practical applications in wide-color-gamut displays and solid-state lighting.
introduction	however	However according to a theoretical study of CsPbX₃ nanocrystal system halide vacancies induced local point defects can easily accumulate at the crystal surface resulting in obvious reduction of their PLQY.	1	1	10.1038/s41467-023-40150-y	However according to a theoretical study of CsPbX₃ nanocrystal system halide vacancies induced local point defects can easily accumulate at the crystal surface resulting in obvious reduction of their PLQY.
introduction	nevertheless	Nevertheless the coexistence of variable n phases might contribute to high nonradiative recombination and broadened light emission without careful design of the distribution of different phases.	1	1	10.1038/s41467-023-40150-y	Nevertheless the coexistence of variable n phases might contribute to high nonradiative recombination and broadened light emission without careful design of the distribution of different phases.
results	although	Although few empty holes are observed it doesn’t have detrimental effect on the performance of PeLEDs due to the insulating nature of aluminum oxide.	1	1	10.1038/s41467-023-40150-y	Although few empty holes are observed it doesn’t have detrimental effect on the performance of PeLEDs due to the insulating nature of aluminum oxide.
results	while	The TAPC layer is used to passivate the top surface of PeQWs and transport the injected holes while the TBTB is doped to heal halide vacancy.	1	1	10.1038/s41467-023-40150-y	The TAPC layer is used to passivate the top surface of PeQWs and transport the injected holes while the TBTB is doped to heal halide vacancy.
results	however	However top-emission device structure is highly preferred for display applications since it is best suited to active-matrix design.	1	1	10.1038/s41467-023-40150-y	However top-emission device structure is highly preferred for display applications since it is best suited to active-matrix design.
abstract	despite	Despite the promising candidacy of perovskite nanocrystals for light-emitting diodes their pure red electroluminescence is hindered by low saturated luminance severe external quantum efficiency roll-off and inferior operational stability.	1	1	10.1038/s41467-024-50634-0	Despite the promising candidacy of perovskite nanocrystals for light-emitting diodes their pure red electroluminescence is hindered by low saturated luminance severe external quantum efficiency roll-off and inferior operational stability.
introduction	despite	Despite peak EQEs having exceeded #% critical challenges remain including low saturated luminance severe EQE roll-off and inferior operational stability impeding their further practical application.	1	1	10.1038/s41467-024-50634-0	Despite peak EQEs having exceeded 20% critical challenges remain including low saturated luminance severe EQE roll-off and inferior operational stability impeding their further practical application.
introduction	nevertheless	Nevertheless it remains an unprecedented challenge to achieve pure red PeLEDs with high efficiency and luminance suppressed efficiency roll-off and spectra stability.	1	1	10.1038/s41467-024-50634-0	Nevertheless it remains an unprecedented challenge to achieve pure red PeLEDs with high efficiency and luminance suppressed efficiency roll-off and spectra stability.
results	while	The DPPA-NCs show a slow single-exponent kinetic bleach decay with a lifetime of # ps while the pristine-NCs exhibit faster bleach decay (Supplementary Table #).	1	1	10.1038/s41467-024-50634-0	The DPPA-NCs show a slow single-exponent kinetic bleach decay with a lifetime of 542 ps while the pristine-NCs exhibit faster bleach decay (Supplementary Table 3).
results	whereas	More importantly this stability persists even at a high current density of # mA cm⁻² for a long time whereas the EL peak of the device based on pristine-NCs exhibits a noticeable redshift within # min under similar conditions (Fig. #i j).	1	1	10.1038/s41467-024-50634-0	More importantly this stability persists even at a high current density of 100 mA cm⁻² for a long time whereas the EL peak of the device based on pristine-NCs exhibits a noticeable redshift within 2 min under similar conditions (Fig. 3i j).
results	however	However discernible distinctions arise at higher current densities.	1	1	10.1038/s41467-024-50634-0	However discernible distinctions arise at higher current densities.
results	although	Although devices optimized with the DPPA-NCs emitting layer on glass substrates demonstrate a commendable EQE roll-off the efficiency droop further improves when transferring the devices on sapphire substrates.	1	1	10.1038/s41467-024-50634-0	Although devices optimized with the DPPA-NCs emitting layer on glass substrates demonstrate a commendable EQE roll-off the efficiency droop further improves when transferring the devices on sapphire substrates.
methods	but	The synthesis of the pristine nanocrystals (NCs) followed the same procedure as that of the DPPA-NCs but without the inclusion of DPPA.	1	1	10.1038/s41467-024-50634-0	The synthesis of the pristine nanocrystals (NCs) followed the same procedure as that of the DPPA-NCs but without the inclusion of DPPA.
abstract	however	However due to the discordant tolerance factor caused by the smaller size of potassium and rubidium ions it is still debatable whether they can be incorporated in the cesium perovskite crystal lattice.	1	1	10.1038/s41467-025-61085-6	However due to the discordant tolerance factor caused by the smaller size of potassium and rubidium ions it is still debatable whether they can be incorporated in the cesium perovskite crystal lattice.
introduction	nevertheless	Nevertheless only cesium cation possesses a tolerance factor value situated within the range of #–#¹ among these alkali metals ensuring the formation of a stable cubic perovskite structure.	1	1	10.1038/s41467-025-61085-6	Nevertheless only cesium cation possesses a tolerance factor value situated within the range of 0.8–1.0¹ among these alkali metals ensuring the formation of a stable cubic perovskite structure.
introduction	however	However controversy remains regarding whether Rb⁺ and K⁺ cations can enter the lattice.	1	1	10.1038/s41467-025-61085-6	However controversy remains regarding whether Rb⁺ and K⁺ cations can enter the lattice.
results	while	The fast Fourier transform (FFT) diffractogram in the inset of Fig. #b confirms the presence of the plane in pristine CsPbBr₃ QWs while the average interplane spacing between two neighboring (#) planes is measured to be # Å.	1	1	10.1038/s41467-025-61085-6	The fast Fourier transform (FFT) diffractogram in the inset of Fig. 1b confirms the presence of the plane in pristine CsPbBr₃ QWs while the average interplane spacing between two neighboring (100) planes is measured to be 6.06 Å.
results	whereas	In stark contrast the elemental profiles of the Rb (Supplementary Fig. #i) and K (Supplementary Fig. #j) elements are evident in the profiles of the Rb⁺,K⁺:CsPbBr₃ PeQWs arrays whereas these profiles were not detected in the pristine CsPbBr₃ PeQWs arrays (Supplementary Fig. #c d).	1	1	10.1038/s41467-025-61085-6	In stark contrast the elemental profiles of the Rb (Supplementary Fig. 3i) and K (Supplementary Fig. 3j) elements are evident in the profiles of the Rb⁺,K⁺:CsPbBr₃ PeQWs arrays whereas these profiles were not detected in the pristine CsPbBr₃ PeQWs arrays (Supplementary Fig. 3c d).
results	however	However in our case the XRD peak corresponding to these compounds is not identifiable in the XRD patterns depicted in Fig. #f which means these compounds don’t exist in the Rb⁺,K⁺:CsPbBr₃ PeQWs arrays.	1	1	10.1038/s41467-025-61085-6	However in our case the XRD peak corresponding to these compounds is not identifiable in the XRD patterns depicted in Fig. 1f which means these compounds don’t exist in the Rb⁺,K⁺:CsPbBr₃ PeQWs arrays.
results	although	Although some researchers also claim that interstitial occupancy of Rb⁺ and K⁺ cations is dominant there is no sign of Rb⁺ or K⁺ cations positioning at the interstitial site in the crystal lattice (Fig. #i j).	1	1	10.1038/s41467-025-61085-6	Although some researchers also claim that interstitial occupancy of Rb⁺ and K⁺ cations is dominant there is no sign of Rb⁺ or K⁺ cations positioning at the interstitial site in the crystal lattice (Fig. 1i j).
results	yet	And yet these atoms are precisely in their designated positions devoid of occupying the interstitial site.	1	1	10.1038/s41467-025-61085-6	And yet these atoms are precisely in their designated positions devoid of occupying the interstitial site.
results	but	Intriguingly we have not only achieved green emission but also extended our approach to include blue emission simply through the process of chloride doping.	1	1	10.1038/s41467-025-61085-6	Intriguingly we have not only achieved green emission but also extended our approach to include blue emission simply through the process of chloride doping.
abstract	however	However the hindered charge injection and massive charge trapping due to the insulating and defective surface of quantum dots (QDs) usually lead to a slow rise in electroluminescence (EL) response which makes it challenging to realize ultra-high refresh rate displays with nanosecond response.	1	1	10.1038/s41377-025-01959-y	However the hindered charge injection and massive charge trapping due to the insulating and defective surface of quantum dots (QDs) usually lead to a slow rise in electroluminescence (EL) response which makes it challenging to realize ultra-high refresh rate displays with nanosecond response.
introduction	however	However the efficiency of high-resolution light-emitting devices based on perovskite quantum dots is still insufficient for practical applications.	1	1	10.1038/s41377-025-01959-y	However the efficiency of high-resolution light-emitting devices based on perovskite quantum dots is still insufficient for practical applications.
introduction	although	Although nanosecond transient EL response has been reported in film based PeLEDs under high current density and short pulses.	1	1	10.1038/s41377-025-01959-y	Although nanosecond transient EL response has been reported in film based PeLEDs under high current density and short pulses.
results	while	The results show that the original emission peak of QDs is located at # nm while with the increase of [BMIM]OTF the PL peak red-shifts to # nm (Fig.	1	1	10.1038/s41377-025-01959-y	The results show that the original emission peak of QDs is located at 517 nm while with the increase of [BMIM]OTF the PL peak red-shifts to 520 nm (Fig.
results	however	However when an excess concentration of [BMIM]OTF is added the current density of the device increases significantly accompanied by a significant decrease in the device efficiency.	1	1	10.1038/s41377-025-01959-y	However when an excess concentration of [BMIM]OTF is added the current density of the device increases significantly accompanied by a significant decrease in the device efficiency.
abstract	despite	Despite remarkable progress in the development of halide perovskite materials and devices, their integration into nanoscale optoelectronics has been hindered by a lack of control over nanoscale patterning.	1	1	10.1038/s41467-023-39488-0	Despite remarkable progress in the development of halide perovskite materials and devices, their integration into nanoscale optoelectronics has been hindered by a lack of control over nanoscale patterning.
introduction	however	However, prone to degradation, these materials are not compatible with typical top-down fabrication processes.	1	1	10.1038/s41467-023-39488-0	However, prone to degradation, these materials are not compatible with typical top-down fabrication processes.
introduction	while	While the latter, which employs a scanning probe method, has demonstrated controlled growth at the nanoscale, other past developments have more commonly been limited to micron-sized patterning.	1	1	10.1038/s41467-023-39488-0	While the latter, which employs a scanning probe method, has demonstrated controlled growth at the nanoscale, other past developments have more commonly been limited to micron-sized patterning.
results	however	Within the wells, however, the nanocrystals are stochastically located at the four corners.	1	1	10.1038/s41467-023-39488-0	Within the wells, however, the nanocrystals are stochastically located at the four corners.
results	while	For this, the well dimensions are selected to yield a constant area corresponding to that of a # nm × # nm square, while maintaining a constant height of # nm for all samples.	1	1	10.1038/s41467-023-39488-0	For this, the well dimensions are selected to yield a constant area corresponding to that of a 150 nm × 150 nm square, while maintaining a constant height of 22 nm for all samples.
results	despite	Consistent with prior reports, Fig. #d shows that the peak photoluminescence emission blue-shifts to higher energies as the nanocrystal size decreases, despite crystal dimensions exceeding dimensions needed for quantum confinement.	1	1	10.1038/s41467-023-39488-0	Consistent with prior reports, Fig. 3d shows that the peak photoluminescence emission blue-shifts to higher energies as the nanocrystal size decreases, despite crystal dimensions exceeding dimensions needed for quantum confinement.
results	yet	Even though larger area halide perovskite LEDs have been investigated to leverage the color purity, spectral tunability, and solution processibility of perovskites, nanoscopic miniaturization of perovskite LEDs has yet to be realized due to the challenge in patterning the emissive layer with high-resolution and deterministic spatial order.	1	1	10.1038/s41467-023-39488-0	Even though larger area halide perovskite LEDs have been investigated to leverage the color purity, spectral tunability, and solution processibility of perovskites, nanoscopic miniaturization of perovskite LEDs has yet to be realized due to the challenge in patterning the emissive layer with high-resolution and deterministic spatial order.
discussion	however	However, the prospects may be extended to a diverse set of device platforms utilizing perovskites' superior optoelectronic properties such as on-chip lasers, memristors, and quantum light sources.	1	1	10.1038/s41467-023-39488-0	However, the prospects may be extended to a diverse set of device platforms utilizing perovskites' superior optoelectronic properties such as on-chip lasers, memristors, and quantum light sources.
abstract	however	However, the rapid nature of their synthesis precludes a detailed understanding of the synthetic pathways, thereby limiting the optimisation.	1	1	10.1038/s41467-024-53221-5	However, the rapid nature of their synthesis precludes a detailed understanding of the synthetic pathways, thereby limiting the optimisation.
introduction	however	However, LHP nanocrystal syntheses are typically finalised within seconds, severely impeding real-time analysis and, thus, a tailored anisotropic nanocrystal fabrication.	1	1	10.1038/s41467-024-53221-5	However, LHP nanocrystal syntheses are typically finalised within seconds, severely impeding real-time analysis and, thus, a tailored anisotropic nanocrystal fabrication.
introduction	yet	This allowed for a detailed analysis of the growth mechanism, yet it often changed the final shape of the resulting nanocrystals.	1	1	10.1038/s41467-024-53221-5	This allowed for a detailed analysis of the growth mechanism, yet it often changed the final shape of the resulting nanocrystals.
results	while	The formation of anisotropic nanocrystals is promoted by a stoichiometric deficiency of Cs+ ions, while the nanocrystal thickness depends on the ratio of Cs-oleate to PbBr# precursor.	1	1	10.1038/s41467-024-53221-5	The formation of anisotropic nanocrystals is promoted by a stoichiometric deficiency of Cs+ ions, while the nanocrystal thickness depends on the ratio of Cs-oleate to PbBr2 precursor.
results	however	The question remains, however, how to achieve control of anisotropy and ML thickness based on rational principles.	1	1	10.1038/s41467-024-53221-5	The question remains, however, how to achieve control of anisotropy and ML thickness based on rational principles.
results	but	By varying the precursor concentration as well as the antisolvent volume, we find that an increased relative concentration of intermediate nanoclusters leads to assembly in the mesophase, similar to observations for CdS magic-sized clusters, but not to nanorod growth, as the destabilizing effect of the antisolvent is then insufficient.	1	1	10.1038/s41467-024-53221-5	By varying the precursor concentration as well as the antisolvent volume, we find that an increased relative concentration of intermediate nanoclusters leads to assembly in the mesophase, similar to observations for CdS magic-sized clusters, but not to nanorod growth, as the destabilizing effect of the antisolvent is then insufficient.
methods	while	First, the Cs-oleate precursor was prepared by dissolving Cs#CO# (# mmol, # mg) in oleic acid (# mL) while stirring at # °C for up to three hours until a clear solution was obtained.	1	1	10.1038/s41467-024-53221-5	First, the Cs-oleate precursor was prepared by dissolving Cs2CO3 (0.1 mmol, 32.6 mg) in oleic acid (10 mL) while stirring at 85 °C for up to three hours until a clear solution was obtained.
introduction	despite	Despite the rapid development of the versatile application for perovskite colloidal QDs, the synthesis of perovskite QD colloids has always been a focus of attention for numerous researchers.	1	1	10.1038/s41467-024-45945-1	Despite the rapid development of the versatile application for perovskite colloidal QDs, the synthesis of perovskite QD colloids has always been a focus of attention for numerous researchers.
introduction	however	However, this approach is not suitable for low-cost large-scale production and severely limits its further commercial applications.	1	1	10.1038/s41467-024-45945-1	However, this approach is not suitable for low-cost large-scale production and severely limits its further commercial applications.
results	however	However, the colloidal stability of this hybrid perovskite QDs is relatively poor due to the presence of A-site organic component.	1	1	10.1038/s41467-024-45945-1	However, the colloidal stability of this hybrid perovskite QDs is relatively poor due to the presence of A-site organic component.
results	but	But even if the reaction time was prolonged from # to # min, the main emission peak position remains almost unchanged.	1	1	10.1038/s41467-024-45945-1	But even if the reaction time was prolonged from 3 to 6 min, the main emission peak position remains almost unchanged.
results	nevertheless	Nevertheless, the promotion effect of increasing synthesis temperature and prolonging reaction time on the growth of pure-iodine Sn-Pb perovskite QDs is still limited, resulting from the limited amount of Cs precursor and the inhibition of continued growth process.	1	1	10.1038/s41467-024-45945-1	Nevertheless, the promotion effect of increasing synthesis temperature and prolonging reaction time on the growth of pure-iodine Sn-Pb perovskite QDs is still limited, resulting from the limited amount of Cs precursor and the inhibition of continued growth process.
results	whereas	For UV-vis absorption measurements, the pronounced excitonic peak appears when the amount of the Cs precursor is low, whereas the sharp excitonic peak is almost invisible as the Cs/Pb ratio increases.	1	1	10.1038/s41467-024-45945-1	For UV-vis absorption measurements, the pronounced excitonic peak appears when the amount of the Cs precursor is low, whereas the sharp excitonic peak is almost invisible as the Cs/Pb ratio increases.
results	while	Moreover, a comparison study on the thermal stability of the samples shows that the diluted CsSn#Pb#I# QDs retain #% of the initial PL intensity as the temperature increases from # to # °C, while only #% of the initial intensity is maintained for the pristine CsPbI# QDs.	1	1	10.1038/s41467-024-45945-1	Moreover, a comparison study on the thermal stability of the samples shows that the diluted CsSn0.09Pb0.91I3 QDs retain 37% of the initial PL intensity as the temperature increases from 20 to 100 °C, while only 13% of the initial intensity is maintained for the pristine CsPbI3 QDs.
discussion	while	The feed ratio of Cs/Pb precursors plays a crucial role in size confinement and PL emission wavelength of the resultant QDs, while the alloying of stannous ions has negligible effect on them.	1	1	10.1038/s41467-024-45945-1	The feed ratio of Cs/Pb precursors plays a crucial role in size confinement and PL emission wavelength of the resultant QDs, while the alloying of stannous ions has negligible effect on them.
discussion	however	However, the CsSn#Pb#I# QDs exhibited the enhanced PL intensity, prolonged fluorescence lifetime and improved colloidal stability as compared with the pristine CsPbI# QDs.	1	1	10.1038/s41467-024-45945-1	However, the CsSn0.09Pb0.91I3 QDs exhibited the enhanced PL intensity, prolonged fluorescence lifetime and improved colloidal stability as compared with the pristine CsPbI3 QDs.
methods	while	After a while, cesium acetate powder was dissolved completely.	1	1	10.1038/s41467-024-45945-1	After a while, cesium acetate powder was dissolved completely.
abstract	yet	Metal halide perovskite (MHP) nanocrystals (NCs) offer extraordinary tunability in their optical properties, yet fully exploiting this potential is challenged by a vast and complex synthesis parameter space.	1	1	10.1038/s41467-025-63209-4	Metal halide perovskite (MHP) nanocrystals (NCs) offer extraordinary tunability in their optical properties, yet fully exploiting this potential is challenged by a vast and complex synthesis parameter space.
introduction	but	The surface ligation of MHP NCs relies on an acid-base equilibrium reaction, which is commonly utilized to not only stabilize the resulting NCs in an organic solvent and control their growth, but also to tune their optical properties.	1	1	10.1038/s41467-025-63209-4	The surface ligation of MHP NCs relies on an acid-base equilibrium reaction, which is commonly utilized to not only stabilize the resulting NCs in an organic solvent and control their growth, but also to tune their optical properties.
introduction	however	However, acquiring a comprehensive understanding of a complex and high-dimensional reaction system (e.g., MHP NCs) still necessitates the generation of substantial volumes of experimental data with combinatorial screening or DOE-based approaches.	1	1	10.1038/s41467-025-63209-4	However, acquiring a comprehensive understanding of a complex and high-dimensional reaction system (e.g., MHP NCs) still necessitates the generation of substantial volumes of experimental data with combinatorial screening or DOE-based approaches.
introduction	although	Although flow reactors have been successful in accelerated MHP NC synthesis optimization—reaping the benefits of continuous control of reaction conditions, enhanced heat and mass transfer, and reduced chemical consumption and waste production—they suffer from inherent complexity in dealing with discrete parameters.	1	1	10.1038/s41467-025-63209-4	Although flow reactors have been successful in accelerated MHP NC synthesis optimization—reaping the benefits of continuous control of reaction conditions, enhanced heat and mass transfer, and reduced chemical consumption and waste production—they suffer from inherent complexity in dealing with discrete parameters.
results	but	In order to decouple the lead precursor addition (i.e., isolate the lead acetate as the only source of lead precursor) during the NC synthesis, zinc salts (zinc chloride, ZnCl#, and zinc iodide, ZnI#) are utilized as the halide source for the one-pot, two-step bandgap engineering of MHP NCs, and #-dodecanethiol (DSH) is used to not only solubilize the zinc salts, but facilitate the surface defects passivation for an enhanced PL and environmental stability of MHP NCs.	1	1	10.1038/s41467-025-63209-4	In order to decouple the lead precursor addition (i.e., isolate the lead acetate as the only source of lead precursor) during the NC synthesis, zinc salts (zinc chloride, ZnCl2, and zinc iodide, ZnI2) are utilized as the halide source for the one-pot, two-step bandgap engineering of MHP NCs, and 1-dodecanethiol (DSH) is used to not only solubilize the zinc salts, but facilitate the surface defects passivation for an enhanced PL and environmental stability of MHP NCs.
results	while	This advance enables direct mapping of the PLQY–emission linewidth Pareto fronts for MHP NCs while retaining strict sample and cost efficiency through parallelized microreactors.	1	1	10.1038/s41467-025-63209-4	This advance enables direct mapping of the PLQY–emission linewidth Pareto fronts for MHP NCs while retaining strict sample and cost efficiency through parallelized microreactors.
results	however	However, the surrogate model trained with only emissive NC synthesis data can converge to a non-emissive region of the parameter space.	1	1	10.1038/s41467-025-63209-4	However, the surrogate model trained with only emissive NC synthesis data can converge to a non-emissive region of the parameter space.
results	nevertheless	Nevertheless, a Pb:Cs ratio of ~#:# consistently maximized P_PLQY for both C# and C# across varying DDAB levels, which is attributed to decreased vacancy defects inside of NCs due to the moderate excess amount of lead.	1	1	10.1038/s41467-025-63209-4	Nevertheless, a Pb:Cs ratio of ~2.5:1 consistently maximized P_PLQY for both C4 and C18 across varying DDAB levels, which is attributed to decreased vacancy defects inside of NCs due to the moderate excess amount of lead.
results	whereas	Second, mapping PLQY across six carboxylic acids of increasing chain length reveals an HSAB crossover: short-chain butyric acid (harder donor) maximizes optical quality for Cl-rich NCs, whereas softer, long-chain oleic acid is optimal for I-rich compositions.	1	1	10.1038/s41467-025-63209-4	Second, mapping PLQY across six carboxylic acids of increasing chain length reveals an HSAB crossover: short-chain butyric acid (harder donor) maximizes optical quality for Cl-rich NCs, whereas softer, long-chain oleic acid is optimal for I-rich compositions.
introduction	however	However, the organic components in organic-inorganic hybridized perovskite (OIHP) QDs are highly sensitive to humidity and heat, resulting in poor stability and limiting practical applications.	1	1	10.1038/s43246-026-01177-y	However, the organic components in organic-inorganic hybridized perovskite (OIHP) QDs are highly sensitive to humidity and heat, resulting in poor stability and limiting practical applications.
introduction	while	Charge-transport capabilities can enhanced by ionic liquid ligands, significantly improving carrier mobility while maintaining over #% PLQY retention at #% relative humidity.	1	1	10.1038/s43246-026-01177-y	Charge-transport capabilities can enhanced by ionic liquid ligands, significantly improving carrier mobility while maintaining over 85% PLQY retention at 85% relative humidity.
results	while	As shown in Fig. #k, the Pb–Br bond exhibits significant covalence (charge is shared between Pb and Br), while the Cs+ and [PbBr#]− frameworks are predominantly ionic, which directly influences the carrier transport pathways.	1	1	10.1038/s43246-026-01177-y	As shown in Fig. 1k, the Pb–Br bond exhibits significant covalence (charge is shared between Pb and Br), while the Cs+ and [PbBr3]− frameworks are predominantly ionic, which directly influences the carrier transport pathways.
results	whereas	As the amount of added water increased, the intensity of the original material decreased sharply, whereas the improved material maintained relatively stable intensity, indicating that the improved CsPbBr# greatly enhances the luminescence ability of the material in the aqueous environment.	1	1	10.1038/s43246-026-01177-y	As the amount of added water increased, the intensity of the original material decreased sharply, whereas the improved material maintained relatively stable intensity, indicating that the improved CsPbBr3 greatly enhances the luminescence ability of the material in the aqueous environment.
results	although	Although luminescence intensity continued to decrease with increasing water content, its minimum value remained higher than levels observed on days # and #, indicating incomplete quenching.	1	1	10.1038/s43246-026-01177-y	Although luminescence intensity continued to decrease with increasing water content, its minimum value remained higher than levels observed on days 1 and 7, indicating incomplete quenching.
results	but	In terms of temperature stability, luminescence intensity remained largely unchanged below # °C but decreased sharply to complete extinction at # °C.	1	1	10.1038/s43246-026-01177-y	In terms of temperature stability, luminescence intensity remained largely unchanged below 140 °C but decreased sharply to complete extinction at 180 °C.
results	however	However, it exhibits excellent stability (≈# years) under dry, controlled laboratory conditions and shows the potential for long-term durability (≈# years) in a refrigerated environment.	1	1	10.1038/s43246-026-01177-y	However, it exhibits excellent stability (≈2.5 years) under dry, controlled laboratory conditions and shows the potential for long-term durability (≈24.5 years) in a refrigerated environment.
abstract	however	However there are remaining challenges in terms of polychromatic configuration electroluminescence efficiency and/or multidirectional deformability.	1	1	qc_2015_wearable-rgb-qled-array	However there are remaining challenges in terms of polychromatic configuration electroluminescence efficiency and/or multidirectional deformability.
introduction	however	However the deformable high-resolution full-colour light-emitting diode (LED) array which is used as input/output terminals in wearable electronic systems is a daunting goal.	1	1	qc_2015_wearable-rgb-qled-array	However the deformable high-resolution full-colour light-emitting diode (LED) array which is used as input/output terminals in wearable electronic systems is a daunting goal.
introduction	although	Although previous reports showed great breakthroughs such as flexible and/or stretchable inorganic LEDs polymer LEDs and organic LEDs practical challenges (for example full-colour display luminous efficiency and ultra-thin thickness) still remain.	1	1	qc_2015_wearable-rgb-qled-array	Although previous reports showed great breakthroughs such as flexible and/or stretchable inorganic LEDs polymer LEDs and organic LEDs practical challenges (for example full-colour display luminous efficiency and ultra-thin thickness) still remain.
introduction	but	Dry transfer printing provides an effective route to fabricate pixelated RGB QD films over a large area but the previous printing methods using structured stamps have severe discrepancies between the original designs and the resulting pixel shapes particularly in high-definition designs.	1	1	qc_2015_wearable-rgb-qled-array	Dry transfer printing provides an effective route to fabricate pixelated RGB QD films over a large area but the previous printing methods using structured stamps have severe discrepancies between the original designs and the resulting pixel shapes particularly in high-definition designs.
results	however	However the intaglio stamping method does not exhibit these defects (Supplementary Fig. #bc).	1	1	qc_2015_wearable-rgb-qled-array	However the intaglio stamping method does not exhibit these defects (Supplementary Fig. 7bc).
results	while	In MWQLEDs the carrier lifetime of blue and green QDs significantly decreases while that of red QDs increases which implies the energy transfer between QDs.	1	1	qc_2015_wearable-rgb-qled-array	In MWQLEDs the carrier lifetime of blue and green QDs significantly decreases while that of red QDs increases which implies the energy transfer between QDs.
abstract	however	However previously reported quantum dot patterning technologies have limitations in demonstrating full-colour pixel arrays with sub-micron feature size high fidelity and high post-patterning device performance.	1	1	10.1038/s41467-020-16865-7	However previously reported quantum dot patterning technologies have limitations in demonstrating full-colour pixel arrays with sub-micron feature size high fidelity and high post-patterning device performance.
introduction	although	Extensive research has been conducted to realise practical electroluminescent active matrix QD light-emitting diodes (ELQLEDs); although the device efficiency of individual red-green-blue (RGB) ELQLEDs have been sharply increasing for the past decades patterning RGB full-colour QD arrays still remains as a critical bottleneck.	1	1	10.1038/s41467-020-16865-7	Extensive research has been conducted to realise practical electroluminescent active matrix QD light-emitting diodes (ELQLEDs); although the device efficiency of individual red-green-blue (RGB) ELQLEDs have been sharply increasing for the past decades patterning RGB full-colour QD arrays still remains as a critical bottleneck.
introduction	however	However previous QD patterning technologies have limitations in achieving uniform full-colour pixel arrays with such ultrahigh resolutions and high fidelity levels.	1	1	10.1038/s41467-020-16865-7	However previous QD patterning technologies have limitations in achieving uniform full-colour pixel arrays with such ultrahigh resolutions and high fidelity levels.
introduction	while	Utilisation of the technique provides unprecedentedly high resolutions and near #% printing yields while also preserving the optical quality of the QDs which is supported by outstanding current efficiency and the external quantum efficiency (EQE) of ELQLEDs fabricated using iTP.	1	1	10.1038/s41467-020-16865-7	Utilisation of the technique provides unprecedentedly high resolutions and near 100% printing yields while also preserving the optical quality of the QDs which is supported by outstanding current efficiency and the external quantum efficiency (EQE) of ELQLEDs fabricated using iTP.
results	however	However the usage of a PDMS mold typically limits replication resolution and printing fidelity.	1	1	10.1038/s41467-020-16865-7	However the usage of a PDMS mold typically limits replication resolution and printing fidelity.
results	while	Such exertion of pressure as in the case of conventional contact printing is absent or minimal in the steps of iTP which enables ~#% structural and topological fidelity while achieving a small pattern edge roughness of <# nm as supported by the topographic AFM images and profile characterization results in Fig. #eh.	1	1	10.1038/s41467-020-16865-7	Such exertion of pressure as in the case of conventional contact printing is absent or minimal in the steps of iTP which enables ~100% structural and topological fidelity while achieving a small pattern edge roughness of <10 nm as supported by the topographic AFM images and profile characterization results in Fig. 1eh.
results	although	Although we selected # nm QD film thickness appropriate for the ELQLED application the applicability of the technique for higher film thickness is also demonstrated using deeper trench (# nm) to pattern # nm thick QD films as shown in Supplementary Fig. #	1	1	10.1038/s41467-020-16865-7	Although we selected 40 nm QD film thickness appropriate for the ELQLED application the applicability of the technique for higher film thickness is also demonstrated using deeper trench (250 nm) to pattern 150 nm thick QD films as shown in Supplementary Fig. 4.
results	but	Figure #c shows the window of optimised toluene composition of #–# (shadowed in blue) at which domain coverage of QD films on the trench area is preserved at #% but the coverage on the mesa area drops to almost #% due to complete dewetting.	1	1	10.1038/s41467-020-16865-7	Figure 2c shows the window of optimised toluene composition of 13.5–16.5 (shadowed in blue) at which domain coverage of QD films on the trench area is preserved at 100% but the coverage on the mesa area drops to almost 0% due to complete dewetting.
results	whereas	The transfer yield of conventional contact-printing significantly diminished during # repeating cycles whereas the yield of iTP is still preserved for the same repeating cycles (Supplementary Fig. #e).	1	1	10.1038/s41467-020-16865-7	The transfer yield of conventional contact-printing significantly diminished during 100 repeating cycles whereas the yield of iTP is still preserved for the same repeating cycles (Supplementary Fig. 9e).
discussion	but	We believe this new QD patterning technology establishes an effective and practical patterning tool for high-performance but laborious to handle colloidal QD inks while hardly compensating the degradation in device performance.	1	1	10.1038/s41467-020-16865-7	We believe this new QD patterning technology establishes an effective and practical patterning tool for high-performance but laborious to handle colloidal QD inks while hardly compensating the degradation in device performance.
abstract	however	However their intrinsic light outcoupling efficiency remains considerably lower than the organic counterpart because it is not yet possible to control the transition-dipole-moment (TDM) orientation in QD solids at device level.	1	1	10.1038/s41467-022-29812-5	However their intrinsic light outcoupling efficiency remains considerably lower than the organic counterpart because it is not yet possible to control the transition-dipole-moment (TDM) orientation in QD solids at device level.
introduction	nevertheless	Nevertheless as the internal quantum efficiency has approached unity new strategies that boost the intrinsic light outcoupling efficiency ηout become increasingly attractive to bring the device performance to the next level.	1	1	10.1038/s41467-022-29812-5	Nevertheless as the internal quantum efficiency has approached unity new strategies that boost the intrinsic light outcoupling efficiency ηout become increasingly attractive to bring the device performance to the next level.
introduction	however	The CdSe NPLs however suffer from relatively low PL quantum yield ηPL and more critically lose the preferential TDM orientation in their stacks.	1	1	10.1038/s41467-022-29812-5	The CdSe NPLs however suffer from relatively low PL quantum yield ηPL and more critically lose the preferential TDM orientation in their stacks.
results	but	Specifically the ANC has its in-plane (IP x or y direction) local field factor increasing with AR but the other way around for the out-of-plane (OP z direction) component.	1	1	10.1038/s41467-022-29812-5	Specifically the ANC has its in-plane (IP x or y direction) local field factor increasing with AR but the other way around for the out-of-plane (OP z direction) component.
results	nevertheless	Nevertheless we were not able to reach high electroluminescent (EL) efficiencies with the OLA-based ANCs hypothetically due to the long hydrophobic tail.	1	1	10.1038/s41467-022-29812-5	Nevertheless we were not able to reach high electroluminescent (EL) efficiencies with the OLA-based ANCs hypothetically due to the long hydrophobic tail.
results	while	Indeed as revealed in Fig. #c near the critical angle for the glass-air interface \(\phi \sim {#}^{\circ }\) the emission from a horizontal dipole nearly vanishes while a vertical dipole strongly couples into the substrate so the emission gets intensified.	1	1	10.1038/s41467-022-29812-5	Indeed as revealed in Fig. 1c near the critical angle for the glass-air interface \(\phi \sim {41}^{\circ }\) the emission from a horizontal dipole nearly vanishes while a vertical dipole strongly couples into the substrate so the emission gets intensified.
results	although	In the X-F#-TAPC devices although the low-hole-mobility nature slightly impedes hole transport the peak ηext is impressively improved up to #% (Supplementary Fig. #) which to our knowledge represents the highest ηext ever reported in solution-processed QD LEDs based on all semiconductor materials.	1	1	10.1038/s41467-022-29812-5	In the X-F6-TAPC devices although the low-hole-mobility nature slightly impedes hole transport the peak ηext is impressively improved up to 24.96% (Supplementary Fig. 39) which to our knowledge represents the highest ηext ever reported in solution-processed QD LEDs based on all semiconductor materials.
methods	while	Before mixing in the RB flask the FABr and MABr (# M) precursors were distinctly dissolved in ethanol while PbBr₂ (# M) was dissolved in polar NN-dimethylformamide (DMF) solvent.	1	1	10.1038/s41467-022-29812-5	Before mixing in the RB flask the FABr and MABr (0.6 M) precursors were distinctly dissolved in ethanol while PbBr₂ (0.6 M) was dissolved in polar NN-dimethylformamide (DMF) solvent.
methods	whereas	The PL emission is measured at different angles by varying the viewing angle from #° to #° in the steps of #° whereas the polarizer angle was varied between #° to #° with the step size of #° where θ = #° corresponds to p- and θ = #° to s-polarization.	1	1	10.1038/s41467-022-29812-5	The PL emission is measured at different angles by varying the viewing angle from 0° to 85° in the steps of 5° whereas the polarizer angle was varied between 0° to 90° with the step size of 10° where θ = 0° corresponds to p- and θ = 90° to s-polarization.
introduction	however	However the PLQYs of blue perovskite emitters especially pure blue emission are far behind green and red counterparts which EQEs of corresponding LEDs have both overtook #%.	1	1	10.1038/s41377-022-00992-5	However the PLQYs of blue perovskite emitters especially pure blue emission are far behind green and red counterparts which EQEs of corresponding LEDs have both overtook 20%.
results	however	However excessive FA⁺ ions can cause angle increase of two adjacent coordinating octahedra (> #°).	1	1	10.1038/s41377-022-00992-5	However excessive FA⁺ ions can cause angle increase of two adjacent coordinating octahedra (> 180°).
results	while	In the state density VB is mainly composed of Br #d Cl #d and Pb # s electrons states while CB mainly contains Pb #p electron state.	1	1	10.1038/s41377-022-00992-5	In the state density VB is mainly composed of Br 3d Cl 2d and Pb 6 s electrons states while CB mainly contains Pb 6p electron state.
introduction	while	Next-generation smart lighting is expected to be able to respond to personal mood or circadian rhythm in the daily ambient living environment while also rendering the colours of objects more accurately.	1	1	10.1038/s41467-022-31853-9	Next-generation smart lighting is expected to be able to respond to personal mood or circadian rhythm in the daily ambient living environment while also rendering the colours of objects more accurately.
introduction	however	However the problem of optimising the light emission architecture of a white lighting system remains unresolved as it requires an excessive amount of colour calculations for the massive combinations of QD colours and their geometrical combinations available for pixel layout.	1	1	10.1038/s41467-022-31853-9	However the problem of optimising the light emission architecture of a white lighting system remains unresolved as it requires an excessive amount of colour calculations for the massive combinations of QD colours and their geometrical combinations available for pixel layout.
results	while	For the #-primary lighting red (# nm) green (# nm) and blue (# nm) are selected as primary colours (Fig. #d) while the #-primary lighting is optimised to have the primary colours of red (# nm) green (# nm) cyan (# nm) and blue (# nm) (Fig. #e).	1	1	10.1038/s41467-022-31853-9	For the 3-primary lighting red (611 nm) green (542 nm) and blue (463 nm) are selected as primary colours (Fig. 2d) while the 4-primary lighting is optimised to have the primary colours of red (616 nm) green (559 nm) cyan (502 nm) and blue (450 nm) (Fig. 2e).
results	but	As the number of primary colours increases the lighting performance improves but more numbers of primary QDs are required.	1	1	10.1038/s41467-022-31853-9	As the number of primary colours increases the lighting performance improves but more numbers of primary QDs are required.
results	nevertheless	Nevertheless further improvements on the lifetime of our transfer-printed QD-LED device are still needed to lift the stability towards the level of spin-coated QD-LED devices.	1	1	10.1038/s41467-022-31853-9	Nevertheless further improvements on the lifetime of our transfer-printed QD-LED device are still needed to lift the stability towards the level of spin-coated QD-LED devices.
results	whereas	In the simulation the colour of the optimised lighting system changes widely from red to blue through white when the voltage changes from # V to # V whereas the system with identical emission widths hardly changes its colour from red even for the voltage increment.	1	1	10.1038/s41467-022-31853-9	In the simulation the colour of the optimised lighting system changes widely from red to blue through white when the voltage changes from 3 V to 7 V whereas the system with identical emission widths hardly changes its colour from red even for the voltage increment.
methods	while	With the given cost function the colour optimisation process simultaneously minimises chromaticity difference while maximising the CRI of the N-primary white lighting system.	1	1	10.1038/s41467-022-31853-9	With the given cost function the colour optimisation process simultaneously minimises chromaticity difference while maximising the CRI of the N-primary white lighting system.
methods	however	However for the lighting system having QD patterns with different emission widths each weighting factor an is determined from Eq. (#) for the peak radiance An of the monochromatic device and the predetermined normalised power βn at the given peak wavelength λn for n-th primary QD-LED in the white lighting system.	1	1	10.1038/s41467-022-31853-9	However for the lighting system having QD patterns with different emission widths each weighting factor an is determined from Eq. (2) for the peak radiance An of the monochromatic device and the predetermined normalised power βn at the given peak wavelength λn for n-th primary QD-LED in the white lighting system.
abstract	however	Recent progress in colloidal synthesis has produced nonblinking nanocrystals; however, the physics underlying blinking suppression remains unclear.	1	1	qdp_2012_lifetime-blinking-nonblinking-qd	Recent progress in colloidal synthesis has produced nonblinking nanocrystals; however, the physics underlying blinking suppression remains unclear.
abstract	despite	Here we find that ultra-thick-shell CdSe/CdS nanocrystals can exhibit pronounced fluctuations in the emission lifetimes (lifetime blinking), despite stable nonblinking emission intensity.	1	1	qdp_2012_lifetime-blinking-nonblinking-qd	Here we find that ultra-thick-shell CdSe/CdS nanocrystals can exhibit pronounced fluctuations in the emission lifetimes (lifetime blinking), despite stable nonblinking emission intensity.
abstract	but	Negative charging results in faster radiative decay but does not appreciably change the overall emission intensity because of suppressed nonradiative Auger recombination for negative trions.	1	1	qdp_2012_lifetime-blinking-nonblinking-qd	Negative charging results in faster radiative decay but does not appreciably change the overall emission intensity because of suppressed nonradiative Auger recombination for negative trions.
introduction	however	However, several studies have pointed towards other possible mechanisms for intensity fluctuations that can be linked, for example, to surface recombination centres.	1	1	qdp_2012_lifetime-blinking-nonblinking-qd	However, several studies have pointed towards other possible mechanisms for intensity fluctuations that can be linked, for example, to surface recombination centres.
introduction	although	Although, in standard nanocrystals, charged excitons (trions) are virtually nonemissive because of fast nonradiative Auger decay, the Auger process is significantly suppressed in giant NQDs, especially for negative trions.	1	1	qdp_2012_lifetime-blinking-nonblinking-qd	Although, in standard nanocrystals, charged excitons (trions) are virtually nonemissive because of fast nonradiative Auger decay, the Auger process is significantly suppressed in giant NQDs, especially for negative trions.
introduction	but	As a result, charging of the nanocrystal with additional electrons does modify the radiative lifetime but not the emission intensity.	1	1	qdp_2012_lifetime-blinking-nonblinking-qd	As a result, charging of the nanocrystal with additional electrons does modify the radiative lifetime but not the emission intensity.
results	however	The inspection of a lifetime trajectory, however, indicates the involvement of at least two different states with two distinct lifetimes.	1	1	qdp_2012_lifetime-blinking-nonblinking-qd	The inspection of a lifetime trajectory, however, indicates the involvement of at least two different states with two distinct lifetimes.
results	but	These fitted lifetimes differ from the apparent values in the FLID because the FLID is constructed using a weighted-average formula but not an exponential fitting.	1	1	qdp_2012_lifetime-blinking-nonblinking-qd	These fitted lifetimes differ from the apparent values in the FLID because the FLID is constructed using a weighted-average formula but not an exponential fitting.
results	despite	Interestingly, despite a significant suppression of Auger recombination for negative trions, the Auger recombination of biexcitons in this giant NQD is still fast.	1	1	qdp_2012_lifetime-blinking-nonblinking-qd	Interestingly, despite a significant suppression of Auger recombination for negative trions, the Auger recombination of biexcitons in this giant NQD is still fast.
results	although	These observations suggest that, although Auger decay of the negative trion is suppressed in the giant NQDs, the Auger process in which the hole is excited (positive trion channel) is still efficient and it dominates biexciton recombination.	1	1	qdp_2012_lifetime-blinking-nonblinking-qd	These observations suggest that, although Auger decay of the negative trion is suppressed in the giant NQDs, the Auger process in which the hole is excited (positive trion channel) is still efficient and it dominates biexciton recombination.
results	while	Because of the relatively small conduction-band offset at the CdSe/CdS interface (~# meV), the electrons in giant NQDs are delocalized over the entire nanocrystal while holes are tightly confined to the CdSe core.	1	1	qdp_2012_lifetime-blinking-nonblinking-qd	Because of the relatively small conduction-band offset at the CdSe/CdS interface (~100 meV), the electrons in giant NQDs are delocalized over the entire nanocrystal while holes are tightly confined to the CdSe core.
discussion	however	However, because of the slow rate of the NQD re-neutralization, such events can still be clearly observed in the measured lifetime trajectories.	1	1	qdp_2012_lifetime-blinking-nonblinking-qd	However, because of the slow rate of the NQD re-neutralization, such events can still be clearly observed in the measured lifetime trajectories.
discussion	while	Therefore, while having a pronounced effect on the emission lifetime, NQD charging does not lead to appreciable changes in the PL intensity, resulting in the apparent nonblinking behaviour.	1	1	qdp_2012_lifetime-blinking-nonblinking-qd	Therefore, while having a pronounced effect on the emission lifetime, NQD charging does not lead to appreciable changes in the PL intensity, resulting in the apparent nonblinking behaviour.
introduction	however	However the role of multicarrier effects including Auger recombination in QD-LEDs is still largely unclear.	1	1	qdp_2013_auger-control-carrier-kinetics	However the role of multicarrier effects including Auger recombination in QD-LEDs is still largely unclear.
introduction	but	In our LEDs we use a series of structurally engineered core/shell QDs that are characterized by similar band gaps (Eg of ca. # eV) and valence/conduction-band positions but distinctly different rates of non-radiative Auger recombination.	1	1	qdp_2013_auger-control-carrier-kinetics	In our LEDs we use a series of structurally engineered core/shell QDs that are characterized by similar band gaps (Eg of ca. 2 eV) and valence/conduction-band positions but distinctly different rates of non-radiative Auger recombination.
results	while	Due to the small conduction-band offset between CdSe and CdS the electron wavefunction in these QDs is delocalized over the entire core/shell structure while the hole wavefunction is tightly confined to the core due to the large confinement-potential in the valence-band at the core/shell interface.	1	1	qdp_2013_auger-control-carrier-kinetics	Due to the small conduction-band offset between CdSe and CdS the electron wavefunction in these QDs is delocalized over the entire core/shell structure while the hole wavefunction is tightly confined to the core due to the large confinement-potential in the valence-band at the core/shell interface.
results	but	The insertion of a #-nm-thick CdSexS₁₋x alloy layer between the CdSe core and CdS shell does not have a significant effect on a single-exciton lifetime but leads to an appreciable increase in both negative trion and biexciton lifetimes as compared with C/S QDs of the same volume (lines # and # in Table #) indicating a reduction in the Auger decay rate.	1	1	qdp_2013_auger-control-carrier-kinetics	The insertion of a 1.5-nm-thick CdSexS₁₋x alloy layer between the CdSe core and CdS shell does not have a significant effect on a single-exciton lifetime but leads to an appreciable increase in both negative trion and biexciton lifetimes as compared with C/S QDs of the same volume (lines 3 and 4 in Table 1) indicating a reduction in the Auger decay rate.
results	although	For instance although the C/A/S # nm QDs and the C/S # nm QDs (lines # and # in Table #) exhibit the lowest solution PL QYs QD-LEDs based on these QDs yield higher peak EQEs than those of devices based on # and # nm C/S QDs (lines # and # in Table #).	1	1	qdp_2013_auger-control-carrier-kinetics	For instance although the C/A/S 7.0 nm QDs and the C/S 7.0 nm QDs (lines 3 and 4 in Table 1) exhibit the lowest solution PL QYs QD-LEDs based on these QDs yield higher peak EQEs than those of devices based on 3.5 and 5.0 nm C/S QDs (lines 1 and 2 in Table 1).
results	despite	This assessment is confirmed by the observation of an appreciable improvement in the EQE for the # nm C/A/S sample (#%) compared with the EQE of # nm C/S sample (#%) which occurs despite identical single-exciton PL QYs measured for solution samples and similar single-exciton lifetimes (lines # and # in Table #).	1	1	qdp_2013_auger-control-carrier-kinetics	This assessment is confirmed by the observation of an appreciable improvement in the EQE for the 7 nm C/A/S sample (1.8%) compared with the EQE of 7 nm C/S sample (1.3%) which occurs despite identical single-exciton PL QYs measured for solution samples and similar single-exciton lifetimes (lines 3 and 4 in Table 1).
results	however	In the absence of Auger recombination should be unity; however because is essentially determined by Auger decay it is much smaller.	1	1	qdp_2013_auger-control-carrier-kinetics	In the absence of Auger recombination should be unity; however because is essentially determined by Auger decay it is much smaller.
methods	while	For microchannel plate detection the collection monochromator was set to the PL peak wavelength while for SNSPD detection the PL was collected through a #-nm long pass filter which blocks any contribution of the shell emission.	1	1	qdp_2013_auger-control-carrier-kinetics	For microchannel plate detection the collection monochromator was set to the PL peak wavelength while for SNSPD detection the PL was collected through a 610-nm long pass filter which blocks any contribution of the shell emission.
abstract	however	This process has been shown to occur efficiently in colloidal quantum dots, however, harvesting of the generated multiple charges has proved difficult.	1	1	qdp_2013_carrier-multiplication-qd-films	This process has been shown to occur efficiently in colloidal quantum dots, however, harvesting of the generated multiple charges has proved difficult.
introduction	however	However, to be of use for photovoltaics, CM needs to be efficient in solid-state materials, rather than dispersions, and only a few papers have appeared on CM in films of QDs.	1	1	qdp_2013_carrier-multiplication-qd-films	However, to be of use for photovoltaics, CM needs to be efficient in solid-state materials, rather than dispersions, and only a few papers have appeared on CM in films of QDs.
introduction	but	A similar variation in the CM efficiency for various surface treatments of QDs was observed, but not explained, in an earlier paper by Beard et al.	1	1	qdp_2013_carrier-multiplication-qd-films	A similar variation in the CM efficiency for various surface treatments of QDs was observed, but not explained, in an earlier paper by Beard et al.
introduction	whereas	We further find that the threshold energy (the photon energy where CM sets in) is reduced to twice the band gap in QD films with short organic ligands, whereas the threshold energy is # Eg for the same QDs in solution.	1	1	qdp_2013_carrier-multiplication-qd-films	We further find that the threshold energy (the photon energy where CM sets in) is reduced to twice the band gap in QD films with short organic ligands, whereas the threshold energy is 2.8 Eg for the same QDs in solution.
results	although	The #DT film, although comparable in ligand length to #DA, shows a much lower φmaxΣμ, in agreement with previous observations.	1	1	qdp_2013_carrier-multiplication-qd-films	The 2DT film, although comparable in ligand length to 2DA, shows a much lower φmaxΣμ, in agreement with previous observations.
results	while	To investigate MFCG, the films were excited with various photon energies hν, while ensuring for each measurement that the photoconductance was in the low excitation density limit.	1	1	qdp_2013_carrier-multiplication-qd-films	To investigate MFCG, the films were excited with various photon energies hν, while ensuring for each measurement that the photoconductance was in the low excitation density limit.
results	but	MFCG is most pronounced for the film with #DA ligands, but is also present for #DA and #DA films.	1	1	qdp_2013_carrier-multiplication-qd-films	MFCG is most pronounced for the film with 2DA ligands, but is also present for 4DA and 6DA films.
results	whereas	The charge generation yield versus the photon energy normalized to the band gap (hν/Eg) shows that there exist large variations in MFCG for the various exchange ligands: films with #DT ligands show virtually no MFCG, whereas the process is most efficient in films with #DA ligands.	1	1	qdp_2013_carrier-multiplication-qd-films	The charge generation yield versus the photon energy normalized to the band gap (hν/Eg) shows that there exist large variations in MFCG for the various exchange ligands: films with 2DT ligands show virtually no MFCG, whereas the process is most efficient in films with 2DA ligands.
discussion	whereas	The rate-limiting step in this sequence is the dissociation of double e–h pairs into trions and free charges, as this path involves an increase in Coulomb energy whereas the subsequent step is Coulomb neutral.	1	1	qdp_2013_carrier-multiplication-qd-films	The rate-limiting step in this sequence is the dissociation of double e–h pairs into trions and free charges, as this path involves an increase in Coulomb energy whereas the subsequent step is Coulomb neutral.
discussion	however	However, the observation that the threshold energy for CM is reduced does point to differences between QD films and QD dispersions that are not yet understood but that present a clear opportunity to further enhance the CM efficiency in QD films.	1	1	qdp_2013_carrier-multiplication-qd-films	However, the observation that the threshold energy for CM is reduced does point to differences between QD films and QD dispersions that are not yet understood but that present a clear opportunity to further enhance the CM efficiency in QD films.
discussion	while	The observation made here that the threshold is reduced in films while the efficiency is similar as in colloidal dispersion suggests that this relation may not always hold.	1	1	qdp_2013_carrier-multiplication-qd-films	The observation made here that the threshold is reduced in films while the efficiency is similar as in colloidal dispersion suggests that this relation may not always hold.
methods	while	These two errors are taken into account while plotting the error bars.	1	1	qdp_2013_carrier-multiplication-qd-films	These two errors are taken into account while plotting the error bars.
abstract	while	While being inefficient in bulk semiconductors this process is enhanced in quantum dots, although not sufficiently high to considerably boost the power output of practical devices.	1	1	qdp_2014_carrier-multiplication-quasi-type-ii	While being inefficient in bulk semiconductors this process is enhanced in quantum dots, although not sufficiently high to considerably boost the power output of practical devices.
results	while	As a result, the wavefunction of the band-edge electron #Se state in these QDs occupies the entire volume of the core/shell structure, while the band-edge hole wavefunction (#Sh) is closely confined to the core due to a large (~# eV) valence-band offset at the core/shell interface.	1	1	qdp_2014_carrier-multiplication-quasi-type-ii	As a result, the wavefunction of the band-edge electron 1Se state in these QDs occupies the entire volume of the core/shell structure, while the band-edge hole wavefunction (1Sh) is closely confined to the core due to a large (~1.48 eV) valence-band offset at the core/shell interface.
results	yet	Although initially observed as a broad, weak band consistent with some contribution from emission associated with localized traps within the band gap of the CdSe shell, the emission grows stronger and progressively narrower with shell thickness, while also shifting to lower energy, approaching, yet remaining above, the bulk band gap of CdSe.	1	1	qdp_2014_carrier-multiplication-quasi-type-ii	Although initially observed as a broad, weak band consistent with some contribution from emission associated with localized traps within the band gap of the CdSe shell, the emission grows stronger and progressively narrower with shell thickness, while also shifting to lower energy, approaching, yet remaining above, the bulk band gap of CdSe.
results	although	Although both core and shell PL bands involve the same band-edge electron state, their dynamics are dramatically different.	1	1	qdp_2014_carrier-multiplication-quasi-type-ii	Although both core and shell PL bands involve the same band-edge electron state, their dynamics are dramatically different.
results	but	We show multiexciton yields (η = q − #, where q is the number of electron-hole pairs generated per absorbed photon) measured using transient PL for PbSe/CdSe core/shell structures of various aspect ratios but similar band gaps (#±# eV), compared with measurements of same-Eg core-only PbSe QDs and nanorods; in all measurements the excitation energy is # eV, which corresponds to ħω/Eg of ca. #.	1	1	qdp_2014_carrier-multiplication-quasi-type-ii	We show multiexciton yields (η = q − 1, where q is the number of electron-hole pairs generated per absorbed photon) measured using transient PL for PbSe/CdSe core/shell structures of various aspect ratios but similar band gaps (0.87±0.02 eV), compared with measurements of same-Eg core-only PbSe QDs and nanorods; in all measurements the excitation energy is 3.1 eV, which corresponds to ħω/Eg of ca. 3.5.
discussion	while	Specifically, our modelling indicates that for ρ > #–# the lowest energy hole states (#Sh and #Ph) still remain mostly core localized, while higher energy states (#Dh, #Sh and so on) are expelled from the core and become primarily shell localized, which decouples them from the band-edge levels.	1	1	qdp_2014_carrier-multiplication-quasi-type-ii	Specifically, our modelling indicates that for ρ > 0.4–0.5 the lowest energy hole states (1Sh and 1Ph) still remain mostly core localized, while higher energy states (1Dh, 2Sh and so on) are expelled from the core and become primarily shell localized, which decouples them from the band-edge levels.
discussion	although	Although in the present study we have used PbSe/CdSe QDs, the demonstrated approach to CM engineering through control of intraband cooling and Coulomb interactions is general and can be implemented with other combinations of materials and/or nanostructure geometries.	1	1	qdp_2014_carrier-multiplication-quasi-type-ii	Although in the present study we have used PbSe/CdSe QDs, the demonstrated approach to CM engineering through control of intraband cooling and Coulomb interactions is general and can be implemented with other combinations of materials and/or nanostructure geometries.
abstract	however	However IIIV quantum dots have historically struggled to match the high-quality optical properties of IIVI quantum dots.	1	1	qdp_2016_inas-qd-size-tunable-nir-emission	However IIIV quantum dots have historically struggled to match the high-quality optical properties of IIVI quantum dots.
abstract	but	We anticipate that these probes will not only enable new biomedical imaging applications but also improved infrared nanocrystal-LEDs and photon-upconversion technology.	1	1	qdp_2016_inas-qd-size-tunable-nir-emission	We anticipate that these probes will not only enable new biomedical imaging applications but also improved infrared nanocrystal-LEDs and photon-upconversion technology.
introduction	however	However with the emergence of SWIR imaging the shortage of high-quality SWIR-emissive fluorophores has never been more apparent: the ideal imaging probe needs to exhibit high brightness for fast imaging speeds and narrow emission profiles that can be tuned over the entire SWIR camera sensitivity range for multiplexed and wavelength-selective imaging.	1	1	qdp_2016_inas-qd-size-tunable-nir-emission	However with the emergence of SWIR imaging the shortage of high-quality SWIR-emissive fluorophores has never been more apparent: the ideal imaging probe needs to exhibit high brightness for fast imaging speeds and narrow emission profiles that can be tuned over the entire SWIR camera sensitivity range for multiplexed and wavelength-selective imaging.
introduction	while	While much recent SWIR imaging has focused on carbon nanotubes (CNTs) the low QYs (<#%) and broad emission profiles of as-synthesized CNT ensembles have rendered imaging in narrow spectral windows and multiplexed imaging applications challenging.	1	1	qdp_2016_inas-qd-size-tunable-nir-emission	While much recent SWIR imaging has focused on carbon nanotubes (CNTs) the low QYs (<0.1%) and broad emission profiles of as-synthesized CNT ensembles have rendered imaging in narrow spectral windows and multiplexed imaging applications challenging.
results	however	However these syntheses rely on an interparticle ripening process as a primary growth mechanism.	1	1	qdp_2016_inas-qd-size-tunable-nir-emission	However these syntheses rely on an interparticle ripening process as a primary growth mechanism.
results	while	While for those systems precursor conversion and particle growth occur on similar timescales we have previously shown that for common IIIV QD syntheses the group-V precursors employed are consumed on a much faster timescale than the actual NC growth implying that QD growth is dominated by non-molecular ripening processes.	1	1	qdp_2016_inas-qd-size-tunable-nir-emission	While for those systems precursor conversion and particle growth occur on similar timescales we have previously shown that for common IIIV QD syntheses the group-V precursors employed are consumed on a much faster timescale than the actual NC growth implying that QD growth is dominated by non-molecular ripening processes.
results	whereas	Thus whereas previous studies on InAs and CdSe QD growth concluded that size defocusing primarily occurs due to the absence of precursor material in solution our study shows that elevated precursor concentrations can likewise cause size-broadening.	1	1	qdp_2016_inas-qd-size-tunable-nir-emission	Thus whereas previous studies on InAs and CdSe QD growth concluded that size defocusing primarily occurs due to the absence of precursor material in solution our study shows that elevated precursor concentrations can likewise cause size-broadening.
results	but	As a result CSS QDs not only facilitate multiplexed fluorescence imaging but also enhance imaging speed for high-resolution imaging at long imaging wavelengths through improved particle quality and the resulting enhancement in QY.	1	1	qdp_2016_inas-qd-size-tunable-nir-emission	As a result CSS QDs not only facilitate multiplexed fluorescence imaging but also enhance imaging speed for high-resolution imaging at long imaging wavelengths through improved particle quality and the resulting enhancement in QY.
methods	while	A # M solution of zinc oleate (Zn(Ol)₂) was obtained following the same procedure while substituting CdO for ZnO and adding additional # ml of oleylamine to the solution.	1	1	qdp_2016_inas-qd-size-tunable-nir-emission	A 0.1 M solution of zinc oleate (Zn(Ol)₂) was obtained following the same procedure while substituting CdO for ZnO and adding additional 20 ml of oleylamine to the solution.
methods	however	However as InAs QDs do not exhibit a perfectly spherical shape the actual amount of deposited shell material per shell monolayer was found to slightly vary from the calculated values.	1	1	qdp_2016_inas-qd-size-tunable-nir-emission	However as InAs QDs do not exhibit a perfectly spherical shape the actual amount of deposited shell material per shell monolayer was found to slightly vary from the calculated values.
methods	but	In contrast to bare InAs cores the InAs core-shell QDs were not transferred to a glovebox but stored in air.	1	1	qdp_2016_inas-qd-size-tunable-nir-emission	In contrast to bare InAs cores the InAs core-shell QDs were not transferred to a glovebox but stored in air.
introduction	but	Synthetic chemistry of QDs recently makes ideal single-exciton properties be accessible for the most developed CdSe/CdS core/shell QDs, but synthetic control of multi-carrier states remains in its infancy primarily because of poor understanding of Auger non-radiative recombination in QDs.	1	1	10.1038/s41467-019-09737-2	Synthetic chemistry of QDs recently makes ideal single-exciton properties be accessible for the most developed CdSe/CdS core/shell QDs, but synthetic control of multi-carrier states remains in its infancy primarily because of poor understanding of Auger non-radiative recombination in QDs.
introduction	although	Although tuning Auger recombination of negative trion of QDs has been studied widely, behavior of Auger recombination of the positive trion is largely unknown.	1	1	10.1038/s41467-019-09737-2	Although tuning Auger recombination of negative trion of QDs has been studied widely, behavior of Auger recombination of the positive trion is largely unknown.
results	but	In sharp contrast, the biexciton emission QYs for QDs with a fixed core size but different shell thicknesses are almost constant, being consistent with the literature reports.	1	1	10.1038/s41467-019-09737-2	In sharp contrast, the biexciton emission QYs for QDs with a fixed core size but different shell thicknesses are almost constant, being consistent with the literature reports.
results	while	The radiative rate of biexciton shows similar dependence on core size and shell thickness, while the Auger rate of biexciton is much more sensitive to the core size than to the shell thickness.	1	1	10.1038/s41467-019-09737-2	The radiative rate of biexciton shows similar dependence on core size and shell thickness, while the Auger rate of biexciton is much more sensitive to the core size than to the shell thickness.
results	however	However, the measurements demonstrate that, the rates of the two basic types of Auger recombination evolve in different patterns with their shell thicknesses (or total volume).	1	1	10.1038/s41467-019-09737-2	However, the measurements demonstrate that, the rates of the two basic types of Auger recombination evolve in different patterns with their shell thicknesses (or total volume).
discussion	yet	Crossover of the Auger rates of two types of basic channels observed here has neither been predicted by theory nor reported experimently yet.	1	1	10.1038/s41467-019-09737-2	Crossover of the Auger rates of two types of basic channels observed here has neither been predicted by theory nor reported experimently yet.
discussion	but	Geometry-dependent dielectric screening not only is responsible for the Auger rate crossover but also represents a new strategy for Auger engineering, which can independently tune the rate of either basic type of Auger recombination.	1	1	10.1038/s41467-019-09737-2	Geometry-dependent dielectric screening not only is responsible for the Auger rate crossover but also represents a new strategy for Auger engineering, which can independently tune the rate of either basic type of Auger recombination.
discussion	however	However, these additional channels do not change the overall oscillator strength of the Auger process.	1	1	10.1038/s41467-019-09737-2	However, these additional channels do not change the overall oscillator strength of the Auger process.
discussion	although	Although the results here are obtained with CdSe/CdS core/shell QDs, above discussion tells us that the new strategy based on geometry-dependent dielectric screening should be generally applicable to nearly all types of core/shell QDs.	1	1	10.1038/s41467-019-09737-2	Although the results here are obtained with CdSe/CdS core/shell QDs, above discussion tells us that the new strategy based on geometry-dependent dielectric screening should be generally applicable to nearly all types of core/shell QDs.
introduction	however	However, these potential advantages are nullified by the widespread observation of ultrafast hot carrier cooling in QDs on sub-ps timescales.	1	1	10.1038/s41467-019-12558-y	However, these potential advantages are nullified by the widespread observation of ultrafast hot carrier cooling in QDs on sub-ps timescales.
results	however	However, the emission is dramatically changed: the undoped QDs exhibit band-edge emission at # eV, while the Cu-doped QDs show a broad emission centered at # eV.	1	1	10.1038/s41467-019-12558-y	However, the emission is dramatically changed: the undoped QDs exhibit band-edge emission at 2.18 eV, while the Cu-doped QDs show a broad emission centered at 1.61 eV.
results	whereas	The photoluminescence lifetime of the Cu-doped QDs is # ns, whereas the band-edge photoluminescence of the undoped QDs decays with a lifetime of # ns.	1	1	10.1038/s41467-019-12558-y	The photoluminescence lifetime of the Cu-doped QDs is 110 ns, whereas the band-edge photoluminescence of the undoped QDs decays with a lifetime of 18 ns.
results	while	Over the course of ~# ps, the bleach peak shifts to lower energies and the signal at # eV decays, while the signal at # eV grows.	1	1	10.1038/s41467-019-12558-y	Over the course of ~5 ps, the bleach peak shifts to lower energies and the signal at 2.29 eV decays, while the signal at 2.22 eV grows.
abstract	however	To date however the community has failed to achieve successful operation under strong excitation conditions contrasting sharply with other materials.	1	1	10.1038/s41467-025-61511-9	To date however the community has failed to achieve successful operation under strong excitation conditions contrasting sharply with other materials.
abstract	despite	Here we report unusual photophysics of state-of-the-art InP-based quantum dots which makes them unattractive as a laser gain material despite a near-unity quantum yield.	1	1	10.1038/s41467-025-61511-9	Here we report unusual photophysics of state-of-the-art InP-based quantum dots which makes them unattractive as a laser gain material despite a near-unity quantum yield.
abstract	but	Instead trapped carriers can recombine radiatively leading to delayed—but bright—fluorescence.	1	1	10.1038/s41467-025-61511-9	Instead trapped carriers can recombine radiatively leading to delayed—but bright—fluorescence.
abstract	although	Hot-carrier trapping thus explains why the latest generation of InP-based quantum dots struggle to support optical gain although the quantum yield is near unity for low-intensity applications.	1	1	10.1038/s41467-025-61511-9	Hot-carrier trapping thus explains why the latest generation of InP-based quantum dots struggle to support optical gain although the quantum yield is near unity for low-intensity applications.
introduction	however	However as consumer applications demand QDs free of toxic elements alternative materials have drawn considerable attention in recent years.	1	1	10.1038/s41467-025-61511-9	However as consumer applications demand QDs free of toxic elements alternative materials have drawn considerable attention in recent years.
introduction	while	Lasing from InP-based QDs has been reported only once while the vast majority of the QD lasing literature has successfully used Cd-based or Pbhalide perovskite QDs.	1	1	10.1038/s41467-025-61511-9	Lasing from InP-based QDs has been reported only once while the vast majority of the QD lasing literature has successfully used Cd-based or Pbhalide perovskite QDs.
introduction	yet	In this Article we combine ensemble and single-particle experiments to investigate why InP-based QDs are not yet suitable for lasing applications despite their high brightness and how their performance may be improved.	1	1	10.1038/s41467-025-61511-9	In this Article we combine ensemble and single-particle experiments to investigate why InP-based QDs are not yet suitable for lasing applications despite their high brightness and how their performance may be improved.
results	although	Although this is clearly a bright and high-quality sample our data shown below will evidence the involvement of charge-carrier traps in the excited-state decay.	1	1	10.1038/s41467-025-61511-9	Although this is clearly a bright and high-quality sample our data shown below will evidence the involvement of charge-carrier traps in the excited-state decay.
results	while	The band-edge absorbance bleach of our InP-based QDs saturates around \(A\to #\) as the excitation fluence is increased while complete population inversion would lead to \(A\to \{{-}A}_{#}\) (where \({A}_{#}\) is the ground-state absorbance; Fig. #e).	1	1	10.1038/s41467-025-61511-9	The band-edge absorbance bleach of our InP-based QDs saturates around \(A\to 0\) as the excitation fluence is increased while complete population inversion would lead to \(A\to \{{-}A}_{0}\) (where \({A}_{0}\) is the ground-state absorbance; Fig. 1e).
results	but	Limited absorbance bleach in QDs was previously explained in terms of a high degeneracy of states at the valence-band edge but this explanation does not reproduce the observed gain saturation at \(A\to #\) (Suppl.	1	1	10.1038/s41467-025-61511-9	Limited absorbance bleach in QDs was previously explained in terms of a high degeneracy of states at the valence-band edge but this explanation does not reproduce the observed gain saturation at \(A\to 0\) (Suppl.
results	nevertheless	Below we will obtain more direct evidence for hot-carrier trapping and find out why the PLQY is nevertheless near unity.	1	1	10.1038/s41467-025-61511-9	Below we will obtain more direct evidence for hot-carrier trapping and find out why the PLQY is nevertheless near unity.
results	however	However the key observation proving hot-carrier trapping and delayed trap emission—intermittent biexponential decay with a lower amplitude and a slow component (Fig. #g h)—has not yet been reported for other QD materials.	1	1	10.1038/s41467-025-61511-9	However the key observation proving hot-carrier trapping and delayed trap emission—intermittent biexponential decay with a lower amplitude and a slow component (Fig. 4g h)—has not yet been reported for other QD materials.
discussion	while	While the limited gain of InP-based QDs (Fig. #) was already indicative of hot-carrier trapping the experiments in Figs. #–# provided (direct) evidence and more insights into the process.	1	1	10.1038/s41467-025-61511-9	While the limited gain of InP-based QDs (Fig. 1) was already indicative of hot-carrier trapping the experiments in Figs. 2–4 provided (direct) evidence and more insights into the process.
discussion	however	However one would then operate the QD as a #-level system and unfortunately the fundamental laws of stimulated emission make population inversion by optical pumping of a #-level system impossible.	1	1	10.1038/s41467-025-61511-9	However one would then operate the QD as a 2-level system and unfortunately the fundamental laws of stimulated emission make population inversion by optical pumping of a 2-level system impossible.
abstract	however	However, the large refractive index difference among different materials limits the overall light extraction.	1	1	10.1038/s41467-019-08561-y	However, the large refractive index difference among different materials limits the overall light extraction.
introduction	despite	Despite the considerable improvement has been made, it is worth mentioning that the overall external quantum efficiency (EQE) of CH # NH # PbBr # (Br-Pero) LEDs is still low in most cases.	1	1	10.1038/s41467-019-08561-y	Despite the considerable improvement has been made, it is worth mentioning that the overall external quantum efficiency (EQE) of CH 3 NH 3 PbBr 3 (Br-Pero) LEDs is still low in most cases.
introduction	however	However, for an organic-inorganic hybrid material system, the large refractive index difference is detrimental.	1	1	10.1038/s41467-019-08561-y	However, for an organic-inorganic hybrid material system, the large refractive index difference is detrimental.
results	however	Compared to the planar control device, the luminance for P# device was much reduced, however, the luminance for P# device was increased by # times as compared with the planar control device.	1	1	10.1038/s41467-019-08561-y	Compared to the planar control device, the luminance for P500 device was much reduced, however, the luminance for P1000 device was increased by 1.86 times as compared with the planar control device.
results	while	As shown in Supplementary Figure #, the ITO glass shows #% transmittance at # nm while our sputtered ITO on AAM substrate shows only #% transmittance.	1	1	10.1038/s41467-019-08561-y	As shown in Supplementary Figure 4, the ITO glass shows 80% transmittance at 550 nm while our sputtered ITO on AAM substrate shows only 50% transmittance.
results	nevertheless	The EC follows similar trend to that in Figure #a, nevertheless the highest EC is only # which is also obtained from # nm pitch and # DP ratio.	1	1	10.1038/s41467-019-08561-y	The EC follows similar trend to that in Figure 3a, nevertheless the highest EC is only 0.359 which is also obtained from 1000 nm pitch and 0.4 DP ratio.
results	although	Although the EC of the device with air channels is # times of that of the planar device, it is much lower than that from device with TiO # NWs.	1	1	10.1038/s41467-019-08561-y	Although the EC of the device with air channels is 3 times of that of the planar device, it is much lower than that from device with TiO 2 NWs.
discussion	however	Metal halide hybrid perovskites are promising materials for LED application, however, the conventional planar device structure sets a constraint for light outcoupling.	1	1	10.1038/s41467-019-08561-y	Metal halide hybrid perovskites are promising materials for LED application, however, the conventional planar device structure sets a constraint for light outcoupling.
discussion	but	Last but not least, although the light extraction efficiency of #% obtained in this work is already very high, we believe further optimization can be achieved in terms of nanophotonic design which can lead to close to unity light extraction in the future.	1	1	10.1038/s41467-019-08561-y	Last but not least, although the light extraction efficiency of 73.6% obtained in this work is already very high, we believe further optimization can be achieved in terms of nanophotonic design which can lead to close to unity light extraction in the future.
abstract	however	However, Sn–Pb perovskites typically exhibit low luminescence efficiencies, and are not ideal for light-emitting applications.	1	1	10.1038/s41467-021-24616-5	However, Sn–Pb perovskites typically exhibit low luminescence efficiencies, and are not ideal for light-emitting applications.
introduction	despite	Despite being excellent emitters showing near-unity internal quantum efficiencies (IQEs) for both EL and photoluminescence (PL), the toxicity of lead (Pb) hinders the development of perovskite light-emitting devices as an environmentally friendly emerging technology.	1	1	10.1038/s41467-021-24616-5	Despite being excellent emitters showing near-unity internal quantum efficiencies (IQEs) for both EL and photoluminescence (PL), the toxicity of lead (Pb) hinders the development of perovskite light-emitting devices as an environmentally friendly emerging technology.
introduction	however	However, it has been widely observed that Sn-based (including Sn–Pb) perovskite materials show inferior light-emitting properties (Supplementary Table #) compared to Sn-free, Pb-based perovskites.	1	1	10.1038/s41467-021-24616-5	However, it has been widely observed that Sn-based (including Sn–Pb) perovskite materials show inferior light-emitting properties (Supplementary Table 1) compared to Sn-free, Pb-based perovskites.
introduction	but	A recent report has shown decent EQEs of up to #% from Sn-based perovskite LEDs, but the best EQE values occur at current densities (<# mA cm−#) below that is ideal for display applications (#–# mA cm−#).	1	1	10.1038/s41467-021-24616-5	A recent report has shown decent EQEs of up to 5% from Sn-based perovskite LEDs, but the best EQE values occur at current densities (<0.01 mA cm−2) below that is ideal for display applications (0.1–10 mA cm−2).
results	while	Significant variations of the lattice parameters a and b are observed when Ge ions are expected to partially replace Pb ions, exhibiting a typical octahedral distortion transition, while the fluctuations of the lattice parameters c ′ of these samples are insignificant.	1	1	10.1038/s41467-021-24616-5	Significant variations of the lattice parameters a and b are observed when Ge ions are expected to partially replace Pb ions, exhibiting a typical octahedral distortion transition, while the fluctuations of the lattice parameters c ′ of these samples are insignificant.
results	however	However, the absorption features of the quasi-#D phases become visible when the Ge inclusion reaches #% (Fig. #b).	1	1	10.1038/s41467-021-24616-5	However, the absorption features of the quasi-2D phases become visible when the Ge inclusion reaches 40% (Fig. 2b).
results	but	The roughness of the perovskite films increases when the Ge molar fraction reaches #–#% (Supplementary Fig. #d–f), but as we show below, the potential benefit of enhanced light out-coupling by the scattering surfaces does not outweigh additional nonradiative losses in these films.	1	1	10.1038/s41467-021-24616-5	The roughness of the perovskite films increases when the Ge molar fraction reaches 30–50% (Supplementary Fig. 5d–f), but as we show below, the potential benefit of enhanced light out-coupling by the scattering surfaces does not outweigh additional nonradiative losses in these films.
discussion	while	While further optimization is required for improving the device performance, our results open a promising route toward eco-friendly light-emitting technologies based on perovskite semiconductors.	1	1	10.1038/s41467-021-24616-5	While further optimization is required for improving the device performance, our results open a promising route toward eco-friendly light-emitting technologies based on perovskite semiconductors.
abstract	however	However, due to facet-dependent growth kinetics, anisotropic shell growth often leads to preferential overgrowth along the long axis and insufficient radial (short axis) coverage.	1	1	10.1038/s41467-026-73298-4	However, due to facet-dependent growth kinetics, anisotropic shell growth often leads to preferential overgrowth along the long axis and insufficient radial (short axis) coverage.
abstract	while	The organic phosphorus ligands create an environment of high monomer concentration (cadmium monomer concentration from #% to #% of cadmium by mass) to drive anisotropic growth, while the carboxylic acids promote isotropic growth due to their nearly equal binding energy across different crystal facets.	1	1	10.1038/s41467-026-73298-4	The organic phosphorus ligands create an environment of high monomer concentration (cadmium monomer concentration from 1.4% to 2% of cadmium by mass) to drive anisotropic growth, while the carboxylic acids promote isotropic growth due to their nearly equal binding energy across different crystal facets.
introduction	however	However, the enlarged surface area of NRs increases the probability of surface trapping and potentially faster Auger recombination, resulting in a lower photoluminescence quantum yield (PLQY) of NRs compared to isotropic QDs.	1	1	10.1038/s41467-026-73298-4	However, the enlarged surface area of NRs increases the probability of surface trapping and potentially faster Auger recombination, resulting in a lower photoluminescence quantum yield (PLQY) of NRs compared to isotropic QDs.
introduction	while	The resulting high-aspect-ratio, thin shell (≈ # nm) NRs suffer from disordered stacking and aggregation during spin-coating, reducing photon out-coupling efficiency while increasing leakage currents and FRET (Fig. #a).	1	1	10.1038/s41467-026-73298-4	The resulting high-aspect-ratio, thin shell (≈ 0.9 nm) NRs suffer from disordered stacking and aggregation during spin-coating, reducing photon out-coupling efficiency while increasing leakage currents and FRET (Fig. 1a).
introduction	although	Although several methods have been reported for the synthesis of ZnSe NRs, they are not suitable for growing anisotropic wurtzite ZnSe shells on wurtzite CdSe NR seeds.	1	1	10.1038/s41467-026-73298-4	Although several methods have been reported for the synthesis of ZnSe NRs, they are not suitable for growing anisotropic wurtzite ZnSe shells on wurtzite CdSe NR seeds.
introduction	whereas	The organic phosphorus ligands provide an environment of high monomer concentration (as monitored by the Cd monomer concentration ranging from #% to #% of cadmium by mass) that promotes anisotropic shell growth, whereas the carboxylic acid ligands exhibit equivalent binding energies across different facets, facilitating isotropic growth.	1	1	10.1038/s41467-026-73298-4	The organic phosphorus ligands provide an environment of high monomer concentration (as monitored by the Cd monomer concentration ranging from 1.4% to 2% of cadmium by mass) that promotes anisotropic shell growth, whereas the carboxylic acid ligands exhibit equivalent binding energies across different facets, facilitating isotropic growth.
results	while	The former can provide an environment of high monomer concentration to drive anisotropic growth, while the latter can promote isotropic growth due to their similar binding energies on different crystal facets.	1	1	10.1038/s41467-026-73298-4	The former can provide an environment of high monomer concentration to drive anisotropic growth, while the latter can promote isotropic growth due to their similar binding energies on different crystal facets.
results	whereas	PL spectra revealed a # nm red-shift for core NRs in film relative to solution, whereas core/shell NRs exhibit merely a # nm red-shift (Supplementary Fig. #a).	1	1	10.1038/s41467-026-73298-4	PL spectra revealed a 6.1 nm red-shift for core NRs in film relative to solution, whereas core/shell NRs exhibit merely a 0.7 nm red-shift (Supplementary Fig. 18a).
results	but	Increasing the radial shell thickness of CdSe NRs enhances exciton recombination efficiency and suppresses energy transfer, but reduces aspect ratio and consequently decreases polarization anisotropy, in agreement with ref..	1	1	10.1038/s41467-026-73298-4	Increasing the radial shell thickness of CdSe NRs enhances exciton recombination efficiency and suppresses energy transfer, but reduces aspect ratio and consequently decreases polarization anisotropy, in agreement with ref..
results	nevertheless	Nevertheless, compared with polarized QDs with thick shells, the core/shell NRs retain significantly higher polarization, underscoring their potential for polarized electroluminescent devices.	1	1	10.1038/s41467-026-73298-4	Nevertheless, compared with polarized QDs with thick shells, the core/shell NRs retain significantly higher polarization, underscoring their potential for polarized electroluminescent devices.
discussion	while	By combining the dual-ligand strategy with a slow-injection approach, we achieved precise epitaxial growth of wurtzite ZnSe-dominant shells while overcoming facet-dependent growth-rate limitation, thus preserving the rod-like morphology.	1	1	10.1038/s41467-026-73298-4	By combining the dual-ligand strategy with a slow-injection approach, we achieved precise epitaxial growth of wurtzite ZnSe-dominant shells while overcoming facet-dependent growth-rate limitation, thus preserving the rod-like morphology.
discussion	but	The graded thick shell not only alleviates lattice strain at core/shell interfaces but also enhances excitonic radiative recombination.	1	1	10.1038/s41467-026-73298-4	The graded thick shell not only alleviates lattice strain at core/shell interfaces but also enhances excitonic radiative recombination.
abstract	however	However, intrinsic self-p-doping and high hole mobility of Sn-based perovskites lead to excessive hole injection under high current densities, causing severe hole dissipation and hindering the achievement of high efficiency at high radiance.	1	1	10.1038/s41467-026-72625-z	However, intrinsic self-p-doping and high hole mobility of Sn-based perovskites lead to excessive hole injection under high current densities, causing severe hole dissipation and hindering the achievement of high efficiency at high radiance.
introduction	however	However, OLEDs are constrained by high production costs and fundamental efficiency limits imposed by the energy gap law, while QLEDs are hindered by low radiance, complicated synthesis procedures, and toxicity of heavy metal ions like Pb, making it challenging for both technologies to achieve high-performance NIR-II emissions.	1	1	10.1038/s41467-026-72625-z	However, OLEDs are constrained by high production costs and fundamental efficiency limits imposed by the energy gap law, while QLEDs are hindered by low radiance, complicated synthesis procedures, and toxicity of heavy metal ions like Pb, making it challenging for both technologies to achieve high-performance NIR-II emissions.
introduction	yet	For practical applications, achieving both high radiance and high efficiency is essential, yet this remains a major bottleneck for existing solution-processed NIR-II LED technologies.	1	1	10.1038/s41467-026-72625-z	For practical applications, achieving both high radiance and high efficiency is essential, yet this remains a major bottleneck for existing solution-processed NIR-II LED technologies.
introduction	despite	Consequently, despite these improvements in perovskite grain quality, the EQE of NIR-II Sn-based Pero-LEDs remains below #%, significantly lagging behind their Pb-based counterparts due to intrinsic charge transport disparities.	1	1	10.1038/s41467-026-72625-z	Consequently, despite these improvements in perovskite grain quality, the EQE of NIR-II Sn-based Pero-LEDs remains below 10%, significantly lagging behind their Pb-based counterparts due to intrinsic charge transport disparities.
introduction	although	Although this approach partially improved charge injection, its lack of control over crystallization and grain growth led to undesirable grain morphology, thereby limiting effective regulation of charge injection and recombination.	1	1	10.1038/s41467-026-72625-z	Although this approach partially improved charge injection, its lack of control over crystallization and grain growth led to undesirable grain morphology, thereby limiting effective regulation of charge injection and recombination.
introduction	while	In this work, we employ #-crown-# (#C#) as a growth regulator to precisely tailor perovskite grain growth, effectively suppressing lateral grain growth while facilitating longitudinal growth.	1	1	10.1038/s41467-026-72625-z	In this work, we employ 18-crown-6 (18C6) as a growth regulator to precisely tailor perovskite grain growth, effectively suppressing lateral grain growth while facilitating longitudinal growth.
results	while	This regulation inhibits excessive lateral grain growth while intensifying longitudinal growth, thereby enabling a significant morphology transformation from low-lying dendritic structures to elongated island-like formations (Fig. #a).	1	1	10.1038/s41467-026-72625-z	This regulation inhibits excessive lateral grain growth while intensifying longitudinal growth, thereby enabling a significant morphology transformation from low-lying dendritic structures to elongated island-like formations (Fig. 1a).
results	whereas	Further magnified SEM images reveal that the low-lying morphology consists of interconnected multi-grain domains, whereas the elongated island-like structures comprise one or two grains (Supplementary Fig. #).	1	1	10.1038/s41467-026-72625-z	Further magnified SEM images reveal that the low-lying morphology consists of interconnected multi-grain domains, whereas the elongated island-like structures comprise one or two grains (Supplementary Fig. 2).
results	despite	Meanwhile, despite the reduced coverage, the elongated grains expose more top surface to the electron transport layer (ETL), resulting in only a slight reduction in EML/ETL contact area (S electron).	1	1	10.1038/s41467-026-72625-z	Meanwhile, despite the reduced coverage, the elongated grains expose more top surface to the electron transport layer (ETL), resulting in only a slight reduction in EML/ETL contact area (S electron).
results	but	Nevertheless, excessively high PSS:Na concentrations cause a marked reduction in radiance, but also intensify interfacial hole accumulation and dissipation, ultimately leading to drastic efficiency and radiance roll-off at high current densities.	1	1	10.1038/s41467-026-72625-z	Nevertheless, excessively high PSS:Na concentrations cause a marked reduction in radiance, but also intensify interfacial hole accumulation and dissipation, ultimately leading to drastic efficiency and radiance roll-off at high current densities.
results	however	However, the difference is reduced, and noticeable grain aggregation occurs.	1	1	10.1038/s41467-026-72625-z	However, the difference is reduced, and noticeable grain aggregation occurs.
methods	while	Poly(#,#-ethylenedioxythiophene):poly(styrenesulfonate) (PEDOT:PSS, Clevios PVP AI#) was purchased from Heraeus, while #,#-Bis(#,#-di-#-pyridinylphenyl)-#-methylpyrimidine (B#PYMPM) was purchased from Luminescence Technology Corp.	1	1	10.1038/s41467-026-72625-z	Poly(3,4-ethylenedioxythiophene):poly(styrenesulfonate) (PEDOT:PSS, Clevios PVP AI4083) was purchased from Heraeus, while 4,6-Bis(3,5-di-3-pyridinylphenyl)-2-methylpyrimidine (B3PYMPM) was purchased from Luminescence Technology Corp.
abstract	however	Hybrid perovskite semiconductors represent a promising platform for color-tunable light emitting diodes (LEDs) and lasers; however the behavior of these materials under the intense electrical excitation required for electrically-pumped lasing remains unexplored.	1	1	10.1038/s41467-018-07383-8	Hybrid perovskite semiconductors represent a promising platform for color-tunable light emitting diodes (LEDs) and lasers; however the behavior of these materials under the intense electrical excitation required for electrically-pumped lasing remains unexplored.
abstract	yet	The impact of ions is less pronounced in the high current density regime (J > # A cm⁻²) where EQE roll-off is dominated by a combination of Joule heating and charge imbalance yet shows no evidence of Auger loss suggesting that operation at kA cm⁻² current densities relevant for a laser diode should be within reach.	1	1	10.1038/s41467-018-07383-8	The impact of ions is less pronounced in the high current density regime (J > 10 A cm⁻²) where EQE roll-off is dominated by a combination of Joule heating and charge imbalance yet shows no evidence of Auger loss suggesting that operation at kA cm⁻² current densities relevant for a laser diode should be within reach.
introduction	however	Perovskite LEDs are the most well-established platform for electrical pumping and have demonstrated external quantum efficiencies (EQEs) over #% at low current densities (J < # A cm⁻²); however the high current density regime relevant for lasing (J > # A cm⁻²) remains relatively unexplored.	1	1	10.1038/s41467-018-07383-8	Perovskite LEDs are the most well-established platform for electrical pumping and have demonstrated external quantum efficiencies (EQEs) over 20% at low current densities (J < 1 A cm⁻²); however the high current density regime relevant for lasing (J > 100 A cm⁻²) remains relatively unexplored.
introduction	yet	The impact of ions is less pronounced in the high current density regime (J > # A cm⁻²) where efficiency roll-off is dominated by a combination of Joule heating and charge imbalance yet shows no evidence of Auger loss even at current densities exceeding # A cm⁻².	1	1	10.1038/s41467-018-07383-8	The impact of ions is less pronounced in the high current density regime (J > 10 A cm⁻²) where efficiency roll-off is dominated by a combination of Joule heating and charge imbalance yet shows no evidence of Auger loss even at current densities exceeding 150 A cm⁻².
results	but	By contrast the pulsed drive JVL data (ton = # μs toff = # ms) exhibit virtually no hysteresis but depend strongly on the background bias with both current and light increasing with Vbias in the range # to # V.	1	1	10.1038/s41467-018-07383-8	By contrast the pulsed drive JVL data (ton = 15 μs toff = 2 ms) exhibit virtually no hysteresis but depend strongly on the background bias with both current and light increasing with Vbias in the range 0 to 3 V.
results	however	Higher currents up to J = # A cm⁻² (limited by the driving circuit) can be reached without catastrophic device failure; however this leads to irreversible device degradation as evident from the return sweep of the brown curve in Fig. #b.	1	1	10.1038/s41467-018-07383-8	Higher currents up to J = 620 A cm⁻² (limited by the driving circuit) can be reached without catastrophic device failure; however this leads to irreversible device degradation as evident from the return sweep of the brown curve in Fig. 2b.
results	yet	Adding a # V background bias eliminates PL quenching during the pulse yet has no effect on the pre-pulse decay.	1	1	10.1038/s41467-018-07383-8	Adding a 2.5 V background bias eliminates PL quenching during the pulse yet has no effect on the pre-pulse decay.
results	despite	Chief among these is Joule heating which becomes significant at high current density despite our efforts to mitigate it through short pulsed drive and small device area.	1	1	10.1038/s41467-018-07383-8	Chief among these is Joule heating which becomes significant at high current density despite our efforts to mitigate it through short pulsed drive and small device area.
discussion	but	Under a sudden voltage pulse the band diagram tilts accordingly but the ions remain frozen in place (Fig. #b).	1	1	10.1038/s41467-018-07383-8	Under a sudden voltage pulse the band diagram tilts accordingly but the ions remain frozen in place (Fig. 9b).
discussion	however	During the voltage pulse however carriers that are swept to the perovskite layer edges now have fewer ionic defects with which to undergo non-radiative recombination (Fig. #d).	1	1	10.1038/s41467-018-07383-8	During the voltage pulse however carriers that are swept to the perovskite layer edges now have fewer ionic defects with which to undergo non-radiative recombination (Fig. 9d).
discussion	although	Although it is difficult to quantify how big a role changes in charge balance may play in the EQE variation of Fig. #, the fact that the EQE generally improves more for a given Vbias than the associated decrease in non-radiative rate (as in Fig. #) suggests that the impact of charge balance is not negligible.	1	1	10.1038/s41467-018-07383-8	Although it is difficult to quantify how big a role changes in charge balance may play in the EQE variation of Fig. 2, the fact that the EQE generally improves more for a given Vbias than the associated decrease in non-radiative rate (as in Fig. 3) suggests that the impact of charge balance is not negligible.
discussion	while	While the EQE and current density required to reach lasing threshold depend strongly on the details of the eventual resonator design a rough estimate can be made based on the threshold carrier density nth~# × #¹⁷ cm⁻³, measured previously for MAPbI₃ in a metal-clad distributed feedback resonator (the most closely related existing structure to a laser diode) under optical pumping at T = # K.	1	1	10.1038/s41467-018-07383-8	While the EQE and current density required to reach lasing threshold depend strongly on the details of the eventual resonator design a rough estimate can be made based on the threshold carrier density nth~8 × 10¹⁷ cm⁻³, measured previously for MAPbI₃ in a metal-clad distributed feedback resonator (the most closely related existing structure to a laser diode) under optical pumping at T = 160 K.
methods	while	The reaction was performed in an ice bath while stirring for # h.	1	1	10.1038/s41467-018-07383-8	The reaction was performed in an ice bath while stirring for 3 h.
introduction	however	However these #D perovskites can suffer from large leakage current due to incomplete surface coverage when the film thickness is decreased to tens of nanometers in LEDs.	1	1	10.1038/s41467-018-03049-7	However these 3D perovskites can suffer from large leakage current due to incomplete surface coverage when the film thickness is decreased to tens of nanometers in LEDs.
results	however	However Fig. #b also shows that the PL starts to increase after the bias exceeds the turn-on voltage (# V when the device emits light) for bipolar charge injection and EL.	1	1	10.1038/s41467-018-03049-7	However Fig. 1b also shows that the PL starts to increase after the bias exceeds the turn-on voltage (1.5 V when the device emits light) for bipolar charge injection and EL.
results	while	More importantly transient measurements show that the PL lifetime is almost constant when the PLQE is constant while it decreases significantly as the PLQE drops (Fig. #b).	1	1	10.1038/s41467-018-03049-7	More importantly transient measurements show that the PL lifetime is almost constant when the PLQE is constant while it decreases significantly as the PLQE drops (Fig. 3b).
discussion	while	While in the solution-processed MQW perovskite LEDs the processing simplicity of the MQW structures allows easy tunability of the QW width resulting in reduced luminescence quenching and enhanced device performance.	1	1	10.1038/s41467-018-03049-7	While in the solution-processed MQW perovskite LEDs the processing simplicity of the MQW structures allows easy tunability of the QW width resulting in reduced luminescence quenching and enhanced device performance.
abstract	although	Although perovskite light-emitting diodes (PeLEDs) have recently experienced significant progress there are only scattered reports of PeLEDs with both high efficiency and long operational stability calling for additional strategies to address this challenge.	1	1	10.1038/s41467-020-14747-6	Although perovskite light-emitting diodes (PeLEDs) have recently experienced significant progress there are only scattered reports of PeLEDs with both high efficiency and long operational stability calling for additional strategies to address this challenge.
introduction	however	However improving operational stability of PeLEDs is still a major challenge and obtaining PeLEDs with both high efficiency and long operational stability remains elusive.	1	1	10.1038/s41467-020-14747-6	However improving operational stability of PeLEDs is still a major challenge and obtaining PeLEDs with both high efficiency and long operational stability remains elusive.
results	while	In addition DDS retains the electron-transport property of diphenyl sulfone (Supplementary Fig. # and Supplementary Note #) while its amino group can help to control the growth of perovskite nanocrystals through chemical bonding with the perovskite as will be discussed later.	1	1	10.1038/s41467-020-14747-6	In addition DDS retains the electron-transport property of diphenyl sulfone (Supplementary Fig. 1 and Supplementary Note 1) while its amino group can help to control the growth of perovskite nanocrystals through chemical bonding with the perovskite as will be discussed later.
results	but	The absorption spectra of the PMC thin films (Fig. #d) show features similar to that of the #D FAPbI₃ control film but with a slightly decreased bandgap (Supplementary Fig. #) possibly due to different dielectric environment in different films.	1	1	10.1038/s41467-020-14747-6	The absorption spectra of the PMC thin films (Fig. 2d) show features similar to that of the 3D FAPbI₃ control film but with a slightly decreased bandgap (Supplementary Fig. 6) possibly due to different dielectric environment in different films.
results	yet	These combined XRD and absorption measurements suggest that the addition of DDS leads to the formation of a few amount of yet high-quality α-FAPbI₃ crystal nuclei after spin-coating.	1	1	10.1038/s41467-020-14747-6	These combined XRD and absorption measurements suggest that the addition of DDS leads to the formation of a few amount of yet high-quality α-FAPbI₃ crystal nuclei after spin-coating.
results	however	However both ν(C=N)FA and δ(NH₂)FA of FA⁺ ions shift to higher wavenumbers in the DDS + FAI mixture film suggesting that there is no hydrogen bond forming between FA⁺ and DDS.	1	1	10.1038/s41467-020-14747-6	However both ν(C=N)FA and δ(NH₂)FA of FA⁺ ions shift to higher wavenumbers in the DDS + FAI mixture film suggesting that there is no hydrogen bond forming between FA⁺ and DDS.
results	whereas	The control device shows a peak EQE of #% at a current density of # mA cm⁻² (# V) whereas the device based on the # DDS film shows the highest EQE of #% at a current density of # mA cm⁻² (# V).	1	1	10.1038/s41467-020-14747-6	The control device shows a peak EQE of 7.0% at a current density of 203.1 mA cm⁻² (2.6 V) whereas the device based on the 1.0 DDS film shows the highest EQE of 17.3% at a current density of 28 mA cm⁻² (2.2 V).
discussion	however	However the EL intensities of aged device (magenta line) are lower than those of fresh device (red line) suggesting the formation of EL quenchers.	1	1	10.1038/s41467-020-14747-6	However the EL intensities of aged device (magenta line) are lower than those of fresh device (red line) suggesting the formation of EL quenchers.
discussion	whereas	In addition we find that the degradation of our PeLEDs at a relatively low driving voltage is mainly caused by the degradation of the emissive layer; whereas at a relatively high driving voltage the degradation of the interfaces between the emissive layer and charge-transport layers could be one of the main degradation channels.	1	1	10.1038/s41467-020-14747-6	In addition we find that the degradation of our PeLEDs at a relatively low driving voltage is mainly caused by the degradation of the emissive layer; whereas at a relatively high driving voltage the degradation of the interfaces between the emissive layer and charge-transport layers could be one of the main degradation channels.
methods	but	The other PMC precursor solutions with different amounts of DDS were prepared by the same process but with different amounts of DDS.	1	1	10.1038/s41467-020-14747-6	The other PMC precursor solutions with different amounts of DDS were prepared by the same process but with different amounts of DDS.
introduction	however	However in addition to the stability issues present in solar cells there are several unique challenges associated with PeLEDs such as the imbalanced charge injection shunts associated with the very thin film thickness and the rapid degradation of electroluminescence during operation.	1	1	10.1038/s41467-021-20970-6	However in addition to the stability issues present in solar cells there are several unique challenges associated with PeLEDs such as the imbalanced charge injection shunts associated with the very thin film thickness and the rapid degradation of electroluminescence during operation.
introduction	although	Although this strategy has led to a T₅₀ (the time it takes for external quantum efficiency (EQE) to drop to half of its maximum) of # h under # mA cm⁻² (ref. ) the EQE of such devices is somewhat compromised due to the poor charge transport between the inorganic layers.	1	1	10.1038/s41467-021-20970-6	Although this strategy has led to a T₅₀ (the time it takes for external quantum efficiency (EQE) to drop to half of its maximum) of 100 h under 25 mA cm⁻² (ref. ) the EQE of such devices is somewhat compromised due to the poor charge transport between the inorganic layers.
introduction	yet	Moreover due to the enlarged band gaps of the #D perovskites the emission wavelength of these LEDs cannot yet reach the infrared range.	1	1	10.1038/s41467-021-20970-6	Moreover due to the enlarged band gaps of the 2D perovskites the emission wavelength of these LEDs cannot yet reach the infrared range.
introduction	while	Mixed #D/#D perovskites have also been introduced to improve the stability of PeLEDs while maintaining high device performance achieving an estimated T₅₀ > # h under initial radiance of about # W sr⁻¹ m⁻².	1	1	10.1038/s41467-021-20970-6	Mixed 2D/3D perovskites have also been introduced to improve the stability of PeLEDs while maintaining high device performance achieving an estimated T₅₀ > 200 h under initial radiance of about 10 W sr⁻¹ m⁻².
results	but	In order to understand how the steric and Coulomb interactions of the molecules affect the passivation results we investigate four molecular cations with the same end groups but different alkyl chain lengths namely phenylmethylammonium iodide (PMAI n = #) phenethylammonium iodide (PEAI n = #) PPAI (n = #) and phenylbutanammonium iodide (PBAI n = #) as shown in Fig. #b.	1	1	10.1038/s41467-021-20970-6	In order to understand how the steric and Coulomb interactions of the molecules affect the passivation results we investigate four molecular cations with the same end groups but different alkyl chain lengths namely phenylmethylammonium iodide (PMAI n = 1) phenethylammonium iodide (PEAI n = 2) PPAI (n = 3) and phenylbutanammonium iodide (PBAI n = 4) as shown in Fig. 1b.
results	although	It is worth noting that no XRD signals corresponding to #D perovskite phases are observed although we cannot exclude that there might be an ultrathin layer of #D phase present at the #D perovskite surface.	1	1	10.1038/s41467-021-20970-6	It is worth noting that no XRD signals corresponding to 2D perovskite phases are observed although we cannot exclude that there might be an ultrathin layer of 2D phase present at the 3D perovskite surface.
results	while	Through the time-resolved photoluminescence (TRPL) measurements (Fig. #f and Supplementary Fig. #) we observe a consistent trend that surface treatments by PMAI (n = #) PEAI (n = #) and PPAI (n = #) all increase the carrier lifetime in the perovskite films while the treatment by PBAI (n = #) shortens the carrier lifetime. (Note that the steady-state PL is performed with a lower excitation intensity compared to TRPL and therefore reveals a more pronounced difference among the samples.) The TRPL data can be well fitted assuming a combination of monomolecular recombination k₁ (trap-assisted recombination) bimolecular recombination k₂ (band-to-band recombination) and Auger recombination k₃ (refs. ) (fitting parameters shown in Supplementary Table #).	1	1	10.1038/s41467-021-20970-6	Through the time-resolved photoluminescence (TRPL) measurements (Fig. 1f and Supplementary Fig. 7) we observe a consistent trend that surface treatments by PMAI (n = 1) PEAI (n = 2) and PPAI (n = 3) all increase the carrier lifetime in the perovskite films while the treatment by PBAI (n = 4) shortens the carrier lifetime. (Note that the steady-state PL is performed with a lower excitation intensity compared to TRPL and therefore reveals a more pronounced difference among the samples.) The TRPL data can be well fitted assuming a combination of monomolecular recombination k₁ (trap-assisted recombination) bimolecular recombination k₂ (band-to-band recombination) and Auger recombination k₃ (refs. ) (fitting parameters shown in Supplementary Table 1).
results	however	It can be seen that except for n = #, all devices show similar peak EQE (Fig. #a) and electroluminescence peak (Supplementary Fig. #); however the roll-off of the EQE in the passivated devices is much less severe than that of the untreated (control) device.	1	1	10.1038/s41467-021-20970-6	It can be seen that except for n = 4, all devices show similar peak EQE (Fig. 2a) and electroluminescence peak (Supplementary Fig. 8); however the roll-off of the EQE in the passivated devices is much less severe than that of the untreated (control) device.
methods	while	To determine the energies of several configurations with a migrating I ion the top two layers of the FAPbI₃ slab could relax while the bottom seven layers and the position of the “migrating” I ions were fixed.	1	1	10.1038/s41467-021-20970-6	To determine the energies of several configurations with a migrating I ion the top two layers of the FAPbI₃ slab could relax while the bottom seven layers and the position of the “migrating” I ions were fixed.
abstract	yet	More importantly devices exhibit a record luminance of #,# cd m⁻² due to the suppressed efficiency roll-off which represent one of the brightest visible PeLEDs yet.	1	1	10.1038/s41467-020-20555-9	More importantly devices exhibit a record luminance of 82,480 cd m⁻² due to the suppressed efficiency roll-off which represent one of the brightest visible PeLEDs yet.
introduction	however	However the problem has yet to be fully solved due to the limited number of solutions.	1	1	10.1038/s41467-020-20555-9	However the problem has yet to be fully solved due to the limited number of solutions.
introduction	nevertheless	Nevertheless the first-order exciton recombination rate also decreases meanwhile which leads to a notable PLQY decline that is unwanted for LED application.	1	1	10.1038/s41467-020-20555-9	Nevertheless the first-order exciton recombination rate also decreases meanwhile which leads to a notable PLQY decline that is unwanted for LED application.
introduction	yet	Moreover due to the slow efficiency roll-off the devices exhibit a record luminance of #,# cd m⁻², representing one of the brightest visible PeLEDs yet (EQE > #%).	1	1	10.1038/s41467-020-20555-9	Moreover due to the slow efficiency roll-off the devices exhibit a record luminance of 82,480 cd m⁻², representing one of the brightest visible PeLEDs yet (EQE > 15%).
results	nevertheless	Nevertheless <n > = # film is selected for further investigation due to its outstanding emission property.	1	1	10.1038/s41467-020-20555-9	Nevertheless <n > = 4 film is selected for further investigation due to its outstanding emission property.
results	however	However we noticed the PLQY of p-FPEA film dropped around #% at low carrier density compared to the PEA one.	1	1	10.1038/s41467-020-20555-9	However we noticed the PLQY of p-FPEA film dropped around 20% at low carrier density compared to the PEA one.
results	while	We fitted a fast decay time of # ns to the Auger recombination in PEA sample; While the fast decay time is elongated to # ns in the p-FPEA case under the same excitation density.	1	1	10.1038/s41467-020-20555-9	We fitted a fast decay time of 0.8 ns to the Auger recombination in PEA sample; While the fast decay time is elongated to 3.4 ns in the p-FPEA case under the same excitation density.
results	although	Although the Auger recombination constant is suppressed the corresponding PLQY especially at low excitation density is notably reduced which is unwanted for LED application (Fig. #b).	1	1	10.1038/s41467-020-20555-9	Although the Auger recombination constant is suppressed the corresponding PLQY especially at low excitation density is notably reduced which is unwanted for LED application (Fig. 2b).
results	but	The global fitting suggests that CF₃KO₃S treatment does not alter the high-order recombination kinetics but significantly suppresses the trap-assistant recombination rate.	1	1	10.1038/s41467-020-20555-9	The global fitting suggests that CF₃KO₃S treatment does not alter the high-order recombination kinetics but significantly suppresses the trap-assistant recombination rate.
abstract	but	Tandem light-emitting diodes (LEDs) offer advantages in efficiency brightness and lower the current density for a target brightness but their implementation in solution-processed perovskite LEDs is limited by interconnection strategies that introduce high voltage penalties and poor robustness.	1	1	10.1038/s41467-026-75756-5	Tandem light-emitting diodes (LEDs) offer advantages in efficiency brightness and lower the current density for a target brightness but their implementation in solution-processed perovskite LEDs is limited by interconnection strategies that introduce high voltage penalties and poor robustness.
introduction	however	However in state-of-the-art devices both PLQYs of perovskite emitters and device outcoupling efficiencies are now approaching their theoretical limits which increasingly shifts further performance gains towards device-level strategies that can sustain efficiency and lifetime under practical electrical driving conditions.	1	1	10.1038/s41467-026-75756-5	However in state-of-the-art devices both PLQYs of perovskite emitters and device outcoupling efficiencies are now approaching their theoretical limits which increasingly shifts further performance gains towards device-level strategies that can sustain efficiency and lifetime under practical electrical driving conditions.
introduction	while	The performance of tandem devices critically depends on the design of interconnection layers (ICLs) which electrically link the subunits while maintaining favorable optical transparency and minimal electrical overhead.	1	1	10.1038/s41467-026-75756-5	The performance of tandem devices critically depends on the design of interconnection layers (ICLs) which electrically link the subunits while maintaining favorable optical transparency and minimal electrical overhead.
introduction	despite	Despite their importance ICLs suitable for tandem PeLEDs remain challenging to realize.	1	1	10.1038/s41467-026-75756-5	Despite their importance ICLs suitable for tandem PeLEDs remain challenging to realize.
results	while	While all three types of HTLs show a similar upward band bending at the heterointerfaces (Supplementary Fig. #) thickness-dependent UPS shows that the Fermi levels (EF) pinning position at the Poly-TPD/MoOx interface lies within ~# eV of Poly-TPD HOMO tail states whereas it is further away from the HTL HOMO edge for TCTA/MoOx and CBP/MoOx (around # and # eV above the HOMO edge of the HTL respectively) (Fig. #d and Supplementary Fig. #).	1	1	10.1038/s41467-026-75756-5	While all three types of HTLs show a similar upward band bending at the heterointerfaces (Supplementary Fig. 1) thickness-dependent UPS shows that the Fermi levels (EF) pinning position at the Poly-TPD/MoOx interface lies within ~0.1 eV of Poly-TPD HOMO tail states whereas it is further away from the HTL HOMO edge for TCTA/MoOx and CBP/MoOx (around 0.14 and 0.25 eV above the HOMO edge of the HTL respectively) (Fig. 1d and Supplementary Fig. 2).
results	although	Note that although a thick Poly-TPD layer enables a slightly higher EQE of over #% the device exhibits severe EQE roll-off under elevated current densities (Supplementary Fig. #) resulting in a significantly dropped radiance of around # W sr⁻¹ m⁻².	1	1	10.1038/s41467-026-75756-5	Note that although a thick Poly-TPD layer enables a slightly higher EQE of over 45% the device exhibits severe EQE roll-off under elevated current densities (Supplementary Fig. 9) resulting in a significantly dropped radiance of around 300 W sr⁻¹ m⁻².
results	but	Concurrently we also evaluated the device performance of tandem PeLEDs utilizing ICLs consisting of the same Poly-TPD/MoOx CGL and ALD-SnO₂ but adopting the aforementioned bridging designs.	1	1	10.1038/s41467-026-75756-5	Concurrently we also evaluated the device performance of tandem PeLEDs utilizing ICLs consisting of the same Poly-TPD/MoOx CGL and ALD-SnO₂ but adopting the aforementioned bridging designs.
results	despite	Despite the higher efficiencies we noticed that the maximum radiances of multijunction PeLEDs are constrained by the enlarged EQE roll-off mainly due to the more severe Joule heating within operating multijunction tandem PeLEDs compared with that in single-junction device (Supplementary Fig. #).	1	1	10.1038/s41467-026-75756-5	Despite the higher efficiencies we noticed that the maximum radiances of multijunction PeLEDs are constrained by the enlarged EQE roll-off mainly due to the more severe Joule heating within operating multijunction tandem PeLEDs compared with that in single-junction device (Supplementary Fig. 21).
abstract	yet	Perovskite quantum dots (PQDs) are promising emitters for next-generation light-emitting diodes (LEDs) yet PQD-based near-infrared (NIR) LEDs still suffer from low external quantum efficiencies (EQEs) and severe efficiency roll-off.	1	1	10.1038/s41377-026-02237-1	Perovskite quantum dots (PQDs) are promising emitters for next-generation light-emitting diodes (LEDs) yet PQD-based near-infrared (NIR) LEDs still suffer from low external quantum efficiencies (EQEs) and severe efficiency roll-off.
abstract	while	Incorporating the multifunctional ionic liquid #-methyl-#-propylimidazolium iodide (MPII) into the antisolvent suppresses defect formation while forming an in situ protective layer effectively reducing surface traps and preserving PQD structural integrity.	1	1	10.1038/s41377-026-02237-1	Incorporating the multifunctional ionic liquid 1-methyl-3-propylimidazolium iodide (MPII) into the antisolvent suppresses defect formation while forming an in situ protective layer effectively reducing surface traps and preserving PQD structural integrity.
introduction	however	However achieving efficient and stable NIR emission remains an outstanding challenge.	1	1	10.1038/s41377-026-02237-1	However achieving efficient and stable NIR emission remains an outstanding challenge.
introduction	while	While PQD-based visible LEDs have rapidly reached external quantum efficiencies (EQEs) exceeding #% NIR counterparts have stagnated below #% and suffer from severe efficiency roll-off at high brightness—a critical bottleneck for practical deployment.	1	1	10.1038/s41377-026-02237-1	While PQD-based visible LEDs have rapidly reached external quantum efficiencies (EQEs) exceeding 20% NIR counterparts have stagnated below 20% and suffer from severe efficiency roll-off at high brightness—a critical bottleneck for practical deployment.
introduction	but	Conventional ligand exchange strategies—designed to replace insulating long-chain ligands with shorter conductive ones—can improve carrier transport but often destabilize the PQD lattice induce surface traps and trigger aggregation particularly because these exchanges rely on polar solvents.	1	1	10.1038/s41377-026-02237-1	Conventional ligand exchange strategies—designed to replace insulating long-chain ligands with shorter conductive ones—can improve carrier transport but often destabilize the PQD lattice induce surface traps and trigger aggregation particularly because these exchanges rely on polar solvents.
results	however	However during purification ligand loss exposes the high-energy PQD surface leading to severe aggregation and lattice collapse which significantly degrades the optical properties and stability of PQDs.	1	1	10.1038/s41377-026-02237-1	However during purification ligand loss exposes the high-energy PQD surface leading to severe aggregation and lattice collapse which significantly degrades the optical properties and stability of PQDs.
results	despite	Notably despite the average PL lifetime of the spin-coated control and MPII-treated PQD films decreasing compared with their corresponding solution the reduction in average lifetime for the MPII-treated films was much less pronounced than that of the control films (Fig.	1	1	10.1038/s41377-026-02237-1	Notably despite the average PL lifetime of the spin-coated control and MPII-treated PQD films decreasing compared with their corresponding solution the reduction in average lifetime for the MPII-treated films was much less pronounced than that of the control films (Fig.
results	while	The improved PL stability can be attributed to the dual function of MPI⁺ cations: while passivating surface defects their alkyl side chain simultaneously forms a hydrophobic protective layer on PQD surface as supported by the increased water contact angle (Fig. #i).	1	1	10.1038/s41377-026-02237-1	The improved PL stability can be attributed to the dual function of MPI⁺ cations: while passivating surface defects their alkyl side chain simultaneously forms a hydrophobic protective layer on PQD surface as supported by the increased water contact angle (Fig. 2i).
results	whereas	The invisibility of the water-based ink under NIR illumination originates from its negligible absorption in the NIR region whereas printer inks containing carbon-based pigments exhibit strong NIR absorption.	1	1	10.1038/s41377-026-02237-1	The invisibility of the water-based ink under NIR illumination originates from its negligible absorption in the NIR region whereas printer inks containing carbon-based pigments exhibit strong NIR absorption.
methods	while	The PMA-# system was connected to an integrating sphere (# in collecting device forward light) and a power supply system (controlling current output) while a PR-# instrument (Photo Research #-# nm) was adopted to calibrate the absolute radiance.	1	1	10.1038/s41377-026-02237-1	The PMA-12 system was connected to an integrating sphere (3.3 in collecting device forward light) and a power supply system (controlling current output) while a PR-745 instrument (Photo Research 380-1060 nm) was adopted to calibrate the absolute radiance.
introduction	however	However, blue PeLEDs, as one of the most important prerequisites, tremendously impede the progress in commercialization.	1	1	10.1038/s41467-019-09794-7	However, blue PeLEDs, as one of the most important prerequisites, tremendously impede the progress in commercialization.
results	however	However, the stability of Rbx Cs#−x PbBr# declines as the Rb+ ratio increases, which ascribes to the increased octahedral distortion caused by continuous Rb+ substitution (Supplementary Fig. #b).	1	1	10.1038/s41467-019-09794-7	However, the stability of Rbx Cs1−x PbBr3 declines as the Rb+ ratio increases, which ascribes to the increased octahedral distortion caused by continuous Rb+ substitution (Supplementary Fig. 2b).
results	but	Multiple excitonic absorption peaks are observed in the absorption spectra of <n> = # PEA#(Rbx Cs#−x )#Pb#Br# (# ≤ x ≤ #), corresponding to the perovskite species with different n values (Fig. #b) (note: we use '<n>' that represents a quasi-#D perovskite domain but 'n' stands for the species with a fixed composition).	1	1	10.1038/s41467-019-09794-7	Multiple excitonic absorption peaks are observed in the absorption spectra of <n> = 3 PEA2(Rbx Cs1−x )2Pb3Br10 (0 ≤ x ≤ 1), corresponding to the perovskite species with different n values (Fig. 1b) (note: we use '<n>' that represents a quasi-2D perovskite domain but 'n' stands for the species with a fixed composition).
abstract	although	Although modifying bromide/chloride composition is straightforward to achieve blue emission, practical implementation of this strategy has been challenging due to poor colour stability and severe photoluminescence quenching.	1	1	10.1038/s41467-020-20582-6	Although modifying bromide/chloride composition is straightforward to achieve blue emission, practical implementation of this strategy has been challenging due to poor colour stability and severe photoluminescence quenching.
introduction	although	Although impressive progress has been achieved in developing sky-blue PeLEDs (with CIEy > #), there are increasing difficulties to realize blue emission using these strategies.	1	1	10.1038/s41467-020-20582-6	Although impressive progress has been achieved in developing sky-blue PeLEDs (with CIEy > 0.15), there are increasing difficulties to realize blue emission using these strategies.
introduction	however	However, implementation of this facile approach in blue PeLEDs is largely hindered by poor colour stability of the resultant blue perovskite emitters (mixed bromide/chloride perovskites), due to anion segregation under electric bias.	1	1	10.1038/s41467-020-20582-6	However, implementation of this facile approach in blue PeLEDs is largely hindered by poor colour stability of the resultant blue perovskite emitters (mixed bromide/chloride perovskites), due to anion segregation under electric bias.
introduction	but	We show that not only halide ion migration, but also compositional heterogeneity, is critical for triggering phase segregation.	1	1	10.1038/s41467-020-20582-6	We show that not only halide ion migration, but also compositional heterogeneity, is critical for triggering phase segregation.
results	but	We observe no change in the #D crystal structure but a more preferential crystal orientation along the (#) direction and slight enhancement of crystallinity with VAC-treatment, as demonstrated by grazing-incidence wide-angle X-ray scattering (GIWAXS) and X-ray diffraction (XRD) measurements.	1	1	10.1038/s41467-020-20582-6	We observe no change in the 3D crystal structure but a more preferential crystal orientation along the (110) direction and slight enhancement of crystallinity with VAC-treatment, as demonstrated by grazing-incidence wide-angle X-ray scattering (GIWAXS) and X-ray diffraction (XRD) measurements.
results	although	Although the operational lifetime is no better than those in previously reported blue PeLEDs (with T# around #–# min), we observe no spectral shift even after # min of operation.	1	1	10.1038/s41467-020-20582-6	Although the operational lifetime is no better than those in previously reported blue PeLEDs (with T50 around 1–2 min), we observe no spectral shift even after 10 min of operation.
results	while	We find that the most striking changes occur within the first five minutes of treatment, the while prolonged duration of up to # min results in only a small difference.	1	1	10.1038/s41467-020-20582-6	We find that the most striking changes occur within the first five minutes of treatment, the while prolonged duration of up to 20 min results in only a small difference.
results	however	However, the initially formed heterogeneous phases are still partially preserved in the resulting films.	1	1	10.1038/s41467-020-20582-6	However, the initially formed heterogeneous phases are still partially preserved in the resulting films.
methods	but	In-situ transmittance tests were performed using the same spectrometer but with a solar simulator (AM #G) as the light source.	1	1	10.1038/s41467-020-20582-6	In-situ transmittance tests were performed using the same spectrometer but with a solar simulator (AM 1.5G) as the light source.
abstract	however	However, directly injecting charge into #f orbitals remains a significant challenge, resulting in unsatisfied external quantum efficiency and high operating voltage in rare earth light-emitting diodes.	1	1	10.1038/s41467-024-50508-5	However, directly injecting charge into 4f orbitals remains a significant challenge, resulting in unsatisfied external quantum efficiency and high operating voltage in rare earth light-emitting diodes.
introduction	however	However, the localized #f orbitals lead to the low efficiency of carrier injection, and their electroluminescence application is still unsatisfying.	1	1	10.1038/s41467-024-50508-5	However, the localized 4f orbitals lead to the low efficiency of carrier injection, and their electroluminescence application is still unsatisfying.
introduction	while	Its soft lattice and localized characteristics facilitate the generation of I#-based self-trapped excitons (STEs) similar to the alkali metal halides, while the Ce luminance center behaves as a Ce-based Frenkel exciton (CFE) due to its periodical location in every unit cell.	1	1	10.1038/s41467-024-50508-5	Its soft lattice and localized characteristics facilitate the generation of I2-based self-trapped excitons (STEs) similar to the alkali metal halides, while the Ce luminance center behaves as a Ce-based Frenkel exciton (CFE) due to its periodical location in every unit cell.
results	however	However, this theory still falls short in explaining the electroluminescence process and the excited carrier dynamics.	1	1	10.1038/s41467-024-50508-5	However, this theory still falls short in explaining the electroluminescence process and the excited carrier dynamics.
results	but	The enhanced SD signal indicates the tendency to capture electrons. (But it does not mean Ce#+ captures electrons to form Ce#+).	1	1	10.1038/s41467-024-50508-5	The enhanced SD signal indicates the tendency to capture electrons. (But it does not mean Ce3+ captures electrons to form Ce2+).
results	although	It is noted that although the luminous film has good thermal stability, it is easy to be hydrolyzed in a humid atmosphere.	1	1	10.1038/s41467-024-50508-5	It is noted that although the luminous film has good thermal stability, it is easy to be hydrolyzed in a humid atmosphere.
results	while	The #–# nm PB signal corresponding to the PLE band comes from the transition from the Ce-#f band to the Ce-#d band, while the I-#p band to the Ce-#d band bleaching signal before # nm is out of the measurement range.	1	1	10.1038/s41467-024-50508-5	The 370–395 nm PB signal corresponding to the PLE band comes from the transition from the Ce-4f band to the Ce-5d band, while the I-5p band to the Ce-5d band bleaching signal before 300 nm is out of the measurement range.
introduction	whereas	Whereas crystalline epitaxially grown III-V semiconductors are still dominating the lighting market, new generation emitting materials such as solution-processed quantum dots, organics and polymers are now finding traction particularly in the display market.	1	1	10.1038/s41467-024-49838-1	Whereas crystalline epitaxially grown III-V semiconductors are still dominating the lighting market, new generation emitting materials such as solution-processed quantum dots, organics and polymers are now finding traction particularly in the display market.
introduction	but	Plasmonic waveguides have strong light confinement for strong enhancement of optical field and optical force but the plasmonic metal attenuates electromagnetic fields thus forming short-ranged plasmonic effects.	1	1	10.1038/s41467-024-49838-1	Plasmonic waveguides have strong light confinement for strong enhancement of optical field and optical force but the plasmonic metal attenuates electromagnetic fields thus forming short-ranged plasmonic effects.
introduction	however	Photonic systems have longer range, however, the confinement across the emitting layer is typically lower than the plasmonic analogues.	1	1	10.1038/s41467-024-49838-1	Photonic systems have longer range, however, the confinement across the emitting layer is typically lower than the plasmonic analogues.
results	but	To contextualise the properties of our perovskite-based Tamm plasmon structure, we first define a reference perovskite structure as the glass/PVK/quasi-#D perovskite/Ag stack which has identical layers to the Tamm-plasmon structure discussed above but eliminating the TiO#/SiO# layers that compromise the photonic crystal.	1	1	10.1038/s41467-024-49838-1	To contextualise the properties of our perovskite-based Tamm plasmon structure, we first define a reference perovskite structure as the glass/PVK/quasi-2D perovskite/Ag stack which has identical layers to the Tamm-plasmon structure discussed above but eliminating the TiO2/SiO2 layers that compromise the photonic crystal.
results	while	By the reference perovskite definition, we rule out the effect of the Tamm plasmon resonance in our reference-perovskite stack while retaining the quenching effect of Ag on the perovskite.	1	1	10.1038/s41467-024-49838-1	By the reference perovskite definition, we rule out the effect of the Tamm plasmon resonance in our reference-perovskite stack while retaining the quenching effect of Ag on the perovskite.
methods	but	Calculations are based on # configurations of the sphere—empty sphere, sample placed in the sphere but laser beam directed on the sphere wall and laser beam directed onto the sample.	1	1	10.1038/s41467-024-49838-1	Calculations are based on 3 configurations of the sphere—empty sphere, sample placed in the sphere but laser beam directed on the sphere wall and laser beam directed onto the sample.
methods	while	The fibre collimated was fixed at # cm away from the sample to maximise the angular resolution while ensuring a high collection of fluorescence.	1	1	10.1038/s41467-024-49838-1	The fibre collimated was fixed at 10 cm away from the sample to maximise the angular resolution while ensuring a high collection of fluorescence.
abstract	however	However, the realization of highly efficient and bright pure-blue devices with narrow emission bandwidth remains a significant challenge.	1	1	10.1038/s41467-026-71292-4	However, the realization of highly efficient and bright pure-blue devices with narrow emission bandwidth remains a significant challenge.
introduction	however	However, pure-blue-emissive #D perovskites usually suffer from severe halide heterogeneity and high defect density during perovskite film preparation, which prohibits further improvements in device performance.	1	1	10.1038/s41467-026-71292-4	However, pure-blue-emissive 3D perovskites usually suffer from severe halide heterogeneity and high defect density during perovskite film preparation, which prohibits further improvements in device performance.
introduction	nevertheless	Nevertheless, the performance of the pure-blue PeLEDs is still hindered by the presence of massive defects (e.g., halogen vacancy defect).	1	1	10.1038/s41467-026-71292-4	Nevertheless, the performance of the pure-blue PeLEDs is still hindered by the presence of massive defects (e.g., halogen vacancy defect).
introduction	while	While the crystal facet has been demonstrated to strongly correlate with the generation of trap states.	1	1	10.1038/s41467-026-71292-4	While the crystal facet has been demonstrated to strongly correlate with the generation of trap states.
introduction	whereas	For example, Tao et al. exhibited that the perovskite (#) facet has the highest defect density, whereas the perovskite (#) facet has the least defects.	1	1	10.1038/s41467-026-71292-4	For example, Tao et al. exhibited that the perovskite (111) facet has the highest defect density, whereas the perovskite (100) facet has the least defects.
results	while	While no variation of the perovskite morphology after chlorobenzene treatment verifies the important role of BAPEG in modulating the perovskite growth.	1	1	10.1038/s41467-026-71292-4	While no variation of the perovskite morphology after chlorobenzene treatment verifies the important role of BAPEG in modulating the perovskite growth.
discussion	however	However, the #D perovskite-based pure-blue devices typically suffer from poor device performance due to the difficulty in obtaining high-quality #D pure-blue perovskites with low defect density.	1	1	10.1038/s41467-026-71292-4	However, the 3D perovskite-based pure-blue devices typically suffer from poor device performance due to the difficulty in obtaining high-quality 3D pure-blue perovskites with low defect density.
discussion	despite	Despite the recent progress in fine control of perovskite crystallization, the natural crystal growth with random facets generates massive trap states in the pure-blue #D perovskites.	1	1	10.1038/s41467-026-71292-4	Despite the recent progress in fine control of perovskite crystallization, the natural crystal growth with random facets generates massive trap states in the pure-blue 3D perovskites.
introduction	while	It has been suggested that the minimum (threshold) driving voltage required to create photons from the EL process equals to the bandgap (Eg) of the emissive material divided by the elementary charge (q), in consideration of the energy conservation principle, while free energy considerations allow a marginal energy gain of a few kT (where k is the Boltzmann constant and T is the temperature).	1	1	10.1038/s41467-022-31478-y	It has been suggested that the minimum (threshold) driving voltage required to create photons from the EL process equals to the bandgap (Eg) of the emissive material divided by the elementary charge (q), in consideration of the energy conservation principle, while free energy considerations allow a marginal energy gain of a few kT (where k is the Boltzmann constant and T is the temperature).
results	while	We observed that, for these perovskite LEDs, the minimum voltages for EL were # V, # V and # V, while the EL peak photon energies were # eV, # eV and # eV, respectively (the minimum detectable photon flux is ~# s−# m−# for our standard measurement setup).	1	1	10.1038/s41467-022-31478-y	We observed that, for these perovskite LEDs, the minimum voltages for EL were 1.3 V, 1.3 V and 1.9 V, while the EL peak photon energies were 1.55 eV, 1.56 eV and 2.4 eV, respectively (the minimum detectable photon flux is ~1016 s−1 m−2 for our standard measurement setup).
results	however	However, all LEDs show remarkably similar EL intensity–voltage behaviours under low operating voltages, and follow the conventional diode equation described below as Eq. (#), where the light emission tracks the current density, j.	1	1	10.1038/s41467-022-31478-y	However, all LEDs show remarkably similar EL intensity–voltage behaviours under low operating voltages, and follow the conventional diode equation described below as Eq. (1), where the light emission tracks the current density, j.
abstract	nevertheless	Nevertheless, achieving efficient and stable Sn-based perovskite second near-infrared window light-emitting diodes remains challenging due to the propensity of Sn#+ to oxidize, resulting in detrimental Sn#+-induced defects and compromised device performance.	1	1	10.1038/s41467-024-54160-x	Nevertheless, achieving efficient and stable Sn-based perovskite second near-infrared window light-emitting diodes remains challenging due to the propensity of Sn2+ to oxidize, resulting in detrimental Sn4+-induced defects and compromised device performance.
introduction	nevertheless	Nevertheless, the emission of these high-efficiency devices is currently restricted to the first NIR window (NIR-I, #–# nm).	1	1	10.1038/s41467-024-54160-x	Nevertheless, the emission of these high-efficiency devices is currently restricted to the first NIR window (NIR-I, 700–900 nm).
introduction	despite	Despite these promising prospects, the fabrication of potential commercial NIR-II Pero-LEDs remains challenging because of the limitation of the emission spectrum and toxicity in Pb-based perovskite components.	1	1	10.1038/s41467-024-54160-x	Despite these promising prospects, the fabrication of potential commercial NIR-II Pero-LEDs remains challenging because of the limitation of the emission spectrum and toxicity in Pb-based perovskite components.
introduction	however	However, despite achieving relatively high device efficiency, organic-inorganic hybrid components have not satisfied the crucial criteria of emitting spectra (emitting peak > # nm) and operational lifetime.	1	1	10.1038/s41467-024-54160-x	However, despite achieving relatively high device efficiency, organic-inorganic hybrid components have not satisfied the crucial criteria of emitting spectra (emitting peak > 900 nm) and operational lifetime.
introduction	although	Although precursor engineering strategies have successfully mitigated Sn#+ oxidation, the presence of Sn#+ remains detectable in the active layer of the fabricated Pero-LEDs.	1	1	10.1038/s41467-024-54160-x	Although precursor engineering strategies have successfully mitigated Sn2+ oxidation, the presence of Sn4+ remains detectable in the active layer of the fabricated Pero-LEDs.
results	however	However, as indicated by our previous study, a considerable amount of Sn#+ remains in the perovskite film despite the introduction of reductants, antioxidants, and thermal-sacrificial agents into the CsSnI# precursor solution to suppress Sn#+ oxidation.	1	1	10.1038/s41467-024-54160-x	However, as indicated by our previous study, a considerable amount of Sn4+ remains in the perovskite film despite the introduction of reductants, antioxidants, and thermal-sacrificial agents into the CsSnI3 precursor solution to suppress Sn2+ oxidation.
results	while	Following moisture treatment, the Sn#+ signal notably shifted toward a higher binding energy, from # eV to # eV, while the Sn#+ signal hardly moved.	1	1	10.1038/s41467-024-54160-x	Following moisture treatment, the Sn4+ signal notably shifted toward a higher binding energy, from 487.4 eV to 487.6 eV, while the Sn2+ signal hardly moved.
results	but	This indicates that moisture altered the chemical environment of Sn#+ but hardly affected Sn#+, indicating that moisture selectively reacts with Sn#+.	1	1	10.1038/s41467-024-54160-x	This indicates that moisture altered the chemical environment of Sn4+ but hardly affected Sn2+, indicating that moisture selectively reacts with Sn4+.
discussion	while	Notably, while moisture treatment achieves significant improvements in film quality and device performance, we recognize that not all Sn#+ defects, particularly those buried underneath or within a grain, have been completely removed.	1	1	10.1038/s41467-024-54160-x	Notably, while moisture treatment achieves significant improvements in film quality and device performance, we recognize that not all Sn4+ defects, particularly those buried underneath or within a grain, have been completely removed.
methods	while	Additionally, #,#-Bis(#,#-di-#-pyridinylphenyl)-#-methylpyrimidine (B#PYMPM) was obtained from Luminescence Technology Corp, while Poly(#,#-ethylenedioxythiophene):poly(styrenesulfonate) (PEDOT:PSS, Clevios PVP AI#) was acquired from Heraeus. #,#-bis (diphenyl phosphoryl) - #,#′- spirobifluorene (SPPO#) was sourced from Xi'an Polymer Technology Crop.	1	1	10.1038/s41467-024-54160-x	Additionally, 4,6-Bis(3,5-di-3-pyridinylphenyl)-2-methylpyrimidine (B3PYMPM) was obtained from Luminescence Technology Corp, while Poly(3,4-ethylenedioxythiophene):poly(styrenesulfonate) (PEDOT:PSS, Clevios PVP AI4083) was acquired from Heraeus. 2,7-bis (diphenyl phosphoryl) - 9,9′- spirobifluorene (SPPO13) was sourced from Xi'an Polymer Technology Crop.
abstract	while	While three-dimensional perovskite light-emitting diodes hold promise for achieving higher brightness compared to low-dimensional counterparts, efficient blue three-dimensional perovskite light-emitting diodes have remained a challenge due to defect formation during the disordered crystallization of multiple A-cation perovskite.	1	1	10.1038/s41467-025-58470-6	While three-dimensional perovskite light-emitting diodes hold promise for achieving higher brightness compared to low-dimensional counterparts, efficient blue three-dimensional perovskite light-emitting diodes have remained a challenge due to defect formation during the disordered crystallization of multiple A-cation perovskite.
introduction	however	However, the efficiency and brightness of blue perovskite LEDs have lagged behind, becoming an obstacle for their application in full-color displays.	1	1	10.1038/s41467-025-58470-6	However, the efficiency and brightness of blue perovskite LEDs have lagged behind, becoming an obstacle for their application in full-color displays.
results	while	Therefore, we conclude that while the crystallization of the Pb sample mainly occurs before the annealing process, the Pb/Sr perovskite experiences a slower, stepwise crystallization pathway, contributing to the high-quality perovskite.	1	1	10.1038/s41467-025-58470-6	Therefore, we conclude that while the crystallization of the Pb sample mainly occurs before the annealing process, the Pb/Sr perovskite experiences a slower, stepwise crystallization pathway, contributing to the high-quality perovskite.
discussion	however	However, effectively controlling the rapid and disordered crystallization of multicomponent blue perovskites has remained a challenge.	1	1	10.1038/s41467-025-58470-6	However, effectively controlling the rapid and disordered crystallization of multicomponent blue perovskites has remained a challenge.
abstract	however	However, the fabrication of flexible metal nanoclusters-based light-emitting diodes is still hindered by low photoluminescence quantum yields, suboptimal solution processability, and consequently compromised emitter-film quality with random dipole orientations.	1	1	10.1038/s41467-025-67737-x	However, the fabrication of flexible metal nanoclusters-based light-emitting diodes is still hindered by low photoluminescence quantum yields, suboptimal solution processability, and consequently compromised emitter-film quality with random dipole orientations.
introduction	while	Although flexible organic small-molecule LEDs and inorganic quantum-dot LEDs have made significant strides, their widespread adoption is hindered by inherent trade-offs among solution processability, exciton stability, and charge transport efficiency: organic emitters suffer from rapid exciton quenching under mechanical stress, while inorganic semiconductors exhibit limited solution processability.	1	1	10.1038/s41467-025-67737-x	Although flexible organic small-molecule LEDs and inorganic quantum-dot LEDs have made significant strides, their widespread adoption is hindered by inherent trade-offs among solution processability, exciton stability, and charge transport efficiency: organic emitters suffer from rapid exciton quenching under mechanical stress, while inorganic semiconductors exhibit limited solution processability.
introduction	however	However, transitioning from colloidal metal NCs to functional solid-state devices presents several challenges that limit LEDs performance. #) Luminescence quenching in the solid state: aggregation-induced quenching reduces photoluminescence quantum yields (PLQYs) by #-#% during film formation, caused by the Förster resonance energy transfer and ligand desorption under spin-coating shear stresses. #) Charge transport limitations: The abundant surface ligands (>#% mass fraction) create insulating barriers between NCs, suppressing carrier mobility and impeding balanced charge injection. #) Dipole orientation randomization: entropy-driven isotropic alignment of emitters in conventional NC films limits light outcoupling efficiency to <#%.	1	1	10.1038/s41467-025-67737-x	However, transitioning from colloidal metal NCs to functional solid-state devices presents several challenges that limit LEDs performance. 1) Luminescence quenching in the solid state: aggregation-induced quenching reduces photoluminescence quantum yields (PLQYs) by 60-90% during film formation, caused by the Förster resonance energy transfer and ligand desorption under spin-coating shear stresses. 2) Charge transport limitations: The abundant surface ligands (>30% mass fraction) create insulating barriers between NCs, suppressing carrier mobility and impeding balanced charge injection. 3) Dipole orientation randomization: entropy-driven isotropic alignment of emitters in conventional NC films limits light outcoupling efficiency to <25%.
results	however	However, a significant PLQYs reduction to #% is observed upon transition from solution to spin-coated films, primarily due to intensified inter-cluster interactions and diminished O# quenching resistance resulting from ligand desorption during the spin-coating process.	1	1	10.1038/s41467-025-67737-x	However, a significant PLQYs reduction to 40.1% is observed upon transition from solution to spin-coated films, primarily due to intensified inter-cluster interactions and diminished O2 quenching resistance resulting from ligand desorption during the spin-coating process.
results	but	And the lifetime of the x% mCP: Au#(C#H#O)# films is proportional to the mCP content, as mCP not only mitigates excessive inter-cluster interactions but also suppresses concentration quenching mechanisms such as triplet-triplet annihilation and oxygen-induced quenching.	1	1	10.1038/s41467-025-67737-x	And the lifetime of the x% mCP: Au10(C15H11O)10 films is proportional to the mCP content, as mCP not only mitigates excessive inter-cluster interactions but also suppresses concentration quenching mechanisms such as triplet-triplet annihilation and oxygen-induced quenching.
results	while	Furthermore, while the neat Au#(C#H#O)# CLEDs reached a maximum external quantum efficiencies (EQE) of #%, the doped devices achieved a significantly higher maximum EQE of #%.	1	1	10.1038/s41467-025-67737-x	Furthermore, while the neat Au10(C15H11O)10 CLEDs reached a maximum external quantum efficiencies (EQE) of 8.2%, the doped devices achieved a significantly higher maximum EQE of 21.6%.
results	whereas	As current density increased from # to # mA cm−#, the surface temperature of PEN-based devices rose from # to # °C, whereas NOA#-based devices increased from # to # °C, confirming efficient Joule heat dissipation to the surroundings.	1	1	10.1038/s41467-025-67737-x	As current density increased from 10 to 100 mA cm−2, the surface temperature of PEN-based devices rose from 55.3 to 72.7 °C, whereas NOA63-based devices increased from 39.8 to 48.4 °C, confirming efficient Joule heat dissipation to the surroundings.
methods	while	For molecular structure analysis, electrospray ionization mass spectra were conducted on a Waters Q-TOF mass spectrometer, while # MHz #H NMR spectra were recorded.	1	1	10.1038/s41467-025-67737-x	For molecular structure analysis, electrospray ionization mass spectra were conducted on a Waters Q-TOF mass spectrometer, while 400 MHz 1H NMR spectra were recorded.
abstract	however	However, although perovskite films with high photoluminescence quantum efficiencies are commonly achieved, the efficiencies of perovskite LEDs are largely limited by the low light out-coupling efficiency.	1	1	10.1038/s41377-020-0328-6	However, although perovskite films with high photoluminescence quantum efficiencies are commonly achieved, the efficiencies of perovskite LEDs are largely limited by the low light out-coupling efficiency.
introduction	however	However, although perovskite films with high PLQEs are commonly achieved, the efficiencies of PeLEDs are largely limited by the low light out-coupling efficiency.	1	1	10.1038/s41377-020-0328-6	However, although perovskite films with high PLQEs are commonly achieved, the efficiencies of PeLEDs are largely limited by the low light out-coupling efficiency.
results	however	However, the TE-PeLED with a # nm top electrode displays the highest EQE among the three devices, revealing the importance of selecting a top electrode of appropriate thickness.	1	1	10.1038/s41377-020-0328-6	However, the TE-PeLED with a 15 nm top electrode displays the highest EQE among the three devices, revealing the importance of selecting a top electrode of appropriate thickness.
results	while	For the optical properties: (#) According to the microcavity resonance principle, the resonant wavelength should match the emission of the materials, enabling the emission profile to be advantageous for light extraction and enhancing the radiative decay rate. (#) The thickness of the semitransparent top electrode should be suitable, ensuring a sufficiently strong microcavity effect while keeping the light absorption by the top electrode sufficiently small. (#) The emitter should be placed in the resonant node, guaranteeing constructive interference.	1	1	10.1038/s41377-020-0328-6	For the optical properties: (1) According to the microcavity resonance principle, the resonant wavelength should match the emission of the materials, enabling the emission profile to be advantageous for light extraction and enhancing the radiative decay rate. (2) The thickness of the semitransparent top electrode should be suitable, ensuring a sufficiently strong microcavity effect while keeping the light absorption by the top electrode sufficiently small. (3) The emitter should be placed in the resonant node, guaranteeing constructive interference.
abstract	nevertheless	Nevertheless it is still challenging to fabricate efficient large-area LEDs using organic small molecules (OLEDs) quantum dots (QLEDs) polymers (PLEDs) and recently-developed hybrid perovskites (PeLEDs) due to difficulties controlling film uniformity.	1	1	10.1038/s41467-020-20433-4	Nevertheless it is still challenging to fabricate efficient large-area LEDs using organic small molecules (OLEDs) quantum dots (QLEDs) polymers (PLEDs) and recently-developed hybrid perovskites (PeLEDs) due to difficulties controlling film uniformity.
introduction	nevertheless	Nevertheless large-area fabrication of these LEDs using mass-production techniques such as blade-coating spray-coating and ink-jet printing etc. is challenging because of the difficulty in control of film thickness uniformity/coverage crystallinity etc. resulting in much lower EQE than the devices made by spin-coating and limiting potential applications of those LEDs in flat panel lighting.	1	1	10.1038/s41467-020-20433-4	Nevertheless large-area fabrication of these LEDs using mass-production techniques such as blade-coating spray-coating and ink-jet printing etc. is challenging because of the difficulty in control of film thickness uniformity/coverage crystallinity etc. resulting in much lower EQE than the devices made by spin-coating and limiting potential applications of those LEDs in flat panel lighting.
introduction	however	However the thick films with large grains are not suitable for PeLEDs due to their low electronhole capture rates.	1	1	10.1038/s41467-020-20433-4	However the thick films with large grains are not suitable for PeLEDs due to their low electronhole capture rates.
results	nevertheless	Nevertheless the rod-like grains for the thick films suggest that N₂ knife will not affect grain growth mechanism.	1	1	10.1038/s41467-020-20433-4	Nevertheless the rod-like grains for the thick films suggest that N₂ knife will not affect grain growth mechanism.
results	but	But PbI₂ precipitations do not grow as the wet film/ink-layer is not PbI₂ saturated.	1	1	10.1038/s41467-020-20433-4	But PbI₂ precipitations do not grow as the wet film/ink-layer is not PbI₂ saturated.
results	while	Furthermore only a small volume of precursor (# µl) is needed for blade-coating while around # µl is required for spin-coating to ensure that the precursor can spread over the whole substrate.	1	1	10.1038/s41467-020-20433-4	Furthermore only a small volume of precursor (30 µl) is needed for blade-coating while around 300 µl is required for spin-coating to ensure that the precursor can spread over the whole substrate.
abstract	however	However the persistent gap between the optical limit of electroluminescence efficiency and the photoluminescence efficiency of colloidal perovskite nanocrystals (PeNCs) suggests that defect passivation alone is not sufficient to achieve highly efficient colloidal PeNC-LEDs.	1	1	10.1038/s41467-024-49751-7	However the persistent gap between the optical limit of electroluminescence efficiency and the photoluminescence efficiency of colloidal perovskite nanocrystals (PeNCs) suggests that defect passivation alone is not sufficient to achieve highly efficient colloidal PeNC-LEDs.
introduction	however	However reducing the size of perovskite crystals leads to an increased surface-to-volume ratio resulting in high susceptibility to surface defects where excitons are quenched by nonradiative recombination.	1	1	10.1038/s41467-024-49751-7	However reducing the size of perovskite crystals leads to an increased surface-to-volume ratio resulting in high susceptibility to surface defects where excitons are quenched by nonradiative recombination.
introduction	yet	Moreover the external quantum efficiency (EQE) of colloidal PeNC-light-emitting diodes (LEDs) has not yet reached the theoretical optical limit despite their high PLQY.	1	1	10.1038/s41467-024-49751-7	Moreover the external quantum efficiency (EQE) of colloidal PeNC-light-emitting diodes (LEDs) has not yet reached the theoretical optical limit despite their high PLQY.
results	however	However the incorporation of #TPYMB resulted in a decreased EQE (#%).	1	1	10.1038/s41467-024-49751-7	However the incorporation of 3TPYMB resulted in a decreased EQE (0.11%).
results	but	Each simulation cell contained more than # atoms making these studies a significant computational undertaking but the large cell is crucial to capturing the multi-site binding of the CMMs.	1	1	10.1038/s41467-024-49751-7	Each simulation cell contained more than 600 atoms making these studies a significant computational undertaking but the large cell is crucial to capturing the multi-site binding of the CMMs.
results	while	While a change in the elasticity of the MHP provides a strong indication of lattice strengthening by the adsorbed CMM we also studied the lattice dynamics more directly to confirm this interpretation.	1	1	10.1038/s41467-024-49751-7	While a change in the elasticity of the MHP provides a strong indication of lattice strengthening by the adsorbed CMM we also studied the lattice dynamics more directly to confirm this interpretation.
results	whereas	The Eb of FA₀.₉GA₀.₁PbBr₃ PeNCs films determined from the Arrhenius fitting of temperature-dependent PL intensity also shows the decreased value of Eb = # meV with PO-T#T CMM compared to Eb = # meV without CMM whereas FA₀.₉GA₀.₁PbBr₃ PeNC with TPBi showed increased Eb = # meV clearly indicating a strengthened lattice (Fig. #a b).	1	1	10.1038/s41467-024-49751-7	The Eb of FA₀.₉GA₀.₁PbBr₃ PeNCs films determined from the Arrhenius fitting of temperature-dependent PL intensity also shows the decreased value of Eb = 79.2 meV with PO-T2T CMM compared to Eb = 101.5 meV without CMM whereas FA₀.₉GA₀.₁PbBr₃ PeNC with TPBi showed increased Eb = 181.0 meV clearly indicating a strengthened lattice (Fig. 6a b).
abstract	but	In all this work not only deepens the device understanding into QLED from the view of semiconductor physics but also builds up a theoretical framework of nanocrystal-based PN junctions.	1	1	10.1038/s41377-026-02356-9	In all this work not only deepens the device understanding into QLED from the view of semiconductor physics but also builds up a theoretical framework of nanocrystal-based PN junctions.
introduction	however	However it still lacks a comprehensive understanding of devices from a semiconductor physics perspective.	1	1	10.1038/s41377-026-02356-9	However it still lacks a comprehensive understanding of devices from a semiconductor physics perspective.
introduction	although	Although the IV curves of efficient QLED can be fitted using the Shockley equation it is very difficult to understand the serious deviation of the ideality factor under high voltage (ideal value: #–#, GaN-LED: #–#³³, QLED: >#³⁶,³⁷).	1	1	10.1038/s41377-026-02356-9	Although the IV curves of efficient QLED can be fitted using the Shockley equation it is very difficult to understand the serious deviation of the ideality factor under high voltage (ideal value: 1–2, GaN-LED: 2–6³³, QLED: >20³⁶,³⁷).
results	although	Although there are different explanations concerning the IV curves in the pre-turn-on stage it still lacks direct theoretical justification.	1	1	10.1038/s41377-026-02356-9	Although there are different explanations concerning the IV curves in the pre-turn-on stage it still lacks direct theoretical justification.
results	however	However the exponential fitting of the IV curves indicates that the ideality factor (n) of QLED devices is significantly higher than the theoretical values predicted by the Shockley equation for PN junctions (usually between # and #).	1	1	10.1038/s41377-026-02356-9	However the exponential fitting of the IV curves indicates that the ideality factor (n) of QLED devices is significantly higher than the theoretical values predicted by the Shockley equation for PN junctions (usually between 1 and 2).
results	while	Accordingly the electron quasi-Fermi level splitting affects the electron concentration in ZMO and QD while the hole quasi-Fermi level splitting determines the hole concentration in TFB and QD.	1	1	10.1038/s41377-026-02356-9	Accordingly the electron quasi-Fermi level splitting affects the electron concentration in ZMO and QD while the hole quasi-Fermi level splitting determines the hole concentration in TFB and QD.
methods	while	For groups Ⅱ-Ⅳ the hole injection layer (HIL) utilizes PEDOT:PSS material sourced from Xi’an Polymer Light Technology Corp while the hole transport layer (HTL) employs TFB material supplied by Xi’an Polymer Light Technology Corp.	1	1	10.1038/s41377-026-02356-9	For groups Ⅱ-Ⅳ the hole injection layer (HIL) utilizes PEDOT:PSS material sourced from Xi’an Polymer Light Technology Corp while the hole transport layer (HTL) employs TFB material supplied by Xi’an Polymer Light Technology Corp.
abstract	while	The device structure prevents background electroluminescence while offering efficient single-dot electroluminescence.	1	1	10.1038/s41467-017-01379-6	The device structure prevents background electroluminescence while offering efficient single-dot electroluminescence.
results	while	The representative electroluminescence (Fig. #d, under # V) and photoluminescence (Supplementary Fig. #) spectra from the same bright spot exhibited similar peak position and peak contour, despite that the photoluminescence spectrum indicated background emission from Poly-TPD (Supplementary Fig. #), while the electroluminescence spectrum was free of any background emission (Fig. #d).	1	1	10.1038/s41467-017-01379-6	The representative electroluminescence (Fig. 1d, under 2.8 V) and photoluminescence (Supplementary Fig. 3) spectra from the same bright spot exhibited similar peak position and peak contour, despite that the photoluminescence spectrum indicated background emission from Poly-TPD (Supplementary Fig. 3), while the electroluminescence spectrum was free of any background emission (Fig. 1d).
results	however	However, if it was too thick, electroluminescence of a single-quantum dot would also be suppressed.	1	1	10.1038/s41467-017-01379-6	However, if it was too thick, electroluminescence of a single-quantum dot would also be suppressed.
results	but	Literature also reported room-temperature photoluminescence of a single self-assembled quantum dot grown by molecular beam epitaxy, but the weak confinement of excitons within such dot reduces the photoluminescence QY at ambient temperature.	1	1	10.1038/s41467-017-01379-6	Literature also reported room-temperature photoluminescence of a single self-assembled quantum dot grown by molecular beam epitaxy, but the weak confinement of excitons within such dot reduces the photoluminescence QY at ambient temperature.
introduction	while	While the solution processability of QDs allows low-cost production of films over a large area, it prevents conducting a secondary solution process on top of the underlying QD film.	1	1	10.1038/s41467-020-16652-4	While the solution processability of QDs allows low-cost production of films over a large area, it prevents conducting a secondary solution process on top of the underlying QD film.
introduction	but	High-resolution patterns of QDs could be successfully prepared, but the luminescence characteristics of QDs could not be preserved completely.	1	1	10.1038/s41467-020-16652-4	High-resolution patterns of QDs could be successfully prepared, but the luminescence characteristics of QDs could not be preserved completely.
introduction	however	These methods, however still require further development for industrial-scale usage in terms of the achievable uniformity, resolution and throughput rate.	1	1	10.1038/s41467-020-16652-4	These methods, however still require further development for industrial-scale usage in terms of the achievable uniformity, resolution and throughput rate.
introduction	despite	Despite the success of patterning, the use of a high-energy X-ray or plasma source is likely to cause loss of PL, which prevents the use of this process for luminescent applications.	1	1	10.1038/s41467-020-16652-4	Despite the success of patterning, the use of a high-energy X-ray or plasma source is likely to cause loss of PL, which prevents the use of this process for luminescent applications.
introduction	yet	Here, we report a simple yet effective method to form high-resolution patterns of QDs that preserves the inherent luminescent properties of the material using a light-driven ligand crosslinker (LiXer).	1	1	10.1038/s41467-020-16652-4	Here, we report a simple yet effective method to form high-resolution patterns of QDs that preserves the inherent luminescent properties of the material using a light-driven ligand crosslinker (LiXer).
results	although	Although the formation of the reactive nitrene intermediate and the final secondary amine moiety resulting from the C–H insertion reaction could not be confirmed directly from the FT-IR spectrum, we conjecture that the N#-moieties of LiXer underwent the C–H insertion reaction with the long alkyl ligands of neighbouring QDs, which formed the chemically crosslinked QD assembly.	1	1	10.1038/s41467-020-16652-4	Although the formation of the reactive nitrene intermediate and the final secondary amine moiety resulting from the C–H insertion reaction could not be confirmed directly from the FT-IR spectrum, we conjecture that the N3-moieties of LiXer underwent the C–H insertion reaction with the long alkyl ligands of neighbouring QDs, which formed the chemically crosslinked QD assembly.
results	but	As shown in Fig. #b, the GI-SAXS pattern of a #-nm sized CdSe/CdZnS QD added with LiXer (# wt%) but not exposed to a UV source showed a peak at qxy = # Å−#, corresponding to the mean centre-to-centre distance (d) for neighbouring QDs of # nm.	1	1	10.1038/s41467-020-16652-4	As shown in Fig. 2b, the GI-SAXS pattern of a 13-nm sized CdSe/CdZnS QD added with LiXer (5 wt%) but not exposed to a UV source showed a peak at qxy = 0.04386 Å−1, corresponding to the mean centre-to-centre distance (d) for neighbouring QDs of 14.3 nm.
abstract	but	Here, a general but previously overlooked degradation channel in light-emitting-diodes, i.e., operando electrochemical reactions of surface ligands with injected charge carriers, is identified.	1	1	10.1038/s41467-020-14756-5	Here, a general but previously overlooked degradation channel in light-emitting-diodes, i.e., operando electrochemical reactions of surface ligands with injected charge carriers, is identified.
introduction	however	However, design and fabrication of high-performance QLEDs remain to be challenging and empirical, which is considered as a result of unbalanced charge injection and interfacial exciton quenching.	1	1	10.1038/s41467-020-14756-5	However, design and fabrication of high-performance QLEDs remain to be challenging and empirical, which is considered as a result of unbalanced charge injection and interfacial exciton quenching.
introduction	despite	Despite extensive efforts on material screening and device engineering, only a few exceptional examples are documented for red and green devices with decent external quantum efficiency and operational lifetime.	1	1	10.1038/s41467-020-14756-5	Despite extensive efforts on material screening and device engineering, only a few exceptional examples are documented for red and green devices with decent external quantum efficiency and operational lifetime.
introduction	but	Here, we report that electrochemical stability of QDs under device operation conditions is an intrinsic but previously overlooked issue.	1	1	10.1038/s41467-020-14756-5	Here, we report that electrochemical stability of QDs under device operation conditions is an intrinsic but previously overlooked issue.
results	however	However, the CdSe/CdS-RNH# QDs and the CdSe/CdS-Cd(RCOO)# QDs deliver strikingly different electroluminescence performance in an identical QLED structure (Fig. #d–g).	1	1	10.1038/s41467-020-14756-5	However, the CdSe/CdS-RNH2 QDs and the CdSe/CdS-Cd(RCOO)2 QDs deliver strikingly different electroluminescence performance in an identical QLED structure (Fig. 1d–g).
results	while	It is interesting that the devices with the as-synthesized CdSe/CdS-Cd(RCOO)# QDs possess a voltage gap of # V between the threshold voltage for current raise and the turn-on voltage for light emission, while this voltage gap is almost zero for the QLEDs using the surface-treated CdSe/CdS-RNH# QDs (Fig. #e).	1	1	10.1038/s41467-020-14756-5	It is interesting that the devices with the as-synthesized CdSe/CdS-Cd(RCOO)2 QDs possess a voltage gap of 0.8 V between the threshold voltage for current raise and the turn-on voltage for light emission, while this voltage gap is almost zero for the QLEDs using the surface-treated CdSe/CdS-RNH2 QDs (Fig. 1e).
results	yet	Above # V, the photoluminescence efficiency of the surface-treated CdSe/CdS-RNH# QDs show little yet reversible reduction, which is likely due to the increased electric field.	1	1	10.1038/s41467-020-14756-5	Above 2 V, the photoluminescence efficiency of the surface-treated CdSe/CdS-RNH2 QDs show little yet reversible reduction, which is likely due to the increased electric field.
results	but	We demonstrate that electrons but not holes injected into the devices are responsible for the decrease of photoluminescence efficiency of the as-synthesized CdSe/CdS-Cd(RCOO)# QDs under positive bias (># V), supporting the picture of operando reduction of cadmium-carboxylate ligands.	1	1	10.1038/s41467-020-14756-5	We demonstrate that electrons but not holes injected into the devices are responsible for the decrease of photoluminescence efficiency of the as-synthesized CdSe/CdS-Cd(RCOO)2 QDs under positive bias (>1.2 V), supporting the picture of operando reduction of cadmium-carboxylate ligands.
results	but	Interestingly, even at these ultra-high current densities the devices do not fail but only exhibit degradation of the EL intensity, typically referred to as a ‘droop effect’.	1	1	10.1038/s41467-022-31189-4	Interestingly, even at these ultra-high current densities the devices do not fail but only exhibit degradation of the EL intensity, typically referred to as a ‘droop effect’.
results	while	While this is not expected to impart damage to a QD crystalline core, it is sufficient to distort a surface passivating layer, leading to decline of the EL efficiency.	1	1	10.1038/s41467-022-31189-4	While this is not expected to impart damage to a QD crystalline core, it is sufficient to distort a surface passivating layer, leading to decline of the EL efficiency.
results	however	However, as a result of current focusing, the onset of a sharp rise in the device temperature shifts to considerably higher j (~# A cm−#) compared to planar structures, which is a direct consequence of the reduction of an injection area and simultaneous increase in a heat exchange constant.	1	1	10.1038/s41467-022-31189-4	However, as a result of current focusing, the onset of a sharp rise in the device temperature shifts to considerably higher j (~1.5 A cm−2) compared to planar structures, which is a direct consequence of the reduction of an injection area and simultaneous increase in a heat exchange constant.
discussion	however	However, they were not sufficient to reach the lasing regime.	1	1	10.1038/s41467-022-31189-4	However, they were not sufficient to reach the lasing regime.
abstract	however	However, the thermal relaxation of high-energy excitons is much faster than the photon emission of them, making them non-emissive.	1	1	10.1038/s41467-024-50432-8	However, the thermal relaxation of high-energy excitons is much faster than the photon emission of them, making them non-emissive.
introduction	but	Typical inorganic or organic photon emitters exhibit broad absorption spectra, so the carriers can be generated by exciting the band-edge or higher-lying energy states, but those high-energy carriers thermally relax to the band-edge rapidly before they emit photons.	1	1	10.1038/s41467-024-50432-8	Typical inorganic or organic photon emitters exhibit broad absorption spectra, so the carriers can be generated by exciting the band-edge or higher-lying energy states, but those high-energy carriers thermally relax to the band-edge rapidly before they emit photons.
introduction	however	However, the valence bands of II-VI and III-V semiconductors are still closely packed and the high-energy excitons are still mostly nonradiative.	1	1	10.1038/s41467-024-50432-8	However, the valence bands of II-VI and III-V semiconductors are still closely packed and the high-energy excitons are still mostly nonradiative.
introduction	while	We observe that the oscillator strength of the ground-state heavy holes (HHs) can be remarkably depressed under electrical fields while that of light holes (LHs) remains intact.	1	1	10.1038/s41467-024-50432-8	We observe that the oscillator strength of the ground-state heavy holes (HHs) can be remarkably depressed under electrical fields while that of light holes (LHs) remains intact.
results	while	This radial composition change causes a composition-dependent phase transition: the Zn-rich parts tend to crystallize in a zinc-blende (ZB) structure, while the Cd-rich part tends to crystallize in a wurtzite (WZ) structure, resulting in a sandwich-like polytypic structure, as can be observed in high-resolution transmission electron microscope (HRTEM) images (Fig. #b, c).	1	1	10.1038/s41467-024-50432-8	This radial composition change causes a composition-dependent phase transition: the Zn-rich parts tend to crystallize in a zinc-blende (ZB) structure, while the Cd-rich part tends to crystallize in a wurtzite (WZ) structure, resulting in a sandwich-like polytypic structure, as can be observed in high-resolution transmission electron microscope (HRTEM) images (Fig. 1b, c).
results	however	According to our previous density functional theory (DFT) computation, LH and HH degeneracy can be lifted in polytypic QDs, and the splitting between LH and HH can reach # meV (Supplementary Fig. #); however, since quantum confinement of the QD used in this work (∼# nm in diameter) is weak, the energy levels are densely packed, resulting in overlaps of band-edge and higher energy exciton transition.	1	1	10.1038/s41467-024-50432-8	According to our previous density functional theory (DFT) computation, LH and HH degeneracy can be lifted in polytypic QDs, and the splitting between LH and HH can reach 50 meV (Supplementary Fig. 2); however, since quantum confinement of the QD used in this work (∼16.8 nm in diameter) is weak, the energy levels are densely packed, resulting in overlaps of band-edge and higher energy exciton transition.
methods	but	The energy of photons under red-edge excitation is controlled at ∼# eV (# nm), which is on the red edge of the main peak in PL spectra (∼# eV) but cannot affect the higher order shoulder (∼# eV).	1	1	10.1038/s41467-024-50432-8	The energy of photons under red-edge excitation is controlled at ∼1.85 eV (670 nm), which is on the red edge of the main peak in PL spectra (∼1.91 eV) but cannot affect the higher order shoulder (∼1.96 eV).
abstract	however	However, achieving electrically pumped amplified spontaneous emission (ASE) in QDs, a prerequisite for lasing, is hampered by the low net optical gain and low current injection of the diodes.	1	1	10.1038/s41377-025-01972-1	However, achieving electrically pumped amplified spontaneous emission (ASE) in QDs, a prerequisite for lasing, is hampered by the low net optical gain and low current injection of the diodes.
abstract	but	By developing a top-emitting cavity featuring a Ag/indium-zinc-oxide (IZO) bottom reflective electrode and a IZO/Ag top semi-transparent electrode, the QD emission is effectively resonated; moreover, not only are the surface plasmon polariton losses induced by the metallic electrodes completely eliminated, but also the optical field can be confined primarily within the QDs, resulting in a reduction in loss and a #-fold enhancement in gain.	1	1	10.1038/s41377-025-01972-1	By developing a top-emitting cavity featuring a Ag/indium-zinc-oxide (IZO) bottom reflective electrode and a IZO/Ag top semi-transparent electrode, the QD emission is effectively resonated; moreover, not only are the surface plasmon polariton losses induced by the metallic electrodes completely eliminated, but also the optical field can be confined primarily within the QDs, resulting in a reduction in loss and a 2-fold enhancement in gain.
introduction	however	However, electrically pumped surface-emitting ASE from QDs, a prerequisite for lasing, has not yet been demonstrated.	1	1	10.1038/s41377-025-01972-1	However, electrically pumped surface-emitting ASE from QDs, a prerequisite for lasing, has not yet been demonstrated.
introduction	yet	Therefore, electrically pumped surface-emitting ASE from QDs has not yet been demonstrated.	1	1	10.1038/s41377-025-01972-1	Therefore, electrically pumped surface-emitting ASE from QDs has not yet been demonstrated.
results	although	At an injection current of #~# A cm−#, although a strong population inversion with #~# excitons per dot is achieved, no ASE is observed, suggesting that the optical gain is much lower than the optical losses, leading to a negative net gain and failure of the ASE.	1	1	10.1038/s41377-025-01972-1	At an injection current of 600~1000 A cm−2, although a strong population inversion with 5~6 excitons per dot is achieved, no ASE is observed, suggesting that the optical gain is much lower than the optical losses, leading to a negative net gain and failure of the ASE.
results	despite	Due to the strong field confinement within the QDs, the optical loss coefficients (αloss) of the TE-DIZO device (# cm−#) is only slightly higher than that of the BE device and lower than those of the TE-IZOB and TE-IZOT devices, despite the introduction of an additional Ag or IZO layer.	1	1	10.1038/s41377-025-01972-1	Due to the strong field confinement within the QDs, the optical loss coefficients (αloss) of the TE-DIZO device (320 cm−1) is only slightly higher than that of the BE device and lower than those of the TE-IZOB and TE-IZOT devices, despite the introduction of an additional Ag or IZO layer.
results	while	We highlight that the optically or electrically pumped surface-emitting ASE can only occur in the specially designed TE-DIZO devices, while the BE or other TE devices pumped under the same conditions do not exhibit any sign of ASE (Supplementary Fig.	1	1	10.1038/s41377-025-01972-1	We highlight that the optically or electrically pumped surface-emitting ASE can only occur in the specially designed TE-DIZO devices, while the BE or other TE devices pumped under the same conditions do not exhibit any sign of ASE (Supplementary Fig.
methods	while	The chemicals chlorobenzene and octane were obtained from Aladdin Industrial Corp., while absolute ethanol was obtained from Shanghai Ling Feng Chemical Reagent Co., Ltd.	1	1	10.1038/s41377-025-01972-1	The chemicals chlorobenzene and octane were obtained from Aladdin Industrial Corp., while absolute ethanol was obtained from Shanghai Ling Feng Chemical Reagent Co., Ltd.
abstract	despite	Colloidal quantum dots with tunable band gap and versatile surface properties remain among the most prominent targets in photocatalysis despite their frequent toxicity, which is detrimental for environmentally friendly technological implementations.	1	1	10.1038/s41467-018-06294-y	Colloidal quantum dots with tunable band gap and versatile surface properties remain among the most prominent targets in photocatalysis despite their frequent toxicity, which is detrimental for environmentally friendly technological implementations.
introduction	but	Photocatalytic processes with semiconductor nanomaterials and QDs, such as CdS, do not only provide most direct low-tech access to clean hydrogen, but also permit fundamentally new insight into the photophysics of hydrogen production.	1	1	10.1038/s41467-018-06294-y	Photocatalytic processes with semiconductor nanomaterials and QDs, such as CdS, do not only provide most direct low-tech access to clean hydrogen, but also permit fundamentally new insight into the photophysics of hydrogen production.
introduction	however	However, the toxicity of Cd severely limits their large-scale application options, not only in photocatalytic water splitting, but also in other urgent global challenges, such as water disinfection and the elimination of multidrug-resistant bacteria with photoexcited QDs.	1	1	10.1038/s41467-018-06294-y	However, the toxicity of Cd severely limits their large-scale application options, not only in photocatalytic water splitting, but also in other urgent global challenges, such as water disinfection and the elimination of multidrug-resistant bacteria with photoexcited QDs.
results	while	While coating of InP QDs with ZnS barely changes the absorption spectrum of the original InP QDs, it leads to a significant improvement of the photoluminescence quantum yield (PLQY) of the system from # to #% with increasing growth time of the capping layer (Supplementary Fig. #).	1	1	10.1038/s41467-018-06294-y	While coating of InP QDs with ZnS barely changes the absorption spectrum of the original InP QDs, it leads to a significant improvement of the photoluminescence quantum yield (PLQY) of the system from 1.0 to 46% with increasing growth time of the capping layer (Supplementary Fig. 2).
results	nevertheless	Nevertheless, the PLQY of InP/ZnS QDs after ligand exchange dropped drastically (Fig. #c) due to the increased amount of surface traps and nonradiative relaxation processes.	1	1	10.1038/s41467-018-06294-y	Nevertheless, the PLQY of InP/ZnS QDs after ligand exchange dropped drastically (Fig. 1c) due to the increased amount of surface traps and nonradiative relaxation processes.
results	although	After ligand exchange, the shape and size of InP and InP/ZnS QDs did not change obviously (Supplementary Figs. # and #), although a slight degree of aggregation took place due to the less repulsive effect of inorganic sulfide ions compared to long-chain organic molecules.	1	1	10.1038/s41467-018-06294-y	After ligand exchange, the shape and size of InP and InP/ZnS QDs did not change obviously (Supplementary Figs. 7 and 8), although a slight degree of aggregation took place due to the less repulsive effect of inorganic sulfide ions compared to long-chain organic molecules.
results	however	However, a less crystalline zone outside the InP core in the aberration-corrected STEM image (Supplementary Fig. #) may arise from the surface modification of QDs with such a thin ZnS layer.	1	1	10.1038/s41467-018-06294-y	However, a less crystalline zone outside the InP core in the aberration-corrected STEM image (Supplementary Fig. 9) may arise from the surface modification of QDs with such a thin ZnS layer.
discussion	although	Although the surface S#− ligands decrease the emission of QDs in the present case, they improve the charge separation efficiency of the system because of their hole capture ability.	1	1	10.1038/s41467-018-06294-y	Although the surface S2− ligands decrease the emission of QDs in the present case, they improve the charge separation efficiency of the system because of their hole capture ability.
introduction	although	MSCs are composed of a specific number of atoms and possess a high degree of uniformity, although the required degree of uniformity is not unanimously defined.	1	1	10.1038/s41467-020-16855-9	MSCs are composed of a specific number of atoms and possess a high degree of uniformity, although the required degree of uniformity is not unanimously defined.
introduction	however	However, some other MSCs are suspected to be disordered and have structural information not clearly analyzed, possibly as a result of isomerism in both the inorganic crystal structures and surface-binding ligand configurations.	1	1	10.1038/s41467-020-16855-9	However, some other MSCs are suspected to be disordered and have structural information not clearly analyzed, possibly as a result of isomerism in both the inorganic crystal structures and surface-binding ligand configurations.
results	but	Control experiments were performed using the precursor ratio optimal for F#-InP:Cl MSCs (#:#:#) but at TR = # °C or # °C instead of # °C; F#-InP:Cl MSCs were produced at a rate significantly slower than the representative F#-InP:Cl MSCs synthesis at both elevated TR (Supplementary Fig. #a, b).	1	1	10.1038/s41467-020-16855-9	Control experiments were performed using the precursor ratio optimal for F360-InP:Cl MSCs (1:3:0.6) but at TR = 110 °C or 80 °C instead of 50 °C; F399-InP:Cl MSCs were produced at a rate significantly slower than the representative F399-InP:Cl MSCs synthesis at both elevated TR (Supplementary Fig. 1a, b).
results	whereas	To further investigate the InCl# effect, the InCl# ratio was greatly reduced to #:#:# at # °C; the extreme reduction of InCl# supply drove the reaction to F#-InP:Cl MSCs (Supplementary Fig. #e), whereas both of the representative InCl# molar ratios (#:#:# and #:#:#) at # °C yielded F#-InP:Cl MSCs.	1	1	10.1038/s41467-020-16855-9	To further investigate the InCl3 effect, the InCl3 ratio was greatly reduced to 1:3:0.08 at 80 °C; the extreme reduction of InCl3 supply drove the reaction to F360-InP:Cl MSCs (Supplementary Fig. 1e), whereas both of the representative InCl3 molar ratios (1:3:1 and 1:3:0.6) at 80 °C yielded F399-InP:Cl MSCs.
results	however	However, this point was not observed when the conversion was slowed by conducting the reaction at # °C or # °C (Supplementary Fig. #b, c); this absence suggests that the conversion is not one-to-one transformation but involves other intermediates that have not been properly detected.	1	1	10.1038/s41467-020-16855-9	However, this point was not observed when the conversion was slowed by conducting the reaction at 50 °C or 25 °C (Supplementary Fig. 4b, c); this absence suggests that the conversion is not one-to-one transformation but involves other intermediates that have not been properly detected.
results	nevertheless	Nevertheless, the presence of excess InCl# could lower the conversion TR to # °C (Supplementary Fig. #a, b).	1	1	10.1038/s41467-020-16855-9	Nevertheless, the presence of excess InCl3 could lower the conversion TR to 110 °C (Supplementary Fig. 9a, b).
results	although	Unfortunately, although the TA data of F#-InP:Cl MSCs were not measured owing to its low photo-stability, the TA decay profiles of #-InP MSCs show no excitation-wavelength dependent features, indicating that there is no Auger and trap-associated exciton dynamics.	1	1	10.1038/s41467-020-16855-9	Unfortunately, although the TA data of F360-InP:Cl MSCs were not measured owing to its low photo-stability, the TA decay profiles of 386-InP MSCs show no excitation-wavelength dependent features, indicating that there is no Auger and trap-associated exciton dynamics.
discussion	whereas	F#-InP:Cl MSCs could be further converted to F#-InP:Cl MSCs at an elevated TR. #-InP MSCs and F#-InP:Cl MSCs had similar crystal structures, whereas F#-InP:Cl MSCs showed the transition from polytwistane to a structure similar to zinc-blende InP.	1	1	10.1038/s41467-020-16855-9	F360-InP:Cl MSCs could be further converted to F399-InP:Cl MSCs at an elevated TR. 386-InP MSCs and F360-InP:Cl MSCs had similar crystal structures, whereas F399-InP:Cl MSCs showed the transition from polytwistane to a structure similar to zinc-blende InP.
discussion	however	Both F#-InP:Zn MSCs and F#-InP:Zn MSCs exhibited QD-like PL properties, however the characters were slightly different by the population of Zn trap sites.	1	1	10.1038/s41467-020-16855-9	Both F408-InP:Zn MSCs and F393-InP:Zn MSCs exhibited QD-like PL properties, however the characters were slightly different by the population of Zn trap sites.
discussion	but	It is not simply because the evolutions involve many species but there are limited tools to directly elucidate the structures of MSCs.	1	1	10.1038/s41467-020-16855-9	It is not simply because the evolutions involve many species but there are limited tools to directly elucidate the structures of MSCs.
discussion	nevertheless	Nevertheless, it is far from pinpointing the structures of each species.	1	1	10.1038/s41467-020-16855-9	Nevertheless, it is far from pinpointing the structures of each species.
abstract	however	However, their practical synthesis typically leads to scattered and unexpected outcomes due to the intervention of multiple reaction pathways associated with complicated side products of reactants.	1	1	10.1038/s41467-022-35731-2	However, their practical synthesis typically leads to scattered and unexpected outcomes due to the intervention of multiple reaction pathways associated with complicated side products of reactants.
abstract	despite	Despite the large lattice mismatch of ZnS to InP, we realised a uniform and interface defect-free ZnS epilayer (~# nm thickness) on InP nanocrystals, as evidenced by a high photoluminescence quantum yield of #%.	1	1	10.1038/s41467-022-35731-2	Despite the large lattice mismatch of ZnS to InP, we realised a uniform and interface defect-free ZnS epilayer (~0.3 nm thickness) on InP nanocrystals, as evidenced by a high photoluminescence quantum yield of 97.3%.
introduction	however	However, the reduction of metal carboxylate and dissociation of trialkylphosphine chalcogenide are also likely to occur at elevated temperatures, which also participates in monomer formation.	1	1	10.1038/s41467-022-35731-2	However, the reduction of metal carboxylate and dissociation of trialkylphosphine chalcogenide are also likely to occur at elevated temperatures, which also participates in monomer formation.
introduction	whereas	Many studies have already achieved PL QY exceeding # or almost unity for CdSe-based heterostructured NCs, whereas that of InP-based heterostructured NCs typically yielded #–# and near unity was laboriously reached by Jang and co-workers.	1	1	10.1038/s41467-022-35731-2	Many studies have already achieved PL QY exceeding 0.8 or almost unity for CdSe-based heterostructured NCs, whereas that of InP-based heterostructured NCs typically yielded 0.4–0.7 and near unity was laboriously reached by Jang and co-workers.
introduction	despite	Despite the most lattice-mismatched ZnS against InP, InP/ZnS NCs yielded a PL QY of #% with a single ZnS epilayer (~# nm) owing to the atomic scale uniformity and the absence of interfacial defects.	1	1	10.1038/s41467-022-35731-2	Despite the most lattice-mismatched ZnS against InP, InP/ZnS NCs yielded a PL QY of 97.3% with a single ZnS epilayer (~0.3 nm) owing to the atomic scale uniformity and the absence of interfacial defects.
results	although	Although the PL QY of InP NCs has recently approximated unity through InP/ZnSe/ZnS core/shell/shell heterostructures, detailed research on the heteroepitaxy chemistry at the molecular level has not been established.	1	1	10.1038/s41467-022-35731-2	Although the PL QY of InP NCs has recently approximated unity through InP/ZnSe/ZnS core/shell/shell heterostructures, detailed research on the heteroepitaxy chemistry at the molecular level has not been established.
results	but	The trace amount of free OA can be associated with zinc acetate, but its negative effect was invisible in the investigation.	1	1	10.1038/s41467-022-35731-2	The trace amount of free OA can be associated with zinc acetate, but its negative effect was invisible in the investigation.
results	nevertheless	Nevertheless, the linewidth broadening in InP–Se–# was significantly smaller than that of other P-based ligands on the NCs' surface.	1	1	10.1038/s41467-022-35731-2	Nevertheless, the linewidth broadening in InP–Se–1 was significantly smaller than that of other P-based ligands on the NCs' surface.
results	however	In this study, however, the chemical identity of Intermediate # was directly observed owing to the stabilisation through chemical bonding with Se on InP–Se or in DIAD–Se and the large steric hindrance associated with one oleate and three octyl groups.	1	1	10.1038/s41467-022-35731-2	In this study, however, the chemical identity of Intermediate 1 was directly observed owing to the stabilisation through chemical bonding with Se on InP–Se or in DIAD–Se and the large steric hindrance associated with one oleate and three octyl groups.
results	whereas	The calculation of compressive strain (Δα/α) by two ZnSe epilayers on #-nm InP NCs agreed well with that of InP/ZnSe based on InP–HF, whereas the counterpart based on pristine InP–OA did not (Fig. #d; see the "Methods" section for details).	1	1	10.1038/s41467-022-35731-2	The calculation of compressive strain (Δα/α) by two ZnSe epilayers on 3.3-nm InP NCs agreed well with that of InP/ZnSe based on InP–HF, whereas the counterpart based on pristine InP–OA did not (Fig. 3d; see the "Methods" section for details).
results	despite	The PL QYs of the InP/ZnSe NCs were similar at the end of the transformation of the ZnSe epilayer at # °C despite HF treatment (Supplementary Fig. #d).	1	1	10.1038/s41467-022-35731-2	The PL QYs of the InP/ZnSe NCs were similar at the end of the transformation of the ZnSe epilayer at 340 °C despite HF treatment (Supplementary Fig. 11d).
discussion	despite	The high affinity of group V elements to oxygen and the consequent liability to oxidation can explain why III–V/II–VI heterostructured NCs have taken a long time to achieve the quality of II–VI/II–VI NCs despite their similar origins.	1	1	10.1038/s41467-022-35731-2	The high affinity of group V elements to oxygen and the consequent liability to oxidation can explain why III–V/II–VI heterostructured NCs have taken a long time to achieve the quality of II–VI/II–VI NCs despite their similar origins.
introduction	however	However, the synthesis of InP QDs still requires relatively high temperatures (typically above # °C) and often relies on highly reactive, expensive, and hazardous phosphorus precursors such as tris(trimethylsilyl)phosphine, which is pyrophoric, expensive, and requires handling at low temperatures.	1	1	10.1038/s41467-023-39531-0	However, the synthesis of InP QDs still requires relatively high temperatures (typically above 200 °C) and often relies on highly reactive, expensive, and hazardous phosphorus precursors such as tris(trimethylsilyl)phosphine, which is pyrophoric, expensive, and requires handling at low temperatures.
introduction	despite	Despite this progress, the reaction of aminophosphines with indium halides still requires temperatures of # °C or above to produce crystalline InP QDs, and the mechanism of this reaction remains poorly understood.	1	1	10.1038/s41467-023-39531-0	Despite this progress, the reaction of aminophosphines with indium halides still requires temperatures of 180 °C or above to produce crystalline InP QDs, and the mechanism of this reaction remains poorly understood.
results	but	Previous work from our group and others has shown that this reaction produces InP QDs at temperatures above # °C, but the fate of the precursors at lower temperatures, and the identity of the intermediate species, remained unclear.	1	1	10.1038/s41467-023-39531-0	Previous work from our group and others has shown that this reaction produces InP QDs at temperatures above 180 °C, but the fate of the precursors at lower temperatures, and the identity of the intermediate species, remained unclear.
results	however	However, when the same experiment was performed in oleylamine, the heat evolution was too large to be attributed solely to the binding of TDAP to InCl# (Supplementary Fig. #).	1	1	10.1038/s41467-023-39531-0	However, when the same experiment was performed in oleylamine, the heat evolution was too large to be attributed solely to the binding of TDAP to InCl3 (Supplementary Fig. 1).
results	while	We selected a mixture of octadecene and a small amount of oleylamine (#% by volume), which provides sufficient solubility for the precursors while minimizing the competitive amine coordination.	1	1	10.1038/s41467-023-39531-0	We selected a mixture of octadecene and a small amount of oleylamine (10% by volume), which provides sufficient solubility for the precursors while minimizing the competitive amine coordination.
results	despite	Powder X-ray diffraction (PXRD) analysis of the purified QDs revealed diffraction peaks consistent with zincblende InP (Fig. #c), confirming that the QDs are crystalline despite the low reaction temperature.	1	1	10.1038/s41467-023-39531-0	Powder X-ray diffraction (PXRD) analysis of the purified QDs revealed diffraction peaks consistent with zincblende InP (Fig. 2c), confirming that the QDs are crystalline despite the low reaction temperature.
results	although	Although the photoluminescence quantum yield of the resulting core/shell QDs (#%) is lower than that of the state-of-the-art InP QDs synthesized at high temperatures, these results demonstrate that the low-temperature cores are competent for subsequent shell growth and can produce emissive materials.	1	1	10.1038/s41467-023-39531-0	Although the photoluminescence quantum yield of the resulting core/shell QDs (25%) is lower than that of the state-of-the-art InP QDs synthesized at high temperatures, these results demonstrate that the low-temperature cores are competent for subsequent shell growth and can produce emissive materials.
discussion	but	ITC experiments revealed that the formation of a Lewis acid-base adduct between the phosphorus precursor and the indium precursor is thermodynamically favorable, but that this interaction is inhibited at low temperatures by the competing, entropically favored coordination of solvent amines.	1	1	10.1038/s41467-023-39531-0	ITC experiments revealed that the formation of a Lewis acid-base adduct between the phosphorus precursor and the indium precursor is thermodynamically favorable, but that this interaction is inhibited at low temperatures by the competing, entropically favored coordination of solvent amines.
introduction	but	CdSe based QDs have also shown such superstructure formation using Au as template, and ligand assisted CdSe/CdS nanocluster formation, but with non-emissive or poor optical properties.	1	1	10.1038/s43246-026-01136-7	CdSe based QDs have also shown such superstructure formation using Au as template, and ligand assisted CdSe/CdS nanocluster formation, but with non-emissive or poor optical properties.
introduction	however	However, in order to enhance the PLQY, the QDs had to be etched with HF followed by ZnS shelling.	1	1	10.1038/s43246-026-01136-7	However, in order to enhance the PLQY, the QDs had to be etched with HF followed by ZnS shelling.
results	but	From Fig. #a, we can see that InP core QDs are not well separated but assembled into superstructures with average size of # nm.	1	1	10.1038/s43246-026-01136-7	From Fig. 1a, we can see that InP core QDs are not well separated but assembled into superstructures with average size of 47.2 nm.
results	whereas	Along with suppression of P-In-O signal, Zn#p doublet appears at # eV and # eV and Se#d peak at # eV, whereas S#p peak is observed at # eV along with a peak at # eV corresponding to sulfate.	1	1	10.1038/s43246-026-01136-7	Along with suppression of P-In-O signal, Zn2p doublet appears at 1021 eV and 1043 eV and Se3d peak at 54.3 eV, whereas S2p peak is observed at 160 eV along with a peak at 166 eV corresponding to sulfate.
results	while	InP QDs synthesized using TOP showed self-assembled superstructure formation (Fig. #a) while InP core synthesized without TOP shows well separated QDs (Fig. #b).	1	1	10.1038/s43246-026-01136-7	InP QDs synthesized using TOP showed self-assembled superstructure formation (Fig. 5a) while InP core synthesized without TOP shows well separated QDs (Fig. 5b).
results	however	However, TOP is a stronger co-ordinating agent than OLAm, due to which it shows higher probability of attaching to the surface of InP QDs, which can also be corroborated by the FTIR spectra (Fig. #c) and XPS analysis (Fig.	1	1	10.1038/s43246-026-01136-7	However, TOP is a stronger co-ordinating agent than OLAm, due to which it shows higher probability of attaching to the surface of InP QDs, which can also be corroborated by the FTIR spectra (Fig. 5c) and XPS analysis (Fig.
results	despite	Therefore, it can be interpreted that TOP preferentially coordinates to surface indium sites and dominates the ligand shell despite the coexistence of oleylamine.	1	1	10.1038/s43246-026-01136-7	Therefore, it can be interpreted that TOP preferentially coordinates to surface indium sites and dominates the ligand shell despite the coexistence of oleylamine.
abstract	however	However their performance is still inferior than the typical organic-inorganic counterparts especially for the devices with p-i-n configuration.	1	1	10.1038/s41467-019-13909-5	However their performance is still inferior than the typical organic-inorganic counterparts especially for the devices with p-i-n configuration.
introduction	however	However to realize commercialization the issues of instability under thermal and light illumination stresses still need to be addressed which mainly results from the high volatility of hydrophilic organic cations (e.g.	1	1	10.1038/s41467-019-13909-5	However to realize commercialization the issues of instability under thermal and light illumination stresses still need to be addressed which mainly results from the high volatility of hydrophilic organic cations (e.g.
introduction	although	Although the PCEs of inorganic PVSCs still fall behind those of the hybrid counterparts these important works validate the promise of CsPbIxBr₃₋x PVSCs.	1	1	10.1038/s41467-019-13909-5	Although the PCEs of inorganic PVSCs still fall behind those of the hybrid counterparts these important works validate the promise of CsPbIxBr₃₋x PVSCs.
introduction	but	In this regard the development of inverted p-i-n inorganic PVSCs is very attractive since it not only can exempt the use of these unstable doped HTLs but also be more compatible with the fabrication of tandem solar cells because most of perovskiteperovskite tandem solar cells are fabricated with the p-i-n architecture to date.	1	1	10.1038/s41467-019-13909-5	In this regard the development of inverted p-i-n inorganic PVSCs is very attractive since it not only can exempt the use of these unstable doped HTLs but also be more compatible with the fabrication of tandem solar cells because most of perovskiteperovskite tandem solar cells are fabricated with the p-i-n architecture to date.
results	however	As seen both perovskite films showed homogenous surface morphology; however the average grain size of the film increased from # nm (Supplementary Fig. #a) to # nm after #TIC-#F treatment (Supplementary Fig. #b).	1	1	10.1038/s41467-019-13909-5	As seen both perovskite films showed homogenous surface morphology; however the average grain size of the film increased from 110 nm (Supplementary Fig. 3a) to 200 nm after 6TIC-4F treatment (Supplementary Fig. 3b).
results	whereas	Whereas the champion device based on the #TIC-#F-treated film exhibited an encouraging PCE of #% with a higher VOC of # V a JSC of # mA cm⁻², and an FF of #%.	1	1	10.1038/s41467-019-13909-5	Whereas the champion device based on the 6TIC-4F-treated film exhibited an encouraging PCE of 16.1% with a higher VOC of 1.16 V a JSC of 17.7 mA cm⁻², and an FF of 78.6%.
results	while	As shown in Supplementary Fig. #, the XPS feature peaks of Pb # f and N #s S #p showed obvious shift towards smaller and larger binding energy respectively after #TIC-#F treatment while the feature peaks of Cs #d F #s and O #s only shifted slightly.	1	1	10.1038/s41467-019-13909-5	As shown in Supplementary Fig. 15, the XPS feature peaks of Pb 4 f and N 1s S 2p showed obvious shift towards smaller and larger binding energy respectively after 6TIC-4F treatment while the feature peaks of Cs 3d F 1s and O 1s only shifted slightly.
results	but	These results verified that #TIC-#F passivation not only suppresses the non-radiative recombination in the device but also improves charge transport in the device.	1	1	10.1038/s41467-019-13909-5	These results verified that 6TIC-4F passivation not only suppresses the non-radiative recombination in the device but also improves charge transport in the device.
abstract	but	Tin perovskites have emerged as promising alternatives to toxic lead perovskites in next-generation photovoltaics but their poor environmental stability remains an obstacle towards more competitive performances.	1	1	10.1038/s41467-021-22864-z	Tin perovskites have emerged as promising alternatives to toxic lead perovskites in next-generation photovoltaics but their poor environmental stability remains an obstacle towards more competitive performances.
introduction	however	However the widespread commercial scaleup of Pb perovskite devices raises concerns in relation to potential health and environmental hazards that their Pb content may cause.	1	1	10.1038/s41467-021-22864-z	However the widespread commercial scaleup of Pb perovskite devices raises concerns in relation to potential health and environmental hazards that their Pb content may cause.
introduction	but	In order to mitigate the toxicity of Pb-halide perovskites but simultaneously retain their favourable photovoltaic properties Pb²⁺ can be replaced by lower-toxicity cations with similar outer shell electron configurations such as Sn²⁺, Ge²⁺, Bi³⁺ or Sb³⁺,,,,,¹⁵.	1	1	10.1038/s41467-021-22864-z	In order to mitigate the toxicity of Pb-halide perovskites but simultaneously retain their favourable photovoltaic properties Pb²⁺ can be replaced by lower-toxicity cations with similar outer shell electron configurations such as Sn²⁺, Ge²⁺, Bi³⁺ or Sb³⁺,,,,,¹⁵.
introduction	while	For example some studies have shown that ASnX₃ (A = Cs⁺, MA⁺ or FA⁺; X = I⁻, Br⁻) can decompose in air to form A₂SnX₆ (vacancy-ordered double perovskite) and SnO₂³¹,,,⁵⁷, while others revealed that FASnI₃ and (PEA)₂SnI₄ (where PEA refers to phenylethylammonium) degrade in the presence of oxygen to SnI₄, SnO₂ and FAI/PEAI.	1	1	10.1038/s41467-021-22864-z	For example some studies have shown that ASnX₃ (A = Cs⁺, MA⁺ or FA⁺; X = I⁻, Br⁻) can decompose in air to form A₂SnX₆ (vacancy-ordered double perovskite) and SnO₂³¹,,,⁵⁷, while others revealed that FASnI₃ and (PEA)₂SnI₄ (where PEA refers to phenylethylammonium) degrade in the presence of oxygen to SnI₄, SnO₂ and FAI/PEAI.
results	however	However the emergence of this phase appears to be delayed as compared to perovskite degradation (#% rise of FA₂SnI₆ peak vs. #% drop of (PEA)₀.₂(FA)₀.₈SnI₃ peak after # min; Supplementary Fig. #a).	1	1	10.1038/s41467-021-22864-z	However the emergence of this phase appears to be delayed as compared to perovskite degradation (12% rise of FA₂SnI₆ peak vs. 73% drop of (PEA)₀.₂(FA)₀.₈SnI₃ peak after 60 min; Supplementary Fig. 1a).
results	while	Moreover it is apparent from Fig. #a that the optical bandgaps of samples (A) and (B) are found to be ~# eV while that of sample (C) is # eV (Tauc plots provided in Supplementary Fig. #).	1	1	10.1038/s41467-021-22864-z	Moreover it is apparent from Fig. 3a that the optical bandgaps of samples (A) and (B) are found to be ~1.32 eV while that of sample (C) is 1.35 eV (Tauc plots provided in Supplementary Fig. 8).
results	but	These measurements indicate a drop in absorbance across the spectrum but more notably around # and # nm close to the energies of the two main allowed optical transitions in these materials.	1	1	10.1038/s41467-021-22864-z	These measurements indicate a drop in absorbance across the spectrum but more notably around 660 and 870 nm close to the energies of the two main allowed optical transitions in these materials.
results	although	We note that the photoinduced decomposition of HI into its elements (H₂ and I₂) cannot be excluded although we expect this path to be less favourable due to thermodynamic limitations.	1	1	10.1038/s41467-021-22864-z	We note that the photoinduced decomposition of HI into its elements (H₂ and I₂) cannot be excluded although we expect this path to be less favourable due to thermodynamic limitations.
abstract	however	However transitioning to large-scale production remains a challenge due to limitations in conventional fabrication methods like spin coating.	1	1	10.1038/s43246-024-00576-3	However transitioning to large-scale production remains a challenge due to limitations in conventional fabrication methods like spin coating.
introduction	however	However the adoption of industry-scale PSCs is hindered by significant challenges particularly in terms of scalability stability and environmental impact.	1	1	10.1038/s43246-024-00576-3	However the adoption of industry-scale PSCs is hindered by significant challenges particularly in terms of scalability stability and environmental impact.
introduction	despite	Despite the impressive efficiency of small-scale PSCs upscaling modules for industrial production remains challenging.	1	1	10.1038/s43246-024-00576-3	Despite the impressive efficiency of small-scale PSCs upscaling modules for industrial production remains challenging.
introduction	while	Printable methods include meniscus coating and spray coating while non-printable methods comprise evaporation techniques and chemical bath deposition.	1	1	10.1038/s43246-024-00576-3	Printable methods include meniscus coating and spray coating while non-printable methods comprise evaporation techniques and chemical bath deposition.
results	however	However the dilution resulted in lower film thickness as well.	1	1	10.1038/s43246-024-00576-3	However the dilution resulted in lower film thickness as well.
results	but	For the #:# Concentration (Fig. #b) the NiO peak remains prominent but there is a slight increase in the Ni and Ni₂O₃ contributions.	1	1	10.1038/s43246-024-00576-3	For the 1:1 Concentration (Fig. 3b) the NiO peak remains prominent but there is a slight increase in the Ni and Ni₂O₃ contributions.
results	while	The dispersion of the critical angle reflecting variations in scattering length densities directly reveals the uniformity of deposition: low dispersion suggests uniformity while high dispersion indicates a less homogeneous deposition.	1	1	10.1038/s43246-024-00576-3	The dispersion of the critical angle reflecting variations in scattering length densities directly reveals the uniformity of deposition: low dispersion suggests uniformity while high dispersion indicates a less homogeneous deposition.
results	despite	Higher electron densities in dilute samples (#:# concentration) suggest that these films despite their reduced thickness may possess enhanced functional properties such as improved barrier characteristics or different optical properties which could improve performance in certain layers of perovskite solar cells.	1	1	10.1038/s43246-024-00576-3	Higher electron densities in dilute samples (1:3 concentration) suggest that these films despite their reduced thickness may possess enhanced functional properties such as improved barrier characteristics or different optical properties which could improve performance in certain layers of perovskite solar cells.
results	nevertheless	Nevertheless a gradient is observed with the film starting at # nm thickness as well as a slight decrease in the film thickness at the end of the coating.	1	1	10.1038/s43246-024-00576-3	Nevertheless a gradient is observed with the film starting at 700 nm thickness as well as a slight decrease in the film thickness at the end of the coating.
discussion	but	Our findings show that not only can NiOx be effectively printed on large substrates but it also significantly enhances the performance and stability of the modules.	1	1	10.1038/s43246-024-00576-3	Our findings show that not only can NiOx be effectively printed on large substrates but it also significantly enhances the performance and stability of the modules.
introduction	however	However the commercial deployment of single junction and tandem PSCs is hindered by their poor long-term operational stability.	1	1	10.1038/s41467-025-56068-6	However the commercial deployment of single junction and tandem PSCs is hindered by their poor long-term operational stability.
introduction	but	Trap-assisted nonradiative recombination also called Shockley-Read-Hall (SRH) would reduce not only PCE but also long-term durability.	1	1	10.1038/s41467-025-56068-6	Trap-assisted nonradiative recombination also called Shockley-Read-Hall (SRH) would reduce not only PCE but also long-term durability.
results	but	It was found that the three salts can passivate these defects but VBETS and LBETS were better than BGTS regardless of defect types which could be because of the introduction of alkyl substituent.	1	1	10.1038/s41467-025-56068-6	It was found that the three salts can passivate these defects but VBETS and LBETS were better than BGTS regardless of defect types which could be because of the introduction of alkyl substituent.
results	however	However this is the opposite of our experimental results.	1	1	10.1038/s41467-025-56068-6	However this is the opposite of our experimental results.
results	while	SCLC results based on electron transporting-only devices (ITO/SnO₂/perovskite/C₆₀/Ag) revealed that the VTFL of control BGTS VBETS and LBETS-modified devices are # V # V # V and # V (Fig. #i) while the results based on hole transporting-only devices (ITO/NiOx/perovskite/Spiro-OMeTAD/Ag) revealed that the VTFL was # V # V # V # V (Supplementary Fig. #).	1	1	10.1038/s41467-025-56068-6	SCLC results based on electron transporting-only devices (ITO/SnO₂/perovskite/C₆₀/Ag) revealed that the VTFL of control BGTS VBETS and LBETS-modified devices are 1.03 V 0.75 V 0.51 V and 0.71 V (Fig. 2i) while the results based on hole transporting-only devices (ITO/NiOx/perovskite/Spiro-OMeTAD/Ag) revealed that the VTFL was 0.67 V 0.66 V 0.53 V 0.58 V (Supplementary Fig. 6).
abstract	however	However, this energy funnel is likely to contain inefficient pathways as the size distribution of nanocrystals, the phase separation between the OHP and the organic phase.	1	1	10.1038/s41467-018-06425-5	However, this energy funnel is likely to contain inefficient pathways as the size distribution of nanocrystals, the phase separation between the OHP and the organic phase.
abstract	while	Our results demonstrate that through the addition of judiciously selected molecular additives, sufficient carrier confinement with first-order recombination characteristics, and efficient suppression of non-radiative recombination can be achieved while retaining efficient charge transport characteristics.	1	1	10.1038/s41467-018-06425-5	Our results demonstrate that through the addition of judiciously selected molecular additives, sufficient carrier confinement with first-order recombination characteristics, and efficient suppression of non-radiative recombination can be achieved while retaining efficient charge transport characteristics.
introduction	however	However, both the size and spatial distribution of OHP nanocrystals are random and it is likely that the energy funnel follows inefficient pathways in the current poorly controlled microstructures.	1	1	10.1038/s41467-018-06425-5	However, both the size and spatial distribution of OHP nanocrystals are random and it is likely that the energy funnel follows inefficient pathways in the current poorly controlled microstructures.
results	while	Both synchrotron #D grazing incidence XRD (GIXRD) and θ–#θ XRD reveal that the crystal (k#) diffractions become preferentially oriented normal to the substrate with increasing PEABr concentration, while the pristine (#% PEABr) films exhibit powder-like rings in the diffraction pattern indicating a random crystallite orientation.	1	1	10.1038/s41467-018-06425-5	Both synchrotron 2D grazing incidence XRD (GIXRD) and θ–2θ XRD reveal that the crystal (k00) diffractions become preferentially oriented normal to the substrate with increasing PEABr concentration, while the pristine (0% PEABr) films exhibit powder-like rings in the diffraction pattern indicating a random crystallite orientation.
results	however	There is, however, also dielectric confinement to consider arising from the different dielectric constants of the two components, i.e., the small Ɛorg of PEABr and the large Ɛinorg of the perovskite.	1	1	10.1038/s41467-018-06425-5	There is, however, also dielectric confinement to consider arising from the different dielectric constants of the two components, i.e., the small Ɛorg of PEABr and the large Ɛinorg of the perovskite.
results	but	We note that the observed improvement of PLQY with addition of crown is not confined to the present system, but can also be observed in other OHP films.	1	1	10.1038/s41467-018-06425-5	We note that the observed improvement of PLQY with addition of crown is not confined to the present system, but can also be observed in other OHP films.
results	whereas	CsPbBr# (#% PEABr) therefore exhibits recombination kinetics typical of bulk perovskite, for which radiative recombination is a non-geminate process, whereas PEABr films (with or without crown) exhibit recombination consistent with nano-crystalline perovskite, for which radiative recombination is a geminate-pair process.	1	1	10.1038/s41467-018-06425-5	CsPbBr3 (0% PEABr) therefore exhibits recombination kinetics typical of bulk perovskite, for which radiative recombination is a non-geminate process, whereas PEABr films (with or without crown) exhibit recombination consistent with nano-crystalline perovskite, for which radiative recombination is a geminate-pair process.
methods	while	The radiant flux contains the total power of electromagnetic radiation, while the luminous flux is that adjusted to reflect the varying sensitivity of the human eye to different wavelengths of light.	1	1	10.1038/s41467-018-06425-5	The radiant flux contains the total power of electromagnetic radiation, while the luminous flux is that adjusted to reflect the varying sensitivity of the human eye to different wavelengths of light.
introduction	however	However, producing color-stable and efficient blue PeLEDs required for lighting and displays remains challenging, especially in light of limited materials stability.	1	1	10.1038/s41467-018-05909-8	However, producing color-stable and efficient blue PeLEDs required for lighting and displays remains challenging, especially in light of limited materials stability.
results	while	We attribute this blueshift to the fact that the component of lowest-n and highest-n phases was inhibited gradually, while the intermediate n phase (n = #, #, #) grew faster instead (Fig. #b).	1	1	10.1038/s41467-018-05909-8	We attribute this blueshift to the fact that the component of lowest-n and highest-n phases was inhibited gradually, while the intermediate n phase (n = 2, 3, 4) grew faster instead (Fig. 2b).
results	but	These results show that the quasi-#D perovskite PEA#A#Pb#Br# films are not single-phase, but instead consist of a mixture of phases with n = #, #, #, #, #, and higher.	1	1	10.1038/s41467-018-05909-8	These results show that the quasi-2D perovskite PEA2A1.5Pb2.5Br8.5 films are not single-phase, but instead consist of a mixture of phases with n = 1, 2, 3, 4, 5, and higher.
results	however	Therefore, increasing the maximum current density can compensate for some of these EQE losses; however, the best luminance could still be realized in a device with higher maximum current density.	1	1	10.1038/s41467-018-05909-8	Therefore, increasing the maximum current density can compensate for some of these EQE losses; however, the best luminance could still be realized in a device with higher maximum current density.
results	yet	When we further gradually increased bias voltage up # V, the EL intensity decreased accordingly mainly due to the degradation of the perovskite materials (Supplementary Fig. #), yet both the EL peak position and FWHM remained unchanged.	1	1	10.1038/s41467-018-05909-8	When we further gradually increased bias voltage up 13 V, the EL intensity decreased accordingly mainly due to the degradation of the perovskite materials (Supplementary Fig. 5), yet both the EL peak position and FWHM remained unchanged.
abstract	but	Quasi-two-dimensional (quasi-#D) Ruddlesden–Popper (RP) perovskites such as BA#Csn−#PbnBr#n+# (BA = butylammonium, n > #) are promising emitters, but their electroluminescence performance is limited by a severe non-radiative recombination during the energy transfer process.	1	1	10.1038/s41467-021-21522-8	Quasi-two-dimensional (quasi-2D) Ruddlesden–Popper (RP) perovskites such as BA2Csn−1PbnBr3n+1 (BA = butylammonium, n > 1) are promising emitters, but their electroluminescence performance is limited by a severe non-radiative recombination during the energy transfer process.
introduction	but	Tremendous progress has already been achieved in improving perovskite LEDs (PeLEDs) based on three-dimensional (#D) perovskite films, but their overall electroluminescence (EL) performance still lags behind those of state-of-the-art organic LEDs and other solid-state lighting devices such as inorganic quantum-dot-based LEDs.	1	1	10.1038/s41467-021-21522-8	Tremendous progress has already been achieved in improving perovskite LEDs (PeLEDs) based on three-dimensional (3D) perovskite films, but their overall electroluminescence (EL) performance still lags behind those of state-of-the-art organic LEDs and other solid-state lighting devices such as inorganic quantum-dot-based LEDs.
introduction	while	The strong hydrogen-bonding interaction between MeS and BA spacer cations effectively modulates the crystallization kinetics and leads to an increased ratio of large-n phase with narrow bandgap QWs, while the uncoordinated Pb#+ ions on the perovskite surface are simultaneously reduced due to the weakened adsorbate blocking effect caused by MeS addition, as well as the formation of Lewis adducts.	1	1	10.1038/s41467-021-21522-8	The strong hydrogen-bonding interaction between MeS and BA spacer cations effectively modulates the crystallization kinetics and leads to an increased ratio of large-n phase with narrow bandgap QWs, while the uncoordinated Pb2+ ions on the perovskite surface are simultaneously reduced due to the weakened adsorbate blocking effect caused by MeS addition, as well as the formation of Lewis adducts.
results	yet	Apart from the structural reconstruction of perovskite films, the elimination (or partial elimination) of uncoordinated Pb#+ ions is yet another factor that ensures a more efficient exciton energy transfer pathway.	1	1	10.1038/s41467-021-21522-8	Apart from the structural reconstruction of perovskite films, the elimination (or partial elimination) of uncoordinated Pb2+ ions is yet another factor that ensures a more efficient exciton energy transfer pathway.
results	but	It not only enables the deposition of smooth and dense perovskite films due to the significantly improved HTL surface wettability, but also suppresses the emission quenching by suppressing charge transfer at the perovskite/HTL interface.	1	1	10.1038/s41467-021-21522-8	It not only enables the deposition of smooth and dense perovskite films due to the significantly improved HTL surface wettability, but also suppresses the emission quenching by suppressing charge transfer at the perovskite/HTL interface.
abstract	but	Current display screens are typically only used for information display but can have a range of different sensors integrated into them for functions such as touch control ambient light sensing and fingerprint sensing.	1	1	10.1038/s41928-024-01151-x	Current display screens are typically only used for information display but can have a range of different sensors integrated into them for functions such as touch control ambient light sensing and fingerprint sensing.
abstract	however	However photo-response is difficult to achieve with conventional display technologies.	1	1	10.1038/s41928-024-01151-x	However photo-response is difficult to achieve with conventional display technologies.
introduction	however	However these additional sensors increase cost and complexity limiting the development of ultra-thin and large screen-to-body ratio screens.	1	1	10.1038/s41928-024-01151-x	However these additional sensors increase cost and complexity limiting the development of ultra-thin and large screen-to-body ratio screens.
introduction	but	LEDs based on cadmium selenide nanocrystals can offer photosensitivity but their weak photo-response which results from the intrinsic trade-off between light absorption and charge transport in nanocrystals limits their development and application potential.	1	1	10.1038/s41928-024-01151-x	LEDs based on cadmium selenide nanocrystals can offer photosensitivity but their weak photo-response which results from the intrinsic trade-off between light absorption and charge transport in nanocrystals limits their development and application potential.
introduction	yet	Nevertheless more simple and feasible strategies that could simultaneously realize multiple defects renovation both in the bulk and on the surface with shallow and deep state along with precise phase distribution modification of RDPs for deep-blue emission are yet to be proposed.	1	1	10.1038/s41377-025-01768-3	Nevertheless more simple and feasible strategies that could simultaneously realize multiple defects renovation both in the bulk and on the surface with shallow and deep state along with precise phase distribution modification of RDPs for deep-blue emission are yet to be proposed.
results	however	However there is a decrease in the PLQY and \({\tau }_{{avg}}\) of the sample treated with # mg mL⁻¹ p-FCACl (Fig.	1	1	10.1038/s41377-025-01768-3	However there is a decrease in the PLQY and \({\tau }_{{avg}}\) of the sample treated with 4 mg mL⁻¹ p-FCACl (Fig.
discussion	but	Meanwhile the byproduct of isCl p-FCA enables not only renovate shallow-state defects induced by halide vacancies through interactions between the C=O groups and uncoordinated lead but also eliminates deep-state defects induced by halide ion migration through hydroxy-group-derived hydrogen bonds which simultaneously modifies carrier recommendation dynamics.	1	1	10.1038/s41377-025-01768-3	Meanwhile the byproduct of isCl p-FCA enables not only renovate shallow-state defects induced by halide vacancies through interactions between the C=O groups and uncoordinated lead but also eliminates deep-state defects induced by halide ion migration through hydroxy-group-derived hydrogen bonds which simultaneously modifies carrier recommendation dynamics.
abstract	but	Colloidal quantum well-based light-emitting diodes are highly promising for electroluminescent applications owing to their high fraction of horizontally aligned transition dipole moments but scalable fabricating their films with dominant horizontal dipole orientation for electroluminescent devices remain major challenges.	1	1	10.1038/s41467-025-65871-0	Colloidal quantum well-based light-emitting diodes are highly promising for electroluminescent applications owing to their high fraction of horizontally aligned transition dipole moments but scalable fabricating their films with dominant horizontal dipole orientation for electroluminescent devices remain major challenges.
introduction	while	Their quasi-two-dimensional structure imposes strong vertical quantum confinement while preserving delocalized in-plane excitons yielding oriented transition dipole moments (TDMs) and enhanced light outcoupling with theoretical EQEs approaching ~#%—well above conventional emitters.	1	1	10.1038/s41467-025-65871-0	Their quasi-two-dimensional structure imposes strong vertical quantum confinement while preserving delocalized in-plane excitons yielding oriented transition dipole moments (TDMs) and enhanced light outcoupling with theoretical EQEs approaching ~40%—well above conventional emitters.
introduction	despite	Despite impressive advances in EQEs a major challenge persists in improving the performance of CQW-based LEDs is the low proportion of horizontally aligned TDMs.	1	1	10.1038/s41467-025-65871-0	Despite impressive advances in EQEs a major challenge persists in improving the performance of CQW-based LEDs is the low proportion of horizontally aligned TDMs.
introduction	however	However the characteristics of the fixed TDMs in CQW films have not been fully exploited and a significant gap remains between the current efficiency of CQW-based LEDs and their theoretical limit.	1	1	10.1038/s41467-025-65871-0	However the characteristics of the fixed TDMs in CQW films have not been fully exploited and a significant gap remains between the current efficiency of CQW-based LEDs and their theoretical limit.
introduction	whereas	In general horizontally oriented TDMs favor efficient light extraction whereas vertically oriented TDMs lead to energy losses and lower device efficiency.	1	1	10.1038/s41467-025-65871-0	In general horizontally oriented TDMs favor efficient light extraction whereas vertically oriented TDMs lead to energy losses and lower device efficiency.
introduction	although	Although inkjet printing involves direct droplet deposition of colloidal nanocrystal solutions onto the substrate surface to form films layer-by-layer this method tends to induce a coffee-ring effect leading to central voids and edge accumulation.	1	1	10.1038/s41467-025-65871-0	Although inkjet printing involves direct droplet deposition of colloidal nanocrystal solutions onto the substrate surface to form films layer-by-layer this method tends to induce a coffee-ring effect leading to central voids and edge accumulation.
results	whereas	The liquid spreading process is predominantly governed by centrifugal force in the spin-coating (Fig. #a) whereas the combined effects of viscous forces surface tension and air resistance significantly influence the spreading dynamics and films formation.	1	1	10.1038/s41467-025-65871-0	The liquid spreading process is predominantly governed by centrifugal force in the spin-coating (Fig. 1a) whereas the combined effects of viscous forces surface tension and air resistance significantly influence the spreading dynamics and films formation.
results	while	The strength of these interactions depends on crystallographic facets: the wider facets exhibit stronger interactions due to their larger contact area and higher density of interaction sites while the narrower facets show weaker interactions owing to limited molecular contact points.	1	1	10.1038/s41467-025-65871-0	The strength of these interactions depends on crystallographic facets: the wider facets exhibit stronger interactions due to their larger contact area and higher density of interaction sites while the narrower facets show weaker interactions owing to limited molecular contact points.
results	although	Although the TDFA film exhibits a compact and horizontally aligned arrangement of CQWs the ratio of horizontal TDMs remains unverified.	1	1	10.1038/s41467-025-65871-0	Although the TDFA film exhibits a compact and horizontally aligned arrangement of CQWs the ratio of horizontal TDMs remains unverified.
results	but	In contrast for s-polarized emission at ky / k₀ = #, both films showed measurable signals but the TDFA film exhibited markedly stronger intensity.	1	1	10.1038/s41467-025-65871-0	In contrast for s-polarized emission at ky / k₀ = 1, both films showed measurable signals but the TDFA film exhibited markedly stronger intensity.
methods	while	The reaction is maintained at # °C for approximately # h after which # mL of oleic acid is added while cooling to room temperature.	1	1	10.1038/s41467-025-65871-0	The reaction is maintained at 240 °C for approximately 0.2 h after which 1 mL of oleic acid is added while cooling to room temperature.
abstract	however	Metal halide perovskites are highly promising luminescent materials; however the development of high-performance blue perovskite light-emitting diodes (PeLEDs) remains constrained by buried interface degradation.	1	1	10.1038/s41467-026-74583-y	Metal halide perovskites are highly promising luminescent materials; however the development of high-performance blue perovskite light-emitting diodes (PeLEDs) remains constrained by buried interface degradation.
introduction	although	Although recent research breakthroughs have enabled green and red PeLEDs to simultaneously reach external quantum efficiencies (EQEs) exceeding #% and high luminance above #,# cd m⁻², the comprehensive performance of blue PeLEDs remains far less advanced.	1	1	10.1038/s41467-026-74583-y	Although recent research breakthroughs have enabled green and red PeLEDs to simultaneously reach external quantum efficiencies (EQEs) exceeding 30% and high luminance above 10,000 cd m⁻², the comprehensive performance of blue PeLEDs remains far less advanced.
introduction	but	The performance limitations of blue PeLEDs stem not only from the inherent constraints of wide-bandgap perovskite materials but more critically from the intrinsic vulnerability of the buried interface within the device.	1	1	10.1038/s41467-026-74583-y	The performance limitations of blue PeLEDs stem not only from the inherent constraints of wide-bandgap perovskite materials but more critically from the intrinsic vulnerability of the buried interface within the device.
introduction	however	However the linear molecular architecture of this polymer HTL features an intrinsic structural vulnerability making it susceptible to swelling and dissolution when directly exposed to those aprotic polar solvents employed in perovskite precursor solution.	1	1	10.1038/s41467-026-74583-y	However the linear molecular architecture of this polymer HTL features an intrinsic structural vulnerability making it susceptible to swelling and dissolution when directly exposed to those aprotic polar solvents employed in perovskite precursor solution.
results	while	After DMSO rinsing the N/In atomic ratio in the pristine sample dramatically decreases from #% to #% while the PPETA-based sample exhibits modest decrease from #% to #% (Fig. #g).	1	1	10.1038/s41467-026-74583-y	After DMSO rinsing the N/In atomic ratio in the pristine sample dramatically decreases from 16.78% to 0.29% while the PPETA-based sample exhibits modest decrease from 15.35% to 4.77% (Fig. 2g).
results	however	However excessive PETA (at # mg mL⁻¹) leads to degraded luminance and EQE due to increased series resistance accompanied by a marginal rise in turn-on voltage.	1	1	10.1038/s41467-026-74583-y	However excessive PETA (at 2.0 mg mL⁻¹) leads to degraded luminance and EQE due to increased series resistance accompanied by a marginal rise in turn-on voltage.
results	whereas	By contrast the pristine device shows obvious local quenching and brightness nonuniformity at # V whereas the PPETA-based device preserves uniform EL emission without observable color shift or brightness degradation.	1	1	10.1038/s41467-026-74583-y	By contrast the pristine device shows obvious local quenching and brightness nonuniformity at 8 V whereas the PPETA-based device preserves uniform EL emission without observable color shift or brightness degradation.
methods	while	During the measurement the conductive substrate of the sample was connected to the sample stage and an AC bias was applied to the tip while the sample was grounded.	1	1	10.1038/s41467-026-74583-y	During the measurement the conductive substrate of the sample was connected to the sample stage and an AC bias was applied to the tip while the sample was grounded.
abstract	yet	Yet the employment of abundant insulating long-chain organic spacer cations severely limits the charge carriers transport capability and electroluminescence performance.	1	1	10.1038/s41467-026-68315-5	Yet the employment of abundant insulating long-chain organic spacer cations severely limits the charge carriers transport capability and electroluminescence performance.
introduction	however	However the development of efficient and stable blue PeLEDs remains a substantial challenge impeding the practical applications and the commercialization of perovskite-based display technology.	1	1	10.1038/s41467-026-68315-5	However the development of efficient and stable blue PeLEDs remains a substantial challenge impeding the practical applications and the commercialization of perovskite-based display technology.
introduction	but	At present incorporating chlorine element into pure-bromide (Br) perovskite emitters is one of the most widely adopted strategies for tuning the emission wavelengths from green to blue region but suffers badly from the ion migration resulting in the spectra shifting under electric field and device instability.	1	1	10.1038/s41467-026-68315-5	At present incorporating chlorine element into pure-bromide (Br) perovskite emitters is one of the most widely adopted strategies for tuning the emission wavelengths from green to blue region but suffers badly from the ion migration resulting in the spectra shifting under electric field and device instability.
introduction	whereas	The halide segregation can be effectively circumvented in small colloidal pure Br perovskite quantum dots (QDs #–# nm) with strong quantum size effect whereas the synthesis of uniform and monodispersed sub-# nm-sized QDs is rather complicated and the long-chain organic capping ligands detrimentally impede efficient charge carrier transport in PeLEDs.	1	1	10.1038/s41467-026-68315-5	The halide segregation can be effectively circumvented in small colloidal pure Br perovskite quantum dots (QDs 3–5 nm) with strong quantum size effect whereas the synthesis of uniform and monodispersed sub-5 nm-sized QDs is rather complicated and the long-chain organic capping ligands detrimentally impede efficient charge carrier transport in PeLEDs.
results	but	These results imply that the AMP and IDMP ligands hardly affect the quantum confinement effect but improve the dielectric confinement in quasi-#D pure-Br perovskites.	1	1	10.1038/s41467-026-68315-5	These results imply that the AMP and IDMP ligands hardly affect the quantum confinement effect but improve the dielectric confinement in quasi-2D pure-Br perovskites.
results	while	The adsorption modes for IDMP on the perovskite surface include single-anchor and double-anchor types while the AMP can show only single-anchor on the perovskite surface (Supplementary Fig. #).	1	1	10.1038/s41467-026-68315-5	The adsorption modes for IDMP on the perovskite surface include single-anchor and double-anchor types while the AMP can show only single-anchor on the perovskite surface (Supplementary Fig. 5).
results	whereas	The PL intensity of pristine film decrease by #% at # °C and almost completely diminish at # °C whereas the IDMP-treated film retains #% of its initial PL intensity at # °C.	1	1	10.1038/s41467-026-68315-5	The PL intensity of pristine film decrease by 50% at 120 °C and almost completely diminish at 150 °C whereas the IDMP-treated film retains 75% of its initial PL intensity at 150 °C.
abstract	despite	Despite being grown on lattice-mismatched substrates and thus having relatively high structural disorder, SSO films exhibited the highest room-temperature mobility, ~# cm# V-# s-#, among all known UWBG semiconductors in the range of carrier concentrations studied.	1	1	10.1038/s42005-021-00742-w	Despite being grown on lattice-mismatched substrates and thus having relatively high structural disorder, SSO films exhibited the highest room-temperature mobility, ~70 cm2 V-1 s-1, among all known UWBG semiconductors in the range of carrier concentrations studied.
introduction	but	Few materials reach commercial production for their intended application, but when they do, the payoff can be tremendous.	1	1	10.1038/s42005-021-00742-w	Few materials reach commercial production for their intended application, but when they do, the payoff can be tremendous.
introduction	despite	These challenges deterred the vast majority of LED researchers, who instead opted to study II-VI semiconductors which—despite obvious degradation problems—were attractive because they could easily be grown with high structural quality, achieve ambipolar doping, and be made into working devices—albeit short-lived ones.	1	1	10.1038/s42005-021-00742-w	These challenges deterred the vast majority of LED researchers, who instead opted to study II-VI semiconductors which—despite obvious degradation problems—were attractive because they could easily be grown with high structural quality, achieve ambipolar doping, and be made into working devices—albeit short-lived ones.
introduction	while	This, and the material's chemical simplicity, make beta-Ga#O# an attractive material system for large-area device fabrication while also eliminating the obstacles of mismatch-induced dislocations and cation nonstoichiometry.	1	1	10.1038/s42005-021-00742-w	This, and the material's chemical simplicity, make beta-Ga2O3 an attractive material system for large-area device fabrication while also eliminating the obstacles of mismatch-induced dislocations and cation nonstoichiometry.
introduction	however	However, experimental studies showing robust controllable doping of SSO are lacking, preventing this question from being directly addressed.	1	1	10.1038/s42005-021-00742-w	However, experimental studies showing robust controllable doping of SSO are lacking, preventing this question from being directly addressed.
results	however	However, the many abundant isotopes of Nd make the SIMS results unreliable.	1	1	10.1038/s42005-021-00742-w	However, the many abundant isotopes of Nd make the SIMS results unreliable.
results	although	For this reason, although not directly, the observed behavior is a strong evidence of #% activation in our samples.	1	1	10.1038/s42005-021-00742-w	For this reason, although not directly, the observed behavior is a strong evidence of 100% activation in our samples.
results	but	Although the two lightest-doped samples show a resistivity minimum near # K, these two samples' resistivities have a temperature dependence consistent with Kondo scattering suggesting that Nd#+ serves not only as a shallow donor, but also as a magnetic impurity.	1	1	10.1038/s42005-021-00742-w	Although the two lightest-doped samples show a resistivity minimum near 150 K, these two samples' resistivities have a temperature dependence consistent with Kondo scattering suggesting that Nd3+ serves not only as a shallow donor, but also as a magnetic impurity.
results	while	At low temperatures, there is a divergent behavior where the mobility of the lightest-doped samples increases with increasing temperature, while most samples show a monotonic decrease with temperature.	1	1	10.1038/s42005-021-00742-w	At low temperatures, there is a divergent behavior where the mobility of the lightest-doped samples increases with increasing temperature, while most samples show a monotonic decrease with temperature.
discussion	while	It is noteworthy that our doped SSO films show high conductivity of # S cm-# while maintaining a reasonably high electron mobility of # cm# V-# s-# combined with a high carrier density, # × #^# cm-#	1	1	10.1038/s42005-021-00742-w	It is noteworthy that our doped SSO films show high conductivity of 2157 S cm-1 while maintaining a reasonably high electron mobility of 67 cm2 V-1 s-1 combined with a high carrier density, 2 × 10^20 cm-3.
discussion	but	We note that other UWBG semiconductors, such as AlGaN, can also achieve high mobilities (# cm# V-# s-# at a carrier density of # × #^# cm-#) or high carrier concentrations (# × #^# cm-# with electron mobility of # cm# V-# s-#), but these properties cannot be achieved simultaneously.	1	1	10.1038/s42005-021-00742-w	We note that other UWBG semiconductors, such as AlGaN, can also achieve high mobilities (426 cm2 V-1 s-1 at a carrier density of 7.3 × 10^14 cm-3) or high carrier concentrations (3.4 × 10^19 cm-3 with electron mobility of 24 cm2 V-1 s-1), but these properties cannot be achieved simultaneously.
discussion	however	However, the success of an UWBG semiconductor requires more than just high conductivity.	1	1	10.1038/s42005-021-00742-w	However, the success of an UWBG semiconductor requires more than just high conductivity.
methods	whereas	Strontium was supplied at # °C to achieve a beam equivalent pressure (BEP) of # × #^-# Torr, whereas the neodymium effusion cell temperature was varied to control the dopant concentration.	1	1	10.1038/s42005-021-00742-w	Strontium was supplied at 444 °C to achieve a beam equivalent pressure (BEP) of 2.4 × 10^-8 Torr, whereas the neodymium effusion cell temperature was varied to control the dopant concentration.
methods	yet	A # nm undoped buffer layer was used, motivated by its success in improving the mobility of the related material BaSnO# although its efficacy has not yet been tested in SSO.	1	1	10.1038/s42005-021-00742-w	A 10 nm undoped buffer layer was used, motivated by its success in improving the mobility of the related material BaSnO3 although its efficacy has not yet been tested in SSO.
introduction	however	However, some mysteries remain to date.	1	1	10.1038/s42005-023-01169-1	However, some mysteries remain to date.
introduction	yet	Yet the ability to count charge carriers (i.e., electrons and holes) is of paramount importance to furthering our understanding of the electronic structure and dynamics of QDs, and it has direct consequences for the design of QD-based optoelectronic devices, such as photovoltaics, lasers, and light-emitting diodes.	1	1	10.1038/s42005-023-01169-1	Yet the ability to count charge carriers (i.e., electrons and holes) is of paramount importance to furthering our understanding of the electronic structure and dynamics of QDs, and it has direct consequences for the design of QD-based optoelectronic devices, such as photovoltaics, lasers, and light-emitting diodes.
introduction	while	In TA experiments, a decrease in sample absorbance can be due to ground-state bleach (GSB) and/or stimulated emission (SE), while an increase in absorbance is due to excited-state absorption (ESA).	1	1	10.1038/s42005-023-01169-1	In TA experiments, a decrease in sample absorbance can be due to ground-state bleach (GSB) and/or stimulated emission (SE), while an increase in absorbance is due to excited-state absorption (ESA).
introduction	but	In recent SRPP experiments with # fs time resolution, hole contributions to the bleach were not resolved in non-surface-engineered CdSe QDs, but hole contributions to the bleach were measured in InCl# surface treated core-only CdSe QDs and core/shell CdSe/CdS/ZnS QDs.	1	1	10.1038/s42005-023-01169-1	In recent SRPP experiments with 130 fs time resolution, hole contributions to the bleach were not resolved in non-surface-engineered CdSe QDs, but hole contributions to the bleach were measured in InCl3 surface treated core-only CdSe QDs and core/shell CdSe/CdS/ZnS QDs.
results	but	The X# and X# transitions share an electron state but differ in their contribution of hole states, so differences in the spectroscopic signatures of these two states can generally be attributed to holes.	1	1	10.1038/s42005-023-01169-1	The X1 and X2 transitions share an electron state but differ in their contribution of hole states, so differences in the spectroscopic signatures of these two states can generally be attributed to holes.
results	while	The transition before the dash represents the excitation while the transition after the dash represents the emission.	1	1	10.1038/s42005-023-01169-1	The transition before the dash represents the excitation while the transition after the dash represents the emission.
results	however	In CdSe, however, there is no significant change in the X#-X# peak between t# = # fs and # fs, signifying that the X# to X# relaxation has already occurred by # fs.	1	1	10.1038/s42005-023-01169-1	In CdSe, however, there is no significant change in the X2-X1 peak between t2 = 100 fs and 200 fs, signifying that the X2 to X1 relaxation has already occurred by 100 fs.
methods	while	The pump beam crosses the sample at an angle and is stopped by a beam block while the probe is transmitted straight through the sample and into a CCD spectrometer (Acton #i, PIXIS #B Excelon).	1	1	10.1038/s42005-023-01169-1	The pump beam crosses the sample at an angle and is stopped by a beam block while the probe is transmitted straight through the sample and into a CCD spectrometer (Acton 2500i, PIXIS 100B Excelon).
abstract	but	Precise characterization of the interfacial properties is essential for device optimization but remains challenging.	1	1	10.1038/s41467-024-50893-x	Precise characterization of the interfacial properties is essential for device optimization but remains challenging.
introduction	although	One pioneering work by Lewis et al. has achieved stable saturation photocurrent (measured at # V vs. reversible hydrogen electrode (RHE)) up to # h with a NiOx/n-Si photoanode employing a CoOx interlayer, although the half-cell solar-to-hydrogen efficiency (HC-STH) of the device decayed from # to ~#% after the stability test due to a decrease of photocurrent at the low-bias region.	1	1	10.1038/s41467-024-50893-x	One pioneering work by Lewis et al. has achieved stable saturation photocurrent (measured at 1.63 V vs. reversible hydrogen electrode (RHE)) up to 1700 h with a NiOx/n-Si photoanode employing a CoOx interlayer, although the half-cell solar-to-hydrogen efficiency (HC-STH) of the device decayed from 2.2 to ~0.74% after the stability test due to a decrease of photocurrent at the low-bias region.
introduction	yet	Yet, an energetically matching and chemically stable interface that permits efficient and stable PEC water oxidation on the n-Si photoanode is still in the quest.	1	1	10.1038/s41467-024-50893-x	Yet, an energetically matching and chemically stable interface that permits efficient and stable PEC water oxidation on the n-Si photoanode is still in the quest.
introduction	however	However, it is challenging to characterize the buried interfaces, especially for interfaces buried tens of nanometers beneath the surface, as conventional XPS has a detection limit of a few nanometers.	1	1	10.1038/s41467-024-50893-x	However, it is challenging to characterize the buried interfaces, especially for interfaces buried tens of nanometers beneath the surface, as conventional XPS has a detection limit of a few nanometers.
results	however	However, the STEM–EDS line scan detected the Cu signal at the NiO/n-Si interface (Supplementary Fig.	1	1	10.1038/s41467-024-50893-x	However, the STEM–EDS line scan detected the Cu signal at the NiO/n-Si interface (Supplementary Fig.
results	although	With increasing exposure time of the NiO/CuxO/n-Si sample in the air, although the saturation photocurrent density did not increase, the onset potential shifted cathodically and reached a minimum of # V vs.	1	1	10.1038/s41467-024-50893-x	With increasing exposure time of the NiO/CuxO/n-Si sample in the air, although the saturation photocurrent density did not increase, the onset potential shifted cathodically and reached a minimum of 0.88 V vs.
results	while	With the increase of air exposure time, the relative intensity of the Cu#O peak gradually decreases while that of the CuO peak increases (Fig. #d–g), and CuO becomes the dominant species after # days (Supplementary Table S#).	1	1	10.1038/s41467-024-50893-x	With the increase of air exposure time, the relative intensity of the Cu2O peak gradually decreases while that of the CuO peak increases (Fig. 3d–g), and CuO becomes the dominant species after 28 days (Supplementary Table S1).
results	whereas	Among the main features, peak # at # eV is attributed to the Ni#+ ions in the Ni–O bonding, whereas peak # at # eV is ascribed to the Ni#+ ions induced by the surface adsorbed \({{{{\rm{O}}}}}_{#{{{\rm{ads}}}}}^{-}\) ions.	1	1	10.1038/s41467-024-50893-x	Among the main features, peak 1 at 854.0 eV is attributed to the Ni2+ ions in the Ni–O bonding, whereas peak 2 at 856.1 eV is ascribed to the Ni3+ ions induced by the surface adsorbed \({{{{\rm{O}}}}}_{2{{{\rm{ads}}}}}^{-}\) ions.
results	nevertheless	Nevertheless, the onset potential of the photoanode is still high because there is a substantial barrier (# mV) for the injection of holes to participate in the OER (Fig. #d).	1	1	10.1038/s41467-024-50893-x	Nevertheless, the onset potential of the photoanode is still high because there is a substantial barrier (860 mV) for the injection of holes to participate in the OER (Fig. 5d).
discussion	but	Our work not only demonstrated an effective interfacial modification strategy for NiO/n-Si heterojunction photoanode but also highlighted HAXPES as a powerful tool to characterize buried interfaces in solar energy conversion devices.	1	1	10.1038/s41467-024-50893-x	Our work not only demonstrated an effective interfacial modification strategy for NiO/n-Si heterojunction photoanode but also highlighted HAXPES as a powerful tool to characterize buried interfaces in solar energy conversion devices.
abstract	however	However, when the interface in contact with the perovskite ink has low wettability, the SDC cannot form a uniform pinhole-free perovskite film, which reduces the performance of the PSC.	1	1	10.1038/s43246-024-00645-7	However, when the interface in contact with the perovskite ink has low wettability, the SDC cannot form a uniform pinhole-free perovskite film, which reduces the performance of the PSC.
introduction	however	However, there are still challenges to manufacturing high-performance PSCs with SDC.	1	1	10.1038/s43246-024-00645-7	However, there are still challenges to manufacturing high-performance PSCs with SDC.
introduction	but	In addition, the charge transfer characteristics at the HTL/perovskite interface are an important factor in determining the efficiency and stability of PSCs, where charge accumulation, trapping, and chemical interactions at the interface not only cause energy loss, which reduces the efficiency of PSCs, but also cause degradation of perovskite, which reduces the stability of PSCs.	1	1	10.1038/s43246-024-00645-7	In addition, the charge transfer characteristics at the HTL/perovskite interface are an important factor in determining the efficiency and stability of PSCs, where charge accumulation, trapping, and chemical interactions at the interface not only cause energy loss, which reduces the efficiency of PSCs, but also cause degradation of perovskite, which reduces the stability of PSCs.
introduction	despite	Therefore, despite the fact that SAMs such as Me-#PACz are excellent materials for HTL, their poor wettability has delayed the development of high-performance PSCs based on mass-production technologies such as slot-die.	1	1	10.1038/s43246-024-00645-7	Therefore, despite the fact that SAMs such as Me-4PACz are excellent materials for HTL, their poor wettability has delayed the development of high-performance PSCs based on mass-production technologies such as slot-die.
results	while	At this time, the ink forms a meniscus, a liquid bridge between the slot-die head and the substrate, and is deposited as a wet film while the slot-die head moves over the substrate.	1	1	10.1038/s43246-024-00645-7	At this time, the ink forms a meniscus, a liquid bridge between the slot-die head and the substrate, and is deposited as a wet film while the slot-die head moves over the substrate.
results	however	However, when the substrate has poor wettability, air is introduced between the liquid bridge and the substrate, causing discontinuous deposition of the wet film or the formation of bubbles within the wet film, which subsequently leads to regions where the perovskite film is not formed or pinholes.	1	1	10.1038/s43246-024-00645-7	However, when the substrate has poor wettability, air is introduced between the liquid bridge and the substrate, causing discontinuous deposition of the wet film or the formation of bubbles within the wet film, which subsequently leads to regions where the perovskite film is not formed or pinholes.
results	whereas	The NiOOH (# eV) signal was observed in pristine SC and SDC NiO, whereas it was not observed in Me-#PACz-deposited SC NiO/SC Me-#PACz, SC NiO/SDC Me-#PACz, and SDC NiO/SDC Me-#PACz-based HTLs.	1	1	10.1038/s43246-024-00645-7	The NiOOH (857.7 eV) signal was observed in pristine SC and SDC NiO, whereas it was not observed in Me-4PACz-deposited SC NiO/SC Me-4PACz, SC NiO/SDC Me-4PACz, and SDC NiO/SDC Me-4PACz-based HTLs.
results	despite	This result also demonstrates that the SDC process can be employed as a technique to improve and control the wettability of Me-#PACz, despite its inherent hydrophobic properties.	1	1	10.1038/s43246-024-00645-7	This result also demonstrates that the SDC process can be employed as a technique to improve and control the wettability of Me-4PACz, despite its inherent hydrophobic properties.
discussion	but	Our findings suggest that the SDC process not only effectively eliminates the limitations associated with Me-#PACz, but also provides a promising approach for the sustained mass production of PSCs, which could lead to the fabrication of highly efficient perovskite solar modules and pave the way for future commercialization.	1	1	10.1038/s43246-024-00645-7	Our findings suggest that the SDC process not only effectively eliminates the limitations associated with Me-4PACz, but also provides a promising approach for the sustained mass production of PSCs, which could lead to the fabrication of highly efficient perovskite solar modules and pave the way for future commercialization.
abstract	but	Inorganic all-solid-state electrochromic devices (ECDs) are promising for smart windows and adaptive optoelectronics, but they often suffer from insufficient optical contrast, slow switching kinetics and poor cycling stability.	1	1	10.1038/s41467-026-71949-0	Inorganic all-solid-state electrochromic devices (ECDs) are promising for smart windows and adaptive optoelectronics, but they often suffer from insufficient optical contrast, slow switching kinetics and poor cycling stability.
abstract	yet	High-voltage operation enhances optical modulation and redox kinetics, yet it accelerates metastable phase transitions and structural degradation.	1	1	10.1038/s41467-026-71949-0	High-voltage operation enhances optical modulation and redox kinetics, yet it accelerates metastable phase transitions and structural degradation.
introduction	despite	Despite these advantages, inorganic all-solid-state ECDs still face several critical challenges, including insufficient optical contrast, limited coloration efficiency, slow switching kinetics, and suboptimal long-term stability.	1	1	10.1038/s41467-026-71949-0	Despite these advantages, inorganic all-solid-state ECDs still face several critical challenges, including insufficient optical contrast, limited coloration efficiency, slow switching kinetics, and suboptimal long-term stability.
introduction	however	However, high-voltage operation also introduces challenges.	1	1	10.1038/s41467-026-71949-0	However, high-voltage operation also introduces challenges.
introduction	but	Our findings not only elucidate the intrinsic degradation mechanisms in NiO-based ECDs but also offers a universal strategy to stabilize oxide-based electrode under high-voltage operation.	1	1	10.1038/s41467-026-71949-0	Our findings not only elucidate the intrinsic degradation mechanisms in NiO-based ECDs but also offers a universal strategy to stabilize oxide-based electrode under high-voltage operation.
results	but	This not only impairs ionic conductivity but also exacerbates interfacial mechanical failure.	1	1	10.1038/s41467-026-71949-0	This not only impairs ionic conductivity but also exacerbates interfacial mechanical failure.
results	while	In the mono-adsorbed case, negligible hybridization occurs due to the absence of direct Ni–O interaction, while Mo–O bonding shows strong σ (dz−#p) and π (dxz/dyz−#p) overlap.	1	1	10.1038/s41467-026-71949-0	In the mono-adsorbed case, negligible hybridization occurs due to the absence of direct Ni–O interaction, while Mo–O bonding shows strong σ (dz−2p) and π (dxz/dyz−2p) overlap.
results	although	Although both NiOy and MoxNi#-xOy ECDs exhibit similar phase transformation behavior during charging, the shift of the (#) peak is more pronounced in MoxNi#-xOy ECD (#°) than in NiOy ECD (#°), indicating a more extensive lattice rearrangement.	1	1	10.1038/s41467-026-71949-0	Although both NiOy and MoxNi1-xOy ECDs exhibit similar phase transformation behavior during charging, the shift of the (003) peak is more pronounced in MoxNi1-xOy ECD (0.72°) than in NiOy ECD (0.6°), indicating a more extensive lattice rearrangement.
results	despite	Despite experiencing more substantial volumetric changes and peak shift throughout cycling, the MoxNi#-xOy fully recovers to its initial (#) peak position, confirming excellent structural reversibility and integrity.	1	1	10.1038/s41467-026-71949-0	Despite experiencing more substantial volumetric changes and peak shift throughout cycling, the MoxNi1-xOy fully recovers to its initial (003) peak position, confirming excellent structural reversibility and integrity.
discussion	while	The resulting device achieves an ultralong cycle life of #,# cycles—among the best reported for all‑solid‑state inorganic ECDs—while maintaining high optical modulation.	1	1	10.1038/s41467-026-71949-0	The resulting device achieves an ultralong cycle life of 17,000 cycles—among the best reported for all‑solid‑state inorganic ECDs—while maintaining high optical modulation.
methods	while	The LHBs is defined as the dominant occupied Ni #d spectral weight below the Fermi level in the DOS, while the UHBs is identified as the lowest-energy unoccupied Ni #d states above the Fermi level.	1	1	10.1038/s41467-026-71949-0	The LHBs is defined as the dominant occupied Ni 3d spectral weight below the Fermi level in the DOS, while the UHBs is identified as the lowest-energy unoccupied Ni 3d states above the Fermi level.
abstract	however	However, SAM aggregation leads to non-uniform interfacial contact, limiting further improvements in efficiency and stability.	1	1	10.1038/s41467-026-72115-2	However, SAM aggregation leads to non-uniform interfacial contact, limiting further improvements in efficiency and stability.
introduction	however	However, these strategies remain inherently susceptible to challenges including ambiguous molecular arrangements, phase separation, excessive molecular complexity, and intricate processing requirements, any of which can compromise reproducibility.	1	1	10.1038/s41467-026-72115-2	However, these strategies remain inherently susceptible to challenges including ambiguous molecular arrangements, phase separation, excessive molecular complexity, and intricate processing requirements, any of which can compromise reproducibility.
results	whereas	At the target concentration (# mg mL−#), PFA molecules are discretely distributed across the interface (Fig. #h), whereas higher concentrations (# mg mL−# and # mg mL−#) leads to the formation of larger, continuous regions (Fig. #i, j and Supplementary Fig. #).	1	1	10.1038/s41467-026-72115-2	At the target concentration (0.25 mg mL−1), PFA molecules are discretely distributed across the interface (Fig. 1h), whereas higher concentrations (0.5 mg mL−1 and 1.0 mg mL−1) leads to the formation of larger, continuous regions (Fig. 1i, j and Supplementary Fig. 7).
results	while	The data indicate that PFA molecules increase the contact angle, suggesting that the perfluoro termini are oriented outward while the carboxyl groups interact with NiOx, consistent with DFT findings.	1	1	10.1038/s41467-026-72115-2	The data indicate that PFA molecules increase the contact angle, suggesting that the perfluoro termini are oriented outward while the carboxyl groups interact with NiOx, consistent with DFT findings.
results	but	We found that the PFA-based confinement interface not only promotes a more uniform distribution of Me-#PACz but also inhibits its self-aggregation.	1	1	10.1038/s41467-026-72115-2	We found that the PFA-based confinement interface not only promotes a more uniform distribution of Me-4PACz but also inhibits its self-aggregation.
results	however	However, as there is no SAM layer in this case, the device efficiency is much lower.	1	1	10.1038/s41467-026-72115-2	However, as there is no SAM layer in this case, the device efficiency is much lower.
discussion	while	We have demonstrated that the molecular confinement interface effectively facilitates uniform SAM loading while preventing SAM aggregation.	1	1	10.1038/s41467-026-72115-2	We have demonstrated that the molecular confinement interface effectively facilitates uniform SAM loading while preventing SAM aggregation.
