verb	tier	total_occurrences	paper_count	top_papers	exemplar_quotes
suggest	associative	1800	497	10.1038/s41586-024-08275-2;10.1038/s41586-024-08337-5;10.1038/s41586-024-08341-9;10.1038/s41586-024-08353-5;10.1038/s41586-024-08371-3;10.1038/s41377-025-01817-x;10.1038/s41467-023-35954-x;10.1038/s41467-023-43340-w;10.1038/s41467-023-43472-z;10.1038/s41467-024-53965-0;10.1038/s41467-025-60886-z;10.1038/s41467-025-66981-5;10.1038/s41467-026-74151-4;10.1038/s41563-024-01812-4;10.1038/s41377-024-01704-x;10.1038/s41377-025-01867-1;10.1038/s41467-023-41929-9;10.1038/s41467-024-52401-7;10.1038/s41467-024-52521-0;10.1038/s41467-024-55619-7;10.1038/s41467-025-57746-1;10.1038/s41467-025-58471-5;10.1038/s41467-025-62345-1;10.1038/s41467-025-64596-4;10.1038/s41467-025-64696-1;10.1038/s41566-024-01458-3;10.1038/s41586-024-07149-x;10.1038/s41467-019-08749-2;10.1038/s41467-020-15944-z;10.1038/s41467-021-25955-z;10.1038/s41467-021-27652-3;10.1038/s41467-022-29702-w;10.1038/s41467-024-51760-5;10.1038/s41467-025-57304-9;10.1038/s41467-025-65695-y;10.1038/s41467-026-69198-2;10.1038/s41467-026-69200-x;10.1038/s41467-026-71301-6;10.1038/s41467-020-18006-6;10.1038/s41467-023-40746-4;10.1038/s41467-023-41041-y;10.1038/s41467-025-56815-9;10.1038/s41467-025-57200-2;10.1038/s41467-025-58047-3;10.1038/s41467-019-13951-3;10.1038/s41467-021-24931-x;10.1038/s41467-023-38216-y;10.1038/s41467-024-55812-8;10.1038/s41563-025-02123-y;10.1038/s41467-019-09737-2;10.1038/s41467-019-12558-y;10.1038/s41467-020-16865-7;10.1038/s41467-021-24762-w;10.1038/s41467-022-29812-5;10.1038/s41467-024-45945-1;10.1038/s41467-024-50634-0;10.1038/s43246-026-01177-y;qdp_2012_lifetime-blinking-nonblinking-qd;qdp_2013_auger-control-carrier-kinetics;qdp_2014_carrier-multiplication-quasi-type-ii;qdp_2016_inas-qd-size-tunable-nir-emission;10.1038/s41377-026-02237-1;10.1038/s41467-018-03049-7;10.1038/s41467-018-07383-8;10.1038/s41467-019-08561-y;10.1038/s41467-019-09794-7;10.1038/s41467-020-14747-6;10.1038/s41467-020-20582-6;10.1038/s41467-021-20970-6;10.1038/s41467-022-31478-y;10.1038/s41467-024-50508-5;10.1038/s41467-024-54160-x;10.1038/s41467-025-67737-x;10.1038/s41467-026-71292-4;10.1038/s41467-026-72625-z;10.1038/s41467-026-75756-5;10.1038/s41377-020-0328-6;10.1038/s41377-026-02356-9;10.1038/s41467-020-14756-5;10.1038/s41467-020-16855-9;10.1038/s41467-020-20433-4;10.1038/s41467-021-22864-z;10.1038/s41467-022-35731-2;10.1038/s41467-024-49751-7;10.1038/s41467-024-50432-8;10.1038/s43246-024-00576-3;10.1038/s43246-026-01136-7;10.1038/s41377-025-01768-3;10.1038/s41467-018-06425-5;10.1038/s41467-024-50893-x;10.1038/s42005-021-00742-w;10.1038/s42005-023-01169-1;10.1038/s43246-024-00645-7	These results suggest that the OSCtarget devices achieved better carrier transport and a high-quality SAM/MoO₃/SAM heterojunction | These results suggest the charge balance in blue devices is poor, but they cannot accurately reflect the situation in a real QLED device | The results suggest a long-lived intermediate state of QD^- | These results suggest the transfer of Cs⁺, Pb²⁺, and Br ions from the soluble to insoluble solvents is too fast during the supersaturated recrystallization process which significantly enlarges the QD size to ~50–100 nm larger than the CsPbBr₃ QDs synthesized by the hot-injection method that generally have a smaller size of ~ 10–15 nm. | These findings suggest that DPP is successfully anchored on the surface of DPPA-NCs (Fig. 1b). | These results suggest that CsSn0.09Pb0.91I3 QDs show significantly increased colloidal stability due to the incorporation of stannous ions at the B-site of the CsPbI3 lattice.
show	causal	2130	572	10.1038/s41586-024-08275-2;10.1038/s41586-024-08337-5;10.1038/s41586-024-08341-9;10.1038/s41586-024-08353-5;10.1038/s41586-024-08371-3;10.1038/s41377-025-01740-1;10.1038/s41377-025-01817-x;10.1038/s41377-025-02019-1;10.1038/s41377-026-02246-0;10.1038/s41377-026-02247-z;10.1038/s41467-023-35954-x;10.1038/s41467-023-36773-w;10.1038/s41467-023-43340-w;10.1038/s41467-023-43408-7;10.1038/s41467-023-43472-z;10.1038/s41467-024-44894-z;10.1038/s41467-024-50022-8;10.1038/s41467-024-52208-6;10.1038/s41467-024-53965-0;10.1038/s41467-025-57472-8;10.1038/s41467-025-59527-2;10.1038/s41467-025-60886-z;10.1038/s41467-025-63684-9;10.1038/s41467-025-66981-5;10.1038/s41467-025-67347-7;10.1038/s41467-026-74151-4;10.1038/s41586-023-05855-6;10.1038/s41928-026-01670-9;10.1038/s41377-024-01601-3;10.1038/s41377-024-01704-x;10.1038/s41377-025-01867-1;10.1038/s41377-025-02000-y;10.1038/s41467-020-15481-9;10.1038/s41467-023-41929-9;10.1038/s41467-024-45944-2;10.1038/s41467-024-49791-z;10.1038/s41467-024-52401-7;10.1038/s41467-024-52521-0;10.1038/s41467-024-55619-7;10.1038/s41467-025-56001-x;10.1038/s41467-025-56987-4;10.1038/s41467-025-57746-1;10.1038/s41467-025-58471-5;10.1038/s41467-025-62345-1;10.1038/s41467-025-64596-4;10.1038/s41467-025-64696-1;10.1038/s41566-024-01458-3;10.1038/s41586-024-07149-x;10.1038/s41928-024-01181-5;10.1038/s41467-019-08749-2;10.1038/s41467-020-15944-z;10.1038/s41467-021-27652-3;10.1038/s41467-022-29702-w;10.1038/s41467-024-51760-5;10.1038/s41467-024-55653-5;10.1038/s41467-025-57304-9;10.1038/s41467-025-59515-6;10.1038/s41467-025-63389-z;10.1038/s41467-025-64111-9;10.1038/s41467-025-65135-x;10.1038/s41467-025-65695-y;10.1038/s41467-025-66421-4;10.1038/s41467-026-69198-2;10.1038/s41467-026-69200-x;10.1038/s41467-026-71301-6;10.1038/s41467-026-73911-6;10.1038/s43246-021-00203-5;10.1038/s41377-022-01036-8;10.1038/s41467-020-18006-6;10.1038/s41467-022-28480-9;10.1038/s41467-022-32010-y;10.1038/s41467-023-40194-0;10.1038/s41467-023-40746-4;10.1038/s41467-023-41041-y;10.1038/s41467-023-41868-5;10.1038/s41467-024-46243-6;10.1038/s41467-024-47184-w;10.1038/s41467-024-55376-7;10.1038/s41467-025-56815-9;10.1038/s41467-025-57200-2;10.1038/s41467-025-58047-3;10.1038/s41467-026-74198-3;10.1038/s41586-024-07360-w;10.1038/s41928-024-01205-0;alhtl_2017_cspbbr3-moo3-hil-peled;10.1038/s41377-024-01500-7;10.1038/s41377-024-01727-4;10.1038/s41377-025-01835-9;10.1038/s41377-025-01987-8;10.1038/s41467-018-02978-7;10.1038/s41467-018-05760-x;10.1038/s41467-018-07099-9;10.1038/s41467-019-13437-2;10.1038/s41467-020-16659-x;10.1038/s41467-021-24931-x;10.1038/s41467-022-28037-w;10.1038/s41467-023-36118-7;10.1038/s41467-023-38216-y;10.1038/s41467-024-47891-4;10.1038/s41467-024-49574-6;10.1038/s41467-024-55812-8;10.1038/s41467-025-56557-8;10.1038/s41467-025-64546-0;10.1038/s41467-026-70555-4;10.1038/s41467-026-72733-w;10.1038/s41563-025-02123-y;10.1038/s41377-022-00992-5;10.1038/s41377-025-01959-y;10.1038/s41467-018-04986-z;10.1038/s41467-019-09737-2;10.1038/s41467-019-12558-y;10.1038/s41467-020-16865-7;10.1038/s41467-021-24762-w;10.1038/s41467-022-29812-5;10.1038/s41467-022-31853-9;10.1038/s41467-023-39488-0;10.1038/s41467-023-40150-y;10.1038/s41467-024-45945-1;10.1038/s41467-024-50634-0;10.1038/s41467-024-53221-5;10.1038/s41467-025-61085-6;10.1038/s41467-025-61511-9;10.1038/s41467-025-63209-4;qc_2015_wearable-rgb-qled-array;qdp_2012_lifetime-blinking-nonblinking-qd;qdp_2013_auger-control-carrier-kinetics;qdp_2013_carrier-multiplication-qd-films;qdp_2014_carrier-multiplication-quasi-type-ii;qdp_2016_inas-qd-size-tunable-nir-emission;10.1038/s41377-026-02237-1;10.1038/s41467-018-03049-7;10.1038/s41467-018-07383-8;10.1038/s41467-019-08561-y;10.1038/s41467-020-14747-6;10.1038/s41467-020-20555-9;10.1038/s41467-020-20582-6;10.1038/s41467-021-20970-6;10.1038/s41467-021-24616-5;10.1038/s41467-022-31478-y;10.1038/s41467-024-49838-1;10.1038/s41467-024-50508-5;10.1038/s41467-024-54160-x;10.1038/s41467-025-58470-6;10.1038/s41467-026-71292-4;10.1038/s41467-026-72625-z;10.1038/s41467-026-73298-4;10.1038/s41467-026-75756-5;10.1038/s41377-020-0328-6;10.1038/s41377-025-01972-1;10.1038/s41377-026-02356-9;10.1038/s41467-018-06294-y;10.1038/s41467-020-14756-5;10.1038/s41467-020-16652-4;10.1038/s41467-020-16855-9;10.1038/s41467-020-20433-4;10.1038/s41467-021-22864-z;10.1038/s41467-022-31189-4;10.1038/s41467-024-49751-7;10.1038/s41467-024-50432-8;10.1038/s41467-025-56068-6;10.1038/s43246-024-00576-3;10.1038/s43246-026-01136-7;10.1038/s41377-025-01768-3;10.1038/s41467-018-05909-8;10.1038/s41467-018-06425-5;10.1038/s41467-021-21522-8;10.1038/s41467-024-50893-x;10.1038/s41467-025-65871-0;10.1038/s41467-026-68315-5;10.1038/s41467-026-71949-0;10.1038/s41467-026-72115-2;10.1038/s41467-026-74583-y;10.1038/s41928-024-01151-x;10.1038/s42005-021-00742-w;10.1038/s42005-023-01169-1;10.1038/s43246-024-00645-7	The Cs₀.₈₇MA₀.₁₃PbBr₃ films show bright and uniform green PL under ultraviolet lamp excitation (Fig. 2c) | In Fig. 3bf we show the optical and electrical characteristics of the standard device (without CuSCN layer) and the SD-PQLED | It becomes evident that all n-i-p type P-O-TSCs show significant current density losses compared to predictions based on the individual sub-cell performance highlighting the significance of optimizing metal NP-based ICLs | These devices show a T₉₅ operation lifetime of more than 2300 h with an initial brightness of 1000 cd m⁻², and an equivalent T₅₀ lifetime at 100 cd m⁻² of more than 2,200,000 h which meets the industrial requirement for display applications. | While the average size of ZnS-QDs are measured to be about 8.4 nm the optimized ZnSe-QDs show a larger size of about 9.8 nm. | Benefiting from the smaller injection barrier the ZnSe-QD-based devices show remarkably high operation lifetime.
indicate	associative	1040	516	10.1038/s41586-024-08275-2;10.1038/s41586-024-08337-5;10.1038/s41586-024-08341-9;10.1038/s41586-024-08353-5;10.1038/s41586-024-08371-3;10.1038/s41377-025-01740-1;10.1038/s41377-025-01817-x;10.1038/s41377-025-02019-1;10.1038/s41377-026-02184-x;10.1038/s41377-026-02231-7;10.1038/s41467-023-35954-x;10.1038/s41467-023-36773-w;10.1038/s41467-023-43340-w;10.1038/s41467-023-43472-z;10.1038/s41467-024-44894-z;10.1038/s41467-024-50022-8;10.1038/s41467-024-53965-0;10.1038/s41467-025-57472-8;10.1038/s41467-025-59527-2;10.1038/s41467-025-63684-9;10.1038/s41467-025-67347-7;10.1038/s41467-026-74151-4;10.1038/s41563-024-01812-4;10.1038/s41586-023-05855-6;10.1038/s41377-024-01704-x;10.1038/s41467-023-41929-9;10.1038/s41467-024-45944-2;10.1038/s41467-024-52401-7;10.1038/s41467-024-52521-0;10.1038/s41467-024-55619-7;10.1038/s41467-025-56987-4;10.1038/s41467-025-57746-1;10.1038/s41467-025-58471-5;10.1038/s41467-025-62345-1;10.1038/s41467-025-63653-2;10.1038/s41467-025-64596-4;10.1038/s41467-025-64696-1;10.1038/s41928-024-01181-5;10.1038/s41467-020-15944-z;10.1038/s41467-021-27652-3;10.1038/s41467-024-51760-5;10.1038/s41467-025-57304-9;10.1038/s41467-025-59515-6;10.1038/s41467-025-63389-z;10.1038/s41467-025-64111-9;10.1038/s41467-025-65135-x;10.1038/s41467-025-66421-4;10.1038/s41467-026-69198-2;10.1038/s41467-026-69200-x;10.1038/s41467-026-71301-6;10.1038/s41467-026-73911-6;10.1038/s43246-021-00203-5;10.1038/s41467-020-18006-6;10.1038/s41467-022-28480-9;10.1038/s41467-023-41041-y;10.1038/s41467-024-46243-6;10.1038/s41467-025-57200-2;10.1038/s41467-025-58047-3;10.1038/s41467-026-74198-3;10.1038/s41586-024-07360-w;10.1038/s41377-024-01500-7;10.1038/s41377-024-01727-4;10.1038/s41377-025-01835-9;10.1038/s41467-018-05760-x;10.1038/s41467-020-16560-7;10.1038/s41467-021-24931-x;10.1038/s41467-022-28037-w;10.1038/s41467-023-36118-7;10.1038/s41467-023-38216-y;10.1038/s41467-024-47891-4;10.1038/s41467-025-56557-8;10.1038/s41467-026-70555-4;10.1038/s41467-026-72733-w;10.1038/s41563-025-02123-y;10.1038/s41377-025-01959-y;10.1038/s41467-019-09737-2;10.1038/s41467-020-16865-7;10.1038/s41467-020-17633-3;10.1038/s41467-024-45945-1;10.1038/s41467-024-50634-0;10.1038/s41467-025-61085-6;10.1038/s41467-025-61511-9;10.1038/s41467-025-63209-4;10.1038/s43246-026-01177-y;qdp_2012_lifetime-blinking-nonblinking-qd;qdp_2013_auger-control-carrier-kinetics;qdp_2014_carrier-multiplication-quasi-type-ii;10.1038/s41377-026-02237-1;10.1038/s41467-018-03049-7;10.1038/s41467-018-07383-8;10.1038/s41467-020-14747-6;10.1038/s41467-020-20555-9;10.1038/s41467-020-20582-6;10.1038/s41467-021-24616-5;10.1038/s41467-022-31478-y;10.1038/s41467-024-50508-5;10.1038/s41467-024-54160-x;10.1038/s41467-025-58470-6;10.1038/s41467-025-67737-x;10.1038/s41467-026-72625-z;10.1038/s41467-026-73298-4;10.1038/s41467-026-75756-5;10.1038/s41377-020-0328-6;10.1038/s41467-018-06294-y;10.1038/s41467-019-13909-5;10.1038/s41467-020-14756-5;10.1038/s41467-020-16855-9;10.1038/s41467-021-22864-z;10.1038/s41467-022-31189-4;10.1038/s41467-024-49751-7;10.1038/s41467-025-56068-6;10.1038/s43246-026-01136-7;10.1038/s41377-025-01768-3;10.1038/s41467-018-06425-5;10.1038/s41467-021-21522-8;10.1038/s41467-025-65871-0;10.1038/s41467-026-71949-0;10.1038/s41467-026-72115-2;10.1038/s41928-024-01151-x;10.1038/s43246-024-00645-7	Importantly these results indicate that SAM-modified HTLs not only enhance charge extraction but also effectively minimize nonradiative recombination losses | The results indicate that k_h- (3.8 × 104 s−1^) is comparable to k_e (2.0 × 10 s−1) | The longer τ1 and τ2 observed in BDA-modified InP GQDs simply indicate less surface unfilled and oxidative defects, which is attributed to the uniform crystalline orientation on the QD surface | These results indicate bilateral passivation strategy are generalized and feasible for passivating the defects on the surface of QD films and increasing the exciton recombination. | Relatively the quickly reaching the steady state indicate that the density of defects in passivated QD films is greatly depressed. | The above results indicate that the carriers remain longer at the band-edge instead of trapping to the defect states for the DPPA-NCs verifying their less-defective surface feature and suppressed nonradiative recombination.
may	speculative	1716	501	10.1038/s41586-024-08275-2;10.1038/s41586-024-08337-5;10.1038/s41586-024-08341-9;10.1038/s41586-024-08353-5;10.1038/s41586-024-08371-3;10.1038/s41377-026-02246-0;10.1038/s41467-023-36773-w;10.1038/s41467-023-43340-w;10.1038/s41467-023-43408-7;10.1038/s41467-023-43472-z;10.1038/s41467-024-50022-8;10.1038/s41467-024-52208-6;10.1038/s41467-024-53965-0;10.1038/s41467-025-60886-z;10.1038/s41467-025-66981-5;10.1038/s41467-026-74151-4;10.1038/s41563-024-01812-4;10.1038/s41928-026-01670-9;10.1038/s41377-024-01601-3;10.1038/s41377-025-01867-1;10.1038/s41467-022-29538-4;10.1038/s41467-024-52401-7;10.1038/s41467-024-52521-0;10.1038/s41467-024-55619-7;10.1038/s41467-025-56987-4;10.1038/s41467-025-63653-2;10.1038/s41467-025-64696-1;10.1038/s41586-024-07149-x;10.1038/s41467-019-08749-2;10.1038/s41467-020-15944-z;10.1038/s41467-021-25955-z;10.1038/s41467-021-27652-3;10.1038/s41467-022-29702-w;10.1038/s41467-024-51760-5;10.1038/s41467-025-59515-6;10.1038/s41467-025-65695-y;10.1038/s41467-025-66421-4;10.1038/s41467-026-69198-2;10.1038/s41467-026-69200-x;10.1038/s41467-026-73911-6;10.1038/s43246-021-00203-5;10.1038/s41467-023-40746-4;10.1038/s41467-023-41041-y;10.1038/s41467-024-46243-6;10.1038/s41467-024-47184-w;10.1038/s41467-024-55376-7;10.1038/s41467-025-56815-9;10.1038/s41467-025-57200-2;10.1038/s41467-025-58047-3;10.1038/s41586-024-07360-w;10.1038/s41928-024-01205-0;10.1038/s43246-020-00084-0;alhtl_2017_cspbbr3-moo3-hil-peled;10.1038/s41377-024-01500-7;10.1038/s41467-019-13951-3;10.1038/s41467-021-24931-x;10.1038/s41467-023-36118-7;10.1038/s41467-023-38216-y;10.1038/s41467-024-55812-8;10.1038/s41467-025-56557-8;10.1038/s41467-025-64546-0;10.1038/s41467-026-70555-4;10.1038/s41563-025-02123-y;10.1038/s41377-022-00992-5;10.1038/s41377-025-01959-y;10.1038/s41467-019-09737-2;10.1038/s41467-020-16865-7;10.1038/s41467-020-17633-3;10.1038/s41467-023-39488-0;10.1038/s41467-024-45945-1;10.1038/s41467-024-50634-0;10.1038/s41467-024-53221-5;10.1038/s41467-025-61511-9;10.1038/s41467-025-63209-4;10.1038/s43246-026-01177-y;qdp_2012_lifetime-blinking-nonblinking-qd;qdp_2013_auger-control-carrier-kinetics;qdp_2013_carrier-multiplication-qd-films;10.1038/s41377-026-02237-1;10.1038/s41467-018-03049-7;10.1038/s41467-018-07383-8;10.1038/s41467-019-08561-y;10.1038/s41467-020-14747-6;10.1038/s41467-020-20582-6;10.1038/s41467-021-24616-5;10.1038/s41467-022-31478-y;10.1038/s41467-024-49838-1;10.1038/s41467-024-50508-5;10.1038/s41467-026-72625-z;10.1038/s41377-020-0328-6;10.1038/s41377-026-02356-9;10.1038/s41467-018-06294-y;10.1038/s41467-019-13909-5;10.1038/s41467-020-14756-5;10.1038/s41467-020-16855-9;10.1038/s41467-021-22864-z;10.1038/s43246-024-00576-3;10.1038/s41377-025-01768-3;10.1038/s41467-018-05909-8;10.1038/s41467-018-06425-5;10.1038/s41467-021-21522-8;10.1038/s41467-025-65871-0;10.1038/s41467-026-72115-2;10.1038/s42005-021-00742-w;10.1038/s42005-023-01169-1;10.1038/s43246-024-00645-7	The low efficiency may arise from high leakage current due to poor morphology (high density of pinholes) significant non-radiative recombination at the interface of perovskite/injection layers and within the perovskite layer itself and charge injection imbalance | The synchronous ELPL measurement showed that PLQY decrease as well as the damage of transport layers at high voltage may lead to this result (Supplementary Figs. 13 and 14) | Additionally the high \({\gamma }_{s}^{p}\) of the MoOx film may induce an electric dipole in atomic Au leading to further electrostatic attraction | The above-mentioned methods all focus on the improvement of colloidal QDs ignoring the damage that the film-forming process may bring to QDs to a certain extent. | However it is well known that the perovskite layer is at the center of the sandwich structure in practical optoelectronic devices both the top and bottom surface of the QD film may face the interface problems that defects and other deposited materials can affect the carrier behavior inside the film. | Thus the interface treatment on both sides of perovskite QD film may provide a good way for the depressed device efficiency and stability.
demonstrate	causal	1077	504	10.1038/s41586-024-08275-2;10.1038/s41586-024-08337-5;10.1038/s41586-024-08341-9;10.1038/s41586-024-08353-5;10.1038/s41586-024-08371-3;10.1038/s41377-025-01740-1;10.1038/s41377-025-01817-x;10.1038/s41377-025-02019-1;10.1038/s41377-026-02231-7;10.1038/s41377-026-02246-0;10.1038/s41467-023-36773-w;10.1038/s41467-023-43340-w;10.1038/s41467-023-43408-7;10.1038/s41467-023-43472-z;10.1038/s41467-024-50022-8;10.1038/s41467-024-52208-6;10.1038/s41467-024-53965-0;10.1038/s41467-025-57472-8;10.1038/s41467-025-59527-2;10.1038/s41467-025-60886-z;10.1038/s41467-025-66981-5;10.1038/s41467-025-67347-7;10.1038/s41467-026-74151-4;10.1038/s41586-023-05855-6;10.1038/s41928-026-01670-9;10.1038/s41377-024-01601-3;10.1038/s41377-024-01704-x;10.1038/s41377-025-01867-1;10.1038/s41377-025-02000-y;10.1038/s41467-020-15481-9;10.1038/s41467-022-29538-4;10.1038/s41467-023-41929-9;10.1038/s41467-024-49791-z;10.1038/s41467-024-52521-0;10.1038/s41467-024-55619-7;10.1038/s41467-025-56987-4;10.1038/s41467-025-58471-5;10.1038/s41467-025-62345-1;10.1038/s41467-025-63653-2;10.1038/s41467-025-64596-4;10.1038/s41467-025-64696-1;10.1038/s41928-024-01181-5;10.1038/s41467-020-15944-z;10.1038/s41467-021-27652-3;10.1038/s41467-024-51760-5;10.1038/s41467-024-55653-5;10.1038/s41467-025-57304-9;10.1038/s41467-025-59515-6;10.1038/s41467-025-63389-z;10.1038/s41467-025-65135-x;10.1038/s41467-025-65695-y;10.1038/s41467-026-69200-x;10.1038/s41467-026-71301-6;10.1038/s41467-026-73911-6;10.1038/s41377-022-01036-8;10.1038/s41467-020-18006-6;10.1038/s41467-022-28480-9;10.1038/s41467-022-32010-y;10.1038/s41467-023-40746-4;10.1038/s41467-023-41041-y;10.1038/s41467-023-41868-5;10.1038/s41467-024-47184-w;10.1038/s41467-024-55376-7;10.1038/s41467-025-56815-9;10.1038/s41467-025-57200-2;10.1038/s41467-025-58047-3;10.1038/s41467-026-74198-3;10.1038/s41586-024-07360-w;10.1038/s41928-024-01205-0;10.1038/s43246-020-00084-0;10.1038/s41377-024-01500-7;10.1038/s41377-024-01727-4;10.1038/s41377-025-01835-9;10.1038/s41377-025-01987-8;10.1038/s41467-018-05760-x;10.1038/s41467-018-07099-9;10.1038/s41467-020-16560-7;10.1038/s41467-021-24931-x;10.1038/s41467-023-36118-7;10.1038/s41467-023-38216-y;10.1038/s41467-024-47891-4;10.1038/s41467-024-49574-6;10.1038/s41467-024-55812-8;10.1038/s41467-025-56557-8;10.1038/s41467-025-64546-0;10.1038/s41467-026-70555-4;10.1038/s41467-026-72733-w;10.1038/s41563-025-02123-y;10.1038/s41377-022-00992-5;10.1038/s41377-025-01959-y;10.1038/s41467-018-04986-z;10.1038/s41467-019-09737-2;10.1038/s41467-019-12558-y;10.1038/s41467-020-16865-7;10.1038/s41467-020-17633-3;10.1038/s41467-021-24762-w;10.1038/s41467-022-29812-5;10.1038/s41467-023-39488-0;10.1038/s41467-023-40150-y;10.1038/s41467-024-45945-1;10.1038/s41467-024-50634-0;10.1038/s41467-025-61085-6;10.1038/s41467-025-63209-4;10.1038/s43246-026-01177-y;qc_2015_wearable-rgb-qled-array;qdp_2012_lifetime-blinking-nonblinking-qd;qdp_2013_auger-control-carrier-kinetics;qdp_2013_carrier-multiplication-qd-films;qdp_2014_carrier-multiplication-quasi-type-ii;qdp_2016_inas-qd-size-tunable-nir-emission;10.1038/s41377-026-02237-1;10.1038/s41467-018-07383-8;10.1038/s41467-019-08561-y;10.1038/s41467-019-09794-7;10.1038/s41467-020-14747-6;10.1038/s41467-020-20555-9;10.1038/s41467-020-20582-6;10.1038/s41467-021-24616-5;10.1038/s41467-022-31478-y;10.1038/s41467-024-49838-1;10.1038/s41467-024-50508-5;10.1038/s41467-024-54160-x;10.1038/s41467-025-58470-6;10.1038/s41467-025-67737-x;10.1038/s41467-026-71292-4;10.1038/s41467-026-72625-z;10.1038/s41467-026-73298-4;10.1038/s41467-026-75756-5;10.1038/s41377-020-0328-6;10.1038/s41377-025-01972-1;10.1038/s41467-018-06294-y;10.1038/s41467-020-14756-5;10.1038/s41467-020-16652-4;10.1038/s41467-020-20433-4;10.1038/s41467-021-22864-z;10.1038/s41467-022-31189-4;10.1038/s41467-022-35731-2;10.1038/s41467-023-39531-0;10.1038/s41467-024-49751-7;10.1038/s41467-024-50432-8;10.1038/s43246-026-01136-7;10.1038/s41467-018-06425-5;10.1038/s41467-024-50893-x;10.1038/s41467-025-65871-0;10.1038/s41467-026-68315-5;10.1038/s41467-026-72115-2;10.1038/s41467-026-74583-y;10.1038/s41928-024-01151-x;10.1038/s42005-021-00742-w;10.1038/s43246-024-00645-7	Theoretical results demonstrate that strong electric fields are produced for efficient hole injection and recombination rate is substantially increased | To demonstrate our device design with both sensing and display functions we fabricated a 2 × 2 SD-PQLED array as a proof of concept (Fig. 1c) | Here we demonstrate an efficient strategy to mitigate optical losses in Au-embedded ICLs by tailoring the shape and size distribution of Au nanoparticles via manipulating the underlying surface property | Here we demonstrate high-performance quantum dot light-emitting diodes with much extended operation lifetime using quantum dots with tailored energy band structures that are favorable for hole injections. | Here we demonstrate a favorable energy level alignment in QLEDs by utilizing core/shell quantum dots with low bandgap shell. | In addition the comparison experiments of unilateral and bilateral passivation were conducted to demonstrate the necessity of passivating both interfaces.
could	speculative	1190	449	10.1038/s41586-024-08275-2;10.1038/s41586-024-08337-5;10.1038/s41586-024-08341-9;10.1038/s41586-024-08371-3;10.1038/s41586-024-08375-z;10.1038/s41377-022-00855-z;10.1038/s41377-025-01740-1;10.1038/s41377-025-01817-x;10.1038/s41377-025-02019-1;10.1038/s41377-026-02184-x;10.1038/s41377-026-02246-0;10.1038/s41377-026-02247-z;10.1038/s41467-023-36773-w;10.1038/s41467-023-43340-w;10.1038/s41467-023-43408-7;10.1038/s41467-023-43472-z;10.1038/s41467-024-52208-6;10.1038/s41467-024-53965-0;10.1038/s41467-025-57472-8;10.1038/s41467-025-60886-z;10.1038/s41467-025-63684-9;10.1038/s41467-025-66981-5;10.1038/s41467-025-67347-7;10.1038/s41467-026-74151-4;10.1038/s41563-024-01812-4;10.1038/s41586-023-05855-6;10.1038/s41928-026-01670-9;10.1038/s41377-024-01704-x;10.1038/s41467-020-15481-9;10.1038/s41467-023-41929-9;10.1038/s41467-024-49791-z;10.1038/s41467-024-52401-7;10.1038/s41467-024-52521-0;10.1038/s41467-025-56987-4;10.1038/s41467-025-58471-5;10.1038/s41467-025-63653-2;10.1038/s41467-025-64596-4;10.1038/s41467-025-64696-1;10.1038/s41586-024-07149-x;10.1038/s41928-024-01181-5;10.1038/s41467-021-25955-z;10.1038/s41467-022-29702-w;10.1038/s41467-024-51760-5;10.1038/s41467-024-55653-5;10.1038/s41467-025-59515-6;10.1038/s41467-025-63389-z;10.1038/s41467-025-65135-x;10.1038/s41467-025-65695-y;10.1038/s41467-025-66421-4;10.1038/s41467-026-71301-6;10.1038/s41467-026-73911-6;10.1038/s41377-022-01036-8;10.1038/s41467-020-18006-6;10.1038/s41467-022-28480-9;10.1038/s41467-022-32010-y;10.1038/s41467-023-40194-0;10.1038/s41467-023-40746-4;10.1038/s41467-023-41041-y;10.1038/s41467-024-46243-6;10.1038/s41467-024-47184-w;10.1038/s41467-024-55376-7;10.1038/s41467-025-56815-9;10.1038/s41467-025-57200-2;10.1038/s41467-025-58047-3;10.1038/s41467-026-74198-3;10.1038/s41586-024-07360-w;10.1038/s41928-024-01205-0;10.1038/s43246-020-00084-0;alhtl_2017_cspbbr3-moo3-hil-peled;10.1038/s41377-024-01500-7;10.1038/s41467-018-02978-7;10.1038/s41467-018-07099-9;10.1038/s41467-019-13437-2;10.1038/s41467-019-13951-3;10.1038/s41467-020-16659-x;10.1038/s41467-021-24931-x;10.1038/s41467-022-28037-w;10.1038/s41467-023-36118-7;10.1038/s41467-023-38216-y;10.1038/s41467-024-47891-4;10.1038/s41467-024-49574-6;10.1038/s41467-024-55812-8;10.1038/s41467-025-56557-8;10.1038/s41467-025-64546-0;10.1038/s41467-026-70555-4;10.1038/s41467-026-72733-w;10.1038/s41563-025-02123-y;10.1038/s41377-022-00992-5;10.1038/s41377-025-01959-y;10.1038/s41467-019-09737-2;10.1038/s41467-019-12558-y;10.1038/s41467-020-16865-7;10.1038/s41467-020-17633-3;10.1038/s41467-021-24762-w;10.1038/s41467-022-29812-5;10.1038/s41467-024-45945-1;10.1038/s41467-024-50634-0;10.1038/s41467-024-53221-5;10.1038/s41467-025-61511-9;qc_2015_wearable-rgb-qled-array;qdp_2013_carrier-multiplication-qd-films;qdp_2016_inas-qd-size-tunable-nir-emission;10.1038/s41467-018-03049-7;10.1038/s41467-018-07383-8;10.1038/s41467-019-08561-y;10.1038/s41467-019-09794-7;10.1038/s41467-020-14747-6;10.1038/s41467-020-20555-9;10.1038/s41467-020-20582-6;10.1038/s41467-021-20970-6;10.1038/s41467-022-31478-y;10.1038/s41467-024-49838-1;10.1038/s41467-024-50508-5;10.1038/s41467-024-54160-x;10.1038/s41467-025-67737-x;10.1038/s41467-026-72625-z;10.1038/s41467-026-75756-5;10.1038/s41377-025-01972-1;10.1038/s41467-017-01379-6;10.1038/s41467-018-06294-y;10.1038/s41467-019-13909-5;10.1038/s41467-020-16652-4;10.1038/s41467-020-16855-9;10.1038/s41467-022-35731-2;10.1038/s41467-024-49751-7;10.1038/s41467-024-50432-8;10.1038/s41467-025-56068-6;10.1038/s43246-024-00576-3;10.1038/s43246-026-01136-7;10.1038/s41377-025-01768-3;10.1038/s41467-018-05909-8;10.1038/s41467-021-21522-8;10.1038/s41467-024-50893-x;10.1038/s41467-026-71949-0;10.1038/s41928-024-01151-x;10.1038/s42005-021-00742-w;10.1038/s42005-023-01169-1;10.1038/s43246-024-00645-7	Figure 1c shows that the morphology of the perovskite film was improved considerably once we did add MABr leading to now a negligible density of pinholes which could be good for reducing current leakage in LEDs | When the thickness of MoO₃ layer was <1.5 nm MoO₃ was too thin to realize the best performance on electron collection then electric dipoles could not form a strong enough electric field to enhance hole hopping | When the optical signal was removed all currents showed a slight attenuation instead of returning to their original levels meaning the device could remember previous states of light-interactive and display them | Interface molecular passivation has been widely used in perovskite-based device which could not only improve the effective radiation recombination but also enhance the stability. | Meanwhile these defects could provide ion migration channel that might accelerate the degeneration of device causing the poor stability. | The forming energy between Pb and O from TSPO1 was −1.1 eV calculated by density functional theory (DFT) which showed that the interaction between surface Pb and O = P could be easily formed.
reveal	causal	515	309	10.1038/s41586-024-08275-2;10.1038/s41586-024-08337-5;10.1038/s41586-024-08341-9;10.1038/s41586-024-08353-5;10.1038/s41586-024-08371-3	The high-resolution TEM (HRTEM) image reveals a lattice spacing of 0.58 nm for PQDs which is consistent with previous work (Fig. 2b) | Our DFT results also reveal that deprotonated phosphate and diphosphate ions exhibit small or even positive binding energies with MoO₃, suggesting that these ions are less likely to form bonds with MoO₃ | Here, we reveal a nanoscopic mechanism of sequential electron-hole injection for exciton generation in nanocrystal-based electroluminescent devices
might	speculative	348	259	10.1038/s41586-024-08275-2;10.1038/s41586-024-08337-5;10.1038/s41586-024-08341-9;10.1038/s41586-024-08353-5;10.1038/s41586-024-08371-3;10.1038/s41377-022-00855-z;10.1038/s41377-026-02247-z;10.1038/s41467-023-43340-w;10.1038/s41467-025-60886-z;10.1038/s41467-023-41929-9;10.1038/s41467-024-49791-z;10.1038/s41467-024-51760-5;10.1038/s41467-024-55653-5;10.1038/s41467-025-59515-6;10.1038/s41467-025-65695-y;10.1038/s41467-020-18006-6;10.1038/s41467-022-28480-9;10.1038/s41467-024-46243-6;10.1038/s41467-025-57200-2;10.1038/s41928-024-01205-0;alhtl_2017_cspbbr3-moo3-hil-peled;10.1038/s41467-023-36118-7;10.1038/s41467-024-55812-8;10.1038/s41563-025-02123-y;10.1038/s41467-019-09737-2;10.1038/s41467-020-17633-3;10.1038/s41467-023-40150-y;10.1038/s41467-024-50634-0;10.1038/s41467-025-61511-9;10.1038/s41467-025-63209-4;qdp_2012_lifetime-blinking-nonblinking-qd;qdp_2013_auger-control-carrier-kinetics;qdp_2014_carrier-multiplication-quasi-type-ii;10.1038/s41467-018-07383-8;10.1038/s41467-020-20555-9;10.1038/s41467-020-20582-6;10.1038/s41467-021-20970-6;10.1038/s41467-021-24616-5;10.1038/s41467-024-49838-1;10.1038/s41467-019-13909-5;10.1038/s41467-020-14756-5;10.1038/s41467-020-16855-9;10.1038/s41467-022-35731-2;10.1038/s43246-024-00576-3;10.1038/s43246-026-01136-7;10.1038/s41377-025-01768-3;10.1038/s41467-018-06425-5;10.1038/s42005-021-00742-w	The further minor increase of turn-on voltage after MABr incorporation might be ascribed to deeper valence band of Cs₀.₈₇MA₀.₁₃PbBr₃ (5.71 eV) compared to CsPbBr₃ (5.50 eV) (Supplementary Fig. 3, Supplementary Table 1) | Moreover multimetal cations cause potential fluctuation near the conduction band minimum which might hinder electron transport | The atom-layer-thick line profile analysis might be useful to get rid of the artefact in the TEM analyses of ultrathin film on curved surface | The regenerative defects might act as the ion migration channel that was detrimental to stability. | Nevertheless the coexistence of variable n phases might contribute to high nonradiative recombination and broadened light emission without careful design of the distribution of different phases. | This observation implies that the performance might be further improved through effective thermal management of the device specifically by accelerating the dissipation of Joule heat generated during device operation.
appear	associative	229	215	10.1038/s41586-024-08275-2;10.1038/s41586-024-08337-5;10.1038/s41586-024-08341-9;10.1038/s41586-024-08353-5;10.1038/s41586-024-08371-3	As shown in Fig. S10 and Fig. 2B the optical response of MoOx-based stacks closely resembles that of PEDOT:F-based stacks appearing almost transparent for NIR photons | However, the EL spectra from TCTA-based QLEDs appear unaltered from the PL spectra of QD EML (inset in Fig. 4c and Supplementary Fig. 10a) | Compared with that of bare CdSe/ZnS QDs (black curve), the characteristic peaks belonging to TPP (red curve) appear in the FTIR spectra of QDs-TPP (blue curve)
identify	causal	612	245	10.1038/s41586-024-08275-2;10.1038/s41586-024-08337-5;10.1038/s41586-024-08341-9;10.1038/s41586-024-08371-3;10.1038/s41586-024-08375-z;10.1038/s41377-025-01740-1;10.1038/s41377-025-01817-x;10.1038/s41377-026-02231-7;10.1038/s41377-026-02247-z;10.1038/s41467-023-36773-w;10.1038/s41467-023-43340-w;10.1038/s41467-024-52208-6;10.1038/s41467-025-59527-2;10.1038/s41467-025-60886-z;10.1038/s41377-025-01867-1;10.1038/s41467-024-45944-2;10.1038/s41467-024-52521-0;10.1038/s41467-025-57746-1;10.1038/s41467-025-64696-1;10.1038/s41586-024-07149-x;10.1038/s41928-024-01181-5;10.1038/s41467-024-51760-5;10.1038/s41467-025-65695-y;10.1038/s41467-024-55376-7;10.1038/s41467-025-58047-3;10.1038/s41467-019-13951-3;10.1038/s41467-020-16560-7;10.1038/s41467-023-36118-7;10.1038/s41467-019-09737-2;10.1038/s41467-020-17633-3;10.1038/s41467-021-24762-w;10.1038/s41467-023-39488-0;10.1038/s41467-024-45945-1;10.1038/s41467-024-53221-5;10.1038/s41467-025-61511-9;10.1038/s41467-025-63209-4;10.1038/s41467-018-03049-7;10.1038/s41467-019-09794-7;10.1038/s41467-025-67737-x;10.1038/s41467-020-16855-9;10.1038/s41467-021-22864-z;10.1038/s41467-023-39531-0;10.1038/s41467-024-50432-8;10.1038/s41467-018-05909-8;10.1038/s42005-023-01169-1	The corresponding chemical structures of D18-Cl and L8-BO are displayed in Fig. S1. To identify the optimal front PSC aligned well to the chosen organic rear cell we conducted an analysis to estimate the corresponding current and efficiency limits of P-O-TSCs when applying different PSCs | By exploring the fundamental mechanisms of carrier losses we identify that imbalanced carrier transport particularly inadequate hole transport in the organic subcell significantly limits the overall performance of perovskite/organic TSCs | By comparing with simulated spectra, we identify the signal sources as diphenylphosphine (blue dashed curve) and phenyl radicals (green dashed curve) | The marked change of the current injection could be used to identify the trap filling process (I ∝ Vⁿ). | In Fig. 2c we replot IV characteristics of the LEC in a semi-log scale to identify several physical parameters by the modified Shockley equation expressed as: | Nevertheless PLEC is sufficiently saturated and thus can still be read to identify the on/off states of the LEC.
establish	causal	226	165	10.1038/s41586-024-08341-9;10.1038/s41586-024-08371-3;10.1038/s41586-024-08375-z;10.1038/s41586-024-08383-z;10.1038/s41586-024-08574-8;10.1038/s41377-026-02247-z;10.1038/s41467-024-53965-0;10.1038/s41467-026-74151-4;10.1038/s41377-024-01704-x;10.1038/s41377-025-01867-1;10.1038/s41467-025-64596-4;10.1038/s41566-024-01458-3;10.1038/s41467-021-25955-z;10.1038/s41467-025-64111-9;10.1038/s41467-026-69198-2;10.1038/s41467-026-69200-x;10.1038/s41467-023-40746-4;10.1038/s41467-024-46243-6;10.1038/s41467-025-58047-3;10.1038/s41467-019-13951-3;10.1038/s41467-019-12558-y;10.1038/s41467-024-50634-0;10.1038/s41467-025-61511-9;10.1038/s41467-025-63209-4;10.1038/s43246-026-01177-y;10.1038/s41467-021-24616-5;10.1038/s41467-024-49838-1;10.1038/s41467-026-72625-z;10.1038/s41467-026-75756-5;10.1038/s41377-026-02356-9;10.1038/s41467-025-65871-0;10.1038/s41467-026-74583-y;10.1038/s42005-021-00742-w	For instance replacing the ultra-thin metal layer with transparent conductive oxides (such as IZO or In₂O₃) can significantly reduce optical losses and establish an effective ohmic contact for smooth carrier transport | For convenience, we normalized the amplitude of PL intensity to 1 to establish ∑Ai = 1. Assuming that τX and τ_X^- of QD films are identical to those of QD in solution and τX = 29 ns and τ_X^- = 0.9 ns, we obtained τET, AX, A_X^-, and AET with high credibility of fit (See Supplementary Table 2) | Ultimately, further substantiating these findings, the SEM image of the ITO/fin-LED@SiO2 structure revealed that approximately 91.3% of fin-LEDs exhibited selective assembly with a downward orientation, establishing contact between the ITO layer of p-GaN and the bottom electrodes (Fig. 4d) | The device incorporating a monolayer of NC emitter was designed to establish a short heat transfer pathway within the emissive layer. | The recent integration of rapidly evolving artificial intelligence (AI) tools with lab automation and robotics to establish self-driving labs (SDLs) has introduced a powerful research acceleration framework in chemical and material sciences. | The system was purged with argon gas to establish an inert atmosphere.
consistent	associative	637	288	10.1038/s41586-024-08275-2;10.1038/s41586-024-08337-5;10.1038/s41586-024-08353-5;10.1038/s41586-024-08375-z;10.1038/s41586-024-08383-z;10.1038/s41377-022-00855-z;10.1038/s41377-025-01740-1;10.1038/s41377-025-01817-x;10.1038/s41377-025-02019-1;10.1038/s41377-026-02184-x;10.1038/s41377-026-02231-7;10.1038/s41377-026-02246-0;10.1038/s41377-026-02247-z;10.1038/s41467-023-35954-x;10.1038/s41467-023-36773-w;10.1038/s41467-023-43340-w;10.1038/s41467-023-43408-7;10.1038/s41467-024-44894-z;10.1038/s41467-024-52208-6;10.1038/s41467-024-53965-0;10.1038/s41467-025-59527-2;10.1038/s41467-025-60886-z;10.1038/s41467-025-63684-9;10.1038/s41467-025-66981-5;10.1038/s41467-025-67347-7;10.1038/s41467-026-74151-4;10.1038/s41563-024-01812-4;10.1038/s41586-023-05855-6;10.1038/s41928-026-01670-9;10.1038/s41377-024-01601-3;10.1038/s41377-024-01704-x;10.1038/s41377-025-01867-1;10.1038/s41467-020-15481-9;10.1038/s41467-023-41929-9;10.1038/s41467-024-45944-2;10.1038/s41467-024-55619-7;10.1038/s41467-025-56987-4;10.1038/s41467-025-57746-1;10.1038/s41467-025-58471-5;10.1038/s41467-025-62345-1;10.1038/s41467-025-63653-2;10.1038/s41467-025-64596-4;10.1038/s41467-025-64696-1;10.1038/s41566-024-01458-3;10.1038/s41928-024-01181-5;10.1038/s41467-019-08749-2;10.1038/s41467-020-15944-z;10.1038/s41467-021-25955-z;10.1038/s41467-021-27652-3;10.1038/s41467-022-29702-w;10.1038/s41467-024-51760-5;10.1038/s41467-024-55653-5;10.1038/s41467-025-57304-9;10.1038/s41467-025-59515-6;10.1038/s41467-025-63389-z;10.1038/s41467-025-64111-9;10.1038/s41467-025-65695-y;10.1038/s41467-025-66421-4;10.1038/s41467-026-69198-2;10.1038/s41467-026-69200-x;10.1038/s41467-026-71301-6;10.1038/s41467-026-73911-6;10.1038/s43246-021-00203-5;10.1038/s41377-022-01036-8;10.1038/s41467-020-18006-6;10.1038/s41467-022-28480-9;10.1038/s41467-023-40194-0;10.1038/s41467-023-40746-4;10.1038/s41467-023-41041-y;10.1038/s41467-024-46243-6;10.1038/s41467-024-55376-7;10.1038/s41467-025-56815-9;10.1038/s41467-025-57200-2;10.1038/s41467-025-58047-3;10.1038/s41467-026-74198-3;10.1038/s41928-024-01205-0;alhtl_2017_cspbbr3-moo3-hil-peled;10.1038/s41377-024-01500-7;10.1038/s41377-024-01727-4;10.1038/s41377-025-01987-8;10.1038/s41467-018-02978-7;10.1038/s41467-018-05760-x;10.1038/s41467-019-13951-3;10.1038/s41467-020-16560-7;10.1038/s41467-022-28037-w;10.1038/s41467-023-36118-7;10.1038/s41467-023-38216-y;10.1038/s41467-024-47891-4;10.1038/s41467-024-49574-6;10.1038/s41467-024-55812-8;10.1038/s41467-025-56557-8;10.1038/s41467-025-64546-0;10.1038/s41467-026-70555-4;10.1038/s41467-026-72733-w;10.1038/s41563-025-02123-y;10.1038/s41377-025-01959-y;10.1038/s41467-019-09737-2;10.1038/s41467-019-12558-y;10.1038/s41467-020-16865-7;10.1038/s41467-020-17633-3;10.1038/s41467-021-24762-w;10.1038/s41467-022-29812-5;10.1038/s41467-023-39488-0;10.1038/s41467-023-40150-y;10.1038/s41467-024-45945-1;10.1038/s41467-024-50634-0;10.1038/s41467-025-61085-6;10.1038/s41467-025-61511-9;10.1038/s41467-025-63209-4;10.1038/s43246-026-01177-y;qdp_2012_lifetime-blinking-nonblinking-qd;qdp_2013_auger-control-carrier-kinetics;qdp_2014_carrier-multiplication-quasi-type-ii;qdp_2016_inas-qd-size-tunable-nir-emission;10.1038/s41377-026-02237-1;10.1038/s41467-018-03049-7;10.1038/s41467-018-07383-8;10.1038/s41467-019-09794-7;10.1038/s41467-020-14747-6;10.1038/s41467-020-20555-9;10.1038/s41467-020-20582-6;10.1038/s41467-021-20970-6;10.1038/s41467-021-24616-5;10.1038/s41467-022-31478-y;10.1038/s41467-024-49838-1;10.1038/s41467-024-50508-5;10.1038/s41467-024-54160-x;10.1038/s41467-025-67737-x;10.1038/s41467-026-71292-4;10.1038/s41467-026-72625-z;10.1038/s41467-026-73298-4;10.1038/s41467-026-75756-5;10.1038/s41377-020-0328-6;10.1038/s41377-025-01972-1;10.1038/s41377-026-02356-9;10.1038/s41467-018-06294-y;10.1038/s41467-019-13909-5;10.1038/s41467-020-14756-5;10.1038/s41467-020-16855-9;10.1038/s41467-021-22864-z;10.1038/s41467-022-31189-4;10.1038/s41467-023-39531-0;10.1038/s41467-024-50432-8;10.1038/s41467-025-56068-6;10.1038/s43246-024-00576-3;10.1038/s43246-026-01136-7;10.1038/s41377-025-01768-3;10.1038/s41467-018-05909-8;10.1038/s41467-018-06425-5;10.1038/s41467-021-21522-8;10.1038/s41467-024-50893-x;10.1038/s41467-025-65871-0;10.1038/s41467-026-68315-5;10.1038/s41467-026-71949-0;10.1038/s41467-026-72115-2;10.1038/s41467-026-74583-y;10.1038/s42005-021-00742-w;10.1038/s42005-023-01169-1;10.1038/s43246-024-00645-7	This increase in PL intensity is consistent with the reduction of perovskite grain boundaries as well as the suppression of Pb metallic recombination centres which were confirmed by scanning electron microscopy (SEM) and XPS results respectively (Fig. 1c and Supplementary Fig. 7) | The high-resolution TEM (HRTEM) image reveals a lattice spacing of 0.58 nm for PQDs which is consistent with previous work (Fig. 2b) | This significant adsorption can reduce the diffusion rate of Au atoms on the MoOx surface which is consistent with its lower dispersive component \({\gamma }_{s}^{d}\) | This showed that Pb atom on QD films indeed had interaction with O of TSPO1, which was consistent with the calculated results. | Both QD films showed photo-bleaching peaks at around 515 nm (Supplementary Fig. 3a and 3b) corresponding to their energy band structure which are consistent with the steady-state PL peak. | Nevertheless the well-resolved lattice fringes with an average interplanar space of 0.59 nm can be observed (Fig. 1d) consistent with the distance between the (200) planes indexed in the XRD measurement.
report	causal	274	212	10.1038/s41586-024-08275-2;10.1038/s41586-024-08375-z;10.1038/s41586-024-08402-z;10.1038/s41586-024-08458-x;10.1038/s41586-024-08485-8;10.1038/s41377-025-02019-1;10.1038/s41377-026-02231-7;10.1038/s41467-023-35954-x;10.1038/s41467-024-50022-8;10.1038/s41467-024-53965-0;10.1038/s41467-025-60886-z;10.1038/s41467-025-63684-9;10.1038/s41467-025-66981-5;10.1038/s41928-026-01670-9;10.1038/s41377-024-01601-3;10.1038/s41377-025-01867-1;10.1038/s41377-025-02000-y;10.1038/s41467-022-29538-4;10.1038/s41467-024-55619-7;10.1038/s41467-025-56001-x;10.1038/s41467-025-58471-5;10.1038/s41467-025-64596-4;10.1038/s41467-025-64696-1;10.1038/s41928-024-01181-5;10.1038/s41467-020-15944-z;10.1038/s41467-024-51760-5;10.1038/s41467-025-57304-9;10.1038/s41467-025-59515-6;10.1038/s41467-026-69200-x;10.1038/s41467-026-71301-6;10.1038/s41467-026-73911-6;10.1038/s43246-021-00203-5;10.1038/s41377-022-01036-8;10.1038/s41467-023-40194-0;10.1038/s41467-023-41041-y;10.1038/s41467-023-41868-5;10.1038/s41467-024-55376-7;10.1038/s41467-025-56815-9;10.1038/s41928-024-01205-0;10.1038/s43246-020-00084-0;alhtl_2017_cspbbr3-moo3-hil-peled;10.1038/s41377-025-01987-8;10.1038/s41467-018-05760-x;10.1038/s41467-018-07099-9;10.1038/s41467-019-13951-3;10.1038/s41467-023-36118-7;10.1038/s41467-023-38216-y;10.1038/s41467-024-55812-8;10.1038/s41467-025-56557-8;10.1038/s41467-026-70555-4;10.1038/s41467-026-72733-w;10.1038/s41563-025-02123-y;10.1038/s41377-025-01959-y;10.1038/s41467-019-09737-2;10.1038/s41467-022-29812-5;10.1038/s41467-023-40150-y;10.1038/s41467-024-50634-0;10.1038/s41467-025-61085-6;10.1038/s41467-025-61511-9;10.1038/s41467-025-63209-4;qc_2015_wearable-rgb-qled-array;qdp_2013_auger-control-carrier-kinetics;10.1038/s41377-026-02237-1;10.1038/s41467-018-03049-7;10.1038/s41467-019-09794-7;10.1038/s41467-020-20555-9;10.1038/s41467-021-24616-5;10.1038/s41467-024-49838-1;10.1038/s41467-025-67737-x;10.1038/s41467-026-71292-4;10.1038/s41467-026-73298-4;10.1038/s41467-017-01379-6;10.1038/s41467-020-14756-5;10.1038/s41467-020-16652-4;10.1038/s41467-020-16855-9;10.1038/s41467-020-20433-4;10.1038/s41467-021-22864-z;10.1038/s41467-023-39531-0;10.1038/s41467-024-49751-7;10.1038/s41467-024-50432-8;10.1038/s41467-025-56068-6;10.1038/s43246-026-01136-7;10.1038/s41377-025-01768-3;10.1038/s41467-018-05909-8;10.1038/s41467-018-06425-5;10.1038/s41928-024-01151-x	In this report we achieved high-quality dense CsPbBr₃ perovskite thin films by incorporating a small amount of organic methylammonium cation into the lattice and by using a hydrophilic insulating polymer interface layer on top of the ZnO electron-injecting electrode | Discussion In summary we report a unique strategy by introducing a MoO₃ electric dipole layer to enhance the hole injection for efficient PeLED | Since the first report of quantum dot light-emitting diodes (QLEDs) in 1994³, all kinds of quantum dots (QDs) candidate materials including CdS CdSe InP etc. have been reported as potential luminescent materials for QLEDs | Rapid development has been made to improve the external quantum efficiencies (EQEs) of PeLEDs from less than 1% to over 20% within just a decade since the first report of room temperature electroluminescence (EL) in 2014,,,,¹⁰. | Note that our devices are top-emission devices and here we report the highest efficiency top-emission blue PeLED so far. | The Al/Al₂O₃/PeQWs forms a metal-insulator-semiconductor (MIS) structure and its working mechanism has been clearly explained in other report.
support	associative	255	175	10.1038/s41586-024-08375-z;10.1038/s41586-024-08383-z;10.1038/s41586-024-08398-6;10.1038/s41586-024-08485-8;10.1038/s41586-024-08548-w;10.1038/s41377-026-02246-0;10.1038/s41377-026-02247-z;10.1038/s41467-023-43408-7;10.1038/s41467-024-53965-0;10.1038/s41467-026-74151-4;10.1038/s41928-026-01670-9;10.1038/s41467-024-55619-7;10.1038/s41467-025-56987-4;10.1038/s41467-025-57746-1;10.1038/s41467-022-29702-w;10.1038/s41467-024-51760-5;10.1038/s41467-026-69198-2;10.1038/s41467-024-46243-6;10.1038/s41467-024-47184-w;10.1038/s41467-024-55376-7;10.1038/s41467-026-74198-3;10.1038/s43246-020-00084-0;alhtl_2017_cspbbr3-moo3-hil-peled;10.1038/s41467-018-02978-7;10.1038/s41467-019-13951-3;10.1038/s41467-022-28037-w;10.1038/s41467-024-55812-8;10.1038/s41467-018-04986-z;10.1038/s41467-019-09737-2;10.1038/s41467-020-16865-7;10.1038/s41467-023-39488-0;10.1038/s41467-025-61085-6;10.1038/s41467-025-61511-9;10.1038/s41467-025-63209-4;qdp_2013_auger-control-carrier-kinetics;qdp_2014_carrier-multiplication-quasi-type-ii;10.1038/s41467-018-03049-7;10.1038/s41467-018-07383-8;10.1038/s41467-019-08561-y;10.1038/s41467-022-31478-y;10.1038/s41467-024-50508-5;10.1038/s41467-024-54160-x;10.1038/s41467-026-72625-z;10.1038/s41467-026-75756-5;10.1038/s41377-025-01972-1;10.1038/s41467-017-01379-6;10.1038/s41467-020-16855-9;10.1038/s41467-021-22864-z;10.1038/s41467-018-06425-5;10.1038/s41467-021-21522-8;10.1038/s41467-026-71949-0;10.1038/s41467-026-74583-y	Data availability The data that support the findings of this study are available from the corresponding author upon reasonable request | Simulation To further support above theory and discussion theorical analyses of charge density electric field and recombination rate of a MoO₃-based PeLED were conducted through simulation and calculations | We denote that the smaller and more regular NP shape in combination with lower surface coverage are both expected to support efficient light propagation in the ICLs | The data that support the findings of this study are available from the corresponding author upon reasonable request. | This proves that the Rb⁺ and K⁺ cations doping leads to a lattice contraction which is consistent with previous studies that support Rb⁺ and K⁺ cations substituting A-site cation. | To allow direct comparison between the different geometries, the wells are made to support an equal volume of the precursor solution.
imply	associative	88	80	10.1038/s41586-024-08337-5;10.1038/s41586-024-08341-9;10.1038/s41586-024-08353-5;10.1038/s41586-024-08375-z;10.1038/s41586-024-08383-z	Typically high surface free energy implies surface atoms are unstable and prone to interacting with other substances while low surface free energy suggests stability reducing the likelihood of interaction with other substances | Further addition of metal halogen ions such as ZnCl2, ZnBr2, and ZnI2 do not change the absorption and emission properties QDs (see Fig. 2a and b for the addition of ZnI2), implying that only rather small portion of trap sites remained after BDA modification | Herein, all these purified CDs samples present the C = C vibration peak at 1572 cm–1, the C = O vibration peak at 1630 cm–1, and –OH vibration peak at 1406 cm–1, and the NIR-CDs present obvious C–N vibration peak (1113 cm–1) and N–H vibration peak (1494 cm–1 and 754 cm–1), implying the N-related long-wavelength emission (Fig. 2f)
possibly	speculative	88	94	10.1038/s41586-024-08275-2;10.1038/s41586-024-08337-5;10.1038/s41586-024-08371-3;10.1038/s41586-024-08383-z;10.1038/s41586-024-08450-5;10.1038/s41377-022-00855-z;10.1038/s41467-024-52208-6;10.1038/s41377-025-01867-1;10.1038/s41467-022-29538-4;10.1038/s41467-024-45944-2;10.1038/s41467-025-57746-1;10.1038/s41586-024-07149-x;10.1038/s41467-026-73911-6;10.1038/s41467-022-32010-y;10.1038/s41467-024-47184-w;10.1038/s41467-026-74198-3;10.1038/s41467-024-55812-8;10.1038/s41467-020-17633-3;10.1038/s41467-024-45945-1;10.1038/s41467-018-07383-8;10.1038/s41467-020-14747-6;10.1038/s41467-021-20970-6;10.1038/s41467-019-13909-5;10.1038/s41467-020-16855-9;10.1038/s41467-020-20433-4;10.1038/s41467-021-22864-z;10.1038/s41467-022-31189-4;10.1038/s41467-022-35731-2;10.1038/s43246-026-01136-7	Their conductivity significantly decreases at 85 °C in the dark yet remains relatively stable at 85 °C and illumination possibly due to accelerated Au diffusion reaching ITO electrode which could contribute to a partial “recovery” effect on conductivity | Hence, the conventional method of forming μm-scale GaN LEDs on the original substrate and transferring the epitaxial LED layer to another silicon substrate (possibly with a CMOS circuit) is impractical. Individual pixel transfer methods, flip-chip bonding, or roll-to-roll methods are also not compatible with this feature size | Note that an accurate determination of the charge carrier concentration in the sol-gel-grown ZnO using the Hall effect measurement is found to be highly challenging possibly due to the thinness of the film (20–30 nm) or the fact that the hole trapping is a surface effect difficult to probe with the Hall effect measurement | We observed the increasing TSPO1 thickness partly decreased the electrical properties of the device possibly due to the relative poor carrier mobility compared with the TPBi (Fig. 4b and Supplementary Fig. 5). | However, when the Cs/Pb ratio is greater than 1:2, the PL lifetime of photogenerated charge carriers is slightly shortened, possibly due to the thermodynamic instability of large-sized iodine-based perovskite crystals and the formation of a small amount of non-photoactive yellow phase in the product. | The EA lineshape differs somewhat from that reported for MAPbI₃ previously possibly due to the nanoscale grain size of our perovskite film but is nonetheless confirmed to be a quadratic Stark shift (i.e. \(\propto \chi ^{(3)}\left( {\omega0,0} \right)F^2\) where F is the local electrostatic field in the perovskite layer) based on its quadratic field dependence at high modulation frequency in Supplementary Figure 3.
confirm	causal	244	157	10.1038/s41586-024-08398-6;10.1038/s41586-024-08574-8;10.1038/s41586-025-08700-0;10.1038/s41586-025-08816-3;10.1038/s41586-025-08969-1;10.1038/s41377-022-00855-z;10.1038/s41377-025-01740-1;10.1038/s41377-025-02019-1;10.1038/s41377-026-02246-0;10.1038/s41467-023-35954-x;10.1038/s41467-023-43340-w;10.1038/s41467-023-43408-7;10.1038/s41467-023-43472-z;10.1038/s41467-024-53965-0;10.1038/s41467-025-59527-2;10.1038/s41467-025-63684-9;10.1038/s41467-025-67347-7;10.1038/s41586-023-05855-6;10.1038/s41928-026-01670-9;10.1038/s41377-024-01601-3;10.1038/s41377-025-01867-1;10.1038/s41467-020-15481-9;10.1038/s41467-022-29538-4;10.1038/s41467-023-41929-9;10.1038/s41467-024-45944-2;10.1038/s41467-025-56987-4;10.1038/s41467-025-57746-1;10.1038/s41467-025-58471-5;10.1038/s41467-025-62345-1;10.1038/s41467-025-63653-2;10.1038/s41467-025-64696-1;10.1038/s41467-019-08749-2;10.1038/s41467-022-29702-w;10.1038/s41467-024-51760-5;10.1038/s41467-024-55653-5;10.1038/s41467-025-57304-9;10.1038/s41467-025-59515-6;10.1038/s41467-025-63389-z;10.1038/s41467-025-65135-x;10.1038/s41467-025-65695-y;10.1038/s41467-025-66421-4;10.1038/s41467-026-69198-2;10.1038/s41467-026-71301-6;10.1038/s41467-026-73911-6;10.1038/s41467-022-32010-y;10.1038/s41467-023-40746-4;10.1038/s41467-024-46243-6;10.1038/s41467-024-47184-w;10.1038/s41467-025-56815-9;10.1038/s41467-025-57200-2;10.1038/s41928-024-01205-0;10.1038/s41467-018-02978-7;10.1038/s41467-018-05760-x;10.1038/s41467-018-07099-9;10.1038/s41467-019-13437-2;10.1038/s41467-021-24931-x;10.1038/s41467-022-28037-w;10.1038/s41467-024-47891-4;10.1038/s41467-025-56557-8;10.1038/s41467-026-72733-w;10.1038/s41563-025-02123-y;10.1038/s41377-022-00992-5;10.1038/s41377-025-01959-y;10.1038/s41467-019-09737-2;10.1038/s41467-022-31853-9;10.1038/s41467-023-39488-0;10.1038/s41467-023-40150-y;10.1038/s41467-024-45945-1;10.1038/s41467-024-53221-5;10.1038/s41467-025-61085-6;10.1038/s41467-025-61511-9;10.1038/s41467-025-63209-4;10.1038/s41467-018-03049-7;10.1038/s41467-019-08561-y;10.1038/s41467-019-09794-7;10.1038/s41467-020-14747-6;10.1038/s41467-020-20555-9;10.1038/s41467-020-20582-6;10.1038/s41467-024-50508-5;10.1038/s41467-024-54160-x;10.1038/s41467-025-67737-x;10.1038/s41467-026-71292-4;10.1038/s41467-026-72625-z;10.1038/s41467-026-75756-5;10.1038/s41377-026-02356-9;10.1038/s41467-018-06294-y;10.1038/s41467-019-13909-5;10.1038/s41467-020-14756-5;10.1038/s41467-020-16855-9;10.1038/s41467-021-22864-z;10.1038/s41467-024-49751-7;10.1038/s41467-024-50432-8;10.1038/s43246-026-01136-7;10.1038/s41377-025-01768-3;10.1038/s41467-018-06425-5;10.1038/s41467-021-21522-8;10.1038/s41467-025-65871-0;10.1038/s41467-026-71949-0;10.1038/s41467-026-72115-2;10.1038/s41467-026-74583-y;10.1038/s42005-021-00742-w;10.1038/s42005-023-01169-1;10.1038/s43246-024-00645-7	Similar enhancement were also observed while coating PVP on perovskite surface further confirming our argument (Supplementary Fig. 8) | After omitting the D18-Cl HTL a linear relation in the dark J-V response of ITO/PEDOT:F/Au/ZnO/PFN-Br/Ag stacks confirms the quasi-ohmic behavior (cyan solid-sphere curve) | Second, as marked by the intercept on the x-axis, the voltage bias at which the HTL reaches flat-band condition is almost unchanged despite of the fast degradation, again confirming that the HTL is barely degraded after the LT90 test | The cross-sectional transmission electron microscopy (TEM) image and high-resolution TEM (HRTEM) images are collected to confirm the existence of PeQWs (Fig. 1a(iii) (iv) (v)). | The XPS analysis is studied to confirm the existence of each chemical element (Supplementary Fig. 9). | To further confirm the coordination of [BMIM]OTF on the QD surface the binding energy of QDs were studied by X-ray photoelectron spectroscopy (XPS).
speculate	speculative	45	45	10.1038/s41586-024-08341-9;10.1038/s41586-025-08601-2;10.1038/s41586-025-08816-3;10.1038/s41586-025-09036-5;10.1038/s41586-025-09090-z	Accordingly, we speculate that the decrease in RMS is related to some BDA bound to the proximal QDs on the surface | It is speculated that the ICL or other functional layers are damaged after multiple solution processing | However, as the measurement position moved towards the sample edge from the MQW position, the surface potential started to increase, and we speculate that this could be due to the adsorption of Cl on the etched surface, because this area was exposed to the Cl neutral beam for a longer time
find	causal	172	43	10.1038/s41586-024-08353-5;10.1038/s41586-024-08402-z;10.1038/s41586-024-08422-9;10.1038/s41586-024-08450-5;10.1038/s41586-024-08485-8	It is not difficult to find that the lifetime of the PQDs deposited on the CuSCN/PTAA layer is lower than that of the PQDs deposited on the PTAA layer | In terms of their reflectance spectra we find negligible differences | Comparing the LT100 and LT90 device, we find them resemble very similar spectra except the TFB region, which will later be attributed to the emergence of TFB+
seem	associative	37	38	10.1038/s41586-025-08816-3;10.1038/s41586-025-08996-y;10.1038/s41586-025-09036-5;10.1038/s41586-025-09148-y;10.1038/s41586-025-09192-8	Summing up, the electrons seem to migrate not to the 1Se states, but to the surface states on QDs during equilibrium | This may be counterintuitive because the mesh is not directly above the LED and it does not seem to block the light | We note that the fabricated red μ-LEDs (Supplementary Fig. 6j) seem to exhibit macroscopically uniform EL emission even at low current density of 0.24 A per cm2 and high brightness with increasing current (Fig. 5a and Supplementary Fig. 6k)
probably	speculative	75	32	10.1038/s41586-024-08371-3;10.1038/s41586-024-08375-z;10.1038/s41586-024-08403-y;10.1038/s41586-024-08471-0;10.1038/s41586-025-08665-0	Their overall transmittance curve tends to become lower and flatter probably owing to the more dispersed shape distribution of larger Au NPs (Fig. S12A) | And the roughness of QD films increases with the increasing electric field (Fig. 2c) probably because of the increase of deposition rate | We note that the e-AlN layer appeared to extend to more than 10 nm, probably because of the nature of the n-AlN that was easily crystallized
perhaps	speculative	18	26	10.1038/s41586-024-08337-5;10.1038/s41586-024-08485-8;10.1038/s41586-024-08574-8;10.1038/s41586-025-08816-3;10.1038/s41586-025-09036-5	In addition to accommodate perhaps the trapping sites, the interaction of alkyl diamines with ZnS also has been reported to affect the ZnS structure, changing from cubic to hexagonal packing and hence altering the size of the particle to fine-tune the energy gap | In the line of reasoning, QDs and charge transport layers (CTLs) are treated as dielectrics for the simplicity of argument, perhaps to a fault | For the NB-3-doped film, the prompt-delayed biphasic kinetics of DMAC-DPS are substantially quenched when probed at either 540–560 nm or 600–700 nm, suggesting that delayed fluorescence, and perhaps T → S reverse intersystem crossing, are suppressed (in agreement with the relatively low ΦDelayed value of the NB-3-doped film)
showed	causal	357	98	10.1038/s41586-025-08700-0;10.1038/s41586-025-08843-0;10.1038/s41586-025-09197-3;10.1038/s41586-025-09768-4;10.1038/s41586-025-09818-x;10.1038/s41377-022-00855-z;10.1038/s41377-025-01817-x;10.1038/s41377-025-02019-1;10.1038/s41377-026-02184-x;10.1038/s41377-026-02231-7;10.1038/s41377-026-02247-z;10.1038/s41467-023-36773-w;10.1038/s41467-023-43408-7;10.1038/s41467-025-60886-z;10.1038/s41467-025-63684-9;10.1038/s41467-025-66981-5;10.1038/s41467-026-74151-4;10.1038/s41586-023-05855-6;10.1038/s41377-024-01601-3;10.1038/s41377-024-01704-x;10.1038/s41467-023-41929-9;10.1038/s41467-024-55619-7;10.1038/s41586-024-07149-x;10.1038/s41467-021-27652-3;10.1038/s41467-024-55653-5;10.1038/s41467-025-63389-z;10.1038/s41467-025-64111-9;10.1038/s41467-025-65695-y;10.1038/s41467-025-66421-4;10.1038/s41467-026-69200-x;10.1038/s41467-026-73911-6;10.1038/s43246-021-00203-5;10.1038/s41377-022-01036-8;10.1038/s41467-020-18006-6;10.1038/s41467-022-28480-9;10.1038/s41467-022-32010-y;10.1038/s41467-024-46243-6;10.1038/s41467-024-47184-w;10.1038/s41467-025-56815-9;10.1038/s41467-025-57200-2;10.1038/s41467-026-74198-3;10.1038/s41586-024-07360-w;10.1038/s43246-020-00084-0;alhtl_2017_cspbbr3-moo3-hil-peled;10.1038/s41467-018-02978-7;10.1038/s41467-021-24931-x;10.1038/s41467-023-36118-7;10.1038/s41467-023-38216-y;10.1038/s41467-025-56557-8;10.1038/s41467-025-64546-0;10.1038/s41467-026-72733-w;10.1038/s41377-025-01959-y;10.1038/s41467-018-04986-z;10.1038/s41467-019-09737-2;10.1038/s41467-020-17633-3;10.1038/s41467-022-29812-5;10.1038/s41467-022-31853-9;10.1038/s41467-024-45945-1;10.1038/s41467-024-53221-5;10.1038/s43246-026-01177-y;qc_2015_wearable-rgb-qled-array;qdp_2013_carrier-multiplication-qd-films;qdp_2014_carrier-multiplication-quasi-type-ii;qdp_2016_inas-qd-size-tunable-nir-emission;10.1038/s41467-019-08561-y;10.1038/s41467-022-31478-y;10.1038/s41467-024-49838-1;10.1038/s41467-024-50508-5;10.1038/s41467-024-54160-x;10.1038/s41467-025-67737-x;10.1038/s41467-026-71292-4;10.1038/s41467-026-73298-4;10.1038/s41467-017-01379-6;10.1038/s41467-018-06294-y;10.1038/s41467-019-13909-5;10.1038/s41467-020-16652-4;10.1038/s41467-020-16855-9;10.1038/s41467-022-31189-4;10.1038/s41467-024-49751-7;10.1038/s43246-024-00576-3;10.1038/s43246-026-01136-7;10.1038/s41377-025-01768-3;10.1038/s41467-018-05909-8;10.1038/s41467-021-21522-8;10.1038/s41467-025-65871-0;10.1038/s41467-026-72115-2;10.1038/s42005-021-00742-w;10.1038/s43246-024-00645-7	Real-time contact angle results showed that PVP-modified ZnO films have increased hydrophilicity (Supplementary Fig. 1) | The synchronous ELPL measurement showed that PLQY decrease as well as the damage of transport layers at high voltage may lead to this result (Supplementary Figs. 13 and 14) | When the optical signal was removed all currents showed a slight attenuation instead of returning to their original levels meaning the device could remember previous states of light-interactive and display them | While the ZnSe-QD-based device showed almost unchanged voltage with time (red squares in Fig. 3a) a quick operation voltage rise for the ZnS-QD-based hole-only device was observed (blue circles Fig. 3a). | Besides TSPO1, a series of other organic molecules used in this system also achieved impressive results which showed the universality of this bilateral passivation method. | The forming energy between Pb and O from TSPO1 was −1.1 eV calculated by density functional theory (DFT) which showed that the interaction between surface Pb and O = P could be easily formed.
appears	associative	9	12	10.1038/s41586-025-08734-4;10.1038/s41586-025-08750-4;10.1038/s41586-025-09967-z;10.1038/s41586-025-10039-5;10.1038/s41586-025-10040-y	Although the result appears counter-intuitive since oxides are usually more stable than organic materials, the offset of conduction band maximum (CBM) across the ZnO–QD junction causes the unwanted charge transfer | It appears that ZnO “electron” transport materials in the hybrid QLEDs trigger barrierless “hole” injection | We find that when bare CdSe QDs interact with TPP, a new peak at ~35.5 ppm appears in the 31P NMR spectra in addition to the characteristic peak of free TPP at ~6.7 ppm (blue curve)
found	causal	42	10	10.1038/s41586-024-08403-y;10.1038/s41586-024-08471-0;10.1038/s41586-025-08996-y;10.1038/s41586-025-09419-8;10.1038/s41586-025-09768-4	After incorporating MABr into the CsPbBr₃ lattice only PbBr peaks were found indicating that Pb metallic states which are known to function as non-radiative recombination centres have been suppressed | In contrast to that thermally evaporated MoOx-based layers are found to be highly sensitive to elevated temperatures and critical to deteriorate during annealing steps | Next, evident by the results of electro-absorption and capacitance measurements, the voltage drop across the ETL (ZnO) was found to increase significantly after the degradation of blue QLED devices
estimate	causal	29	10	10.1038/s41586-024-08450-5;10.1038/s41586-025-08816-3;10.1038/s41586-025-08922-2;10.1038/s41586-025-09371-7;10.1038/s41586-025-09660-1	We estimate that the MA content in this alloyed perovskite is 0.13, that is Cs₀.₈₇MA₀.₁₃PbBr₃-based on the band-edge emission as shown in Fig. 2a and the band-edge emission form pure MAPbBr₃ (540 nm) according to the linear relationship EgCs₁₋xMAxPbBr₃=(1−x)EgCsPbBr₃+xEgMAPbBr₃ (ref. 42) | The corresponding chemical structures of D18-Cl and L8-BO are displayed in Fig. S1. To identify the optimal front PSC aligned well to the chosen organic rear cell we conducted an analysis to estimate the corresponding current and efficiency limits of P-O-TSCs when applying different PSCs | Additionally we conducted transient photovoltage and darkness current measurements to estimate the carrier transport/recombination properties and provided a thorough analysis of voltage loss
likely	speculative	23	9	10.1038/s41586-024-08403-y;10.1038/s41586-025-08843-0;10.1038/s41586-025-08859-6;10.1038/s41586-025-09653-0;10.1038/s41586-025-09744-y	This bonding is less likely to occur directly with the Au nanoclusters | Theoretically, finding hole transport materials (HTMs) to match the energy levels of InP QDs is likely to improve hole injections, which unfortunately, is a great challenge because of the deep valance band of InP QDs | The organic ETLs are likely to impose a large and wide electron injection barrier at the QD–organic ETL junction due to low carrier concentration (~10 cm−3^ or less), consequently resulting in increased operation thresholds (Supplementary Table 1)
hypothesize	speculative	13	9	10.1038/s41586-025-09053-4;10.1038/s41586-025-09205-6;10.1038/s41586-025-09765-7;10.1038/s41586-025-10011-3;10.1038/s41586-025-10020-2	We hypothesized that molecular pinning would help reduce pinholes by better controlling the crystallization kinetics of the CsPbBr₃ films | As the three devices were using the same interlayer materials, we hypothesized that such increase of traps was due to the dissociation of ligands under operation as supported by the different binding energies obtained in our calculation | Inspired by the fact that TPP can be used as a photoinitiator for the photopolymerization of acrylic resin, we hypothesize that in addition to serving as surface ligands to improve the optical properties of QDs, TPP also has the potential to initiate ligand cross-linking reactions under UV light as photosensitive molecules
validate	causal	5	9	10.1038/s41586-025-08816-3;10.1038/s41586-025-09653-0;10.1038/s41586-025-09729-x;10.1038/s41586-026-10229-9;10.1038/s41586-026-10234-y	Moreover, the general behavior of recent hybrid QLEDs, increasing internal quantum efficiency beyond threshold voltage and even reached to near unity, would not be validated | The enhancement in the brightness of the above device validates our calculations, and we seek to further increase charge concentration to promote exciton formation | To further validate the role of the IPG structure in enhancing luminescence, we perform time-resolved PL spectroscopy (Fig. 2e, f) on the QDs
can	speculative	27	8	10.1038/s41586-025-08628-5;10.1038/s41586-025-10049-3;10.1038/s41586-025-10057-3;10.1038/s41586-026-10105-6;10.1038/s41586-026-10114-5	The Pb 4f core level from pure CsPbBr₃ can be fit to four peaks (Supplementary Fig. 7) | Hopping theory demonstrates electric dipoles between hole injection layer and hole transport layer can enhance hole injection significantly | The devices can display information as an output port and simultaneously sense outside light signals as an input port and modulate the display information in a non-contact mode
propose	associative	23	8	10.1038/s41586-025-08983-3;10.1038/s41586-025-09249-8;10.1038/s41586-025-09428-7;10.1038/s41586-025-09429-6;10.1038/s41586-025-09528-4	Similar mechanism has been proposed in previous reports while using PMMA insulting layer in quantum dot LEDs | Based on the proposed electric dipole layer structure perovskite LEDs achieve a high current efficiency of 72.7 cd A⁻¹, indicating that electric dipole layers are a feasible approach to enhance perovskite LEDs performance | In this work we propose a strategy to realize dual-function light-sensing/displaying PQLEDs (SD-PQLEDs)
propose	speculative	21	8	10.1038/s41586-025-09733-1;10.1038/s41586-025-09756-8;10.1038/s41586-025-09853-8;10.1038/s41586-025-10003-3;10.1038/s41586-026-10102-9	Similar mechanism has been proposed in previous reports while using PMMA insulting layer in quantum dot LEDs | Based on the proposed electric dipole layer structure perovskite LEDs achieve a high current efficiency of 72.7 cd A⁻¹, indicating that electric dipole layers are a feasible approach to enhance perovskite LEDs performance | In this work we propose a strategy to realize dual-function light-sensing/displaying PQLEDs (SD-PQLEDs)
identified	causal	78	46	10.1038/s41586-025-08700-0;10.1038/s41586-025-09684-7;10.1038/s41586-025-09967-z;10.1038/s41586-026-10274-4;10.1038/s41586-026-10363-4;10.1038/s41377-026-02184-x;10.1038/s41467-023-35954-x;10.1038/s41467-023-43408-7;10.1038/s41467-025-57472-8;10.1038/s41377-025-01867-1;10.1038/s41467-024-45944-2;10.1038/s41467-024-52521-0;10.1038/s41467-025-57746-1;10.1038/s41467-025-58471-5;10.1038/s41566-024-01458-3;10.1038/s41467-024-51760-5;10.1038/s41467-024-55653-5;10.1038/s41467-026-69200-x;10.1038/s43246-021-00203-5;10.1038/s41467-022-32010-y;10.1038/s41467-025-56815-9;10.1038/s41467-025-58047-3;10.1038/s41467-020-16560-7;10.1038/s41467-026-72733-w;10.1038/s41467-019-09737-2;10.1038/s41467-021-24762-w;10.1038/s41467-022-31853-9;10.1038/s41467-023-39488-0;10.1038/s41467-025-63209-4;10.1038/s43246-026-01177-y;10.1038/s41467-024-50508-5;10.1038/s41467-024-54160-x;10.1038/s41467-025-67737-x;10.1038/s41467-017-01379-6;10.1038/s41467-019-13909-5;10.1038/s41467-020-14756-5;10.1038/s41467-020-16855-9;10.1038/s43246-024-00576-3;10.1038/s43246-026-01136-7;10.1038/s41467-025-65871-0;10.1038/s41467-026-68315-5;10.1038/s41467-026-71949-0;10.1038/s42005-023-01169-1;10.1038/s43246-024-00645-7	By analyzing the electroluminescence properties we identified the primary channels of carrier recombination losses | The final surface ligands exchange percentages were identified and quantified by FTIR, TGA, and XPS experiments shown in Supplementary Figs. 10–12 and Supplementary Table 3, see Supplementary Note 1 | Furthermore two additional emission peaks are identified in the PL spectra of the ZnO stacks | The X-ray diffraction (XRD) pattern of the CsPbBr₃ QDs (inserted in Fig. 1b) exhibits a monoclinic crystal phase which is similar to that of the cubic structure (JSPDS No. 54–0752) and can be identified by the split of the diffraction peak at ≈31° corresponding to (200) plane reflection. | Well centroids were identified by performing morphological operations (dilation, filling, and erosion) on flattened and binarized SEM images, then finding the centroid of each resultant connected region. | Nanocrystal centroids were similarly identified.
revealed	causal	13	6	10.1038/s41586-025-08700-0;10.1038/s41586-025-08843-0;10.1038/s41586-025-09684-7;10.1038/s41586-026-10229-9;10.1038/s41586-026-10363-4	Therefore details of carrier injection transporting and recombination could hence be better revealed | By individually exploring the device operational stability of sing-junction PSCs and OSCs (Fig. S41) it is revealed that the CsPbI₂Br sub-cell is the main culprit for the fast degradation which undergoes swift degradation within initial tens of hours | Our results revealed the formation of hydrogen and coordination bonding interactions between MoO₃ and SAM
prove	causal	2	6	10.1038/s41586-025-08816-3;10.1038/s41586-025-09450-9;10.1038/s41586-026-10229-9;10.1038/s41586-026-10234-y;10.1038/s41586-026-10272-6	Capacitance-voltage analyses further prove efficient hole injection by introducing the electric dipole layer | This strategic approach has proven effective in drastically reducing non-radiative recombination within both the subcell and ICL culminating in our perovskite/organic TSCs achieving a remarkable PCE of 26.05% (certified 24.53%) coupled with enhanced operational stability (T₈₀ > 650 h) | Note that more balanced electron/hole mobility has been proved by the current density versus voltage of the electron and hole-only device individually (see Fig. 3)
propose	causal	11	5	10.1038/s41586-025-09389-x;10.1038/s41586-025-09402-3;10.1038/s41586-025-09501-1;10.1038/s41586-025-09544-4;10.1038/s41586-025-09990-0	Similar mechanism has been proposed in previous reports while using PMMA insulting layer in quantum dot LEDs | Based on the proposed electric dipole layer structure perovskite LEDs achieve a high current efficiency of 72.7 cd A⁻¹, indicating that electric dipole layers are a feasible approach to enhance perovskite LEDs performance | In this work we propose a strategy to realize dual-function light-sensing/displaying PQLEDs (SD-PQLEDs)
remain	speculative	9	5	10.1038/s41586-025-09087-8;10.1038/s41586-025-09328-w;10.1038/s41586-026-10211-5;10.1038/s41586-026-10513-8;10.1038/s41586-026-10631-3	However the EQE of the LEDs based on these materials remain <1% (refs 15, 34) | As shown in Supplementary Fig. 6, the WF of these films is similar to that of intrinsic MoO₃, indicating that SAM modification primarily alters the surface properties of MoO₃, while its bulk properties remain largely unchanged | In a red QLED device, electron injection is more efficient than that of holes, therefore the capacitance rise at 1.8 V means that the HTL (TFB) is the only layer remaining depleted and other layers have reached flat band and charge injection
suggesting	associative	7	5	10.1038/s41586-024-08471-0;10.1038/s41586-025-09328-w;10.1038/s41586-025-09663-y;10.1038/s41586-025-09805-2;10.1038/s41586-026-10744-9	As illustrated in Fig. 2G both ICL-only devices present diode-like dark J-V characteristics in the forward direction in the first quadrant (dashed lines) suggesting a serious Schottky-type barrier contact for hole injection from the ITO electrode into the D18-Cl layer (for a more in-depth discussion see Figs. S15–16) | The EF of SAM-anchored MoO₃ shifts to − 4.62 eV and the EV moves up to − 5.72 eV suggesting a n- to p-type conversion of the MoO₃ surface (Fig. 1b) | In Fig. 3a, the in-phase signal scales linearly with the applied DC bias, suggesting a typical Stark effect of TFB which is described as
demonstrated	causal	418	144	10.1038/s41586-025-10057-3;10.1038/s41586-026-10183-6;10.1038/s41586-026-10229-9;10.1038/s41586-026-10274-4;10.1038/s41377-022-00855-z;10.1038/s41377-025-01740-1;10.1038/s41377-025-01817-x;10.1038/s41377-025-02019-1;10.1038/s41377-026-02184-x;10.1038/s41377-026-02246-0;10.1038/s41377-026-02247-z;10.1038/s41467-023-36773-w;10.1038/s41467-023-43340-w;10.1038/s41467-023-43472-z;10.1038/s41467-024-44894-z;10.1038/s41467-024-50022-8;10.1038/s41467-024-52208-6;10.1038/s41467-024-53965-0;10.1038/s41467-025-57472-8;10.1038/s41467-025-60886-z;10.1038/s41467-025-63684-9;10.1038/s41467-025-67347-7;10.1038/s41467-026-74151-4;10.1038/s41563-024-01812-4;10.1038/s41928-026-01670-9;10.1038/s41377-024-01601-3;10.1038/s41377-024-01704-x;10.1038/s41377-025-01867-1;10.1038/s41377-025-02000-y;10.1038/s41467-020-15481-9;10.1038/s41467-024-49791-z;10.1038/s41467-024-52401-7;10.1038/s41467-024-55619-7;10.1038/s41467-025-56001-x;10.1038/s41467-025-56987-4;10.1038/s41467-025-57746-1;10.1038/s41467-025-58471-5;10.1038/s41467-025-63653-2;10.1038/s41467-025-64596-4;10.1038/s41566-024-01458-3;10.1038/s41467-019-08749-2;10.1038/s41467-020-15944-z;10.1038/s41467-021-25955-z;10.1038/s41467-021-27652-3;10.1038/s41467-022-29702-w;10.1038/s41467-024-51760-5;10.1038/s41467-024-55653-5;10.1038/s41467-025-57304-9;10.1038/s41467-025-59515-6;10.1038/s41467-025-63389-z;10.1038/s41467-025-64111-9;10.1038/s41467-025-65135-x;10.1038/s41467-025-65695-y;10.1038/s41467-025-66421-4;10.1038/s41467-026-69198-2;10.1038/s41467-026-69200-x;10.1038/s41467-026-71301-6;10.1038/s41467-026-73911-6;10.1038/s41377-022-01036-8;10.1038/s41467-020-18006-6;10.1038/s41467-022-32010-y;10.1038/s41467-023-40194-0;10.1038/s41467-023-40746-4;10.1038/s41467-023-41041-y;10.1038/s41467-023-41868-5;10.1038/s41467-024-46243-6;10.1038/s41467-024-47184-w;10.1038/s41467-024-55376-7;10.1038/s41467-025-56815-9;10.1038/s41467-025-57200-2;10.1038/s41467-025-58047-3;10.1038/s41467-026-74198-3;10.1038/s41586-024-07360-w;10.1038/s41928-024-01205-0;10.1038/s43246-020-00084-0;alhtl_2017_cspbbr3-moo3-hil-peled;10.1038/s41377-024-01500-7;10.1038/s41377-025-01835-9;10.1038/s41377-025-01987-8;10.1038/s41467-018-05760-x;10.1038/s41467-020-16560-7;10.1038/s41467-020-16659-x;10.1038/s41467-021-24931-x;10.1038/s41467-022-28037-w;10.1038/s41467-023-36118-7;10.1038/s41467-023-38216-y;10.1038/s41467-024-47891-4;10.1038/s41467-024-49574-6;10.1038/s41467-024-55812-8;10.1038/s41467-025-56557-8;10.1038/s41467-025-64546-0;10.1038/s41467-026-70555-4;10.1038/s41467-026-72733-w;10.1038/s41563-025-02123-y;10.1038/s41377-025-01959-y;10.1038/s41467-019-09737-2;10.1038/s41467-020-16865-7;10.1038/s41467-020-17633-3;10.1038/s41467-021-24762-w;10.1038/s41467-022-29812-5;10.1038/s41467-023-39488-0;10.1038/s41467-023-40150-y;10.1038/s41467-024-50634-0;10.1038/s41467-025-61085-6;10.1038/s41467-025-63209-4;10.1038/s43246-026-01177-y;qdp_2013_carrier-multiplication-qd-films;qdp_2014_carrier-multiplication-quasi-type-ii;10.1038/s41377-026-02237-1;10.1038/s41467-018-07383-8;10.1038/s41467-019-08561-y;10.1038/s41467-019-09794-7;10.1038/s41467-020-20555-9;10.1038/s41467-020-20582-6;10.1038/s41467-021-20970-6;10.1038/s41467-022-31478-y;10.1038/s41467-024-49838-1;10.1038/s41467-024-50508-5;10.1038/s41467-024-54160-x;10.1038/s41467-025-67737-x;10.1038/s41467-026-71292-4;10.1038/s41467-026-72625-z;10.1038/s41467-026-73298-4;10.1038/s41467-026-75756-5;10.1038/s41377-020-0328-6;10.1038/s41377-025-01972-1;10.1038/s41377-026-02356-9;10.1038/s41467-017-01379-6;10.1038/s41467-018-06294-y;10.1038/s41467-019-13909-5;10.1038/s41467-020-16652-4;10.1038/s41467-020-20433-4;10.1038/s41467-022-31189-4;10.1038/s41467-023-39531-0;10.1038/s41467-024-49751-7;10.1038/s41467-025-56068-6;10.1038/s43246-024-00576-3;10.1038/s41377-025-01768-3;10.1038/s41467-021-21522-8;10.1038/s41467-024-50893-x;10.1038/s41467-025-65871-0;10.1038/s41467-026-72115-2;10.1038/s41928-024-01151-x;10.1038/s43246-024-00645-7	Solution-processed perovskite solar cells have demonstrated a high certified power conversion efficiency of 22.1% which is comparable to photovoltaics made from traditional inorganic semiconductor materials such as Si CIGS and CdTe (refs 1, 2, 3, 4, 5, 6, 7, 8) | As demonstrated in Fig. 4e f with the implementation of MoO₃ interface layer the EQE increases from 8.7% to 16.8% | We demonstrated that light-interactive layer poly(bis(4-phenyl)(2,4,6-trimethylphenyl)amine) (PTAA) plays a key role in sensing outside light signal and PTAA/copper thiocyanate (CuSCN) double-layer structure can trap holes from the PTAA layer and tune the charge transport properties | Apparently the first two processes of the passivated sample were accelerated compared to the unpassivated one which demonstrated that TSPO1 facilitated the state coupling related to the relaxation processes. | In addition to SCLC DLCP method was also applied to test the trap density (Supplementary Fig. 13) which also demonstrated that the trap density of bilateral-passivated device was effectively decreased. | In summary the bilateral passivation strategy demonstrated in this work results in effectively controlling the surface states of QD films.
demonstrates	causal	144	86	10.1038/s41586-025-09684-7;10.1038/s41586-025-09896-x;10.1038/s41586-025-10097-9;10.1038/s41586-026-10684-4;10.1038/s41377-025-01740-1;10.1038/s41377-026-02231-7;10.1038/s41467-024-53965-0;10.1038/s41467-025-57472-8;10.1038/s41467-025-59527-2;10.1038/s41467-025-66981-5;10.1038/s41467-025-67347-7;10.1038/s41467-026-74151-4;10.1038/s41563-024-01812-4;10.1038/s41928-026-01670-9;10.1038/s41377-025-01867-1;10.1038/s41377-025-02000-y;10.1038/s41467-023-41929-9;10.1038/s41467-024-49791-z;10.1038/s41467-024-52401-7;10.1038/s41467-025-58471-5;10.1038/s41467-025-62345-1;10.1038/s41467-025-63653-2;10.1038/s41467-025-64596-4;10.1038/s41467-025-64696-1;10.1038/s41566-024-01458-3;10.1038/s41467-020-15944-z;10.1038/s41467-024-51760-5;10.1038/s41467-025-57304-9;10.1038/s41467-025-59515-6;10.1038/s41467-025-64111-9;10.1038/s41467-025-66421-4;10.1038/s41467-026-69198-2;10.1038/s41467-026-69200-x;10.1038/s41467-026-71301-6;10.1038/s41467-023-40194-0;10.1038/s41467-023-41041-y;10.1038/s41467-024-47184-w;10.1038/s41467-025-56815-9;10.1038/s41467-025-57200-2;10.1038/s41467-025-58047-3;10.1038/s41467-026-74198-3;10.1038/s41928-024-01205-0;10.1038/s43246-020-00084-0;10.1038/s41377-024-01727-4;10.1038/s41377-025-01835-9;10.1038/s41467-018-07099-9;10.1038/s41467-021-24931-x;10.1038/s41467-024-47891-4;10.1038/s41467-024-49574-6;10.1038/s41467-026-70555-4;10.1038/s41467-026-72733-w;10.1038/s41563-025-02123-y;10.1038/s41377-022-00992-5;10.1038/s41377-025-01959-y;10.1038/s41467-018-04986-z;10.1038/s41467-019-09737-2;10.1038/s41467-020-16865-7;10.1038/s41467-020-17633-3;10.1038/s41467-023-39488-0;10.1038/s41467-025-63209-4;10.1038/s43246-026-01177-y;qdp_2013_carrier-multiplication-qd-films;10.1038/s41467-019-08561-y;10.1038/s41467-019-09794-7;10.1038/s41467-020-14747-6;10.1038/s41467-024-49838-1;10.1038/s41467-024-50508-5;10.1038/s41467-025-58470-6;10.1038/s41467-025-67737-x;10.1038/s41467-026-71292-4;10.1038/s41467-026-73298-4;10.1038/s41467-026-75756-5;10.1038/s41377-025-01972-1;10.1038/s41377-026-02356-9;10.1038/s41467-017-01379-6;10.1038/s41467-018-06294-y;10.1038/s41467-020-16652-4;10.1038/s41467-020-20433-4;10.1038/s43246-024-00576-3;10.1038/s43246-026-01136-7;10.1038/s41467-025-65871-0;10.1038/s41467-026-68315-5;10.1038/s41467-026-71949-0;10.1038/s41467-026-74583-y;10.1038/s41928-024-01151-x;10.1038/s43246-024-00645-7	Hopping theory demonstrates electric dipoles between hole injection layer and hole transport layer can enhance hole injection significantly | On the contrary the target device demonstrates commendable operational stability retaining over 84% of its PCE after 650 h at an operating temperature of approximately 40 ± 5 °C | In-situ/operando spectroscopy on state-of-the-art quantum-dot light-emitting diodes demonstrates that exciton generation at the ensemble level is consistent with the charge-confinement-enhanced sequential electron-hole injection mechanism probed at the single-nanocrystal level | The present work demonstrates highly stable QLEDs whose operation lifetime meets the requirement of display industry. | Our study demonstrates that defects on the interface between the QD films and charge transporting layers are detrimental for devices which can be hopefully suppressed by bilateral passivation. | The ultra-fast response speed combined with high resolution and high efficiency of the PeLEDs demonstrates its great potential in future applications such as high-resolution and high-refresh-rate display.
implicate	associative	6	4	10.1038/s41586-024-08450-5;10.1038/s41586-025-10020-2;10.1038/s41586-026-10161-y;10.1038/s41586-026-10363-4	
present	causal	6	4	10.1038/s41586-024-08422-9;10.1038/s41586-025-09296-1;10.1038/s41586-025-10094-y;10.1038/s41586-026-10183-6	Meanwhile as the direction of the electric field between MoO₃ and PVK is negative it presents a resistance for holes hopping to PVK | Both devices present green EL peaks at 519 nm (Fig. 3b) which correspond to Commission Internationale de L’Eclairage (CIE) color coordinates of (0.10, 0.78) (Fig. 3c) | Additionally molybdenum oxide (MoOx) as a preferred choice for the hole-extracting layer within the ICLs presents challenges for long-term device stability
potentially	speculative	5	4	10.1038/s41586-025-09768-4;10.1038/s41586-025-09786-2;10.1038/s41586-026-10229-9;10.1038/s41586-026-10664-8	Perovskite/organic TSCs in particular benefit from the use of orthogonal solvents for the key component materials potentially paving the way for all solution-processing of high-performance and large-area photovoltaics | Combining the features of light-emitting quantum dots and solution processing, QLED has become an emerging display technology potentially capable of 100% Rec.2020 color gamut, high luminance efficiency and low-cost manufacturing | Considering that Coulomb interactions are pronounced in all nanocrystals with strong carrier confinement, we anticipate the charge confinement-enhanced efficient exciton generation to be a general mechanism for the nanocrystal-based EL devices, including LEDs, electrically driven single-photon sources and potentially lasers
provide	causal	10	3	10.1038/s41586-026-10234-y;10.1038/s41586-026-10289-x;10.1038/s41586-026-10607-3	For example a display panel with dual functions of sensing and display can provide real-time communication allowing the device to sense outside signals and simultaneously display information | Figure S8 provides SEM images captured under various magnifications | Additionally we conducted transient photovoltage and darkness current measurements to estimate the carrier transport/recombination properties and provided a thorough analysis of voltage loss
suggested	associative	42	30	10.1038/s41586-025-08843-0;10.1038/s41586-026-10229-9;10.1038/s41586-026-10274-4;10.1038/s41377-026-02247-z;10.1038/s41467-025-60886-z;10.1038/s41467-025-66981-5;10.1038/s41563-024-01812-4;10.1038/s41467-024-55653-5;10.1038/s41467-025-65695-y;10.1038/s41467-026-69200-x;10.1038/s41467-018-02978-7;10.1038/s41467-019-13951-3;10.1038/s41467-022-28037-w;10.1038/s41467-022-29812-5;10.1038/s41467-024-45945-1;10.1038/s41467-024-53221-5;10.1038/s41467-025-61085-6;10.1038/s41467-025-63209-4;qdp_2012_lifetime-blinking-nonblinking-qd;qdp_2013_auger-control-carrier-kinetics;qdp_2013_carrier-multiplication-qd-films;qdp_2014_carrier-multiplication-quasi-type-ii;10.1038/s41467-021-24616-5;10.1038/s41467-022-31478-y;10.1038/s41377-026-02356-9;10.1038/s41467-020-14756-5;10.1038/s41467-020-16855-9;10.1038/s41467-021-22864-z;10.1038/s41467-024-49751-7;10.1038/s41467-024-50893-x	To prove the concept of epitaxial passivation, we first grew e-AlN on c-plane p-type GaN using the suggested method | Second, it has been suggested that the operational stability of hyperfluorescent OLEDs is adversely affected by the population of terminal emitter triplets due to a substantial increase in the exciton residence time | These findings suggested that OTf− could participate in modulating the precursor structure and crystallisation kinetics | Currently investigations have suggested the existence of three possible scenarios: 1. | In turn, the rod-like nanocrystals form within the hexagonal mesophase in the presence of the destabilised intermediates, presumably by fusion and recrystallisation, as suggested by increasing PL emission and WAXS intensity. | The theoretical analysis based on DFT further suggested that the superior properties of CsSn0.09Pb0.91I3 QDs were attributed to the Sn2+ passivation and enhanced defect formation energy.
predict	associative	5	3	10.1038/s41586-025-09233-2;10.1038/s41586-025-09944-6;10.1038/s41586-026-10667-5	The RMSE is a commonly used indicator to measure the difference between the predicted value and actual value, and its core idea is to measure the error size of the prediction result | As shown in Supplementary Fig. 14b the predicted parasitic electrode absorption losses of NIR photons in the ITO-based photodetector are indeed significantly higher than those in the ZnO based device | To estimate μp we simulate the avalanche dynamics with μp of 10⁻⁴ and 1 cm² V⁻¹s⁻¹ according to the low and high values theoretically predicted in the literature (μp is the low-field hole mobility and field-dependent mobility model is detailed in Supplementary Section S4)
estimate	associative	4	3	10.1038/s41586-025-08843-0;10.1038/s41586-025-09600-z;10.1038/s41586-026-10716-z	We estimate that the MA content in this alloyed perovskite is 0.13, that is Cs₀.₈₇MA₀.₁₃PbBr₃-based on the band-edge emission as shown in Fig. 2a and the band-edge emission form pure MAPbBr₃ (540 nm) according to the linear relationship EgCs₁₋xMAxPbBr₃=(1−x)EgCsPbBr₃+xEgMAPbBr₃ (ref. 42) | The corresponding chemical structures of D18-Cl and L8-BO are displayed in Fig. S1. To identify the optimal front PSC aligned well to the chosen organic rear cell we conducted an analysis to estimate the corresponding current and efficiency limits of P-O-TSCs when applying different PSCs | Additionally we conducted transient photovoltage and darkness current measurements to estimate the carrier transport/recombination properties and provided a thorough analysis of voltage loss
suspect	speculative	3	3	10.1038/s41586-025-10070-6;10.1038/s41586-026-10368-z;10.1038/s41586-026-10528-1	We suspect the origin to be the electron injection into NiO | However we suspect that “direct” TET can also be mediated through a high-energy virtual charge-transfer state | We suspect that the accumulated acetates may have originated from the weakly bound ligands or residual precursors in the dispersion of ZnO nanocrystals
enable	associative	15	2	10.1038/s41586-025-09944-6;10.1038/s41586-026-10712-3	PQDs act as the light-emitting material that enables the device to obtain electroluminescence (EL); the light-interactive interface plays a key role in light-interactive properties | Notably the morphological alteration of Au NPs enables to shift the plasmon resonance outside the absorption window of the low-bandgap organic absorber in the near-infrared (NIR) region | These efforts have enabled the achievement of a PCE exceeding 25% for perovskite/organic TSC with the stability of T₉₀ > 1000 h
likely	associative	7	2	10.1038/s41586-025-09091-y;10.1038/s41586-026-10589-2	This bonding is less likely to occur directly with the Au nanoclusters | Theoretically, finding hole transport materials (HTMs) to match the energy levels of InP QDs is likely to improve hole injections, which unfortunately, is a great challenge because of the deep valance band of InP QDs | The organic ETLs are likely to impose a large and wide electron injection barrier at the QD–organic ETL junction due to low carrier concentration (~10 cm−3^ or less), consequently resulting in increased operation thresholds (Supplementary Table 1)
shown	causal	7	2	10.1038/s41586-025-09197-3;10.1038/s41586-026-10183-6	As shown in Fig. 1a the perovskite film directly deposited onto the electron-injection layer of ZnO exhibited a high density of pinholes | Introduction Recently metal halide perovskites have shown considerable potential for applications in optoelectronic devices including solar cells light-emitting diodes (LEDs) photodetectors and lasers | The designed structure of SD-PQLED is schematically shown in Fig. 1b which contains a PQDs light-emitting layer and a light-interactive interface based on the PTAA/CuSCN structure
discover	causal	6	2	10.1038/s41586-025-08807-4;10.1038/s41586-025-09233-2	The growth of fewer Au NPs with smaller sizes and more regular spheroids is discovered on PEDOT:F surfaces | XRD patterns were recorded on HR-XRD (D8 discover, Bruker) | The crystalline property was evaluated in a Bruker-D8 Discover X-ray diffractometer with the Cu Kα line (λ = 1.54 Å) as the irradiation source
hypothesize	associative	5	2	10.1038/s41586-025-09610-x;10.1038/s41586-025-09763-9	We hypothesized that molecular pinning would help reduce pinholes by better controlling the crystallization kinetics of the CsPbBr₃ films | As the three devices were using the same interlayer materials, we hypothesized that such increase of traps was due to the dissociation of ligands under operation as supported by the different binding energies obtained in our calculation | Inspired by the fact that TPP can be used as a photoinitiator for the photopolymerization of acrylic resin, we hypothesize that in addition to serving as surface ligands to improve the optical properties of QDs, TPP also has the potential to initiate ligand cross-linking reactions under UV light as photosensitive molecules
achieve	causal	363	130	10.1038/s41586-025-09850-x;10.1038/s41586-025-10094-y;10.1038/s41377-025-01740-1;10.1038/s41377-025-01817-x;10.1038/s41377-025-02019-1;10.1038/s41377-026-02231-7;10.1038/s41377-026-02246-0;10.1038/s41467-023-43472-z;10.1038/s41467-024-50022-8;10.1038/s41467-024-52208-6;10.1038/s41467-024-53965-0;10.1038/s41467-025-59527-2;10.1038/s41467-025-60886-z;10.1038/s41467-025-63684-9;10.1038/s41467-025-67347-7;10.1038/s41467-026-74151-4;10.1038/s41563-024-01812-4;10.1038/s41586-023-05855-6;10.1038/s41928-026-01670-9;10.1038/s41377-024-01601-3;10.1038/s41377-024-01704-x;10.1038/s41377-025-01867-1;10.1038/s41377-025-02000-y;10.1038/s41467-020-15481-9;10.1038/s41467-022-29538-4;10.1038/s41467-024-52401-7;10.1038/s41467-024-52521-0;10.1038/s41467-025-56987-4;10.1038/s41467-025-58471-5;10.1038/s41467-025-62345-1;10.1038/s41467-025-63653-2;10.1038/s41467-025-64596-4;10.1038/s41467-025-64696-1;10.1038/s41586-024-07149-x;10.1038/s41928-024-01181-5;10.1038/s41467-021-27652-3;10.1038/s41467-024-51760-5;10.1038/s41467-025-57304-9;10.1038/s41467-025-59515-6;10.1038/s41467-025-63389-z;10.1038/s41467-025-64111-9;10.1038/s41467-025-65135-x;10.1038/s41467-025-65695-y;10.1038/s41467-025-66421-4;10.1038/s41467-026-69198-2;10.1038/s41467-026-71301-6;10.1038/s41467-026-73911-6;10.1038/s41377-022-01036-8;10.1038/s41467-020-18006-6;10.1038/s41467-022-28480-9;10.1038/s41467-022-32010-y;10.1038/s41467-023-40194-0;10.1038/s41467-023-41041-y;10.1038/s41467-023-41868-5;10.1038/s41467-024-46243-6;10.1038/s41467-024-47184-w;10.1038/s41467-024-55376-7;10.1038/s41467-025-56815-9;10.1038/s41467-025-57200-2;10.1038/s41467-025-58047-3;10.1038/s41467-026-74198-3;10.1038/s41928-024-01205-0;10.1038/s43246-020-00084-0;10.1038/s41377-024-01500-7;10.1038/s41377-024-01727-4;10.1038/s41377-025-01835-9;10.1038/s41377-025-01987-8;10.1038/s41467-018-05760-x;10.1038/s41467-020-16560-7;10.1038/s41467-021-24931-x;10.1038/s41467-023-38216-y;10.1038/s41467-024-47891-4;10.1038/s41467-024-49574-6;10.1038/s41467-025-56557-8;10.1038/s41467-025-64546-0;10.1038/s41467-026-70555-4;10.1038/s41467-026-72733-w;10.1038/s41563-025-02123-y;10.1038/s41377-022-00992-5;10.1038/s41467-018-04986-z;10.1038/s41467-020-16865-7;10.1038/s41467-022-31853-9;10.1038/s41467-023-39488-0;10.1038/s41467-024-45945-1;10.1038/s41467-024-50634-0;10.1038/s41467-024-53221-5;10.1038/s41467-025-61085-6;10.1038/s41467-025-61511-9;qc_2015_wearable-rgb-qled-array;qdp_2014_carrier-multiplication-quasi-type-ii;10.1038/s41377-026-02237-1;10.1038/s41467-018-03049-7;10.1038/s41467-018-07383-8;10.1038/s41467-019-08561-y;10.1038/s41467-019-09794-7;10.1038/s41467-020-14747-6;10.1038/s41467-020-20555-9;10.1038/s41467-020-20582-6;10.1038/s41467-021-20970-6;10.1038/s41467-021-24616-5;10.1038/s41467-024-49838-1;10.1038/s41467-024-54160-x;10.1038/s41467-025-58470-6;10.1038/s41467-025-67737-x;10.1038/s41467-026-71292-4;10.1038/s41467-026-72625-z;10.1038/s41467-026-73298-4;10.1038/s41467-026-75756-5;10.1038/s41377-020-0328-6;10.1038/s41377-025-01972-1;10.1038/s41467-020-16652-4;10.1038/s41467-021-22864-z;10.1038/s41467-022-31189-4;10.1038/s41467-022-35731-2;10.1038/s41467-024-49751-7;10.1038/s41467-024-50432-8;10.1038/s41467-025-56068-6;10.1038/s43246-024-00576-3;10.1038/s43246-026-01136-7;10.1038/s41377-025-01768-3;10.1038/s41467-018-05909-8;10.1038/s41467-018-06425-5;10.1038/s41467-024-50893-x;10.1038/s41467-025-65871-0;10.1038/s41467-026-71949-0;10.1038/s41467-026-72115-2;10.1038/s41467-026-74583-y;10.1038/s41928-024-01151-x;10.1038/s42005-021-00742-w;10.1038/s43246-024-00645-7	Abstract Enhanced hole injection is essential to achieve high performance in perovskite light-emitting diodes (LEDs) | In consequence the device achieve a maximum peak EQE of 9.7% and the current and brightness increase by 118% and 108% respectively (at 4 V) after a single light stimulation showing strong light interaction and display capabilities | Their aggregation tends to achieve a minimal inter-surface between Au and the underneath surface for a lowest overall free energy in the whole system yielding better uniformity of Au nanostructures | It is also found that although ZnSe has narrower energy bandgap assumptively less efficient confinement than ZnS the ZnSe-QDs can still achieve similarly high photoluminescence quantum yield (PLQY) of 84% compared to that of ZnS-QDs (PLQY = 87%) by precisely optimizing the gradient of the intermediate shell (Cd₁₋xZnxSe) and the thickness of the outer ZnSe layer for efficient wavefunction confinement(Supplementary Fig. 3). | Nevertheless it remains an unprecedented challenge to achieve pure red PeLEDs with high efficiency and luminance suppressed efficiency roll-off and spectra stability. | In this work we aim to synergistically suppress Joule heat generation and improve the thermal dissipation of the device to achieve highly bright efficient and stable pure red PeLEDs.
established	causal	88	63	10.1038/s41586-025-09684-7;10.1038/s41586-026-10229-9;10.1038/s41377-025-01817-x;10.1038/s41377-026-02184-x;10.1038/s41467-023-35954-x;10.1038/s41467-023-43472-z;10.1038/s41467-024-53965-0;10.1038/s41467-026-74151-4;10.1038/s41563-024-01812-4;10.1038/s41928-026-01670-9;10.1038/s41377-025-02000-y;10.1038/s41467-024-49791-z;10.1038/s41467-024-52521-0;10.1038/s41467-024-55619-7;10.1038/s41467-025-63653-2;10.1038/s41467-025-64696-1;10.1038/s41467-019-08749-2;10.1038/s41467-022-29702-w;10.1038/s41467-025-65695-y;10.1038/s41467-026-69200-x;10.1038/s41377-022-01036-8;10.1038/s41467-023-40194-0;10.1038/s41467-023-40746-4;10.1038/s41467-023-41868-5;10.1038/s41467-024-47184-w;10.1038/s41467-024-55376-7;10.1038/s41467-025-56815-9;10.1038/s41467-026-74198-3;10.1038/s41928-024-01205-0;10.1038/s43246-020-00084-0;10.1038/s41377-024-01500-7;10.1038/s41377-025-01835-9;10.1038/s41377-025-01987-8;10.1038/s41467-018-05760-x;10.1038/s41467-020-16560-7;10.1038/s41467-023-36118-7;10.1038/s41467-023-38216-y;10.1038/s41467-025-64546-0;10.1038/s41467-026-72733-w;10.1038/s41377-025-01959-y;10.1038/s41467-019-09737-2;10.1038/s41467-020-16865-7;10.1038/s41467-021-24762-w;10.1038/s41467-023-39488-0;10.1038/s41467-024-45945-1;10.1038/s41467-024-53221-5;10.1038/s41467-025-61085-6;10.1038/s41467-025-63209-4;10.1038/s43246-026-01177-y;qdp_2013_auger-control-carrier-kinetics;qdp_2013_carrier-multiplication-qd-films;qdp_2016_inas-qd-size-tunable-nir-emission;10.1038/s41377-026-02237-1;10.1038/s41467-026-75756-5;10.1038/s41377-026-02356-9;10.1038/s41467-020-14756-5;10.1038/s41467-020-16652-4;10.1038/s41467-021-22864-z;10.1038/s41467-022-35731-2;10.1038/s43246-024-00576-3;10.1038/s43246-026-01136-7;10.1038/s41467-018-06425-5;10.1038/s42005-021-00742-w	Here the well-established physical drift-diffusion model was used which is consisted of the continuity equation for electrons and holes coupled with the Poisson equation | The proposed photosensitive/display dual-function device can not only enhance the established display capability but also integrate multiple functions into one | Having established the impacts of PEDOT:F/Au-based ICLs on device performance we shifted our focus to the stability of the ICLs and these tandem cells | The two steps in the falling of PLEC have been observed elsewhere resulting from the depletion of the carrier reservoir established under pulse bias and the radiative recombination of delocalized carriers originally trapped by the defect centers within the perovskites respectively. | On the other hand the conduction behavior of the LRS for both sweeping modes is well described by the Ohmic conduction accompanied by a dramatic reduction of the electrical resistance indicating the VBr conducting channel and the Ag filament are well established inside the active layer in this stage. | After the electroforming process both the Ag filament and VBr conducting channel are well established in the right device whereas only the VBr conducting channel is induced on the left (Supplementary Fig. 9b).
develop	causal	4	2	10.1038/s41586-024-08275-2;10.1038/s41586-025-10057-3	The details of precursor preparation procedures were shown in Supplementary Fig. 19. The ZnO nanoparticles were synthesized using a previously developed method | Low-frequency CV measurement To further analyze the enhanced hole injection in the proposed PeLED low-frequency CV measurement was developed | Discussion In summary we develop a highly efficient ICL structure for n-i-p perovskite-organic tandem solar cells
conclude	causal	3	2	10.1038/s41586-025-09148-y;10.1038/s41586-026-10625-1	On the contrary, the ZnO-based ETL is concluded as the major source of operating-voltage rise due to the charge transfer across the QD–ZnO junction and charge accumulation in the ETL | Given no change of peak position in the GSB signal while a noticeable redshift in TRPL, we conclude that the diffusing occurs in holes for L/S-QDs (Fig. 2d–f) | By fitting the cyclic voltammetry (CV) curves (Fig. 3d, e and Supplementary Fig. 16), it can be concluded that the coverage rate of SAMs on LT-NiOx film reached 2.75 × 1013 cm−2, which is significantly higher than that of SAMs on RT-NiOx film (2.26 × 1012 cm−2)
remains	associative	3	2	10.1038/s41586-025-09896-x;10.1038/s41586-025-10049-3	Therefore holes transport into perovskite layer is increased while electrons transport into perovskite layer remains unchanged | It is worth noting that even with the introduction of a CuSCN layer the turn-on voltage of the SD-PQLED remains at 2.4 V the same as that of the standard device | Their conductivity significantly decreases at 85 °C in the dark yet remains relatively stable at 85 °C and illumination possibly due to accelerated Au diffusion reaching ITO electrode which could contribute to a partial “recovery” effect on conductivity
seem	speculative	6	5	10.1038/s41586-025-10039-5;10.1038/s41586-026-10264-6;10.1038/s41467-025-60886-z;10.1038/s41467-025-56987-4;10.1038/s41467-021-25955-z	Summing up, the electrons seem to migrate not to the 1Se states, but to the surface states on QDs during equilibrium | This may be counterintuitive because the mesh is not directly above the LED and it does not seem to block the light | We note that the fabricated red μ-LEDs (Supplementary Fig. 6j) seem to exhibit macroscopically uniform EL emission even at low current density of 0.24 A per cm2 and high brightness with increasing current (Fig. 5a and Supplementary Fig. 6k)
estimate	speculative	2	2	10.1038/s41586-024-08423-8;10.1038/s41586-025-09218-1	We estimate that the MA content in this alloyed perovskite is 0.13, that is Cs₀.₈₇MA₀.₁₃PbBr₃-based on the band-edge emission as shown in Fig. 2a and the band-edge emission form pure MAPbBr₃ (540 nm) according to the linear relationship EgCs₁₋xMAxPbBr₃=(1−x)EgCsPbBr₃+xEgMAPbBr₃ (ref. 42) | The corresponding chemical structures of D18-Cl and L8-BO are displayed in Fig. S1. To identify the optimal front PSC aligned well to the chosen organic rear cell we conducted an analysis to estimate the corresponding current and efficiency limits of P-O-TSCs when applying different PSCs | Additionally we conducted transient photovoltage and darkness current measurements to estimate the carrier transport/recombination properties and provided a thorough analysis of voltage loss
uncover	causal	2	2	10.1038/s41586-024-08485-8;10.1038/s41586-025-09653-0	At very long delay times (~30 μs) photoinduced absorption features corresponding to the triplets of tetracene (TCA*) are clearly detected confirming triplet sensitization or TET from NCs to TCA. However detailed kinetic analysis is required to uncover the interplay between TET FRET hole transfer and hole trapping | This work uncovers the charge injection process and unlocks the sub-bandgap turn-on mechanism which paves the road for the development of up-conversion devices with power conversion efficiency over 100% | The spectral analysis uncovers that the abnormal dipolar characteristics magnify the impact of surface localized charges at the QD level limiting the operational lifetimes of blue QLEDs
argue	associative	2	2	10.1038/s41586-025-08983-3;10.1038/s41586-026-10625-1	
plausible	speculative	2	2	10.1038/s41586-025-09653-0;10.1038/s41586-026-10695-1	Increasing the host–emitter distance in a system with good spectral overlap is, therefore, a plausible strategy to suppress Dexter transfer while preserving efficient FRET, which would prevent triplets accumulating on the terminal emitter to simultaneously improve the device efficiency and stability | On the basis of the weaker contribution to the XB by the hole the simplest yet most plausible model is that the PL decay occurring within 200 ps arises from a sub-ensemble of NCs exhibiting ultrafast hole trapping kinetics | Figure 5j proposes a plausible mechanism for the radioluminescence of ZnSe:Mn@ZnS nanocrystals
seems	associative	2	2	10.1038/s41586-026-10164-9;10.1038/s41586-026-10229-9	This BDA-modification-dependent luminescent peak wavelength in solution seems to be a disadvantage for later QLEDs application | The ZnO–QD junction formation seems to accompany charge transfer to equilibrate EF | From the initial inspection, although the thicker QD layer was correlated to increased light conversion, the conversion efficiency seems to saturate as the layer thickens
supports	associative	34	30	10.1038/s41586-026-10429-3;10.1038/s41586-026-10439-1;10.1038/s41377-025-02019-1;10.1038/s41467-025-57472-8;10.1038/s41467-025-66981-5;10.1038/s41467-026-74151-4;10.1038/s41563-024-01812-4;10.1038/s41586-023-05855-6;10.1038/s41928-026-01670-9;10.1038/s41377-025-01867-1;10.1038/s41467-025-64596-4;10.1038/s41566-024-01458-3;10.1038/s41467-022-29702-w;10.1038/s41467-025-57304-9;10.1038/s41467-025-59515-6;10.1038/s41467-026-69198-2;10.1038/s41467-026-69200-x;10.1038/s41467-023-40194-0;10.1038/s41467-025-64546-0;10.1038/s41467-020-16865-7;10.1038/s41467-023-39488-0;10.1038/s41467-026-72625-z;10.1038/s41467-026-75756-5;10.1038/s41377-026-02356-9;10.1038/s41467-020-16652-4;10.1038/s41467-020-16855-9;10.1038/s41467-021-22864-z;10.1038/s41467-024-49751-7;10.1038/s41467-026-71949-0;10.1038/s42005-021-00742-w	This behavior aligns with previous studies of ZnSeTe, CuInS2, and CdSe core/shell QDs and supports our earlier findings | Here we use two lower μp values in the simulation mainly to consider the worst scenario of avalanche as a high μp can allow for a more efficient hole removal and thus supports a high avalanche current | The emission spectrum of InGaN-based micro-LEDs covers the visible spectrum, which is inherently compatible with silicon photodetectors and supports wafer-level integration with CMOS circuits, thereby reducing system complexity and packaging cost | This is illustrated in Fig. 3c where the 150² nm² well area that supports one nanocrystal per well at the lowest studied thickness, still predominantly supports one at greater thicknesses. | From the fitted curve the fact that excess energy is necessary to lift the QD from the Si substrate supports the stability of the printed QD after immersion. | Transient EL (TREL) analysis further supports these findings (Supplementary Fig. 10a–c).
observe	causal	5	1	10.1038/s41586-024-08353-5	In that case we observe a Schottky-type barrier between the high-work-function MoOx and the low-work-function ZnO that leads to a strongly expressed S-shaped J-V characteristic for P-O-TSCs (Fig. S36) | In current density (J)–voltage (V)–luminance (L) characteristics of QLEDs, we observe an intriguing and somewhat counterintuitive trend of VJ and VL upon using various HTLs | Since tunneling probability affect by both the effective mass and the structure of barrier, we observe a larger probability for hole tunneling when the ZnS shell is less than 1.5 nm in CdZnSe/ZnS QDs
while	associative	3	1	10.1038/s41586-025-08665-0	A high ratio of CsBr:PbBr₂ (2.2:1) precursor solution was used to guarantee the formation of pure phase CsPbBr₃, while the excess CsBr would be readily precipitated during solution stirring | Therefore holes transport into perovskite layer is increased while electrons transport into perovskite layer remains unchanged | Achieving fewer smaller and more uniformly spherical Au nanoparticles significantly minimizes localized surface plasmon resonance absorption while maintaining efficient electron-hole recombination within ICLs
would	speculative	3	1	10.1038/s41586-025-08779-5	A high ratio of CsBr:PbBr₂ (2.2:1) precursor solution was used to guarantee the formation of pure phase CsPbBr₃, while the excess CsBr would be readily precipitated during solution stirring | Hence this negative electric field would play a role such as an electron blocking layer and significantly block the excess electrons | In this working regime, electric-field-induced effects, which would simultaneously reduce the EL and PL efficiencies, are not the main causes responsible for the decrease of PL efficiency
observed	causal	3	1	10.1038/s41586-025-08996-y	Similar enhancement were also observed while coating PVP on perovskite surface further confirming our argument (Supplementary Fig. 8) | As shown in Fig. S3, a higher roughness (RMS = 6.17 nm) is observed for the PEDOT:F surface compared to the MoOx surface (RMS = 1.91 nm) which derives from the solution processing of PEDOT:F via spin-coating | This conclusion is supported by the higher photovoltaic performance enhanced EQE response and reduced series resistance observed in single-junction OSCs employing SAM/MoO₃, MoO₃/SAM and SAM/MoO₃/SAM-based HTLs (Supplementary Figs. 8 and 9, and Supplementary Table 2)
predict	causal	3	1	10.1038/s41586-025-09529-3	The RMSE is a commonly used indicator to measure the difference between the predicted value and actual value, and its core idea is to measure the error size of the prediction result | As shown in Supplementary Fig. 14b the predicted parasitic electrode absorption losses of NIR photons in the ITO-based photodetector are indeed significantly higher than those in the ZnO based device | To estimate μp we simulate the avalanche dynamics with μp of 10⁻⁴ and 1 cm² V⁻¹s⁻¹ according to the low and high values theoretically predicted in the literature (μp is the low-field hole mobility and field-dependent mobility model is detailed in Supplementary Section S4)
implied	associative	2	1	10.1038/s41586-025-08843-0	However, the electron-currents of all the devices depicted a higher process than those of hole-currents, which are in an agreement with recently reported work, implied that the charge mobility orders of magnitude difference in electron compared to hole mobility has been solved | The aggregation is also implied by the lack of clear vibronic structures on the PL spectrum of TCA in toluene (Supplementary Fig. 3) | Furthermore, we estimate the quasi-Fermi level splitting (QFLS) and implied open circuit voltage (iVOC) (QFLS = e × iVOC, e is the elementary charge)
align	associative	2	1	10.1038/s41586-025-09053-4	The dipole moment of these electric dipoles keeps the same direction because in the presence of the electric field from HIL to HTL a dipole tends to align itself parallel to the concerned field | The corresponding chemical structures of D18-Cl and L8-BO are displayed in Fig. S1. To identify the optimal front PSC aligned well to the chosen organic rear cell we conducted an analysis to estimate the corresponding current and efficiency limits of P-O-TSCs when applying different PSCs | This p-type MoO₃/SAM surface is favorable for hole transport from the organic active layer to the MoO₃ due to aligned energy levels and also functions as the electron blocking layer to reduce electron injection from LUMO of the organic layer to MoO₃, as displayed in Supplementary Fig. 2c
presumably	speculative	2	1	10.1038/s41586-025-09271-w	Therefore, we presumably attributed the low-efficiency droop observed in the 3.5 × 3.5 μm2 micro-LED to the strain relaxation effect occurring near the mesa surface | The UPS measurement data (Supplementary Fig. 6) showed insignificant energy level shifts with increasing Mo concentrations in the complex, presumably due to the lack of charge transfer between the solid solution phase dopants and the NiO matrix, which is also supported by the smaller shift and change in the XPS spectra | In HAADF-STEM images of the QDs aggregated and vertically overlapped QD particles presumably formed during TEM sample preparation processes were often found
hypothesise	associative	2	1	10.1038/s41586-025-09389-x	
expect	associative	2	1	10.1038/s41586-025-09456-3	Normally, one would expect a direct deposition of QDs, and peeling of the bottom structural layer would be a straightforward process to form reliable QD patterns | Generally the conductivity of ZnO increases after UV treatment due to the UV-induced doping effect: The UV-generated holes are trapped by defects or impurities in the ZnO lattice leaving free excess electrons in the CB of ZnO. We thus expect a similar increase in conductivity for the sol-gel-grown ZnO after UV treatment | We expect that the mesa-etched red InGaN μ-LEDs, once flattened by chemical mechanical polishing, can also be integrated into the UHD display using the same fabrication process (Supplementary Fig. 10n–v)
wonder	associative	2	1	10.1038/s41586-025-09528-4	
quantify	causal	2	1	10.1038/s41586-025-09720-6	The final surface ligands exchange percentages were identified and quantified by FTIR, TGA, and XPS experiments shown in Supplementary Figs. 10–12 and Supplementary Table 3, see Supplementary Note 1 | PL decay lifetimes and normalized pre-exponential factors for X, X−, and ET are quantified using a tri-exponential decay model | To quantify the strain on the ZnSeTe cores, we analyze the relative 1LO phonon shifts (\fracΔ ω ω) of core/IPG QDs and core/ZnSe QDs to estimate relative changes in lattice constant (\fracΔ aa) using the Grüneisen parameter (γ)
expect	speculative	2	1	10.1038/s41586-025-09720-6	Normally, one would expect a direct deposition of QDs, and peeling of the bottom structural layer would be a straightforward process to form reliable QD patterns | Generally the conductivity of ZnO increases after UV treatment due to the UV-induced doping effect: The UV-generated holes are trapped by defects or impurities in the ZnO lattice leaving free excess electrons in the CB of ZnO. We thus expect a similar increase in conductivity for the sol-gel-grown ZnO after UV treatment | We expect that the mesa-etched red InGaN μ-LEDs, once flattened by chemical mechanical polishing, can also be integrated into the UHD display using the same fabrication process (Supplementary Fig. 10n–v)
implicate	causal	2	1	10.1038/s41586-024-08341-9	
enable	causal	2	1	10.1038/s41586-025-10094-y	PQDs act as the light-emitting material that enables the device to obtain electroluminescence (EL); the light-interactive interface plays a key role in light-interactive properties | Notably the morphological alteration of Au NPs enables to shift the plasmon resonance outside the absorption window of the low-bandgap organic absorber in the near-infrared (NIR) region | These efforts have enabled the achievement of a PCE exceeding 25% for perovskite/organic TSC with the stability of T₉₀ > 1000 h
caution	associative	2	1	10.1038/s41586-026-10112-7	
reflect	associative	2	1	10.1038/s41586-026-10219-x	When the voltage is low (<2 V) injected carriers in PeLEDs are few so CV curves reflect the geometric capacitance of devices | This is because the illumination intensity reflects the spatial information of the optical signal determines the amount of photo-generated carriers per unit time and causes current variation in the device | The ITO surface promotes a more efficient deprotonation process reflecting its distinctive electronic and chemical properties conducive to robust acid-base reactions
require	causal	2	1	10.1038/s41586-026-10300-5	Dual-function devices usually have different functions under forward and reverse bias working conditions and further circuit design is required to realize the two functions at the same time | The spread of ±1% points is still relatively large and will require attention in further investigations | In addition, the minimum-required photon energy for persistent electron photoconductivity (PPC, or persistent increase of capacitance) of ZnO is reported to be 3.1 eV, therefore charge-modulated signal due to PPC effect is not expected either
associate	associative	2	1	10.1038/s41586-026-10363-4	The time-resolved PL curves were fit to bi-exponential decays where the fast decay component is associated with trap-assisted recombination at grain boundaries or surfaces and the slow decay is ascribed to radiative recombination inside the bulk perovskite phase | We assign the optical losses to a LSPR effect of Au NPs—a unique intrinsic characteristic associated with plasmonic noble metal nanoparticles | We develop room-temperature electrically pumped single-nanocrystal spectroscopy to reveal the hidden elementary processes and the associated kinetics at the single-nanocrystal level
speculate	associative	2	1	10.1038/s41586-026-10366-1	Accordingly, we speculate that the decrease in RMS is related to some BDA bound to the proximal QDs on the surface | It is speculated that the ICL or other functional layers are damaged after multiple solution processing | However, as the measurement position moved towards the sample edge from the MQW position, the surface potential started to increase, and we speculate that this could be due to the adsorption of Cl on the etched surface, because this area was exposed to the Cl neutral beam for a longer time
uncovered	causal	2	1	10.1038/s41586-026-10367-0	Interestingly, most Al2O3 particle tops remained uncovered, even though the wet film was expected to coat both the surroundings and the tops of the particles prior to nucleation | Although bulky long-chain ligand tails can entropically improve the colloidal stability of perovskite QDs, steric repulsion can lead to uncovered surface sites and ion loss
anticipated	speculative	2	1	10.1038/s41586-026-10421-x	Insulting PVP layer can slow down electron-injection via an energy barrier (Fig. 3b Supplementary Fig. 18) an improvement of charge balance could be anticipated by inserting a PVP layer on ZnO surface as the electron-injection layer | As anticipated tandem devices incorporating PEDOT:F/Au deliver a superior JSC of 12.66 mA/cm² compared to those utilizing MoOx/Au (11.10 mA/cm²) representing a significantly raised JSC by >1.5 mA/cm² | By combining µA-level driving currents with integrated microlenses for spatial beam shaping, this approach provides a viable pathway to mitigate the power and crosstalk constraints anticipated in high-density array packaging
find	associative	2	1	10.1038/s41586-026-10514-7	It is not difficult to find that the lifetime of the PQDs deposited on the CuSCN/PTAA layer is lower than that of the PQDs deposited on the PTAA layer | In terms of their reflectance spectra we find negligible differences | Comparing the LT100 and LT90 device, we find them resemble very similar spectra except the TFB region, which will later be attributed to the emergence of TFB+
seems	speculative	15	12	10.1038/s41586-026-10747-6;10.1038/s41467-022-29538-4;10.1038/s41467-021-25955-z;10.1038/s43246-021-00203-5;10.1038/s41467-022-28037-w;10.1038/s41467-024-55812-8;10.1038/s41563-025-02123-y;10.1038/s41467-025-61511-9;qdp_2013_auger-control-carrier-kinetics;10.1038/s41467-018-07383-8;10.1038/s41467-020-20555-9;10.1038/s42005-023-01169-1	This BDA-modification-dependent luminescent peak wavelength in solution seems to be a disadvantage for later QLEDs application | The ZnO–QD junction formation seems to accompany charge transfer to equilibrate EF | From the initial inspection, although the thicker QD layer was correlated to increased light conversion, the conversion efficiency seems to saturate as the layer thickens | Although this scenario seems consistent with their observations it is clearly not applicable to our devices. | As the trap emission observed is most consistent with internal traps the internal structure of the QDs seems the most important target. | Beyond simply changing the balance of radiative versus non-radiative recombination it seems likely that optical and/or electrical background bias also affects the charge balance of the device due to the variation in internal field that accompanies the changing ionic charge distribution.
interpret	associative	2	1	10.1038/s41586-026-10785-0	In-depth understanding of the generation and recombination of excitons is essential for interpreting device operation mechanisms and providing guidelines for future developments | A linear vibronic coupling model was used for interpreting the spectral lineshapes | This is usually interpreted as being due to both TTA and TADF processes operating within a given time regime (such as DF region 1), and with TTA being a bimolecular process and therefore slow, it competes with the rISC process
raise	associative	1	1	10.1038/s41586-024-08527-1	As anticipated tandem devices incorporating PEDOT:F/Au deliver a superior JSC of 12.66 mA/cm² compared to those utilizing MoOx/Au (11.10 mA/cm²) representing a significantly raised JSC by >1.5 mA/cm² | Second, the electron injection barrier, E1Se − E_CBM, ZnO_, is raised as a result of the EF alignment, yet the increase is marginal since EF difference is merely 0.35 eV | Zn(OA)2 precursor: 20 mmol of Zn(OAc)2, 20 mL of OA, and 20 mL of ODE were placed in a 100 mL three-neck flask, heated to 120 °C for 15 min under vigorous stirring to degas, then raised to 220 °C until a clear solution formed
surmise	associative	1	1	10.1038/s41586-025-08766-w	
estimated	associative	1	1	10.1038/s41586-025-08843-0	The final MABr content in CsPbBr₃ as estimated from the change in bandgap is approximately consistent with the initial precursor composition where CsBr:PbBr₂:MABr=2.2:1:0.1 and only 1 mol CsBr contributes to the formation of CsPbBr₃ and the initial MABr ratio is 0.1 mol | By using the equation of VB = 21.2 eV − (Ecutoff − Eonset) the HOMO levels of PEDOT:PSS with and without MoO₃ are estimated to be −5.5 and −5.2 eV respectively | The impact of low mobility of transporting layers could be estimated by maximizing the mobility in each layer by the drift-diffusion simulation which is challenging to realize experimentally
expected	associative	1	1	10.1038/s41586-025-08843-0	We denote that the smaller and more regular NP shape in combination with lower surface coverage are both expected to support efficient light propagation in the ICLs | These devices are expected to push the power conversion efficiency (PCE) of photovoltaics devices to 45% for two-junction systems and up to 68% (and even to 80% under concentration) for theoretical infinite junction configurations | In addition, the minimum-required photon energy for persistent electron photoconductivity (PPC, or persistent increase of capacitance) of ZnO is reported to be 3.1 eV, therefore charge-modulated signal due to PPC effect is not expected either
provide	associative	1	1	10.1038/s41586-025-09087-8	For example a display panel with dual functions of sensing and display can provide real-time communication allowing the device to sense outside signals and simultaneously display information | Figure S8 provides SEM images captured under various magnifications | Additionally we conducted transient photovoltage and darkness current measurements to estimate the carrier transport/recombination properties and provided a thorough analysis of voltage loss
possible	speculative	1	1	10.1038/s41586-025-09271-w	Combining the aforementioned surface properties of MoOx and PEDOT:F layers as well as morphology analysis of Au NPs the possible deposition processes of Au vapor onto distinct substrate surfaces are proposed in Fig. 1G | To determine the source of degradation in blue QLED, we then analyze electro-absorption (EA) spectra for the organic HTL, the QD emission layer and the ETL to spot possible space-charge accumulation | Therefore, we use a pulsed laser to excite the single QD under constant electrical pumping, allowing the probing of all possible states relevant to the single-dot EL (Fig. 1b)
indicating	associative	1	1	10.1038/s41586-025-09328-w	After incorporating MABr into the CsPbBr₃ lattice only PbBr peaks were found indicating that Pb metallic states which are known to function as non-radiative recombination centres have been suppressed | Based on the proposed electric dipole layer structure perovskite LEDs achieve a high current efficiency of 72.7 cd A⁻¹, indicating that electric dipole layers are a feasible approach to enhance perovskite LEDs performance | And the prepared PQDs ink shows high PLQY (95%) indicating good surface passivation and stability
suspected	associative	1	1	10.1038/s41586-025-09419-8	The reason is suspected to be a decrease in carrier concentration originating from oxygen vacancies and the introduction of excessive oxygen defects functioning as acceptor-like defects during annealing in oxygen-containing air
argue	speculative	1	1	10.1038/s41586-025-09501-1	
suggest	speculative	1	1	10.1038/s41586-025-09744-y	These results suggest that the OSCtarget devices achieved better carrier transport and a high-quality SAM/MoO₃/SAM heterojunction | These results suggest the charge balance in blue devices is poor, but they cannot accurately reflect the situation in a real QLED device | The results suggest a long-lived intermediate state of QD^-
cannot	speculative	1	1	10.1038/s41586-025-09884-1	Unlike organic emitters, the ionization potentials and electron affinities of light-emitting QDs cannot be consistently characterized by existing methods | Therefore, in theory, the small metal halide salts should be capable of filling the residual defects that BDA cannot accommodate | However, this proposed mechanism cannot provide a sufficient answer as to why only ZnO-based ETLs enable the sub-Eg operation of QLEDs while organic ETLs tend to exhibit thresholds larger than a flat band bias (Supplementary Table 1)
implicated	associative	1	1	10.1038/s41586-025-09896-x	
define	causal	1	1	10.1038/s41586-025-09233-2	For a realistic prediction of electrical performance the VOCTSC is defined by summing up the record VOCPSC with the best VOCOSC from literature while the FFTSC is assumed to be a constant 80% | The IPG QDs exhibit a well-defined cubic shape, while the control QDs display an irregular shape (Fig. 1g, h), likely due to greater structure deformation caused by increased lattice strain between the core and ZnSe shell | Some of the terms (e.g., quantum efficiencies, absorbed light, and light power) are defined in the Method section
reported	causal	563	162	10.1038/s41586-025-09818-x;10.1038/s41377-022-00855-z;10.1038/s41377-025-01740-1;10.1038/s41377-025-01817-x;10.1038/s41377-025-02019-1;10.1038/s41377-026-02184-x;10.1038/s41377-026-02231-7;10.1038/s41377-026-02246-0;10.1038/s41377-026-02247-z;10.1038/s41467-023-35954-x;10.1038/s41467-023-36773-w;10.1038/s41467-023-43340-w;10.1038/s41467-023-43408-7;10.1038/s41467-023-43472-z;10.1038/s41467-024-44894-z;10.1038/s41467-024-52208-6;10.1038/s41467-024-53965-0;10.1038/s41467-025-60886-z;10.1038/s41467-025-63684-9;10.1038/s41467-025-66981-5;10.1038/s41467-025-67347-7;10.1038/s41467-026-74151-4;10.1038/s41563-024-01812-4;10.1038/s41928-026-01670-9;10.1038/s41377-024-01601-3;10.1038/s41377-024-01704-x;10.1038/s41377-025-01867-1;10.1038/s41377-025-02000-y;10.1038/s41467-020-15481-9;10.1038/s41467-022-29538-4;10.1038/s41467-023-41929-9;10.1038/s41467-024-45944-2;10.1038/s41467-024-49791-z;10.1038/s41467-024-52401-7;10.1038/s41467-024-52521-0;10.1038/s41467-024-55619-7;10.1038/s41467-025-56001-x;10.1038/s41467-025-56987-4;10.1038/s41467-025-57746-1;10.1038/s41467-025-58471-5;10.1038/s41467-025-62345-1;10.1038/s41467-025-63653-2;10.1038/s41467-025-64596-4;10.1038/s41467-025-64696-1;10.1038/s41566-024-01458-3;10.1038/s41586-024-07149-x;10.1038/s41928-024-01181-5;10.1038/s41467-019-08749-2;10.1038/s41467-021-25955-z;10.1038/s41467-022-29702-w;10.1038/s41467-024-55653-5;10.1038/s41467-025-57304-9;10.1038/s41467-025-59515-6;10.1038/s41467-025-63389-z;10.1038/s41467-025-65135-x;10.1038/s41467-025-65695-y;10.1038/s41467-025-66421-4;10.1038/s41467-026-69198-2;10.1038/s41467-026-69200-x;10.1038/s41467-026-73911-6;10.1038/s43246-021-00203-5;10.1038/s41467-020-18006-6;10.1038/s41467-022-28480-9;10.1038/s41467-022-32010-y;10.1038/s41467-023-40194-0;10.1038/s41467-023-40746-4;10.1038/s41467-023-41868-5;10.1038/s41467-024-46243-6;10.1038/s41467-024-55376-7;10.1038/s41467-025-56815-9;10.1038/s41467-025-57200-2;10.1038/s41467-025-58047-3;10.1038/s41467-026-74198-3;10.1038/s41928-024-01205-0;alhtl_2017_cspbbr3-moo3-hil-peled;10.1038/s41377-024-01500-7;10.1038/s41377-024-01727-4;10.1038/s41377-025-01835-9;10.1038/s41467-018-02978-7;10.1038/s41467-018-05760-x;10.1038/s41467-019-13951-3;10.1038/s41467-020-16659-x;10.1038/s41467-021-24931-x;10.1038/s41467-022-28037-w;10.1038/s41467-023-36118-7;10.1038/s41467-024-47891-4;10.1038/s41467-024-49574-6;10.1038/s41467-024-55812-8;10.1038/s41467-025-56557-8;10.1038/s41467-025-64546-0;10.1038/s41467-026-70555-4;10.1038/s41467-026-72733-w;10.1038/s41563-025-02123-y;10.1038/s41377-022-00992-5;10.1038/s41377-025-01959-y;10.1038/s41467-018-04986-z;10.1038/s41467-019-09737-2;10.1038/s41467-020-16865-7;10.1038/s41467-020-17633-3;10.1038/s41467-021-24762-w;10.1038/s41467-022-29812-5;10.1038/s41467-022-31853-9;10.1038/s41467-023-39488-0;10.1038/s41467-023-40150-y;10.1038/s41467-024-45945-1;10.1038/s41467-024-50634-0;10.1038/s41467-024-53221-5;10.1038/s41467-025-61085-6;10.1038/s41467-025-61511-9;10.1038/s41467-025-63209-4;qc_2015_wearable-rgb-qled-array;qdp_2012_lifetime-blinking-nonblinking-qd;qdp_2013_auger-control-carrier-kinetics;qdp_2013_carrier-multiplication-qd-films;qdp_2014_carrier-multiplication-quasi-type-ii;qdp_2016_inas-qd-size-tunable-nir-emission;10.1038/s41377-026-02237-1;10.1038/s41467-018-07383-8;10.1038/s41467-019-08561-y;10.1038/s41467-019-09794-7;10.1038/s41467-020-14747-6;10.1038/s41467-020-20555-9;10.1038/s41467-020-20582-6;10.1038/s41467-021-20970-6;10.1038/s41467-021-24616-5;10.1038/s41467-022-31478-y;10.1038/s41467-024-49838-1;10.1038/s41467-024-50508-5;10.1038/s41467-025-67737-x;10.1038/s41467-026-71292-4;10.1038/s41467-026-72625-z;10.1038/s41467-026-73298-4;10.1038/s41467-026-75756-5;10.1038/s41377-026-02356-9;10.1038/s41467-017-01379-6;10.1038/s41467-018-06294-y;10.1038/s41467-019-13909-5;10.1038/s41467-020-14756-5;10.1038/s41467-020-16652-4;10.1038/s41467-020-16855-9;10.1038/s41467-020-20433-4;10.1038/s41467-021-22864-z;10.1038/s41467-022-31189-4;10.1038/s41467-022-35731-2;10.1038/s41467-023-39531-0;10.1038/s41467-024-49751-7;10.1038/s41467-025-56068-6;10.1038/s43246-024-00576-3;10.1038/s43246-026-01136-7;10.1038/s41377-025-01768-3;10.1038/s41467-018-05909-8;10.1038/s41467-018-06425-5;10.1038/s41467-021-21522-8;10.1038/s41467-024-50893-x;10.1038/s41467-025-65871-0;10.1038/s41467-026-68315-5;10.1038/s41467-026-71949-0;10.1038/s41467-026-72115-2;10.1038/s41467-026-74583-y;10.1038/s41928-024-01151-x;10.1038/s42005-021-00742-w;10.1038/s43246-024-00645-7	To the best of our knowledge this is the brightest and most-efficient green perovskite light-emitting diodes reported to date | Since the first report of quantum dot light-emitting diodes (QLEDs) in 1994³, all kinds of quantum dots (QDs) candidate materials including CdS CdSe InP etc. have been reported as potential luminescent materials for QLEDs | This is the highest VOC value reported for monolithic P-O-TSCs to date (Fig. 4D) and underlines the negligible energy losses inside the ICLs | The injection barriers from the TFB to QD layers for the ZnS-QD and ZnSe-QD devices are derived from ultraviolet photoelectron spectroscopy (UPS) and scanning Kelvin probe microscopy (SKPM) measurements using reported methods. | For a direct comparison with previously reported values of QLED lifetime a half (T₅₀) lifetime with initial luminance of 100 cd m⁻² can be estimated to be over 2,260,000 h (Supplementary Fig. 7) which is about one order of magnitude higher than previous reported values. | The operation lifetime we reported here meets the requirement of display application which is another milestone on the way of commercialization of QLED technology.
appears	speculative	45	34	10.1038/s41586-025-10039-5;10.1038/s41377-025-01740-1;10.1038/s41467-023-43340-w;10.1038/s41467-024-53965-0;10.1038/s41586-023-05855-6;10.1038/s41467-024-49791-z;10.1038/s41467-024-55619-7;10.1038/s41467-025-56987-4;10.1038/s41467-025-64696-1;10.1038/s41467-019-08749-2;10.1038/s41467-021-25955-z;10.1038/s41467-025-65695-y;10.1038/s41467-026-69198-2;10.1038/s41467-026-69200-x;10.1038/s41467-023-41868-5;10.1038/s41467-024-47184-w;10.1038/s41467-018-05760-x;10.1038/s41467-018-07099-9;10.1038/s41467-025-64546-0;10.1038/s41467-026-70555-4;10.1038/s41467-020-17633-3;10.1038/s41467-021-24762-w;10.1038/s41467-024-45945-1;10.1038/s41467-024-53221-5;10.1038/s41467-025-61511-9;10.1038/s41467-019-09794-7;10.1038/s41467-020-14747-6;10.1038/s41377-025-01972-1;10.1038/s41467-018-06294-y;10.1038/s41467-021-22864-z;10.1038/s43246-026-01136-7;10.1038/s41467-018-05909-8;10.1038/s41467-026-74583-y;10.1038/s42005-023-01169-1	Although the result appears counter-intuitive since oxides are usually more stable than organic materials, the offset of conduction band maximum (CBM) across the ZnO–QD junction causes the unwanted charge transfer | It appears that ZnO “electron” transport materials in the hybrid QLEDs trigger barrierless “hole” injection | We find that when bare CdSe QDs interact with TPP, a new peak at ~35.5 ppm appears in the 31P NMR spectra in addition to the characteristic peak of free TPP at ~6.7 ppm (blue curve) | From the entire bleaching color mapping no extra bleaching signal appears after passivated by TSPO1, indicating no associated energy transfer process occur between TSPO1 and QDs. | The EL emission appears only from the left device of the LEM upon switching to a negative voltage sweep as seen by the photographs inserted in the top panel of Fig. 6a. | Now, a (h 0 0) peak series appears with integer multiples of q100 = 0.143 Å−1.
shows	causal	853	163	10.1038/s41586-025-10049-3;10.1038/s41377-022-00855-z;10.1038/s41377-025-01817-x;10.1038/s41377-025-02019-1;10.1038/s41377-026-02246-0;10.1038/s41467-023-35954-x;10.1038/s41467-023-36773-w;10.1038/s41467-023-43340-w;10.1038/s41467-023-43408-7;10.1038/s41467-023-43472-z;10.1038/s41467-024-44894-z;10.1038/s41467-024-50022-8;10.1038/s41467-024-52208-6;10.1038/s41467-024-53965-0;10.1038/s41467-025-57472-8;10.1038/s41467-025-59527-2;10.1038/s41467-025-60886-z;10.1038/s41467-025-66981-5;10.1038/s41467-025-67347-7;10.1038/s41467-026-74151-4;10.1038/s41563-024-01812-4;10.1038/s41586-023-05855-6;10.1038/s41928-026-01670-9;10.1038/s41377-024-01601-3;10.1038/s41377-024-01704-x;10.1038/s41377-025-02000-y;10.1038/s41467-020-15481-9;10.1038/s41467-022-29538-4;10.1038/s41467-024-45944-2;10.1038/s41467-024-49791-z;10.1038/s41467-024-52401-7;10.1038/s41467-024-55619-7;10.1038/s41467-025-56001-x;10.1038/s41467-025-56987-4;10.1038/s41467-025-57746-1;10.1038/s41467-025-58471-5;10.1038/s41467-025-63653-2;10.1038/s41467-025-64596-4;10.1038/s41467-025-64696-1;10.1038/s41566-024-01458-3;10.1038/s41586-024-07149-x;10.1038/s41928-024-01181-5;10.1038/s41467-019-08749-2;10.1038/s41467-020-15944-z;10.1038/s41467-021-25955-z;10.1038/s41467-021-27652-3;10.1038/s41467-022-29702-w;10.1038/s41467-024-51760-5;10.1038/s41467-024-55653-5;10.1038/s41467-025-57304-9;10.1038/s41467-025-59515-6;10.1038/s41467-025-63389-z;10.1038/s41467-025-64111-9;10.1038/s41467-025-65135-x;10.1038/s41467-025-65695-y;10.1038/s41467-025-66421-4;10.1038/s41467-026-69198-2;10.1038/s41467-026-69200-x;10.1038/s41467-026-71301-6;10.1038/s41467-026-73911-6;10.1038/s43246-021-00203-5;10.1038/s41377-022-01036-8;10.1038/s41467-020-18006-6;10.1038/s41467-022-28480-9;10.1038/s41467-023-40194-0;10.1038/s41467-023-40746-4;10.1038/s41467-023-41041-y;10.1038/s41467-023-41868-5;10.1038/s41467-024-46243-6;10.1038/s41467-024-47184-w;10.1038/s41467-024-55376-7;10.1038/s41467-025-57200-2;10.1038/s41467-025-58047-3;10.1038/s41467-026-74198-3;10.1038/s41586-024-07360-w;10.1038/s41928-024-01205-0;10.1038/s43246-020-00084-0;alhtl_2017_cspbbr3-moo3-hil-peled;10.1038/s41377-024-01500-7;10.1038/s41377-024-01727-4;10.1038/s41377-025-01835-9;10.1038/s41377-025-01987-8;10.1038/s41467-018-02978-7;10.1038/s41467-018-05760-x;10.1038/s41467-018-07099-9;10.1038/s41467-019-13951-3;10.1038/s41467-020-16659-x;10.1038/s41467-021-24931-x;10.1038/s41467-022-28037-w;10.1038/s41467-023-36118-7;10.1038/s41467-023-38216-y;10.1038/s41467-024-47891-4;10.1038/s41467-024-49574-6;10.1038/s41467-025-56557-8;10.1038/s41467-026-70555-4;10.1038/s41467-026-72733-w;10.1038/s41563-025-02123-y;10.1038/s41377-022-00992-5;10.1038/s41377-025-01959-y;10.1038/s41467-018-04986-z;10.1038/s41467-019-09737-2;10.1038/s41467-020-16865-7;10.1038/s41467-020-17633-3;10.1038/s41467-021-24762-w;10.1038/s41467-022-31853-9;10.1038/s41467-023-39488-0;10.1038/s41467-023-40150-y;10.1038/s41467-024-45945-1;10.1038/s41467-024-50634-0;10.1038/s41467-024-53221-5;10.1038/s41467-025-61085-6;10.1038/s41467-025-61511-9;10.1038/s43246-026-01177-y;qc_2015_wearable-rgb-qled-array;qdp_2013_auger-control-carrier-kinetics;qdp_2013_carrier-multiplication-qd-films;qdp_2014_carrier-multiplication-quasi-type-ii;qdp_2016_inas-qd-size-tunable-nir-emission;10.1038/s41377-026-02237-1;10.1038/s41467-018-03049-7;10.1038/s41467-018-07383-8;10.1038/s41467-019-08561-y;10.1038/s41467-020-14747-6;10.1038/s41467-020-20555-9;10.1038/s41467-020-20582-6;10.1038/s41467-021-20970-6;10.1038/s41467-021-24616-5;10.1038/s41467-024-49838-1;10.1038/s41467-024-50508-5;10.1038/s41467-025-58470-6;10.1038/s41467-025-67737-x;10.1038/s41467-026-72625-z;10.1038/s41467-026-73298-4;10.1038/s41467-026-75756-5;10.1038/s41377-020-0328-6;10.1038/s41377-025-01972-1;10.1038/s41377-026-02356-9;10.1038/s41467-017-01379-6;10.1038/s41467-018-06294-y;10.1038/s41467-019-13909-5;10.1038/s41467-020-14756-5;10.1038/s41467-020-16652-4;10.1038/s41467-020-16855-9;10.1038/s41467-020-20433-4;10.1038/s41467-021-22864-z;10.1038/s41467-024-49751-7;10.1038/s41467-025-56068-6;10.1038/s43246-024-00576-3;10.1038/s43246-026-01136-7;10.1038/s41377-025-01768-3;10.1038/s41467-018-05909-8;10.1038/s41467-018-06425-5;10.1038/s41467-021-21522-8;10.1038/s41467-024-50893-x;10.1038/s41467-025-65871-0;10.1038/s41467-026-68315-5;10.1038/s41467-026-71949-0;10.1038/s41467-026-72115-2;10.1038/s41467-026-74583-y;10.1038/s41928-024-01151-x;10.1038/s42005-021-00742-w;10.1038/s42005-023-01169-1;10.1038/s43246-024-00645-7	Figure 1c shows that the morphology of the perovskite film was improved considerably once we did add MABr leading to now a negligible density of pinholes which could be good for reducing current leakage in LEDs | Figure 1a shows a classicial HIL/HTL interface without an electric dipole layer | Results Figure 1a shows a conceptual diagram of an optical interactive display based on pixelated SD-PQLED | The ZnSe-QD device shows a turn-on voltage (VT defined as the required operation voltage for achieving the luminance of 1 cd m⁻²) of 1.7 V and a required voltage of V = 2.3 V for achieving 1000 cd m⁻² luminance (red squares in Fig. 2c) whereas the ZnS-QD device has a slightly higher VT = 1.8 V and a much higher V = 2.9 V at the luminance of L = 1000 cd m⁻² (blue circles in Fig. 2c) suggesting the reduction of injection barrier by the ZnSe shells in ZnSe-QDs. | The ZnSe-QD device shows the maximum ηEQE and ηA value of 15.1% and 15.9 cd A⁻¹ (red squares in Fig. 2d) respectively which is about 50% higher than that of the ZnS-QD device (ηEQE = 11.4% and ηA = 11.8 cd A⁻¹) (blue circles in Fig. 2d). | The photogragh of QD film under UV lamp exhibits that the naked CsPbBr₃ QD film shows a dim glow compared to colloidal QDs.
anticipate	speculative	1	1	10.1038/s41586-026-10161-y	Considering that Coulomb interactions are pronounced in all nanocrystals with strong carrier confinement, we anticipate the charge confinement-enhanced efficient exciton generation to be a general mechanism for the nanocrystal-based EL devices, including LEDs, electrically driven single-photon sources and potentially lasers | With further optimization of QD structure, surface chemistry, and device architecture, we anticipate continued enhancement in the performance of full-color QDs-based displays | With these results, we anticipate that it will be possible to reduce the chip size even further to meet the requirements of AR smart glasses, because the mesa sidewall does not give rise to any reduction in micro-LED efficiencies
highlight	causal	1	1	10.1038/s41586-026-10196-1	It becomes evident that all n-i-p type P-O-TSCs show significant current density losses compared to predictions based on the individual sub-cell performance highlighting the significance of optimizing metal NP-based ICLs | Moreover it is important to highlight that the EL intensity from the perovskite is stronger than that of the organic layer due to the strong photon radiation property of perovskite materials (Supplementary Fig. 13) | Figure 5 highlights the systematic improvement in each stage, where the performance of devices treated by BDA/ZnI2 modification process is clearly better than those of the BDA modified only and the as-prepared ones
remain	associative	1	1	10.1038/s41586-026-10208-0	However the EQE of the LEDs based on these materials remain <1% (refs 15, 34) | As shown in Supplementary Fig. 6, the WF of these films is similar to that of intrinsic MoO₃, indicating that SAM modification primarily alters the surface properties of MoO₃, while its bulk properties remain largely unchanged | In a red QLED device, electron injection is more efficient than that of holes, therefore the capacitance rise at 1.8 V means that the HTL (TFB) is the only layer remaining depleted and other layers have reached flat band and charge injection
establishes	causal	1	1	10.1038/s41586-026-10274-4	This work establishes an experimentally accessible entry point to related “artificial molecules” with controllable chemical composition geometry and electronic structure | This work establishes a viable strategy for perovskite surface engineering using self-assembled molecules | The broad applicability of this alternating co-adsorption strategy across carbazole-based SAM systems and wide band-gap PSCs establishes it as a fundamental framework for molecular interface engineering in high-performance PSCs
reported	associative	1	1	10.1038/s41586-026-10290-4	To the best of our knowledge this is the brightest and most-efficient green perovskite light-emitting diodes reported to date | Since the first report of quantum dot light-emitting diodes (QLEDs) in 1994³, all kinds of quantum dots (QDs) candidate materials including CdS CdSe InP etc. have been reported as potential luminescent materials for QLEDs | This is the highest VOC value reported for monolithic P-O-TSCs to date (Fig. 4D) and underlines the negligible energy losses inside the ICLs
highlight	associative	1	1	10.1038/s41586-026-10300-5	It becomes evident that all n-i-p type P-O-TSCs show significant current density losses compared to predictions based on the individual sub-cell performance highlighting the significance of optimizing metal NP-based ICLs | Moreover it is important to highlight that the EL intensity from the perovskite is stronger than that of the organic layer due to the strong photon radiation property of perovskite materials (Supplementary Fig. 13) | Figure 5 highlights the systematic improvement in each stage, where the performance of devices treated by BDA/ZnI2 modification process is clearly better than those of the BDA modified only and the as-prepared ones
underscore	associative	1	1	10.1038/s41586-026-10300-5	This underscores the robustness of this specific electrical contact for a variation of different thicknesses of PEDOT:F which is an important asset for upscaling | This comparison underscores the distinct molecular mechanisms at play across different material interfaces offering crucial insights for optimizing device performance | This underscores the tremendous potential of our method for future industrial-scale fabrication of high-resolution, full-color micro-displays using DOLFIN
analyse	causal	1	1	10.1038/s41586-026-10365-2	Capacitance-voltage analyses further prove efficient hole injection by introducing the electric dipole layer | The fact that X− contributes to the EL–PL emission is supported by spectral analyses | To analyse the mechanism of the barrierless injection at interfaces, we probe the energy level of each component in QLEDs using ultraviolet photoelectron spectroscopy (UPS)
delineate	causal	1	1	10.1038/s41586-026-10367-0	To further delineate VOC loss mechanisms we considered three typical channels: where q is the electron charge ΔV is the total voltage loss \({V}_{{OC}}^{{SQ}}\) is the Shockley-Queisser radiative limiting of VOC \({V}_{{OC}}^{{rad}}\) is the VOC considering only the radiative recombination losses
show	associative	1	1	10.1038/s41586-026-10380-3	The Cs₀.₈₇MA₀.₁₃PbBr₃ films show bright and uniform green PL under ultraviolet lamp excitation (Fig. 2c) | In Fig. 3bf we show the optical and electrical characteristics of the standard device (without CuSCN layer) and the SD-PQLED | It becomes evident that all n-i-p type P-O-TSCs show significant current density losses compared to predictions based on the individual sub-cell performance highlighting the significance of optimizing metal NP-based ICLs
indicate	causal	1	1	10.1038/s41586-026-10439-1	Importantly these results indicate that SAM-modified HTLs not only enhance charge extraction but also effectively minimize nonradiative recombination losses | The results indicate that k_h- (3.8 × 104 s−1^) is comparable to k_e (2.0 × 10 s−1) | The longer τ1 and τ2 observed in BDA-modified InP GQDs simply indicate less surface unfilled and oxidative defects, which is attributed to the uniform crystalline orientation on the QD surface
supporting	associative	1	1	10.1038/s41586-026-10439-1	Both bonds exhibited shifts to lower binding energies further supporting the notion of electron transfer from MoO₃ | As detailed in supporting materials (Supplementary Fig. 5), additional oscillating features at shorter wavelength are attributed to higher excitonic levels | Upon adding ZnI2 to the BDA-modified InP GQDs, despite the unchanging of the absorption and emission spectral profile, τ1 and τ2 increase to 25.8, 85.5 ns, respectively, supporting the further suppression of the trapping sites
supported	associative	64	41	10.1038/s41586-026-10439-1;10.1038/s41377-025-02019-1;10.1038/s41467-025-59527-2;10.1038/s41467-020-15481-9;10.1038/s41467-024-55619-7;10.1038/s41928-024-01181-5;10.1038/s41467-020-15944-z;10.1038/s41467-021-27652-3;10.1038/s41467-024-51760-5;10.1038/s41467-025-59515-6;10.1038/s41467-025-63389-z;10.1038/s41467-025-65695-y;10.1038/s41467-026-69198-2;10.1038/s43246-021-00203-5;10.1038/s41467-023-41041-y;10.1038/s41467-023-41868-5;10.1038/s41467-024-55376-7;10.1038/s41467-025-56815-9;10.1038/s41467-025-57200-2;10.1038/s41467-025-58047-3;10.1038/s41467-026-74198-3;10.1038/s41928-024-01205-0;10.1038/s41467-024-55812-8;10.1038/s41467-026-72733-w;10.1038/s41467-020-16865-7;10.1038/s41467-022-31853-9;10.1038/s41467-024-53221-5;10.1038/s41377-026-02237-1;10.1038/s41467-018-03049-7;10.1038/s41467-019-08561-y;10.1038/s41467-022-31478-y;10.1038/s41467-024-54160-x;10.1038/s41467-025-58470-6;10.1038/s41467-025-67737-x;10.1038/s41467-026-75756-5;10.1038/s41467-022-35731-2;10.1038/s41467-023-39531-0;10.1038/s43246-026-01136-7;10.1038/s41377-025-01768-3;10.1038/s41467-024-50893-x;10.1038/s41467-026-71949-0	In summary the PEDOT-F stacks are characterized by the blue-shifted (from 659 nm to 555 nm) and diminished (from 28% to 16%) plasmon absorption peak originating from the smaller size of fewer Au NPs which is further supported by slightly less diffuse light-scattering (Note S2, Fig. 2C Fig. S11) | This conclusion is supported by the higher photovoltaic performance enhanced EQE response and reduced series resistance observed in single-junction OSCs employing SAM/MoO₃, MoO₃/SAM and SAM/MoO₃/SAM-based HTLs (Supplementary Figs. 8 and 9, and Supplementary Table 2) | The fact that X− contributes to the EL–PL emission is supported by spectral analyses | This is also supported by the PL data, which show a sharp decrease of the PL centred at 451 nm associated with the intermediate nanoclusters. | This is supported by the observation of a strong reduction in PL intensity of the intermediates and their WAXS signal upon the addition of the antisolvent. | As opposed to the kinetic-driven mechanism of conventional elastomer-based contact printing programmed QD self-assembly on hard templates combined with a thermodynamic-driven binary adhesion switching mechanism is the key principle of iTP which is supported by molecular dynamics (MD) simulation results.
predict	speculative	1	1	10.1038/s41586-026-10537-0	The RMSE is a commonly used indicator to measure the difference between the predicted value and actual value, and its core idea is to measure the error size of the prediction result | As shown in Supplementary Fig. 14b the predicted parasitic electrode absorption losses of NIR photons in the ITO-based photodetector are indeed significantly higher than those in the ZnO based device | To estimate μp we simulate the avalanche dynamics with μp of 10⁻⁴ and 1 cm² V⁻¹s⁻¹ according to the low and high values theoretically predicted in the literature (μp is the low-field hole mobility and field-dependent mobility model is detailed in Supplementary Section S4)
conclude	associative	1	1	10.1038/s41586-026-10583-8	On the contrary, the ZnO-based ETL is concluded as the major source of operating-voltage rise due to the charge transfer across the QD–ZnO junction and charge accumulation in the ETL | Given no change of peak position in the GSB signal while a noticeable redshift in TRPL, we conclude that the diffusing occurs in holes for L/S-QDs (Fig. 2d–f) | By fitting the cyclic voltammetry (CV) curves (Fig. 3d, e and Supplementary Fig. 16), it can be concluded that the coverage rate of SAMs on LT-NiOx film reached 2.75 × 1013 cm−2, which is significantly higher than that of SAMs on RT-NiOx film (2.26 × 1012 cm−2)
plausibly	speculative	1	1	10.1038/s41586-026-10685-3	This is plausibly caused by different degrees of CB and VB shift induced by the surface dipoles, which, in theory, is an opportunity to block the electron injection but facilitate the hole injection
require	associative	1	1	10.1038/s41586-026-10719-w	Dual-function devices usually have different functions under forward and reverse bias working conditions and further circuit design is required to realize the two functions at the same time | The spread of ±1% points is still relatively large and will require attention in further investigations | In addition, the minimum-required photon energy for persistent electron photoconductivity (PPC, or persistent increase of capacitance) of ZnO is reported to be 3.1 eV, therefore charge-modulated signal due to PPC effect is not expected either
yield	causal	1	1	10.1038/s41586-026-10785-0	Perovskite materials exhibit high photoluminescence quantum yield (PLQY >90% in solution for nanocrystals) and high colour purity with narrow emission linewidths <20 nm (refs 11, 12, 13, 14, 15) | Especially tremendous attentions have been paid in perovskite nanocrystals due to their excellent optical properties such as an easily tunable bandgap high photoluminescence (PL) quantum yield (PLQY) and narrow-band emissions | Perovskite quantum dots (PQDs) due to its high defect tolerance adjustable emission peak narrow emission spectra and high photoluminescence quantum yields (PLQY) is considered as a kind of potential light-emitting QDs for QLEDs
suggests	associative	230	110	10.1038/s41377-025-01740-1;10.1038/s41377-025-01817-x;10.1038/s41377-025-02019-1;10.1038/s41467-023-36773-w;10.1038/s41467-023-43340-w;10.1038/s41467-023-43408-7;10.1038/s41467-023-43472-z;10.1038/s41467-024-50022-8;10.1038/s41467-024-52208-6;10.1038/s41467-024-53965-0;10.1038/s41467-025-59527-2;10.1038/s41467-025-60886-z;10.1038/s41467-025-66981-5;10.1038/s41467-026-74151-4;10.1038/s41563-024-01812-4;10.1038/s41586-023-05855-6;10.1038/s41377-024-01601-3;10.1038/s41377-024-01704-x;10.1038/s41377-025-01867-1;10.1038/s41467-022-29538-4;10.1038/s41467-023-41929-9;10.1038/s41467-024-49791-z;10.1038/s41467-024-52521-0;10.1038/s41467-024-55619-7;10.1038/s41467-025-56987-4;10.1038/s41467-025-58471-5;10.1038/s41467-025-64596-4;10.1038/s41467-025-64696-1;10.1038/s41566-024-01458-3;10.1038/s41586-024-07149-x;10.1038/s41928-024-01181-5;10.1038/s41467-019-08749-2;10.1038/s41467-020-15944-z;10.1038/s41467-021-25955-z;10.1038/s41467-022-29702-w;10.1038/s41467-024-51760-5;10.1038/s41467-025-59515-6;10.1038/s41467-025-63389-z;10.1038/s41467-025-66421-4;10.1038/s41467-026-69198-2;10.1038/s41467-026-69200-x;10.1038/s41467-026-73911-6;10.1038/s43246-021-00203-5;10.1038/s41467-022-28480-9;10.1038/s41467-022-32010-y;10.1038/s41467-023-40194-0;10.1038/s41467-023-40746-4;10.1038/s41467-023-41041-y;10.1038/s41467-023-41868-5;10.1038/s41467-024-47184-w;10.1038/s41467-024-55376-7;10.1038/s41467-025-58047-3;10.1038/s41467-026-74198-3;alhtl_2017_cspbbr3-moo3-hil-peled;10.1038/s41467-019-13437-2;10.1038/s41467-019-13951-3;10.1038/s41467-022-28037-w;10.1038/s41467-023-36118-7;10.1038/s41467-023-38216-y;10.1038/s41467-024-49574-6;10.1038/s41467-024-55812-8;10.1038/s41467-026-72733-w;10.1038/s41563-025-02123-y;10.1038/s41377-022-00992-5;10.1038/s41467-019-09737-2;10.1038/s41467-020-16865-7;10.1038/s41467-021-24762-w;10.1038/s41467-022-29812-5;10.1038/s41467-024-50634-0;10.1038/s41467-024-53221-5;10.1038/s41467-025-61511-9;10.1038/s41467-025-63209-4;10.1038/s43246-026-01177-y;qdp_2012_lifetime-blinking-nonblinking-qd;qdp_2013_auger-control-carrier-kinetics;qdp_2013_carrier-multiplication-qd-films;qdp_2014_carrier-multiplication-quasi-type-ii;qdp_2016_inas-qd-size-tunable-nir-emission;10.1038/s41377-026-02237-1;10.1038/s41467-018-07383-8;10.1038/s41467-019-08561-y;10.1038/s41467-020-14747-6;10.1038/s41467-020-20555-9;10.1038/s41467-021-20970-6;10.1038/s41467-022-31478-y;10.1038/s41467-024-54160-x;10.1038/s41467-025-58470-6;10.1038/s41467-026-71292-4;10.1038/s41467-026-72625-z;10.1038/s41377-025-01972-1;10.1038/s41467-017-01379-6;10.1038/s41467-020-14756-5;10.1038/s41467-020-16855-9;10.1038/s41467-021-22864-z;10.1038/s41467-022-31189-4;10.1038/s41467-022-35731-2;10.1038/s41467-024-49751-7;10.1038/s43246-024-00576-3;10.1038/s43246-026-01136-7;10.1038/s41377-025-01768-3;10.1038/s41467-018-06425-5;10.1038/s41467-021-21522-8;10.1038/s41467-024-50893-x;10.1038/s41467-025-65871-0;10.1038/s41467-026-71949-0;10.1038/s41467-026-72115-2;10.1038/s41467-026-74583-y;10.1038/s41928-024-01151-x;10.1038/s42005-021-00742-w;10.1038/s43246-024-00645-7	The high PL quantum yield suggests promise for high EQE LEDs | Typically high surface free energy implies surface atoms are unstable and prone to interacting with other substances while low surface free energy suggests stability reducing the likelihood of interaction with other substances | A theoretical prediction also suggests that such types of tandem solar cells have the potential to reach a PCE of over 29% | It suggests that the LEC is a reliable light source for the parallel reading process and is suitable to be integrated in the LEM structure. | The up-shifted energy level of the DPPA-NCs suggests a smaller hole-injection barrier compared with the pristine-NCs. | The superior EL performance demonstrated by the DPPA-NCs suggests its potential as the ideal candidate for efficient and ultrabright pure red PeLEDs.
indicates	associative	281	126	10.1038/s41377-022-00855-z;10.1038/s41377-025-01817-x;10.1038/s41377-026-02231-7;10.1038/s41377-026-02246-0;10.1038/s41467-023-35954-x;10.1038/s41467-023-36773-w;10.1038/s41467-023-43340-w;10.1038/s41467-023-43408-7;10.1038/s41467-023-43472-z;10.1038/s41467-024-44894-z;10.1038/s41467-024-50022-8;10.1038/s41467-024-52208-6;10.1038/s41467-025-57472-8;10.1038/s41467-025-59527-2;10.1038/s41467-025-66981-5;10.1038/s41467-026-74151-4;10.1038/s41563-024-01812-4;10.1038/s41586-023-05855-6;10.1038/s41928-026-01670-9;10.1038/s41377-024-01704-x;10.1038/s41377-025-01867-1;10.1038/s41467-020-15481-9;10.1038/s41467-023-41929-9;10.1038/s41467-024-45944-2;10.1038/s41467-024-52521-0;10.1038/s41467-025-56987-4;10.1038/s41467-025-57746-1;10.1038/s41467-025-58471-5;10.1038/s41467-025-62345-1;10.1038/s41467-025-63653-2;10.1038/s41467-025-64596-4;10.1038/s41467-025-64696-1;10.1038/s41566-024-01458-3;10.1038/s41928-024-01181-5;10.1038/s41467-020-15944-z;10.1038/s41467-022-29702-w;10.1038/s41467-025-57304-9;10.1038/s41467-025-63389-z;10.1038/s41467-025-65135-x;10.1038/s41467-025-66421-4;10.1038/s41467-026-71301-6;10.1038/s41467-026-73911-6;10.1038/s43246-021-00203-5;10.1038/s41377-022-01036-8;10.1038/s41467-022-28480-9;10.1038/s41467-023-40194-0;10.1038/s41467-023-40746-4;10.1038/s41467-024-47184-w;10.1038/s41467-025-56815-9;10.1038/s41467-025-57200-2;10.1038/s41467-026-74198-3;10.1038/s41586-024-07360-w;10.1038/s41928-024-01205-0;10.1038/s43246-020-00084-0;alhtl_2017_cspbbr3-moo3-hil-peled;10.1038/s41377-024-01727-4;10.1038/s41467-018-02978-7;10.1038/s41467-018-07099-9;10.1038/s41467-019-13951-3;10.1038/s41467-020-16560-7;10.1038/s41467-021-24931-x;10.1038/s41467-023-38216-y;10.1038/s41467-024-49574-6;10.1038/s41467-025-64546-0;10.1038/s41467-026-70555-4;10.1038/s41467-026-72733-w;10.1038/s41563-025-02123-y;10.1038/s41377-022-00992-5;10.1038/s41377-025-01959-y;10.1038/s41467-019-09737-2;10.1038/s41467-020-16865-7;10.1038/s41467-020-17633-3;10.1038/s41467-021-24762-w;10.1038/s41467-023-40150-y;10.1038/s41467-024-45945-1;10.1038/s41467-024-50634-0;10.1038/s41467-024-53221-5;10.1038/s41467-025-61085-6;10.1038/s41467-025-63209-4;10.1038/s43246-026-01177-y;qc_2015_wearable-rgb-qled-array;qdp_2012_lifetime-blinking-nonblinking-qd;qdp_2013_carrier-multiplication-qd-films;qdp_2014_carrier-multiplication-quasi-type-ii;qdp_2016_inas-qd-size-tunable-nir-emission;10.1038/s41377-026-02237-1;10.1038/s41467-018-03049-7;10.1038/s41467-018-07383-8;10.1038/s41467-019-08561-y;10.1038/s41467-019-09794-7;10.1038/s41467-020-14747-6;10.1038/s41467-021-20970-6;10.1038/s41467-021-24616-5;10.1038/s41467-024-50508-5;10.1038/s41467-024-54160-x;10.1038/s41467-025-58470-6;10.1038/s41467-025-67737-x;10.1038/s41467-026-71292-4;10.1038/s41467-026-72625-z;10.1038/s41467-026-73298-4;10.1038/s41467-026-75756-5;10.1038/s41377-025-01972-1;10.1038/s41377-026-02356-9;10.1038/s41467-018-06294-y;10.1038/s41467-019-13909-5;10.1038/s41467-020-16652-4;10.1038/s41467-020-16855-9;10.1038/s41467-021-22864-z;10.1038/s41467-022-31189-4;10.1038/s41467-022-35731-2;10.1038/s41467-023-39531-0;10.1038/s41467-024-49751-7;10.1038/s41467-025-56068-6;10.1038/s43246-024-00576-3;10.1038/s43246-026-01136-7;10.1038/s41377-025-01768-3;10.1038/s41467-018-06425-5;10.1038/s41467-021-21522-8;10.1038/s41467-024-50893-x;10.1038/s41467-025-65871-0;10.1038/s41467-026-71949-0;10.1038/s41467-026-72115-2;10.1038/s41467-026-74583-y;10.1038/s41928-024-01151-x;10.1038/s42005-023-01169-1;10.1038/s43246-024-00645-7	This indicates that the MABr additive has improved the sharpness of the perovskite band edge | Negative capacitance of red curve indicates the high recombination efficiency of the PeLED with MoO₃ interface layer | The short radiation lifetime indicates that the PQDs emit light through exciton recombination which can be comprehended by the higher exciton binding energy of CsPbBr₃ PQDs and the quantum confinement effect | It can be found that the P = O peak drifts to about 1184 cm⁻¹ in the QD films which indicates that the bonding between TSPO1 and perovskite QD can be formed. | This indicates the good crystallographic quality and successful synthesis of the CsPbBr₃ QDs. | The observed transition from the Ohmic behavior to the SCLC indicates that the unfilled trap centers (~1.2 × 10¹⁵ cm⁻³) are seized gradually by the charged carriers leading to a larger current increment with the increased voltage.
achieved	causal	428	147	10.1038/s41377-025-01740-1;10.1038/s41377-025-01817-x;10.1038/s41377-025-02019-1;10.1038/s41377-026-02184-x;10.1038/s41377-026-02231-7;10.1038/s41377-026-02246-0;10.1038/s41377-026-02247-z;10.1038/s41467-023-35954-x;10.1038/s41467-023-36773-w;10.1038/s41467-023-43472-z;10.1038/s41467-024-50022-8;10.1038/s41467-024-52208-6;10.1038/s41467-024-53965-0;10.1038/s41467-025-59527-2;10.1038/s41467-025-60886-z;10.1038/s41467-025-63684-9;10.1038/s41467-025-66981-5;10.1038/s41467-025-67347-7;10.1038/s41467-026-74151-4;10.1038/s41563-024-01812-4;10.1038/s41928-026-01670-9;10.1038/s41377-024-01601-3;10.1038/s41377-025-01867-1;10.1038/s41377-025-02000-y;10.1038/s41467-020-15481-9;10.1038/s41467-022-29538-4;10.1038/s41467-023-41929-9;10.1038/s41467-024-45944-2;10.1038/s41467-024-49791-z;10.1038/s41467-024-52521-0;10.1038/s41467-024-55619-7;10.1038/s41467-025-56001-x;10.1038/s41467-025-56987-4;10.1038/s41467-025-57746-1;10.1038/s41467-025-58471-5;10.1038/s41467-025-62345-1;10.1038/s41467-025-63653-2;10.1038/s41467-025-64596-4;10.1038/s41467-025-64696-1;10.1038/s41566-024-01458-3;10.1038/s41586-024-07149-x;10.1038/s41928-024-01181-5;10.1038/s41467-019-08749-2;10.1038/s41467-021-27652-3;10.1038/s41467-024-51760-5;10.1038/s41467-024-55653-5;10.1038/s41467-025-57304-9;10.1038/s41467-025-59515-6;10.1038/s41467-025-63389-z;10.1038/s41467-025-64111-9;10.1038/s41467-025-66421-4;10.1038/s41467-026-69198-2;10.1038/s41467-026-69200-x;10.1038/s41467-026-71301-6;10.1038/s41467-026-73911-6;10.1038/s43246-021-00203-5;10.1038/s41467-020-18006-6;10.1038/s41467-022-32010-y;10.1038/s41467-023-41041-y;10.1038/s41467-023-41868-5;10.1038/s41467-024-46243-6;10.1038/s41467-024-47184-w;10.1038/s41467-024-55376-7;10.1038/s41467-025-56815-9;10.1038/s41467-025-57200-2;10.1038/s41467-025-58047-3;10.1038/s41467-026-74198-3;10.1038/s41928-024-01205-0;10.1038/s43246-020-00084-0;alhtl_2017_cspbbr3-moo3-hil-peled;10.1038/s41377-024-01727-4;10.1038/s41377-025-01835-9;10.1038/s41467-018-02978-7;10.1038/s41467-018-05760-x;10.1038/s41467-018-07099-9;10.1038/s41467-020-16560-7;10.1038/s41467-020-16659-x;10.1038/s41467-021-24931-x;10.1038/s41467-022-28037-w;10.1038/s41467-023-36118-7;10.1038/s41467-023-38216-y;10.1038/s41467-024-47891-4;10.1038/s41467-024-49574-6;10.1038/s41467-024-55812-8;10.1038/s41467-025-56557-8;10.1038/s41467-025-64546-0;10.1038/s41467-026-72733-w;10.1038/s41563-025-02123-y;10.1038/s41377-022-00992-5;10.1038/s41377-025-01959-y;10.1038/s41467-018-04986-z;10.1038/s41467-019-12558-y;10.1038/s41467-020-16865-7;10.1038/s41467-020-17633-3;10.1038/s41467-022-31853-9;10.1038/s41467-023-39488-0;10.1038/s41467-023-40150-y;10.1038/s41467-024-45945-1;10.1038/s41467-024-50634-0;10.1038/s41467-024-53221-5;10.1038/s41467-025-61085-6;10.1038/s41467-025-63209-4;10.1038/s43246-026-01177-y;qdp_2012_lifetime-blinking-nonblinking-qd;qdp_2013_auger-control-carrier-kinetics;qdp_2013_carrier-multiplication-qd-films;10.1038/s41467-018-07383-8;10.1038/s41467-019-08561-y;10.1038/s41467-019-09794-7;10.1038/s41467-020-20555-9;10.1038/s41467-020-20582-6;10.1038/s41467-021-20970-6;10.1038/s41467-021-24616-5;10.1038/s41467-024-49838-1;10.1038/s41467-024-50508-5;10.1038/s41467-024-54160-x;10.1038/s41467-025-58470-6;10.1038/s41467-025-67737-x;10.1038/s41467-026-71292-4;10.1038/s41467-026-72625-z;10.1038/s41467-026-73298-4;10.1038/s41377-020-0328-6;10.1038/s41377-025-01972-1;10.1038/s41377-026-02356-9;10.1038/s41467-017-01379-6;10.1038/s41467-018-06294-y;10.1038/s41467-019-13909-5;10.1038/s41467-020-16652-4;10.1038/s41467-020-16855-9;10.1038/s41467-021-22864-z;10.1038/s41467-022-31189-4;10.1038/s41467-022-35731-2;10.1038/s41467-024-49751-7;10.1038/s41467-025-56068-6;10.1038/s43246-024-00576-3;10.1038/s43246-026-01136-7;10.1038/s41467-018-05909-8;10.1038/s41467-018-06425-5;10.1038/s41467-021-21522-8;10.1038/s41467-024-50893-x;10.1038/s41467-025-65871-0;10.1038/s41467-026-68315-5;10.1038/s41467-026-71949-0;10.1038/s41467-026-72115-2;10.1038/s41928-024-01151-x;10.1038/s42005-021-00742-w;10.1038/s43246-024-00645-7	A breakthrough in organicinorganic PeLEDs was achieved by controlling the crystallization process of CH₃NH₃PbBr₃ by adopting a nanocrystal pinning method | From our best knowledge this is the first time of demonstrating the negative capacitance PeLED indicating that strong recombination which has already been obtained in quantum dot LED and organic LED demonstrating as negative capacitance also can be achieved in PeLED by introducing an electric dipole layer between HIL and HTL | Likewise a PCE of 16.86% with a remarkably high VOC of 0.937 V and a JSC of 24.07 mA/cm² is achieved in inverted single-junction D18-Cl:L8-BO OSCs (Fig. S22B) | A T₉₅ operation lifetime of more than 2300 h with an initial brightness of 1000 cd m⁻² is successfully achieved which meets the industrial requirements of display and makes QLED technology truly towards the commercialization. | This is achieved through solving the long-standing hole injection problem by tuning the energy level of QDs to match the adjacent layers in QLED instead of searching for transport materials with proper energy levels. | Up to now major breakthroughs have been made in perovskite-based light light-emitting diodes (LEDs) of which film-based LEDs have achieved 20.3% and 21.6% of EQE at green and infrared region respectively.
indicated	associative	115	55	10.1038/s41377-022-00855-z;10.1038/s41377-025-01817-x;10.1038/s41377-026-02184-x;10.1038/s41377-026-02247-z;10.1038/s41467-023-36773-w;10.1038/s41467-023-43340-w;10.1038/s41467-024-44894-z;10.1038/s41467-024-52208-6;10.1038/s41467-024-53965-0;10.1038/s41467-025-60886-z;10.1038/s41467-025-63684-9;10.1038/s41467-020-15481-9;10.1038/s41467-024-45944-2;10.1038/s41467-024-55619-7;10.1038/s41928-024-01181-5;10.1038/s41467-024-51760-5;10.1038/s41467-024-55653-5;10.1038/s41467-025-57304-9;10.1038/s41467-025-65695-y;10.1038/s41467-026-69198-2;10.1038/s41467-026-71301-6;10.1038/s41467-020-18006-6;10.1038/s41467-024-47184-w;10.1038/s41467-026-74198-3;10.1038/s41586-024-07360-w;10.1038/s43246-020-00084-0;alhtl_2017_cspbbr3-moo3-hil-peled;10.1038/s41467-018-05760-x;10.1038/s41467-021-24931-x;10.1038/s41467-025-56557-8;10.1038/s41467-025-64546-0;10.1038/s41563-025-02123-y;10.1038/s41377-025-01959-y;10.1038/s41467-019-09737-2;10.1038/s41467-020-17633-3;10.1038/s41467-021-24762-w;10.1038/s41467-023-39488-0;10.1038/s43246-026-01177-y;qdp_2013_auger-control-carrier-kinetics;qdp_2014_carrier-multiplication-quasi-type-ii;qdp_2016_inas-qd-size-tunable-nir-emission;10.1038/s41467-020-20582-6;10.1038/s41467-024-54160-x;10.1038/s41467-026-72625-z;10.1038/s41467-017-01379-6;10.1038/s41467-018-06294-y;10.1038/s41467-019-13909-5;10.1038/s41467-020-20433-4;10.1038/s41467-021-22864-z;10.1038/s41467-022-31189-4;10.1038/s41467-022-35731-2;10.1038/s41467-018-05909-8;10.1038/s41467-026-68315-5;10.1038/s41467-026-72115-2;10.1038/s43246-024-00645-7	Although CsMA sample showed shorter lifetime in fast decay component compared with pure Cs stronger PL from CsMA samples (Fig. 3a) indicated that the overall defects including surface and bulk defects in CsMA are less than that of in pure Cs | Meanwhile the change of binding energy also indicated the shift of vaccum level (Supplementary Fig. 15) which further proved that the interfacial electric dipole was formed | As the ZnSe or ZnS shell layers are applied, both the IPG QDs and the control QDs exhibited improved crystallization, as indicated by the sharpening of diffraction peaks, a slight red shift, and the narrowing of the peak line widths | While the trap states in QD films after passivating by TSPO1 was greatly weaken which indicated the TSPO1 could effectively passivate defects eliminate the trap states and prevent the trapping of carriers. | The maximum PLQY of QD film could be increased to 79 ± 3% under bilateral passivation which indicated more efficient electron−hole recombination in the passivated QD films. | The TSPO1-passivated QD films with a shorter lifetime of τ₁ and τ₂ indirectly indicated the τ₃ would be longer.
confirmed	causal	185	105	10.1038/s41377-022-00855-z;10.1038/s41377-025-01817-x;10.1038/s41377-025-02019-1;10.1038/s41377-026-02184-x;10.1038/s41377-026-02231-7;10.1038/s41377-026-02247-z;10.1038/s41467-023-36773-w;10.1038/s41467-023-43340-w;10.1038/s41467-024-53965-0;10.1038/s41467-025-63684-9;10.1038/s41467-025-67347-7;10.1038/s41467-026-74151-4;10.1038/s41928-026-01670-9;10.1038/s41377-024-01601-3;10.1038/s41377-025-01867-1;10.1038/s41467-020-15481-9;10.1038/s41467-022-29538-4;10.1038/s41467-023-41929-9;10.1038/s41467-024-45944-2;10.1038/s41467-024-52401-7;10.1038/s41467-024-55619-7;10.1038/s41467-025-56987-4;10.1038/s41467-025-57746-1;10.1038/s41467-025-64696-1;10.1038/s41566-024-01458-3;10.1038/s41467-021-27652-3;10.1038/s41467-024-55653-5;10.1038/s41467-025-59515-6;10.1038/s41467-025-63389-z;10.1038/s41467-025-64111-9;10.1038/s41467-025-65135-x;10.1038/s41467-025-65695-y;10.1038/s41467-025-66421-4;10.1038/s41467-026-69198-2;10.1038/s41467-026-69200-x;10.1038/s41467-026-71301-6;10.1038/s41467-026-73911-6;10.1038/s41467-020-18006-6;10.1038/s41467-022-28480-9;10.1038/s41467-022-32010-y;10.1038/s41467-023-40746-4;10.1038/s41467-023-41041-y;10.1038/s41467-024-46243-6;10.1038/s41467-024-47184-w;10.1038/s41467-024-55376-7;10.1038/s41467-025-56815-9;10.1038/s41467-025-57200-2;10.1038/s41467-026-74198-3;10.1038/s41586-024-07360-w;10.1038/s43246-020-00084-0;alhtl_2017_cspbbr3-moo3-hil-peled;10.1038/s41377-025-01987-8;10.1038/s41467-018-07099-9;10.1038/s41467-023-36118-7;10.1038/s41467-023-38216-y;10.1038/s41467-024-49574-6;10.1038/s41467-025-56557-8;10.1038/s41467-025-64546-0;10.1038/s41467-026-70555-4;10.1038/s41467-026-72733-w;10.1038/s41563-025-02123-y;10.1038/s41377-022-00992-5;10.1038/s41377-025-01959-y;10.1038/s41467-019-09737-2;10.1038/s41467-020-16865-7;10.1038/s41467-020-17633-3;10.1038/s41467-023-39488-0;10.1038/s41467-023-40150-y;10.1038/s41467-024-45945-1;10.1038/s41467-025-61511-9;10.1038/s41467-025-63209-4;10.1038/s43246-026-01177-y;qdp_2012_lifetime-blinking-nonblinking-qd;qdp_2013_auger-control-carrier-kinetics;qdp_2014_carrier-multiplication-quasi-type-ii;10.1038/s41467-019-08561-y;10.1038/s41467-019-09794-7;10.1038/s41467-020-14747-6;10.1038/s41467-020-20555-9;10.1038/s41467-020-20582-6;10.1038/s41467-021-20970-6;10.1038/s41467-021-24616-5;10.1038/s41467-022-31478-y;10.1038/s41467-024-54160-x;10.1038/s41467-025-58470-6;10.1038/s41467-025-67737-x;10.1038/s41467-026-72625-z;10.1038/s41467-026-73298-4;10.1038/s41467-026-75756-5;10.1038/s41377-020-0328-6;10.1038/s41467-018-06294-y;10.1038/s41467-020-16652-4;10.1038/s41467-020-16855-9;10.1038/s41467-022-35731-2;10.1038/s41467-023-39531-0;10.1038/s41467-024-49751-7;10.1038/s41467-025-56068-6;10.1038/s43246-026-01136-7;10.1038/s41467-018-06425-5;10.1038/s41467-021-21522-8;10.1038/s41467-026-71949-0;10.1038/s41467-026-74583-y;10.1038/s42005-021-00742-w;10.1038/s42005-023-01169-1;10.1038/s43246-024-00645-7	This increase in PL intensity is consistent with the reduction of perovskite grain boundaries as well as the suppression of Pb metallic recombination centres which were confirmed by scanning electron microscopy (SEM) and XPS results respectively (Fig. 1c and Supplementary Fig. 7) | In addition the better charge balance can be further confirmed by the distribution of charge density in perovskite layer as shown and discussed in Supplementary Fig. 2. Figure 3e shows the distribution of the recombination rate in the device without MoO₃ interface layer | These observations are quantitatively confirmed by a statistical analysis of the particle size and shape distribution from the SEM images | The interaction between TSPO1 and perovskite was confirmed by Fourier transform infrared (FTIR) spectroscopy (Fig. 2b) in which the characteristic peak at 1188 cm⁻¹ was observed for TSPO1, corresponding to the stretching vibrations of P = O bond. | Additionally the passivation of aluminum oxide also can be confirmed by the X-ray photoelectron spectroscopy (XPS) results which are shown in Supplementary Fig. 12. | The KPFM observation further confirmed that the improvement in electron transport resulted from the reduction of the work function of QDs film.
realize	causal	84	47	10.1038/s41377-026-02231-7;10.1038/s41467-023-35954-x;10.1038/s41467-024-50022-8;10.1038/s41467-025-57472-8;10.1038/s41467-025-67347-7;10.1038/s41467-026-74151-4;10.1038/s41377-025-02000-y;10.1038/s41467-024-55619-7;10.1038/s41467-025-64696-1;10.1038/s41467-021-27652-3;10.1038/s41467-024-51760-5;10.1038/s41467-024-55653-5;10.1038/s41467-025-57304-9;10.1038/s41467-026-71301-6;10.1038/s41377-022-01036-8;10.1038/s41467-022-32010-y;10.1038/s41467-023-41868-5;10.1038/s41467-024-46243-6;10.1038/s41467-024-55376-7;10.1038/s41928-024-01205-0;10.1038/s43246-020-00084-0;alhtl_2017_cspbbr3-moo3-hil-peled;10.1038/s41377-025-01835-9;10.1038/s41467-020-16560-7;10.1038/s41467-020-16659-x;10.1038/s41467-021-24931-x;10.1038/s41467-024-47891-4;10.1038/s41377-022-00992-5;10.1038/s41377-025-01959-y;10.1038/s41467-021-24762-w;10.1038/s41467-022-29812-5;10.1038/s41467-023-40150-y;qc_2015_wearable-rgb-qled-array;10.1038/s41467-024-50508-5;10.1038/s41467-026-75756-5;10.1038/s41377-025-01972-1;10.1038/s41467-017-01379-6;10.1038/s41467-019-13909-5;10.1038/s41467-020-14756-5;10.1038/s41467-022-31189-4;10.1038/s41467-023-39531-0;10.1038/s41467-024-49751-7;10.1038/s41377-025-01768-3;10.1038/s41467-018-06425-5;10.1038/s41467-021-21522-8;10.1038/s41467-026-68315-5;10.1038/s43246-024-00645-7	Both PVP interface engineering and MABr lattice incorporation enhanced the PL emission of the perovskite film which is beneficial to realize high performance LEDs | However these works mainly focus on blocking of electrons to realize the carrier balance | Dual-function devices usually have different functions under forward and reverse bias working conditions and further circuit design is required to realize the two functions at the same time | We then realize for the first time a fast all-perovskite light-emitting memory (LEM) operating at 5 kHz by pairing such two identical devices in series in which one functions as an RRAM to electrically read the encoded data while the other simultaneously as an LEC for a parallel non-contact optical reading. | Compared to the RRAM solely using the electronic reading the additional optical reading of the LEM offers much larger flexibility to carry more information and to realize multilevel data storage. | To this end we experimentally realize a two-color emitting LEM by reducing the size of the perovskite QDs in the Device 2 to only ~20 nm for blue-shifting its emission wavelength due to the quantum confinement effect (Supplementary Fig. 2) while keeping the dots in the Device 1 the same (as those in the Fig. 1c).
realized	causal	64	41	10.1038/s41377-026-02184-x;10.1038/s41377-026-02246-0;10.1038/s41467-024-44894-z;10.1038/s41467-024-50022-8;10.1038/s41467-025-57472-8;10.1038/s41467-025-66981-5;10.1038/s41467-026-74151-4;10.1038/s41563-024-01812-4;10.1038/s41586-023-05855-6;10.1038/s41467-024-52401-7;10.1038/s41467-024-52521-0;10.1038/s41467-025-56987-4;10.1038/s41467-024-51760-5;10.1038/s41467-024-55653-5;10.1038/s41467-025-63389-z;10.1038/s41467-025-64111-9;10.1038/s41467-026-71301-6;10.1038/s41467-020-18006-6;10.1038/s41467-022-32010-y;10.1038/s41467-023-40746-4;10.1038/s43246-020-00084-0;10.1038/s41377-025-01835-9;10.1038/s41467-020-16659-x;10.1038/s41467-024-47891-4;10.1038/s41377-022-00992-5;10.1038/s41377-025-01959-y;10.1038/s41467-021-24762-w;10.1038/s41467-023-39488-0;10.1038/s41467-023-40150-y;10.1038/s41467-024-45945-1;10.1038/s43246-026-01177-y;qc_2015_wearable-rgb-qled-array;qdp_2013_auger-control-carrier-kinetics;qdp_2014_carrier-multiplication-quasi-type-ii;10.1038/s41467-018-03049-7;10.1038/s41377-025-01972-1;10.1038/s41467-022-31189-4;10.1038/s41467-018-05909-8;10.1038/s41467-018-06425-5;10.1038/s41467-025-65871-0;10.1038/s41928-024-01151-x	To understand the mechanism of the formed electric dipole layer a typical structure of PeLED is considered here: ITO/ PEDOT:PSS/MoO₃/PVK/Perovskite/TPBi/LiF/Al. As the key component the electric dipole is realized by an extremely thin MoO₃ layer between PEDOT:PSS and PVK | Herein sol-gel-grown zinc oxide (ZnO) films with high conductivity (460 S cm⁻¹) and low optical absorption losses in both visible and near-infrared (NIR) spectral regions are realized utilizing the persistent photoinduced doping effect | By substituting the B-QLEDs with B-OLEDs a hybrid display could be realized which can enjoy both the high saturation of QLEDs as well as the high stability of OLEDs | When the applied voltage is swept back from 8 to 0 V a similar electrical hysteresis effect is again observed (in reference to the previous discussion of Fig. 2c) validating that in the region (IV) the LEM is realized with the ON-state RRAM on the left connecting in series to the emitting LEC on the right. | Note that these two opposite situations of the LEM realized by simply changing the applied voltage polarity could represent two distinct states in the logic operation and hence could be further utilized to enable the desirable multilevel data storage. | However a generic organic ligand-free and antisolvent-free solution method to fabricate highly efficient full-color perovskite light-emitting diodes has not been realized.
agrees	associative	32	26	10.1038/s41467-025-57472-8;10.1038/s41467-026-74151-4;10.1038/s41467-023-41929-9;10.1038/s41467-019-08749-2;10.1038/s41467-021-25955-z;10.1038/s41467-024-51760-5;10.1038/s41467-026-69200-x;10.1038/s41467-023-41868-5;10.1038/s41467-025-56815-9;10.1038/s41467-025-57200-2;10.1038/s41467-022-28037-w;10.1038/s41467-023-36118-7;10.1038/s41467-023-38216-y;10.1038/s41467-024-55812-8;10.1038/s41467-026-72733-w;10.1038/s41377-022-00992-5;10.1038/s41467-022-29812-5;10.1038/s41467-018-07383-8;10.1038/s41467-021-20970-6;10.1038/s41467-024-50508-5;10.1038/s41377-025-01972-1;10.1038/s41467-021-22864-z;10.1038/s41467-024-49751-7;10.1038/s43246-024-00576-3;10.1038/s41377-025-01768-3;10.1038/s41928-024-01151-x	In fact, the peak capacitance value of 4.0 nF agrees with the geometric capacitance of a 40 nm-thick TFB layer | In the hybrid QLEDs examined in this work, overall electrostatic potential gain at the ZnO–QD–2TNATA interfaces (i.e., Δ_vac, ZnO–QD_ + Δ_vac, QD–HTL_) effectively lowers the total energy barrier for carrier injection into QDs by ~0.4 eV, which agrees with the offset between V_L, 2TNATA_ and Eg/e of QDs | This agrees with our observations from the diamond- and glass-substrate devices | We notice that the predicted \({\Theta }_{{{{{{\rm{IP}}}}}}}\) upper limit nicely agrees with the experimentally measured values in 3-monolayer LHP ANCs (thickness d = 1.8 nm and AR ~ 30) in which \({\Theta }_{{{{{{\rm{IP}}}}}}}\) = 0.81–0.85 . | With the adding of FA cations the electron mobility decreases while the hole mobility increases which reveals that the mobilities of two carrier species are more balanced with QD modification and this result agrees with the aforementioned UPS data. | Though we acknowledge that this estimate could be complicated by spectral changes from unrelated phenomena such as a shift in recombination zone discussed below it agrees with finite element thermal modeling shown in Fig. 6d.
appear	speculative	29	25	10.1038/s41467-025-56987-4;10.1038/s41467-025-62345-1;10.1038/s41467-025-64696-1;10.1038/s41467-021-25955-z;10.1038/s41467-021-27652-3;10.1038/s41467-025-59515-6;10.1038/s41467-023-40746-4;10.1038/s41467-024-47184-w;10.1038/s41467-026-74198-3;10.1038/s41377-024-01727-4;10.1038/s41467-025-64546-0;10.1038/s41467-026-70555-4;10.1038/s41467-024-53221-5;10.1038/s41467-025-61511-9;qdp_2014_carrier-multiplication-quasi-type-ii;10.1038/s41467-019-09794-7;10.1038/s41467-020-14747-6;10.1038/s41467-020-20555-9;10.1038/s41467-022-31478-y;10.1038/s41467-020-16855-9;10.1038/s41467-024-49751-7;10.1038/s43246-026-01136-7;10.1038/s41467-021-21522-8;10.1038/s41467-026-71949-0;10.1038/s42005-023-01169-1	As shown in Fig. S10 and Fig. 2B the optical response of MoOx-based stacks closely resembles that of PEDOT:F-based stacks appearing almost transparent for NIR photons | However, the EL spectra from TCTA-based QLEDs appear unaltered from the PL spectra of QD EML (inset in Fig. 4c and Supplementary Fig. 10a) | Compared with that of bare CdSe/ZnS QDs (black curve), the characteristic peaks belonging to TPP (red curve) appear in the FTIR spectra of QDs-TPP (blue curve) | For the nanorod synthesis, three intense peaks appear immediately after antisolvent injection. | The core and shell sizes within a given sample appear less uniform, exhibiting ca. 15% dispersion. | Periods showing a longer lifetime (e.g. between T = 2–4 s in Fig. 4c) appear to be associated with lower-energy emission (Fig. 4d).
agree	associative	5	5	10.1038/s41467-019-09737-2;10.1038/s41467-022-31853-9;10.1038/s41467-020-14747-6;10.1038/s41467-021-20970-6;10.1038/s41467-022-31478-y	The experimental results agree very well with the simulation results exhibiting excellent lighting performance of 92% CRI with wide colour controllability in CCT variation ranging from 1612 K to 8903 K with four pixelated EL-driven QD-LEDs integrated into the white lighting system. | These calculations agree with some of our experimental results. | We note that the growth mechanism of the PMC thin films and the roles of DDS agree well with their excellent optical properties. | These results agree well with our experimental observation that the PPAI (n = 3) treatment is much more effective than the PMAI (n = 1) treatment in suppressing the iodide migration. | The EL intensity-temperature characteristics agree satisfactorily with the Fermi-Dirac distribution model.
