section	opener_3gram	total_occurrences	paper_count	top_papers
results	as shown in	333	102	10.1038/s41467-026-72625-z;10.1038/s41377-025-01959-y;10.1038/s41467-020-16659-x;10.1038/s41467-025-63653-2;10.1038/s41467-024-47891-4
results	in contrast the	123	70	10.1038/s41467-026-72625-z;10.1038/s41467-025-65871-0;10.1038/s41467-020-14747-6;10.1038/s41467-024-51760-5;10.1038/s41467-024-50634-0
results	in addition the	106	67	10.1038/s41377-025-01959-y;10.1038/s41467-020-14747-6;10.1038/s41467-018-05760-x;10.1038/s41467-021-24931-x;10.1038/s43246-020-00084-0
results	as a result	100	63	10.1038/s41467-025-63653-2;10.1038/s41467-023-36773-w;10.1038/s41467-022-29812-5;10.1038/s41467-023-43408-7;10.1038/s41467-025-58047-3
methods	the mixture was	69	35	10.1038/s41467-020-14756-5;10.1038/s41467-026-70555-4;10.1038/s41467-024-55619-7;10.1038/s41467-024-50432-8;10.1038/s41467-026-75756-5
results	in addition to	64	52	10.1038/s41467-025-67347-7;10.1038/s41467-020-17633-3;10.1038/s41377-024-01704-x;10.1038/s41467-020-14756-5;10.1038/s41467-021-24762-w
results	on the other	64	38	10.1038/s41467-024-49751-7;10.1038/s41467-020-16855-9;10.1038/s41467-025-63653-2;10.1038/s41467-020-15481-9;10.1038/s41467-021-25955-z
results	based on the	61	47	10.1038/s41377-026-02356-9;10.1038/s43246-026-01177-y;10.1038/s41377-025-01959-y;10.1038/s41467-020-20582-6;10.1038/s41467-021-25955-z
results	due to the	58	39	10.1038/s41467-024-52521-0;10.1038/s41377-025-01972-1;10.1038/s41467-024-47891-4;10.1038/s43246-020-00084-0;10.1038/s41377-025-01740-1
results	in order to	58	28	10.1038/s41377-025-01959-y;10.1038/s41467-020-14747-6;10.1038/s41467-018-03049-7;10.1038/s41467-019-13909-5;10.1038/s41467-020-16865-7
results	we note that	57	30	10.1038/s41467-021-22864-z;10.1038/s41467-025-60886-z;10.1038/s41467-018-03049-7;10.1038/s41467-023-43340-w;10.1038/s41467-018-06425-5
introduction	in this work	52	52	10.1038/s41377-022-01036-8;10.1038/s41377-024-01500-7;10.1038/s41377-024-01601-3;10.1038/s41377-025-01740-1;10.1038/s41377-025-01959-y
discussion	in summary we	50	50	10.1038/s41377-020-0328-6;10.1038/s41377-022-01036-8;10.1038/s41377-024-01500-7;10.1038/s41377-024-01704-x;10.1038/s41377-024-01727-4
methods	the solution was	47	30	10.1038/s41467-022-32010-y;10.1038/s41467-026-74198-3;10.1038/s41467-020-16855-9;10.1038/s41467-024-49574-6;10.1038/s41377-024-01704-x
results	this suggests that	47	35	10.1038/s41467-022-32010-y;10.1038/s41467-024-55619-7;10.1038/s41467-018-06425-5;10.1038/s41467-021-22864-z;10.1038/s41467-023-43472-z
results	to investigate the	44	36	10.1038/s41377-025-02019-1;10.1038/s41467-020-18006-6;10.1038/s41467-023-36773-w;10.1038/s41467-023-41929-9;10.1038/s41467-024-51760-5
results	as illustrated in	44	24	10.1038/s41467-025-63653-2;10.1038/s41467-019-13909-5;10.1038/s41467-024-55376-7;10.1038/s41377-024-01601-3;10.1038/s41377-025-01835-9
results	this indicates that	44	32	10.1038/s41467-025-63389-z;10.1038/s41467-026-70555-4;10.1038/s41467-023-43408-7;10.1038/s41467-024-54160-x;10.1038/s41467-025-56068-6
introduction	as a result	44	40	10.1038/s41377-022-00855-z;10.1038/s41467-018-05909-8;10.1038/s41467-024-49574-6;10.1038/s41467-025-63389-z;10.1038/s41377-024-01704-x
results	compared with the	42	32	10.1038/s43246-020-00084-0;10.1038/s41467-024-55653-5;10.1038/s41467-026-74151-4;10.1038/s41467-023-35954-x;10.1038/s41467-024-49574-6
results	according to the	41	37	10.1038/s41377-022-01036-8;10.1038/s41377-025-01959-y;10.1038/s41467-019-13951-3;10.1038/s41467-025-56068-6;10.1038/s41377-024-01500-7
results	compared to the	40	33	10.1038/s41377-026-02247-z;10.1038/s41377-025-01972-1;10.1038/s41467-025-58047-3;10.1038/s41467-025-62345-1;10.1038/s41467-025-63389-z
methods	the samples were	33	27	10.1038/s41467-019-12558-y;10.1038/s41467-020-14756-5;10.1038/s41467-021-24616-5;10.1038/s41467-022-29812-5;10.1038/s41467-023-36118-7
results	it is worth	31	25	10.1038/s41467-020-20555-9;10.1038/s41467-021-20970-6;10.1038/s41467-023-40746-4;10.1038/s41467-024-49574-6;10.1038/s41467-024-50508-5
results	to evaluate the	30	25	10.1038/s41377-025-02019-1;10.1038/s41467-024-47184-w;10.1038/s41467-026-71301-6;10.1038/s41467-026-74198-3;10.1038/s41377-024-01500-7
results	it can be	30	17	10.1038/s41377-025-01768-3;10.1038/s41467-019-08561-y;10.1038/s41467-025-60886-z;10.1038/s41467-020-17633-3;10.1038/s41467-021-20970-6
results	full size image	29	6	10.1038/s41467-025-56987-4;10.1038/s41467-024-55619-7;10.1038/s41467-024-52401-7;10.1038/s41566-024-01458-3;10.1038/s41586-024-07149-x
results	these results indicate	26	24	10.1038/s41467-025-59527-2;10.1038/s43246-024-00645-7;10.1038/s41377-024-01704-x;10.1038/s41377-025-02019-1;10.1038/s41377-026-02184-x
abstract	here we report	26	26	10.1038/s41377-025-01987-8;10.1038/s41377-026-02237-1;10.1038/s41467-017-01379-6;10.1038/s41467-018-05909-8;10.1038/s41467-020-16652-4
results	in this case	26	19	10.1038/s41467-020-16659-x;10.1038/s41467-025-57472-8;10.1038/s41467-019-08561-y;10.1038/s41467-023-40746-4;10.1038/s43246-020-00084-0
results	in the case	26	20	10.1038/s41467-024-47184-w;10.1038/s41467-023-43408-7;10.1038/s41467-021-25955-z;10.1038/s41467-019-13951-3;10.1038/s41467-021-22864-z
results	note that the	25	17	10.1038/s41467-019-08561-y;10.1038/s41467-021-21522-8;10.1038/s41467-023-41041-y;10.1038/s41467-025-56815-9;10.1038/s41467-026-74198-3
results	in addition we	25	22	10.1038/s41377-025-01959-y;10.1038/s41377-024-01704-x;10.1038/s41377-020-0328-6;10.1038/s41377-022-01036-8;10.1038/s41377-026-02231-7
discussion	as a result	25	24	10.1038/s41377-025-01867-1;10.1038/s41377-025-01959-y;10.1038/s41377-025-02019-1;10.1038/s41467-018-07099-9;10.1038/s41467-019-09737-2
results	it should be	24	16	10.1038/s41467-022-28037-w;10.1038/s41467-025-60886-z;10.1038/s41467-019-09737-2;10.1038/s41467-026-74151-4;10.1038/s43246-026-01136-7
results	the results show	24	18	10.1038/s41377-025-01959-y;10.1038/s41377-022-01036-8;10.1038/s41467-024-50508-5;10.1038/s41467-025-66421-4;10.1038/s41467-026-69198-2
results	in contrast to	23	20	10.1038/s41467-024-55376-7;10.1038/s41467-025-66981-5;10.1038/s41928-026-01670-9;10.1038/s41377-024-01601-3;10.1038/s41377-026-02237-1
methods	the devices were	22	19	10.1038/s41467-017-01379-6;10.1038/s41467-022-32010-y;10.1038/s41928-024-01151-x;10.1038/s41467-018-03049-7;10.1038/s41467-020-14747-6
results	to understand the	22	21	10.1038/s43246-020-00084-0;10.1038/s41377-025-01768-3;10.1038/s41377-026-02247-z;10.1038/s41467-017-01379-6;10.1038/s41467-021-27652-3
methods	the perovskite precursor	22	18	10.1038/s41467-022-31478-y;10.1038/s41467-025-56001-x;10.1038/s41467-026-69198-2;10.1038/s41377-020-0328-6;10.1038/s41377-024-01500-7
results	to further investigate	22	19	10.1038/s41467-026-69198-2;10.1038/s41377-026-02184-x;10.1038/s41377-022-00992-5;10.1038/s41377-024-01727-4;10.1038/s41377-025-01817-x
results	the el spectra	22	20	10.1038/s41467-023-36118-7;10.1038/s41467-025-61085-6;10.1038/s41377-022-00855-z;10.1038/s41377-026-02231-7;10.1038/s41377-026-02247-z
results	these results suggest	22	21	10.1038/s41467-026-69198-2;10.1038/s41467-019-08749-2;10.1038/s41467-020-14747-6;10.1038/s41467-020-16855-9;10.1038/s41467-020-16865-7
methods	after that the	21	17	10.1038/s41377-024-01601-3;10.1038/s41377-026-02246-0;10.1038/s41467-025-57304-9;10.1038/s41467-025-57472-8;10.1038/s41377-025-01768-3
introduction	in addition the	21	20	10.1038/s41467-025-67347-7;10.1038/s41377-025-01959-y;10.1038/s41467-018-07099-9;10.1038/s41467-020-17633-3;10.1038/s41467-024-47184-w
discussion	in conclusion we	21	21	10.1038/s41377-022-00855-z;10.1038/s41377-025-01835-9;10.1038/s41377-025-01959-y;10.1038/s41467-018-06425-5;10.1038/s41467-019-12558-y
results	the presence of	20	18	10.1038/s41467-024-51760-5;10.1038/s41467-025-64546-0;10.1038/s41377-025-01972-1;10.1038/s41467-020-20555-9;10.1038/s41467-021-20970-6
results	figure 3a shows	20	20	10.1038/s41377-022-01036-8;10.1038/s41377-025-01817-x;10.1038/s41467-021-22864-z;10.1038/s41467-022-28480-9;10.1038/s41467-023-36773-w
results	to verify the	20	18	10.1038/s41467-024-55653-5;10.1038/s41377-020-0328-6;10.1038/s41377-024-01727-4;10.1038/s41467-019-08561-y;10.1038/s41467-021-27652-3
introduction	in this study	20	20	10.1038/s41377-025-01817-x;10.1038/s41377-025-01835-9;10.1038/s41377-025-01867-1;10.1038/s41467-020-18006-6;10.1038/s41467-022-31853-9
results	in comparison the	19	17	10.1038/s41467-024-49574-6;10.1038/s41467-024-55619-7;10.1038/s41377-020-0328-6;10.1038/s41377-026-02356-9;10.1038/s41467-018-05760-x
methods	further information on	19	19	10.1038/s41467-019-13909-5;10.1038/s41467-021-22864-z;10.1038/s41467-022-28037-w;10.1038/s41467-022-32010-y;10.1038/s41467-024-45944-2
results	figure 2a shows	19	18	10.1038/s41467-023-40194-0;10.1038/s41377-022-01036-8;10.1038/s41467-018-05909-8;10.1038/s41467-018-07383-8;10.1038/s41467-020-14747-6
methods	all chemicals were	19	19	10.1038/s41377-022-00855-z;10.1038/s41377-022-01036-8;10.1038/s41467-018-05909-8;10.1038/s41467-020-16855-9;10.1038/s41467-021-22864-z
results	this can be	19	19	10.1038/s41377-025-01740-1;10.1038/s41377-026-02237-1;10.1038/s41467-018-03049-7;10.1038/s41467-019-08561-y;10.1038/s41467-020-15481-9
results	the formation of	19	16	10.1038/s41467-022-35731-2;10.1038/s41467-024-45944-2;10.1038/s41377-025-01867-1;10.1038/s41377-025-02000-y;10.1038/s41467-020-14747-6
methods	the reaction was	19	15	10.1038/s41467-026-73298-4;10.1038/s41467-024-55619-7;10.1038/s43246-026-01177-y;10.1038/s41467-018-07383-8;10.1038/s41467-019-13951-3
results	to elucidate the	18	15	10.1038/s41377-025-01867-1;10.1038/s41377-025-02019-1;10.1038/s41467-025-67737-x;10.1038/s41377-022-00992-5;10.1038/s41377-026-02184-x
results	more importantly the	18	16	10.1038/s41467-021-20970-6;10.1038/s41467-024-45945-1;10.1038/s41377-022-00992-5;10.1038/s41377-026-02247-z;10.1038/s41467-020-20555-9
methods	the substrates were	18	16	10.1038/s41467-019-08749-2;10.1038/s41467-025-57746-1;10.1038/s41467-019-13437-2;10.1038/s41467-020-14747-6;10.1038/s41467-020-20582-6
results	based on these	18	17	10.1038/s41467-026-68315-5;10.1038/s41377-025-01817-x;10.1038/s41467-018-03049-7;10.1038/s41467-018-07383-8;10.1038/s41467-023-40194-0
results	x-ray diffraction xrd	17	17	10.1038/s41377-022-00992-5;10.1038/s41377-022-01036-8;10.1038/s41377-024-01727-4;10.1038/s41377-025-02019-1;10.1038/s41377-026-02184-x
methods	xrd patterns were	17	17	10.1038/s41377-024-01601-3;10.1038/s41377-024-01704-x;10.1038/s41467-018-07099-9;10.1038/s41467-019-09794-7;10.1038/s41467-019-13437-2
abstract	here we demonstrate	17	17	10.1038/s41377-025-01972-1;10.1038/s41467-018-04986-z;10.1038/s41467-018-06425-5;10.1038/s41467-021-24616-5;10.1038/s41467-024-47184-w
results	in other words	17	14	10.1038/s41377-026-02246-0;10.1038/s41586-024-07149-x;10.1038/s41467-017-01379-6;10.1038/s41467-018-05760-x;10.1038/s41467-019-12558-y
results	it has been	17	15	10.1038/s43246-026-01136-7;10.1038/s41467-019-09737-2;10.1038/s41467-019-13909-5;10.1038/s41467-023-38216-y;10.1038/s41467-023-40150-y
results	these results are	16	13	10.1038/s41467-023-36118-7;10.1038/s41467-026-74198-3;10.1038/s42005-023-01169-1;10.1038/s41467-022-31478-y;10.1038/s41467-024-45944-2
results	to address this	16	15	10.1038/s41467-025-56557-8;10.1038/s41377-026-02237-1;10.1038/s41467-019-12558-y;10.1038/s41467-020-18006-6;10.1038/s41467-021-24616-5
results	this is because	16	13	10.1038/s41377-025-01835-9;10.1038/s41467-019-08561-y;10.1038/s41467-020-20433-4;10.1038/s41377-022-01036-8;10.1038/s41377-025-01959-y
methods	the sample was	16	13	10.1038/s41467-025-61511-9;qdp_2016_inas-qd-size-tunable-nir-emission;10.1038/s41377-022-00855-z;10.1038/s41467-021-27652-3;10.1038/s41467-022-31189-4
methods	the perovskite films	16	14	10.1038/s41467-025-64546-0;10.1038/s41467-026-73911-6;10.1038/s41377-025-01768-3;10.1038/s41377-025-01987-8;10.1038/s41467-020-20582-6
results	the effect of	16	13	10.1038/s41377-025-01959-y;10.1038/s41467-024-50893-x;10.1038/s41586-023-05855-6;10.1038/s41467-022-28037-w;10.1038/s41467-022-31478-y
results	this is consistent	16	14	10.1038/s41467-018-05909-8;10.1038/s41467-018-06425-5;10.1038/s41377-020-0328-6;10.1038/s41467-019-08749-2;10.1038/s41467-020-15481-9
introduction	colloidal quantum dots	15	15	10.1038/s41377-024-01601-3;10.1038/s41377-026-02246-0;10.1038/s41467-017-01379-6;10.1038/s41467-019-09737-2;10.1038/s41467-019-12558-y
results	to further verify	15	10	10.1038/s41377-024-01601-3;10.1038/s41377-025-01959-y;10.1038/s41467-026-72625-z;10.1038/s41377-025-01867-1;10.1038/s41377-026-02246-0
results	as depicted in	15	12	10.1038/s41467-025-63653-2;10.1038/s41467-024-50634-0;10.1038/s41377-025-01768-3;10.1038/s41377-025-01835-9;10.1038/s41377-025-01972-1
results	the above results	15	13	10.1038/s41928-024-01181-5;10.1038/s41377-024-01601-3;10.1038/s41377-026-02247-z;10.1038/s41467-018-06294-y;10.1038/s41467-024-44894-z
results	the device structure	15	14	10.1038/s41467-024-52401-7;10.1038/s41377-024-01500-7;10.1038/s41377-025-01740-1;10.1038/s41377-025-01959-y;10.1038/s41377-025-02000-y
results	for example the	15	15	10.1038/s41377-026-02246-0;10.1038/s41467-017-01379-6;10.1038/s41467-019-08749-2;10.1038/s41467-020-17633-3;10.1038/s41467-023-39488-0
introduction	in recent years	14	14	10.1038/s41377-025-01740-1;10.1038/s41377-026-02247-z;10.1038/s41467-023-39531-0;10.1038/s41467-023-41041-y;10.1038/s41467-024-54160-x
results	on the basis	14	9	10.1038/s41586-023-05855-6;10.1038/s41467-019-13951-3;10.1038/s41928-026-01670-9;qdp_2012_lifetime-blinking-nonblinking-qd;10.1038/s41377-025-01867-1
introduction	in order to	14	11	10.1038/s41467-023-41868-5;10.1038/s41377-022-00855-z;10.1038/s41467-018-03049-7;10.1038/s41467-018-05760-x;10.1038/s41467-018-06425-5
results	at the same	14	14	10.1038/s41377-022-00855-z;10.1038/s41467-020-15944-z;10.1038/s41467-023-38216-y;10.1038/s41467-023-40150-y;10.1038/s41467-023-41868-5
results	we find that	14	11	10.1038/s41467-025-64696-1;10.1038/s41467-024-52208-6;10.1038/s41467-018-03049-7;10.1038/s41467-020-20582-6;10.1038/s41467-021-22864-z
results	owing to the	14	13	10.1038/s41377-025-01867-1;10.1038/s41467-020-16855-9;10.1038/s41467-020-18006-6;10.1038/s41467-022-29538-4;10.1038/s41467-022-31853-9
results	these results confirm	14	12	10.1038/s41467-026-69198-2;10.1038/s41467-026-71949-0;10.1038/s41377-025-02019-1;10.1038/s41467-019-08561-y;10.1038/s41467-019-13437-2
results	this leads to	14	13	10.1038/s41467-026-71949-0;10.1038/s41377-025-01972-1;10.1038/s41467-019-09737-2;10.1038/s41467-023-40194-0;10.1038/s41467-024-49574-6
methods	the temperature was	14	13	10.1038/s41467-024-50022-8;10.1038/s41377-022-00855-z;10.1038/s41467-020-14747-6;10.1038/s41467-020-14756-5;10.1038/s41467-024-50432-8
methods	the thickness of	14	13	10.1038/s41467-026-69198-2;10.1038/s41467-018-02978-7;10.1038/s41467-018-05760-x;10.1038/s41467-018-05909-8;10.1038/s41467-019-09737-2
methods	the thicknesses of	14	12	10.1038/s41467-024-47891-4;10.1038/s41928-026-01670-9;10.1038/s41377-025-01835-9;10.1038/s41377-025-01972-1;10.1038/s41467-019-13909-5
methods	the device area	14	13	10.1038/s41467-024-47891-4;10.1038/s41377-020-0328-6;10.1038/s41467-018-02978-7;10.1038/s41467-018-05760-x;10.1038/s41467-020-14756-5
introduction	therefore it is	14	13	10.1038/s41467-025-63653-2;10.1038/s41377-022-01036-8;10.1038/s41377-024-01601-3;10.1038/s41377-025-02000-y;10.1038/s41377-026-02246-0
results	to the best	13	13	10.1038/s41377-025-01817-x;10.1038/s41377-025-01867-1;10.1038/s41467-018-06425-5;10.1038/s41467-020-16659-x;10.1038/s41467-020-16865-7
methods	in order to	13	12	10.1038/s41467-019-09737-2;10.1038/s41467-018-03049-7;10.1038/s41467-018-06425-5;10.1038/s41467-020-16865-7;10.1038/s41467-021-20970-6
methods	all of the	13	11	10.1038/s41467-023-41929-9;10.1038/s41377-024-01500-7;10.1038/s41467-018-05760-x;10.1038/s41467-019-09794-7;10.1038/s41467-020-17633-3
results	the results indicate	13	13	10.1038/s41467-020-15944-z;10.1038/s41467-023-36118-7;10.1038/s41467-023-41041-y;10.1038/s41467-024-47891-4;10.1038/s41467-024-52521-0
introduction	here we report	13	11	10.1038/s41467-020-16855-9;10.1038/s43246-026-01136-7;10.1038/s41377-026-02231-7;10.1038/s41467-020-14756-5;10.1038/s41467-020-16652-4
results	figure 4c shows	13	13	10.1038/s41377-025-01959-y;10.1038/s41467-018-02978-7;10.1038/s41467-021-22864-z;10.1038/s41467-021-24931-x;10.1038/s41467-022-31853-9
abstract	here we show	13	13	10.1038/s41377-020-0328-6;10.1038/s41467-019-12558-y;10.1038/s41467-020-15481-9;10.1038/s41467-020-16865-7;10.1038/s41467-021-24762-w
methods	the qds were	13	7	10.1038/s41467-020-14756-5;qdp_2013_carrier-multiplication-qd-films;10.1038/s41377-026-02356-9;10.1038/s41467-019-12558-y;10.1038/s41467-020-16659-x
results	we attribute the	13	11	10.1038/s41467-021-25955-z;10.1038/s41467-022-29812-5;10.1038/s41377-025-01972-1;10.1038/s41467-018-05909-8;10.1038/s41467-021-22864-z
introduction	for example the	13	11	10.1038/s41377-026-02246-0;10.1038/s41467-020-17633-3;10.1038/s41377-022-00992-5;10.1038/s41377-024-01601-3;10.1038/s41377-024-01727-4
results	full size imagea	13	4	10.1038/s41467-025-64111-9;10.1038/s41467-021-27652-3;10.1038/s41467-025-63389-z;10.1038/s41467-026-73911-6
methods	the el spectra	13	13	10.1038/s41377-022-01036-8;10.1038/s41467-019-09794-7;10.1038/s41467-020-17633-3;10.1038/s41467-023-43340-w;10.1038/s41467-024-44894-z
results	this result indicates	12	11	10.1038/s41467-024-49751-7;10.1038/s41377-026-02237-1;10.1038/s41467-020-16855-9;10.1038/s41467-022-28480-9;10.1038/s41467-023-39531-0
results	the pl intensity	12	10	10.1038/s41377-025-01740-1;10.1038/s41467-024-50634-0;10.1038/s41377-026-02246-0;10.1038/s41467-018-03049-7;10.1038/s41467-024-54160-x
results	considering that the	12	12	10.1038/s41377-022-00855-z;10.1038/s41377-025-01835-9;10.1038/s41467-017-01379-6;10.1038/s41467-020-20582-6;10.1038/s41467-024-47184-w
methods	in a typical	12	12	10.1038/s41377-022-00855-z;10.1038/s41377-024-01704-x;10.1038/s41377-026-02237-1;10.1038/s41467-017-01379-6;10.1038/s41467-018-06294-y
introduction	on the other	12	11	10.1038/s41467-024-52208-6;10.1038/s41377-020-0328-6;10.1038/s41467-020-15481-9;10.1038/s41467-020-20555-9;10.1038/s41467-021-25955-z
methods	absorption spectra were	12	12	10.1038/s41377-024-01500-7;10.1038/s41467-020-14747-6;10.1038/s41467-020-16855-9;10.1038/s41467-024-45944-2;10.1038/s41467-024-45945-1
results	x-ray photoelectron spectroscopy	12	12	10.1038/s41377-022-01036-8;10.1038/s41377-025-01987-8;10.1038/s41377-025-02019-1;10.1038/s41377-026-02237-1;10.1038/s41467-019-13437-2
discussion	in this work	12	12	10.1038/s41377-020-0328-6;10.1038/s41377-025-01768-3;10.1038/s41377-026-02246-0;10.1038/s41467-019-08561-y;10.1038/s41467-022-31853-9
results	in particular the	12	11	10.1038/s41467-024-47184-w;10.1038/s41377-024-01601-3;10.1038/s41377-025-01959-y;10.1038/s41467-019-09794-7;10.1038/s41467-020-17633-3
results	this results in	12	12	10.1038/s41377-025-01768-3;10.1038/s41377-025-01835-9;10.1038/s41467-020-20433-4;10.1038/s41467-022-32010-y;10.1038/s41467-023-41868-5
results	by contrast the	12	11	10.1038/s41467-026-74583-y;10.1038/s41467-018-07383-8;10.1038/s41467-022-28480-9;10.1038/s41467-024-49791-z;10.1038/s41467-025-57746-1
results	to further understand	12	12	10.1038/s41377-022-00855-z;10.1038/s41377-026-02237-1;10.1038/s41467-020-16855-9;10.1038/s41467-024-55619-7;10.1038/s41467-025-59527-2
methods	x-ray photoelectron spectroscopy	12	12	10.1038/s41377-025-01768-3;10.1038/s41377-025-01959-y;10.1038/s41467-020-20582-6;10.1038/s41467-021-27652-3;10.1038/s41467-023-41868-5
results	this observation is	12	11	10.1038/s41467-019-12558-y;10.1038/s41467-018-06425-5;10.1038/s41467-021-20970-6;10.1038/s41467-021-22864-z;10.1038/s41467-024-49838-1
results	by fitting the	12	11	10.1038/s41467-025-56557-8;10.1038/s41377-024-01704-x;10.1038/s41377-026-02356-9;10.1038/s41467-019-13909-5;10.1038/s41467-019-13951-3
results	we found that	12	11	10.1038/s41467-018-05909-8;10.1038/s41377-024-01500-7;10.1038/s41377-026-02237-1;10.1038/s41467-020-20555-9;10.1038/s41467-021-25955-z
methods	density functional theory	12	10	10.1038/s41377-024-01704-x;10.1038/s41377-026-02237-1;10.1038/s41377-025-01768-3;10.1038/s41467-025-56068-6;10.1038/s41467-025-63389-z
results	we attribute this	12	12	10.1038/s41377-025-01987-8;10.1038/s41467-018-05909-8;10.1038/s41467-018-06425-5;10.1038/s41467-019-13437-2;10.1038/s41467-020-20582-6
results	to demonstrate the	12	11	10.1038/s41467-023-41868-5;10.1038/s41377-026-02246-0;10.1038/s41467-018-07099-9;10.1038/s41467-022-32010-y;10.1038/s41467-024-49838-1
methods	sem images were	12	12	10.1038/s41377-025-01987-8;10.1038/s41467-018-05760-x;10.1038/s41467-018-07099-9;10.1038/s41467-019-13437-2;10.1038/s41467-021-22864-z
results	figure 4a shows	12	12	10.1038/s41377-025-01972-1;10.1038/s41377-026-02246-0;10.1038/s41467-018-03049-7;10.1038/s41467-020-16652-4;10.1038/s41467-022-31853-9
methods	all samples were	12	8	10.1038/s41467-022-35731-2;10.1038/s41377-025-01817-x;10.1038/s41467-018-07383-8;10.1038/s41467-019-13951-3;10.1038/s41467-020-14747-6
results	however when the	12	12	10.1038/s41467-018-05760-x;10.1038/s41467-018-07383-8;10.1038/s41467-021-22864-z;10.1038/s41467-023-39531-0;10.1038/s41467-024-45945-1
results	it was found	12	9	10.1038/s41377-022-00855-z;10.1038/s41467-025-56068-6;10.1038/s43246-026-01177-y;10.1038/s41467-023-36118-7;10.1038/s41467-024-46243-6
results	on the contrary	12	10	10.1038/s43246-026-01136-7;qc_2015_wearable-rgb-qled-array;10.1038/s41377-025-01817-x;10.1038/s41467-020-16865-7;10.1038/s41467-022-29702-w
results	we believe that	11	10	10.1038/s41467-020-20582-6;10.1038/s41377-020-0328-6;10.1038/s41467-018-06425-5;10.1038/s41467-020-16855-9;10.1038/s41467-021-22864-z
abstract	here we present	11	11	10.1038/s41467-018-03049-7;10.1038/s41467-021-24931-x;10.1038/s41467-023-39488-0;10.1038/s41467-023-39531-0;10.1038/s41467-024-49751-7
results	we also note	11	10	10.1038/s41467-025-57472-8;10.1038/s41467-020-14747-6;10.1038/s41467-021-20970-6;10.1038/s41467-022-32010-y;10.1038/s41467-023-43340-w
methods	the structure of	11	7	10.1038/s41377-025-01835-9;10.1038/s41467-020-15944-z;10.1038/s41467-024-52521-0;10.1038/s41467-025-60886-z;10.1038/s41467-018-05909-8
methods	the device structure	11	4	10.1038/s41467-022-31478-y;10.1038/s41467-025-65871-0;10.1038/s41467-020-16865-7;10.1038/s41467-024-50022-8
results	figure 1b shows	11	11	10.1038/s41377-025-01959-y;10.1038/s41377-025-02000-y;10.1038/s41467-017-01379-6;10.1038/s41467-019-08561-y;10.1038/s41467-022-31853-9
results	the x-ray diffraction	11	11	10.1038/s41377-026-02231-7;10.1038/s41467-018-03049-7;10.1038/s41467-019-08561-y;10.1038/s41467-019-13909-5;10.1038/s41467-021-20970-6
results	encouraged by the	11	11	10.1038/s41377-024-01704-x;10.1038/s41377-026-02237-1;10.1038/s41467-018-05909-8;10.1038/s41467-019-09794-7;10.1038/s41467-020-14747-6
results	as expected the	11	10	10.1038/s41467-020-20555-9;10.1038/s41377-025-01959-y;10.1038/s41467-019-09737-2;10.1038/s41467-019-09794-7;10.1038/s41467-020-17633-3
methods	preparation of perovskite	11	10	10.1038/s41467-024-54160-x;10.1038/s41467-018-03049-7;10.1038/s41467-018-06425-5;10.1038/s41467-021-24616-5;10.1038/s41467-025-56068-6
introduction	metal halide perovskites	11	11	10.1038/s41377-020-0328-6;10.1038/s41377-025-01768-3;10.1038/s41467-018-05909-8;10.1038/s41467-019-08561-y;10.1038/s41467-020-14747-6
results	it is evident	11	10	10.1038/s43246-026-01177-y;10.1038/s41467-025-59515-6;10.1038/s41467-025-60886-z;10.1038/s41467-026-70555-4;10.1038/s41467-026-72115-2
methods	for the preparation	11	7	10.1038/s41563-025-02123-y;10.1038/s41467-024-49791-z;10.1038/s41467-026-72733-w;10.1038/s41377-024-01601-3;10.1038/s41377-026-02246-0
results	as seen in	11	6	10.1038/s41467-023-35954-x;10.1038/s41467-019-08749-2;10.1038/s41467-024-49574-6;10.1038/s41928-024-01205-0;alhtl_2017_cspbbr3-moo3-hil-peled
results	figure 1c shows	11	11	10.1038/s41377-024-01500-7;10.1038/s41467-019-08561-y;10.1038/s41467-019-08749-2;10.1038/s41467-021-24931-x;10.1038/s41467-023-38216-y
results	the eqe of	11	11	10.1038/s41377-022-01036-8;10.1038/s41377-024-01727-4;10.1038/s41377-025-01835-9;10.1038/s41377-026-02184-x;10.1038/s41467-018-03049-7
results	to study the	11	10	10.1038/s41467-024-49751-7;10.1038/s41467-018-06294-y;10.1038/s41467-018-06425-5;10.1038/s41467-020-18006-6;10.1038/s41467-023-35954-x
results	the pl decay	11	10	10.1038/s41467-023-40150-y;10.1038/s41377-022-01036-8;10.1038/s41467-020-20555-9;10.1038/s41467-021-24616-5;10.1038/s41467-024-45945-1
methods	fourier transform infrared	11	11	10.1038/s41377-025-01768-3;10.1038/s41377-025-01867-1;10.1038/s41377-026-02237-1;10.1038/s41467-020-14756-5;10.1038/s41467-024-47184-w
abstract	as a result	11	11	10.1038/s41377-025-01972-1;10.1038/s41377-026-02237-1;10.1038/s41467-021-21522-8;10.1038/s41467-023-36773-w;10.1038/s41467-024-54160-x
methods	atomic force microscopy	11	11	10.1038/s41377-024-01704-x;10.1038/s41377-025-01959-y;10.1038/s41377-025-02000-y;10.1038/s41467-020-15481-9;10.1038/s41467-020-20555-9
methods	then the substrates	11	9	10.1038/s41467-024-55376-7;10.1038/s41377-022-00992-5;10.1038/s41377-024-01601-3;10.1038/s41467-019-09794-7;10.1038/s41467-021-24931-x
results	this implies that	11	10	10.1038/s41467-022-31189-4;10.1038/s41467-019-13909-5;10.1038/s41467-021-27652-3;10.1038/s41467-022-35731-2;10.1038/s41467-024-49751-7
results	the performance of	11	10	10.1038/s41377-024-01500-7;10.1038/s41377-026-02237-1;10.1038/s41467-018-05760-x;10.1038/s41467-019-13909-5;10.1038/s41467-020-16652-4
results	benefiting from the	11	9	10.1038/s41377-026-02247-z;10.1038/s41467-025-63684-9;10.1038/s41377-024-01500-7;10.1038/s41467-018-04986-z;10.1038/s41467-025-56557-8
methods	a solution of	10	7	10.1038/s41467-020-14756-5;10.1038/s41467-020-16855-9;10.1038/s41467-025-67737-x;10.1038/s41467-022-31189-4;10.1038/s41467-023-43340-w
results	figure 1a shows	10	10	10.1038/s41377-022-01036-8;10.1038/s41377-025-01972-1;10.1038/s41377-025-02000-y;10.1038/s41467-020-20433-4;10.1038/s41467-022-31853-9
results	to further explore	10	10	10.1038/s41377-022-00992-5;10.1038/s41377-025-01867-1;10.1038/s41467-023-39531-0;10.1038/s41467-023-41868-5;10.1038/s41467-024-50508-5
results	as can be	10	7	10.1038/s43246-026-01177-y;10.1038/s41467-021-22864-z;10.1038/s41377-022-01036-8;10.1038/s41377-025-01817-x;10.1038/s41467-021-24762-w
methods	the reaction mixture	10	10	10.1038/s41377-024-01704-x;10.1038/s41377-026-02237-1;10.1038/s41467-017-01379-6;10.1038/s41467-018-06294-y;10.1038/s41467-020-16652-4
methods	the excitation wavelength	10	10	10.1038/s41377-022-00855-z;10.1038/s41467-018-02978-7;10.1038/s41467-020-20433-4;10.1038/s41467-021-22864-z;10.1038/s41467-022-29812-5
results	as presented in	10	6	10.1038/s41467-022-29538-4;10.1038/s41467-025-56815-9;10.1038/s41377-025-01768-3;10.1038/s41467-024-52401-7;10.1038/s41467-025-63389-z
results	this confirms that	10	10	10.1038/s41377-026-02231-7;10.1038/s41467-018-06294-y;10.1038/s41467-022-31189-4;10.1038/s41467-022-32010-y;10.1038/s41467-023-39488-0
results	the emergence of	10	9	10.1038/s41467-022-29812-5;10.1038/s41377-025-01867-1;10.1038/s41467-020-15944-z;10.1038/s41467-022-35731-2;10.1038/s41467-023-40746-4
results	because of the	10	9	10.1038/s41467-019-09737-2;10.1038/s41377-024-01727-4;10.1038/s41377-026-02356-9;10.1038/s41467-021-24931-x;10.1038/s41467-022-28037-w
methods	after the reaction	10	9	10.1038/s41467-021-25955-z;10.1038/s41377-022-00855-z;10.1038/s41377-024-01704-x;10.1038/s41377-025-02000-y;10.1038/s41377-026-02237-1
results	in summary we	10	10	10.1038/s41467-021-24931-x;10.1038/s41467-023-36773-w;10.1038/s41467-023-41041-y;10.1038/s41467-023-41868-5;10.1038/s41467-024-50432-8
results	density functional theory	10	10	10.1038/s41377-025-01817-x;10.1038/s41377-026-02184-x;10.1038/s41467-018-05909-8;10.1038/s41467-021-21522-8;10.1038/s41467-025-56068-6
methods	steady-state pl spectra	10	10	10.1038/s41467-018-02978-7;10.1038/s41467-018-03049-7;10.1038/s41467-020-14747-6;10.1038/s41467-020-20555-9;10.1038/s41467-020-20582-6
results	to assess the	10	10	10.1038/s41377-024-01704-x;10.1038/s41377-025-01740-1;10.1038/s41377-026-02231-7;10.1038/s41467-023-36118-7;10.1038/s41467-024-47184-w
results	the addition of	10	10	10.1038/s41377-025-01740-1;10.1038/s41467-018-06425-5;10.1038/s41467-020-14747-6;10.1038/s41467-020-18006-6;10.1038/s41467-022-31189-4
results	the results are	10	6	10.1038/s41467-025-59515-6;10.1038/s43246-026-01177-y;10.1038/s41467-023-41929-9;10.1038/s41467-023-43340-w;10.1038/s41467-025-64696-1
results	the details of	10	10	10.1038/s41377-025-01972-1;10.1038/s41377-025-02000-y;10.1038/s41377-026-02356-9;10.1038/s41467-019-08561-y;10.1038/s41467-021-22864-z
methods	transmission electron microscopy	10	10	10.1038/s41377-024-01601-3;10.1038/s41377-025-01867-1;10.1038/s41377-025-01959-y;10.1038/s41467-020-16652-4;10.1038/s41467-024-44894-z
results	all of these	10	7	qdp_2013_auger-control-carrier-kinetics;10.1038/s41377-025-01959-y;10.1038/s41467-018-07383-8;10.1038/s41467-021-24762-w;10.1038/s41467-022-31189-4
methods	the active area	10	10	10.1038/s41467-018-03049-7;10.1038/s41467-018-05760-x;10.1038/s41467-022-31478-y;10.1038/s41467-023-36118-7;10.1038/s41467-024-50893-x
results	this could be	10	7	10.1038/s41467-018-02978-7;10.1038/s41467-022-32010-y;10.1038/s41467-025-59515-6;10.1038/s41377-026-02247-z;10.1038/s41467-022-31478-y
introduction	due to the	10	7	10.1038/s41467-024-47891-4;10.1038/s41467-025-63653-2;10.1038/s41377-025-01768-3;10.1038/s41467-019-08561-y;10.1038/s41467-024-49751-7
results	these results demonstrate	10	9	10.1038/s41467-025-57304-9;10.1038/s41377-024-01727-4;10.1038/s41377-025-02019-1;10.1038/s41467-019-09737-2;10.1038/s41467-020-14747-6
results	this result is	10	10	10.1038/s41377-026-02237-1;10.1038/s41467-018-06425-5;10.1038/s41467-022-28480-9;10.1038/s41467-022-31478-y;10.1038/s41467-023-43408-7
introduction	here we demonstrate	10	10	10.1038/s41377-020-0328-6;10.1038/s41467-018-04986-z;10.1038/s41467-020-20582-6;10.1038/s41467-022-31189-4;10.1038/s41467-024-47184-w
methods	preparation of the	10	6	10.1038/s41377-024-01601-3;10.1038/s41467-026-75756-5;10.1038/s41377-026-02246-0;10.1038/s41467-020-20582-6;10.1038/s41467-023-40150-y
methods	tem images were	10	10	10.1038/s41377-022-00855-z;10.1038/s41467-018-04986-z;10.1038/s41467-020-15481-9;10.1038/s41467-023-36773-w;10.1038/s41467-023-39531-0
results	in this study	10	9	10.1038/s41467-023-43472-z;10.1038/s41467-020-14747-6;10.1038/s41467-020-15481-9;10.1038/s41467-022-35731-2;10.1038/s41467-023-41041-y
results	to further confirm	10	9	10.1038/s41467-024-51760-5;10.1038/s41377-024-01601-3;10.1038/s41377-025-01959-y;10.1038/s41467-021-21522-8;10.1038/s41467-023-40746-4
methods	for a typical	10	7	10.1038/s41467-020-15481-9;10.1038/s41467-018-04986-z;10.1038/s41467-019-08749-2;10.1038/s41467-020-14756-5;10.1038/s41467-020-16652-4
results	similar to the	10	10	10.1038/s41377-024-01601-3;10.1038/s41467-019-08749-2;10.1038/s41467-020-14756-5;10.1038/s41467-020-16855-9;10.1038/s41467-020-18006-6
results	kelvin probe force	10	10	10.1038/s41377-025-01768-3;10.1038/s41467-019-13437-2;10.1038/s41467-024-54160-x;10.1038/s41467-025-56068-6;10.1038/s41467-025-63389-z
methods	the concentration of	9	6	10.1038/s41467-026-75756-5;10.1038/s41467-020-14756-5;10.1038/s41467-022-29812-5;10.1038/s41467-024-46243-6;10.1038/s41467-025-56001-x
results	this phenomenon is	9	8	10.1038/s41467-024-50634-0;10.1038/s41377-025-02000-y;10.1038/s41467-021-20970-6;10.1038/s41467-021-27652-3;10.1038/s41467-024-46243-6
results	it is known	9	8	10.1038/s41467-018-05760-x;10.1038/s41467-019-13909-5;10.1038/s41467-020-14756-5;10.1038/s41467-023-41041-y;10.1038/s41467-023-43340-w
introduction	in addition to	9	9	10.1038/s41377-025-01740-1;10.1038/s41467-019-13951-3;10.1038/s41467-020-14747-6;10.1038/s41467-021-25955-z;10.1038/s41467-023-41929-9
abstract	here we develop	9	9	10.1038/s41377-024-01500-7;10.1038/s41377-025-01835-9;10.1038/s41467-019-13437-2;10.1038/s41467-020-14747-6;10.1038/s41467-020-16659-x
results	it is found	9	3	10.1038/s41467-018-02978-7;10.1038/s41467-018-05760-x;10.1038/s41377-024-01601-3
methods	formamidinium iodide fai	9	9	10.1038/s41377-025-01987-8;10.1038/s41467-019-13437-2;10.1038/s41467-020-14747-6;10.1038/s41467-023-36118-7;10.1038/s41467-025-59515-6
introduction	it has been	9	8	10.1038/s41467-025-63389-z;10.1038/s41467-019-08561-y;10.1038/s41467-019-13909-5;10.1038/s41467-022-31478-y;10.1038/s41467-023-43340-w
methods	all materials were	9	9	10.1038/s41467-021-24931-x;10.1038/s41467-022-29812-5;10.1038/s41467-022-31478-y;10.1038/s41467-023-40150-y;10.1038/s41467-024-44894-z
methods	the pl spectra	9	9	10.1038/s41377-022-01036-8;10.1038/s41377-025-01867-1;10.1038/s41467-020-15944-z;10.1038/s41467-020-17633-3;10.1038/s41467-021-24616-5
results	it is well	9	9	10.1038/s41467-018-05760-x;10.1038/s41467-019-09737-2;10.1038/s41467-023-43472-z;10.1038/s41467-024-45944-2;10.1038/s41467-024-49791-z
methods	the current density-voltage	9	9	10.1038/s41377-022-00855-z;10.1038/s41377-026-02237-1;10.1038/s41467-023-41929-9;10.1038/s41467-024-44894-z;10.1038/s41467-024-46243-6
results	figure 3c shows	9	9	10.1038/s41377-025-02000-y;10.1038/s41467-021-22864-z;10.1038/s41467-022-28037-w;10.1038/s41467-023-41868-5;10.1038/s41467-023-43472-z
results	atomic force microscopy	9	9	10.1038/s41467-018-02978-7;10.1038/s41467-018-05760-x;10.1038/s41467-019-13437-2;10.1038/s41467-020-20433-4;10.1038/s41467-025-59527-2
methods	the precipitate was	9	7	10.1038/s41467-024-55619-7;10.1038/s41928-024-01181-5;10.1038/s41467-024-45945-1;10.1038/s41467-024-50634-0;10.1038/s41467-025-56068-6
discussion	we believe that	9	9	10.1038/s41467-018-04986-z;10.1038/s41467-019-13437-2;10.1038/s41467-020-16659-x;10.1038/s41467-020-18006-6;10.1038/s41467-021-24762-w
results	the thickness of	9	7	10.1038/s41467-021-24931-x;10.1038/s41467-025-59527-2;10.1038/s41467-018-05760-x;10.1038/s41467-023-40150-y;10.1038/s41467-023-43472-z
results	the thicknesses of	9	9	10.1038/s41467-018-02978-7;10.1038/s41467-019-13909-5;10.1038/s41467-020-20433-4;10.1038/s41467-022-31853-9;10.1038/s41467-023-36118-7
results	the decrease in	9	8	10.1038/s41377-025-01959-y;10.1038/s41377-025-01867-1;10.1038/s41467-021-25955-z;10.1038/s41467-023-40746-4;10.1038/s41467-024-47184-w
methods	cadmium oxide cdo	9	9	10.1038/s41467-019-12558-y;10.1038/s41467-022-31189-4;10.1038/s41467-023-35954-x;10.1038/s41467-024-44894-z;10.1038/s41467-024-49791-z
results	to this end	9	8	10.1038/s41377-025-01972-1;10.1038/s41467-020-16659-x;10.1038/s41467-021-22864-z;10.1038/s41467-021-24762-w;10.1038/s41467-023-36118-7
results	the experimental results	9	7	10.1038/s41928-024-01205-0;10.1038/s41467-021-25955-z;10.1038/s41467-022-31853-9;10.1038/s41467-024-45945-1;10.1038/s41467-024-49791-z
methods	uv-vis absorption spectra	9	8	10.1038/s41467-026-73911-6;10.1038/s41377-024-01704-x;10.1038/s41377-025-01817-x;10.1038/s41467-024-51760-5;10.1038/s41467-024-52401-7
results	figure 2b shows	9	9	10.1038/s41377-025-01835-9;10.1038/s41467-021-24762-w;10.1038/s41467-023-35954-x;10.1038/s41467-023-36773-w;10.1038/s41467-023-40194-0
methods	the synthesis of	9	6	10.1038/s41467-025-58471-5;10.1038/s41586-023-05855-6;10.1038/s43246-026-01177-y;10.1038/s41467-020-16652-4;10.1038/s41467-024-50634-0
methods	dimethyl sulfoxide dmso	9	9	10.1038/s41467-018-06425-5;10.1038/s41467-020-15944-z;10.1038/s41467-023-38216-y;10.1038/s41467-024-55376-7;10.1038/s41467-025-56001-x
methods	a keithley 2400	9	9	10.1038/s41467-018-03049-7;10.1038/s41467-019-09794-7;10.1038/s41467-020-14756-5;10.1038/s41467-020-20582-6;10.1038/s41467-025-57304-9
results	the introduction of	9	8	10.1038/s41467-025-67737-x;10.1038/s41467-020-20582-6;10.1038/s41467-021-21522-8;10.1038/s41467-022-35731-2;10.1038/s41467-023-40150-y
results	to quantify the	8	8	10.1038/s41467-019-12558-y;10.1038/s41467-019-13437-2;10.1038/s41467-020-16855-9;10.1038/s41467-024-50432-8;10.1038/s41467-025-57304-9
results	these results highlight	8	7	10.1038/s41467-026-71949-0;10.1038/s41377-025-01972-1;10.1038/s41467-024-47184-w;10.1038/s41467-025-59527-2;10.1038/s41467-026-74151-4
results	this value is	8	8	10.1038/s41467-017-01379-6;10.1038/s41467-019-12558-y;10.1038/s41467-020-16652-4;10.1038/s41467-021-25955-z;10.1038/s41467-022-31189-4
abstract	in this work	8	8	10.1038/s41377-024-01704-x;10.1038/s41377-026-02356-9;10.1038/s41467-023-40746-4;10.1038/s41467-023-41041-y;10.1038/s41467-023-41929-9
results	to improve the	8	8	10.1038/s41377-024-01601-3;10.1038/s41467-024-44894-z;10.1038/s41467-024-50508-5;10.1038/s41467-024-50893-x;10.1038/s41467-024-52521-0
results	as for the	8	6	10.1038/s41467-022-29812-5;10.1038/s41467-024-46243-6;10.1038/s41377-025-01817-x;10.1038/s41467-023-40150-y;10.1038/s41467-025-56068-6
results	these values are	8	8	10.1038/s41377-025-01817-x;10.1038/s41467-019-13951-3;10.1038/s41467-022-29538-4;10.1038/s41467-025-56987-4;10.1038/s41467-025-57200-2
methods	for the synthesis	8	8	10.1038/s41377-022-00992-5;10.1038/s41377-024-01727-4;10.1038/s41377-025-01959-y;10.1038/s41467-018-04986-z;10.1038/s41467-020-14756-5
results	this is due	8	7	10.1038/s41467-018-02978-7;10.1038/s41467-024-47184-w;10.1038/s41467-024-49574-6;10.1038/s41467-024-49838-1;10.1038/s41467-024-55812-8
results	scanning electron microscopy	8	8	10.1038/s41377-025-01768-3;10.1038/s41467-019-13437-2;10.1038/s41467-024-47184-w;10.1038/s41467-025-59527-2;10.1038/s41467-026-68315-5
methods	ultraviolet photoelectron spectroscopy	8	8	10.1038/s41377-025-01768-3;10.1038/s41467-018-02978-7;10.1038/s41467-020-20582-6;10.1038/s41467-021-27652-3;10.1038/s41467-022-29702-w
results	based on this	8	7	10.1038/s41467-026-74151-4;10.1038/s41467-018-06294-y;10.1038/s41467-022-31189-4;10.1038/s41467-024-53965-0;10.1038/s41467-024-55812-8
introduction	more importantly the	8	8	10.1038/s41377-024-01601-3;10.1038/s41467-020-16865-7;10.1038/s41467-021-20970-6;10.1038/s41467-022-29538-4;10.1038/s41467-022-32010-y
methods	x-ray diffraction xrd	8	8	10.1038/s41377-025-01867-1;10.1038/s41467-020-16652-4;10.1038/s41467-023-41868-5;10.1038/s41467-024-51760-5;10.1038/s41467-025-63389-z
introduction	previous studies have	8	8	10.1038/s41467-024-45945-1;10.1038/s41467-024-52521-0;10.1038/s41467-024-53221-5;10.1038/s41467-025-56557-8;10.1038/s41467-025-59515-6
results	the intensity of	8	7	10.1038/s41467-024-50508-5;10.1038/s41467-019-13909-5;10.1038/s41467-020-15944-z;10.1038/s41467-020-20555-9;10.1038/s41467-023-39531-0
methods	then the temperature	8	4	10.1038/s41467-020-14756-5;10.1038/s41467-026-73298-4;10.1038/s41377-022-00855-z;10.1038/s41467-024-45944-2
results	the increase in	8	7	10.1038/s43246-024-00576-3;10.1038/s41467-021-27652-3;10.1038/s41467-022-31189-4;10.1038/s41467-023-35954-x;10.1038/s41467-024-45944-2
methods	cesium bromide csbr	8	8	10.1038/s41467-018-05909-8;10.1038/s41467-023-40150-y;10.1038/s41467-024-55376-7;10.1038/s41467-025-56001-x;10.1038/s41467-025-61085-6
results	the degree of	8	7	10.1038/s41467-025-65871-0;10.1038/s41467-024-49751-7;10.1038/s41467-024-49791-z;10.1038/s41467-025-60886-z;10.1038/s41467-026-71292-4
results	this is the	8	8	10.1038/s41467-019-13951-3;10.1038/s41467-020-15481-9;10.1038/s41467-022-31478-y;10.1038/s41467-022-31853-9;10.1038/s41467-024-44894-z
results	we also performed	8	8	10.1038/s41377-024-01704-x;10.1038/s41467-023-36118-7;10.1038/s41467-023-40746-4;10.1038/s41467-024-55653-5;10.1038/s41467-024-55812-8
results	to explore the	8	8	10.1038/s41467-018-05909-8;10.1038/s41467-022-29702-w;10.1038/s41467-024-52401-7;10.1038/s41467-025-58047-3;10.1038/s41467-025-63653-2
results	high-resolution transmission electron	8	7	10.1038/s41467-021-27652-3;10.1038/s41467-020-15481-9;10.1038/s41467-024-50634-0;10.1038/s41467-025-57746-1;10.1038/s41467-026-72115-2
results	with the increase	8	7	10.1038/s41377-024-01727-4;10.1038/s41377-024-01500-7;10.1038/s41467-021-24931-x;10.1038/s41467-024-50022-8;10.1038/s41467-024-50508-5
results	in the control	8	6	10.1038/s41467-026-72115-2;10.1038/s41467-026-72625-z;10.1038/s41467-018-05909-8;10.1038/s41467-021-20970-6;10.1038/s41467-025-57304-9
results	we speculate that	8	7	10.1038/s41467-020-16855-9;10.1038/s41467-018-06425-5;10.1038/s41467-019-13909-5;10.1038/s41467-020-20582-6;10.1038/s41467-025-56987-4
results	therefore it is	8	7	10.1038/s41467-024-50893-x;10.1038/s41467-022-31853-9;10.1038/s41467-024-45944-2;10.1038/s41467-024-53965-0;10.1038/s41467-025-59515-6
methods	after backfilling with	8	1	10.1038/s41467-022-35731-2
results	it is also	8	7	10.1038/s41467-024-45945-1;10.1038/s41467-018-04986-z;10.1038/s41467-019-13951-3;10.1038/s41467-021-20970-6;10.1038/s41467-023-43340-w
results	these findings suggest	8	7	10.1038/s41377-025-01867-1;10.1038/s41467-024-50634-0;10.1038/s41467-025-57304-9;10.1038/s41467-025-58471-5;10.1038/s41467-026-69198-2
introduction	in particular the	8	8	10.1038/s41377-024-01601-3;10.1038/s41467-021-25955-z;10.1038/s41467-023-43408-7;10.1038/s41467-024-45945-1;10.1038/s41467-024-49751-7
results	in this work	8	8	10.1038/s41377-025-01740-1;10.1038/s41467-023-41868-5;10.1038/s41467-024-45945-1;10.1038/s41467-024-50508-5;10.1038/s41467-024-55376-7
results	these observations suggest	8	8	10.1038/s41467-018-06425-5;10.1038/s41467-019-09737-2;10.1038/s41467-024-55812-8;10.1038/s41467-025-58471-5;10.1038/s41467-025-64596-4
results	we observed that	8	8	10.1038/s41377-026-02237-1;10.1038/s41467-022-31478-y;10.1038/s41467-024-44894-z;10.1038/s41467-024-50432-8;10.1038/s41467-025-57200-2
results	the current density	8	8	10.1038/s41377-020-0328-6;10.1038/s41467-020-17633-3;10.1038/s41467-023-43472-z;10.1038/s41467-024-46243-6;10.1038/s41467-025-56557-8
abstract	here we introduce	8	8	10.1038/s41377-024-01727-4;10.1038/s41467-021-27652-3;10.1038/s41467-024-45945-1;10.1038/s41467-025-59515-6;10.1038/s41467-026-74198-3
results	in contrast for	8	8	10.1038/s41467-019-12558-y;10.1038/s41467-020-14756-5;10.1038/s41467-024-50893-x;10.1038/s41467-024-55376-7;10.1038/s41467-025-65871-0
results	we observe that	8	8	10.1038/s41467-021-22864-z;10.1038/s41467-024-49791-z;10.1038/s41467-024-49838-1;10.1038/s41467-025-57304-9;10.1038/s41467-025-61511-9
methods	xps measurements were	8	8	10.1038/s41377-025-01867-1;10.1038/s41467-018-05760-x;10.1038/s41467-019-13437-2;10.1038/s41467-021-22864-z;10.1038/s41467-024-45945-1
results	this reduction in	8	7	10.1038/s41467-026-72625-z;10.1038/s41467-024-54160-x;10.1038/s41467-025-64546-0;10.1038/s41467-026-69198-2;10.1038/s41467-026-69200-x
results	in terms of	8	8	10.1038/s41377-022-01036-8;10.1038/s41377-025-01740-1;10.1038/s41467-021-27652-3;10.1038/s41467-022-31853-9;10.1038/s41467-024-55376-7
results	we notice that	8	6	10.1038/s41467-022-29812-5;10.1038/s41467-018-03049-7;10.1038/s41467-020-20582-6;10.1038/s41467-025-57200-2;10.1038/s41467-026-75756-5
methods	the brillouin zone	8	7	10.1038/s41467-021-22864-z;10.1038/s41467-021-21522-8;10.1038/s41467-023-41929-9;10.1038/s41467-025-59515-6;10.1038/s41467-025-66421-4
methods	the binding energy	8	8	10.1038/s41377-024-01704-x;10.1038/s41377-025-01768-3;10.1038/s41377-026-02237-1;10.1038/s41467-020-17633-3;10.1038/s41467-024-55619-7
methods	the system was	8	7	10.1038/s41467-018-06294-y;10.1038/s41467-019-08561-y;10.1038/s41467-019-09737-2;10.1038/s41467-025-56815-9;10.1038/s41467-025-62345-1
results	to confirm the	8	8	10.1038/s41467-020-15481-9;10.1038/s41467-021-24931-x;10.1038/s41467-023-35954-x;10.1038/s41467-023-43472-z;10.1038/s41467-024-50508-5
results	figure 2c shows	8	8	10.1038/s41467-020-16652-4;10.1038/s41467-020-16865-7;10.1038/s41467-022-31853-9;10.1038/s41467-023-35954-x;10.1038/s41467-023-38216-y
results	the device performance	8	8	10.1038/s41467-019-08561-y;10.1038/s41467-020-17633-3;10.1038/s41467-023-36118-7;10.1038/s41467-024-50508-5;10.1038/s41467-024-55376-7
results	the fact that	7	5	10.1038/s41467-020-15944-z;10.1038/s41467-020-16560-7;10.1038/s41467-017-01379-6;10.1038/s41467-021-21522-8;10.1038/s41467-024-52208-6
methods	atomic force microscope	7	7	10.1038/s41467-022-29702-w;10.1038/s41467-023-41868-5;10.1038/s41467-024-50022-8;10.1038/s41467-024-55376-7;10.1038/s41467-025-56068-6
results	the conductivity of	7	6	10.1038/s41467-022-32010-y;10.1038/s41377-026-02356-9;10.1038/s41467-024-54160-x;10.1038/s41467-025-64111-9;10.1038/s41467-025-64596-4
introduction	here we present	7	7	10.1038/s41467-018-06425-5;10.1038/s41467-020-16865-7;10.1038/s41467-021-24931-x;10.1038/s41467-022-29538-4;10.1038/s41467-024-55812-8
results	the perovskite films	7	5	10.1038/s41467-026-72733-w;10.1038/s41467-026-73911-6;10.1038/s41467-018-02978-7;10.1038/s41467-024-51760-5;10.1038/s41467-026-71301-6
results	to better understand	7	7	10.1038/s41467-019-13909-5;10.1038/s41467-020-16855-9;10.1038/s41467-023-39531-0;10.1038/s41467-023-41929-9;10.1038/s41467-025-63684-9
methods	the performance of	7	7	10.1038/s41377-024-01601-3;10.1038/s41467-019-09794-7;10.1038/s41467-020-20555-9;10.1038/s41467-025-61085-6;10.1038/s41467-026-68315-5
results	the use of	7	7	10.1038/s41467-022-29538-4;10.1038/s41467-022-31189-4;10.1038/s41467-023-43340-w;10.1038/s41467-024-47891-4;10.1038/s41467-026-74151-4
methods	we note that	7	6	10.1038/s41467-021-22864-z;10.1038/s41377-020-0328-6;10.1038/s41467-020-16560-7;10.1038/s41467-025-56557-8;10.1038/s41467-025-57746-1
results	however due to	7	7	10.1038/s41467-020-15481-9;10.1038/s41467-024-47891-4;10.1038/s41467-024-49791-z;10.1038/s41467-024-52521-0;10.1038/s41467-024-55619-7
methods	after cooling down	7	7	10.1038/s41467-018-05760-x;10.1038/s41467-020-20582-6;10.1038/s41467-021-20970-6;10.1038/s41467-024-46243-6;10.1038/s41467-024-51760-5
results	details of the	7	5	10.1038/s41467-021-22864-z;10.1038/s41467-023-41868-5;10.1038/s41467-020-20433-4;10.1038/s41467-025-63684-9;10.1038/s41928-024-01205-0
results	in addition it	7	7	10.1038/s41467-019-13909-5;10.1038/s41467-021-27652-3;10.1038/s41467-023-36773-w;10.1038/s41467-024-52208-6;10.1038/s41467-025-56068-6
results	the stability of	7	7	10.1038/s41467-018-05909-8;10.1038/s41467-019-13437-2;10.1038/s41467-021-20970-6;10.1038/s41467-024-50508-5;10.1038/s41467-024-50893-x
results	the electroluminescence el	7	7	10.1038/s41377-024-01704-x;10.1038/s41377-025-01817-x;10.1038/s41377-025-01867-1;10.1038/s41467-018-07383-8;10.1038/s41467-020-20433-4
results	the reduction in	7	6	10.1038/s41467-025-61085-6;10.1038/s41467-022-31478-y;10.1038/s41467-023-40150-y;10.1038/s41467-025-57304-9;10.1038/s41467-025-64596-4
discussion	as shown in	7	5	10.1038/s41467-020-14747-6;10.1038/s41377-025-01867-1;10.1038/s41467-022-29702-w;10.1038/s41467-023-40194-0;10.1038/s41467-025-58047-3
methods	xrd measurements were	7	7	10.1038/s41467-018-02978-7;10.1038/s41467-018-06425-5;10.1038/s41467-020-20433-4;10.1038/s41467-021-24616-5;10.1038/s41467-022-32010-y
introduction	we find that	7	7	10.1038/s41467-018-02978-7;10.1038/s41467-018-03049-7;10.1038/s41467-018-05760-x;10.1038/s41467-020-14747-6;10.1038/s41467-024-49751-7
methods	device fabrication and	7	7	10.1038/s41467-019-08749-2;10.1038/s41467-019-13909-5;10.1038/s41467-022-31853-9;10.1038/s41467-023-38216-y;10.1038/s41467-025-56815-9
methods	the work function	7	7	10.1038/s41467-018-02978-7;10.1038/s41467-018-07099-9;10.1038/s41467-022-29702-w;10.1038/s41467-022-32010-y;10.1038/s41467-026-69200-x
results	this is also	7	7	10.1038/s41467-020-14747-6;10.1038/s41467-020-16855-9;10.1038/s41467-024-49751-7;10.1038/s41467-024-53221-5;10.1038/s41467-025-65135-x
results	to confirm this	7	7	10.1038/s41467-018-02978-7;10.1038/s41467-018-07099-9;10.1038/s41467-020-20555-9;10.1038/s41467-023-39488-0;10.1038/s41467-024-49751-7
introduction	over the past	7	7	10.1038/s41377-026-02356-9;10.1038/s41467-024-47891-4;10.1038/s41467-024-55376-7;10.1038/s41467-025-57304-9;10.1038/s41467-026-73911-6
results	the perovskite film	7	4	10.1038/s41467-018-07099-9;10.1038/s41467-025-56001-x;10.1038/s41467-026-71301-6;10.1038/s41467-025-66421-4
methods	lead iodide pbi2	7	7	10.1038/s41467-019-13437-2;10.1038/s41467-024-50022-8;10.1038/s41467-025-63389-z;10.1038/s41467-025-63684-9;10.1038/s41467-025-64111-9
results	as demonstrated in	7	6	10.1038/s43246-026-01177-y;10.1038/s41377-026-02356-9;10.1038/s41467-022-32010-y;10.1038/s41467-023-40150-y;10.1038/s41467-024-47184-w
results	the difference in	7	7	10.1038/s41467-019-08749-2;10.1038/s41467-020-14747-6;10.1038/s41467-024-45944-2;10.1038/s41467-024-55812-8;10.1038/s41467-025-59527-2
methods	the device was	7	7	10.1038/s41467-022-31189-4;10.1038/s41467-023-38216-y;10.1038/s41467-023-40194-0;10.1038/s41467-023-43340-w;10.1038/s41467-025-56068-6
results	figure 2e shows	7	7	10.1038/s41377-025-01835-9;10.1038/s41467-021-24616-5;10.1038/s41467-023-40194-0;10.1038/s41467-025-64111-9;10.1038/s41563-025-02123-y
methods	as for the	7	4	10.1038/s41467-024-46243-6;10.1038/s41377-026-02237-1;10.1038/s41467-024-51760-5;10.1038/s41467-025-56815-9
results	the influence of	7	7	10.1038/s41377-025-01867-1;10.1038/s41377-025-01959-y;10.1038/s41377-026-02356-9;10.1038/s41467-024-55376-7;10.1038/s41467-025-59515-6
results	transmission electron microscopy	7	7	10.1038/s41377-024-01727-4;10.1038/s41377-026-02247-z;10.1038/s41467-023-39531-0;10.1038/s41467-024-49751-7;10.1038/s41467-025-57304-9
methods	scanning electron microscopy	7	7	10.1038/s41467-020-14747-6;10.1038/s41467-020-16652-4;10.1038/s41467-024-55376-7;10.1038/s41467-025-64696-1;10.1038/s41467-026-72115-2
results	to further demonstrate	7	7	10.1038/s41467-018-05760-x;10.1038/s41467-020-20433-4;10.1038/s41467-023-40150-y;10.1038/s41467-023-41041-y;10.1038/s41467-025-65871-0
results	the comparison of	7	7	10.1038/s41467-018-04986-z;10.1038/s41467-020-15481-9;10.1038/s41467-020-17633-3;10.1038/s41467-022-31189-4;10.1038/s41467-025-59527-2
results	figure 4d shows	7	7	10.1038/s41467-021-22864-z;10.1038/s41467-023-36118-7;10.1038/s41467-023-36773-w;10.1038/s41467-024-49574-6;10.1038/s41928-024-01205-0
results	in summary the	7	6	10.1038/s41467-022-31853-9;10.1038/s41467-020-14756-5;10.1038/s41467-024-50022-8;10.1038/s41467-024-55376-7;10.1038/s41467-026-73298-4
results	figure 2d shows	7	7	10.1038/s41467-021-20970-6;10.1038/s41467-021-24762-w;10.1038/s41467-023-41868-5;10.1038/s41467-024-49574-6;10.1038/s41566-024-01458-3
results	time-resolved photoluminescence trpl	7	7	10.1038/s41377-026-02237-1;10.1038/s41467-018-07099-9;10.1038/s41467-023-40150-y;10.1038/s41467-024-50022-8;10.1038/s41467-025-63684-9
results	all these results	7	7	10.1038/s41467-019-13909-5;10.1038/s41467-020-14756-5;10.1038/s41467-021-24931-x;10.1038/s41467-024-50634-0;10.1038/s41467-024-50893-x
results	given that the	7	7	10.1038/s41377-025-01740-1;10.1038/s41377-026-02356-9;10.1038/s41467-017-01379-6;10.1038/s41467-020-15944-z;10.1038/s41467-020-16652-4
methods	xps and ups	7	7	10.1038/s41467-018-07099-9;10.1038/s41467-021-21522-8;10.1038/s41467-023-40150-y;10.1038/s41467-025-56068-6;10.1038/s41467-025-61085-6
methods	to prevent solidification	7	3	10.1038/s41467-026-73298-4;10.1038/s41467-022-31189-4;10.1038/s41467-024-50432-8
methods	then the solution	7	5	10.1038/s41467-020-14756-5;10.1038/s41377-022-00855-z;10.1038/s41377-026-02246-0;10.1038/s41467-021-20970-6;10.1038/s41467-023-35954-x
introduction	in this article	7	7	10.1038/s41467-018-02978-7;10.1038/s41467-025-61511-9;10.1038/s41467-025-67347-7;10.1038/s41467-026-69200-x;10.1038/s41928-024-01151-x
methods	the pump beam	7	7	10.1038/s41467-019-12558-y;10.1038/s41467-019-13951-3;10.1038/s41467-023-41929-9;10.1038/s41467-024-50432-8;10.1038/s41467-026-69198-2
results	we propose that	7	6	10.1038/s41467-024-49751-7;10.1038/s41467-018-05909-8;10.1038/s41467-020-15944-z;10.1038/s41467-021-22864-z;10.1038/s41467-026-68315-5
results	at a sub-bandgap	7	2	10.1038/s41467-024-52521-0;10.1038/s41467-022-28037-w
results	consequently we have	7	4	10.1038/s41377-026-02246-0;10.1038/s41467-026-71292-4;10.1038/s41377-024-01601-3;10.1038/s41467-025-65695-y
introduction	for instance the	7	7	10.1038/s41467-020-16659-x;10.1038/s41467-024-46243-6;10.1038/s41467-024-51760-5;10.1038/s41467-025-56068-6;10.1038/s41467-025-57304-9
results	this may be	7	7	10.1038/s41377-025-01959-y;10.1038/s41377-026-02356-9;10.1038/s41467-018-05909-8;10.1038/s41467-022-29538-4;10.1038/s41467-023-36773-w
results	in the absence	7	5	10.1038/s43246-026-01136-7;10.1038/s41467-021-21522-8;10.1038/s41467-024-52401-7;10.1038/s41467-025-63653-2;qdp_2013_auger-control-carrier-kinetics
methods	zno nanoparticles were	7	5	10.1038/s41467-025-56557-8;qdp_2013_auger-control-carrier-kinetics;10.1038/s41467-018-04986-z;10.1038/s41467-019-08749-2;10.1038/s41467-020-15481-9
results	it is seen	7	4	10.1038/s41467-025-59515-6;10.1038/s41467-024-49838-1;10.1038/s41467-024-55619-7;10.1038/s41467-025-63389-z
methods	the generalized gradient	7	7	10.1038/s41377-025-01768-3;10.1038/s41467-020-17633-3;10.1038/s41467-024-45945-1;10.1038/s41467-025-59515-6;10.1038/s41467-026-69198-2
results	these results further	7	7	10.1038/s41377-025-01867-1;10.1038/s41467-018-05760-x;10.1038/s41467-019-09737-2;10.1038/s41467-021-24931-x;10.1038/s41467-024-45945-1
results	this is attributed	7	7	10.1038/s41467-020-18006-6;10.1038/s41467-024-54160-x;10.1038/s41467-024-55376-7;10.1038/s41467-025-57200-2;10.1038/s41467-025-58047-3
discussion	this work provides	7	7	10.1038/s41377-025-01740-1;10.1038/s41467-018-05760-x;10.1038/s41467-020-18006-6;10.1038/s41467-025-56001-x;10.1038/s41467-025-62345-1
discussion	in addition the	7	7	10.1038/s41377-025-01959-y;10.1038/s41377-026-02356-9;10.1038/s41467-023-41929-9;10.1038/s41467-025-56001-x;10.1038/s41467-025-58047-3
results	it is interesting	7	4	10.1038/s41467-018-06425-5;10.1038/s41467-020-14756-5;10.1038/s41467-023-41929-9;10.1038/s41586-024-07149-x
methods	all measurements were	7	6	10.1038/s41467-026-73911-6;10.1038/s41467-017-01379-6;10.1038/s41467-022-29702-w;10.1038/s41467-024-55376-7;10.1038/s41467-024-55619-7
results	we measured the	7	7	10.1038/s41377-022-01036-8;10.1038/s41377-026-02247-z;10.1038/s41467-018-05909-8;10.1038/s41467-023-43408-7;10.1038/s41467-024-55653-5
results	the concentration of	7	6	10.1038/s41467-018-06425-5;10.1038/s41467-020-20433-4;10.1038/s41467-024-55653-5;10.1038/s41467-025-59515-6;10.1038/s41467-025-66421-4
results	the energy levels	7	7	10.1038/s41377-024-01727-4;10.1038/s41377-026-02247-z;10.1038/s41467-019-13951-3;10.1038/s41467-021-24616-5;10.1038/s41467-024-50022-8
introduction	we show that	7	7	10.1038/s41377-025-01987-8;10.1038/s41467-020-20582-6;10.1038/s41467-021-22864-z;10.1038/s41467-021-24762-w;10.1038/s41467-023-41041-y
results	we can see	7	3	10.1038/s41467-025-67347-7;10.1038/s43246-026-01177-y;10.1038/s41563-025-02123-y
methods	perovskite films were	7	6	10.1038/s41467-024-54160-x;10.1038/s41377-024-01500-7;10.1038/s41467-018-06425-5;10.1038/s41467-018-07383-8;10.1038/s41467-021-24616-5
results	on the one	7	7	10.1038/s41377-025-01817-x;10.1038/s41377-025-01867-1;10.1038/s41377-025-01972-1;10.1038/s41467-018-06294-y;10.1038/s41467-024-53221-5
methods	the absorption spectra	7	7	10.1038/s41377-022-00855-z;10.1038/s41467-020-14756-5;10.1038/s41467-020-15944-z;10.1038/s41467-022-35731-2;10.1038/s41467-023-41929-9
results	in contrast in	7	6	10.1038/s41467-018-05909-8;10.1038/s41467-023-38216-y;10.1038/s41467-024-50432-8;10.1038/s41467-024-55812-8;10.1038/s41467-025-61511-9
methods	the light intensity	7	7	10.1038/s41467-018-05760-x;10.1038/s41467-019-13437-2;10.1038/s41467-022-29702-w;10.1038/s41467-024-51760-5;10.1038/s41467-024-55376-7
results	the variation in	7	7	10.1038/s41377-024-01601-3;10.1038/s41467-021-21522-8;10.1038/s41467-025-64546-0;10.1038/s41467-025-64596-4;10.1038/s41563-025-02123-y
results	it is noted	7	5	10.1038/s41467-024-49791-z;10.1038/s41467-024-50508-5;10.1038/s41467-023-40150-y;10.1038/s41467-025-64596-4;10.1038/s41928-026-01670-9
results	the plqy of	7	7	10.1038/s41377-022-00855-z;10.1038/s41377-025-01987-8;10.1038/s41467-018-02978-7;10.1038/s41467-022-31853-9;10.1038/s41566-024-01458-3
results	in the present	7	5	10.1038/s41467-018-05760-x;10.1038/s41377-020-0328-6;10.1038/s41467-022-31189-4;10.1038/s41467-024-46243-6;qdp_2014_carrier-multiplication-quasi-type-ii
results	depending on the	7	5	10.1038/s41467-020-16865-7;10.1038/s41467-023-39488-0;10.1038/s41467-019-09737-2;10.1038/s41467-021-27652-3;10.1038/s41467-025-63209-4
methods	cesium iodide csi	6	6	10.1038/s41467-019-13909-5;10.1038/s41467-021-20970-6;10.1038/s41467-024-50508-5;10.1038/s41467-024-51760-5;10.1038/s41467-025-66421-4
results	this phenomenon can	6	6	10.1038/s41467-024-55376-7;10.1038/s41467-025-57472-8;10.1038/s41467-025-58471-5;10.1038/s41467-025-67737-x;10.1038/s41467-026-72733-w
results	to test this	6	5	10.1038/s41467-020-16855-9;10.1038/s41467-019-12558-y;10.1038/s41467-025-64696-1;10.1038/s41467-026-69200-x;qdp_2016_inas-qd-size-tunable-nir-emission
methods	after that a	6	6	10.1038/s41377-024-01601-3;10.1038/s41467-018-04986-z;10.1038/s41467-020-15481-9;10.1038/s41467-023-41868-5;10.1038/s41467-025-67737-x
results	the evolution of	6	6	10.1038/s41377-025-01867-1;10.1038/s41467-023-43340-w;10.1038/s41467-024-45944-2;10.1038/s41467-026-74151-4;10.1038/s41467-026-74198-3
results	the scanning electron	6	6	10.1038/s41377-026-02231-7;10.1038/s41467-023-36118-7;10.1038/s41467-023-40150-y;10.1038/s41467-025-56001-x;10.1038/s41467-025-56557-8
methods	the x-ray photoelectron	6	6	10.1038/s41377-022-00992-5;10.1038/s41377-026-02237-1;10.1038/s41467-025-59515-6;10.1038/s41467-025-63653-2;10.1038/s41467-026-75756-5
results	there is a	6	4	10.1038/s41586-024-07149-x;10.1038/s41467-024-49838-1;10.1038/s41467-024-50432-8;10.1038/s43246-024-00576-3
introduction	to address this	6	6	10.1038/s41467-019-13909-5;10.1038/s41467-023-43472-z;10.1038/s41467-024-51760-5;10.1038/s41467-025-58047-3;10.1038/s41467-025-67347-7
methods	a layer of	6	3	10.1038/s41467-025-59515-6;10.1038/s41467-025-65871-0;10.1038/s41467-026-75756-5
results	in this regard	6	5	10.1038/s41467-020-14756-5;10.1038/s41467-020-17633-3;10.1038/s41467-021-27652-3;10.1038/s41467-022-32010-y;10.1038/s41467-024-53965-0
methods	oleic acid oa	6	6	10.1038/s41467-021-24762-w;10.1038/s41467-022-35731-2;10.1038/s41467-025-57746-1;10.1038/s41467-026-73298-4;10.1038/s41586-023-05855-6
results	for example when	6	5	10.1038/s41467-024-47891-4;10.1038/s41467-019-13951-3;10.1038/s41467-020-15944-z;10.1038/s41467-022-28037-w;10.1038/s41467-024-47184-w
methods	hrms m/z [m]+	6	1	10.1038/s41467-025-63684-9
abstract	here we propose	6	6	10.1038/s41377-024-01601-3;10.1038/s41377-026-02246-0;10.1038/s41377-026-02247-z;10.1038/s41467-020-17633-3;10.1038/s41467-022-28480-9
results	as displayed in	6	3	10.1038/s41467-025-56815-9;10.1038/s41467-024-55376-7;10.1038/s41467-026-73911-6
results	the maximum eqe	6	5	10.1038/s41467-019-08561-y;10.1038/s41377-022-00992-5;10.1038/s41467-018-05909-8;10.1038/s41467-021-24616-5;10.1038/s41467-024-49574-6
methods	the ito glass	6	5	10.1038/s41377-026-02246-0;10.1038/s41377-024-01601-3;10.1038/s41377-026-02237-1;10.1038/s41467-019-13909-5;10.1038/s41467-024-52521-0
methods	in the case	6	5	10.1038/s41467-021-22864-z;10.1038/s41467-022-31189-4;10.1038/s41467-023-38216-y;10.1038/s41467-024-53965-0;10.1038/s41467-025-61085-6
results	the target device	6	3	10.1038/s41467-026-72115-2;10.1038/s41377-026-02247-z;10.1038/s41467-024-51760-5
results	in the following	6	5	10.1038/s41467-019-08749-2;10.1038/s41377-025-01768-3;10.1038/s41467-022-35731-2;10.1038/s41467-024-55812-8;10.1038/s41467-026-69198-2
methods	the number of	6	3	10.1038/s41467-022-35731-2;10.1038/s41467-020-14756-5;10.1038/s41563-025-02123-y
results	according to eq.	6	3	10.1038/s41377-026-02356-9;10.1038/s41467-020-20555-9;10.1038/s43246-020-00084-0
results	time-resolved pl trpl	6	6	10.1038/s41377-025-01768-3;10.1038/s41377-025-01987-8;10.1038/s41467-019-09794-7;10.1038/s41467-023-36118-7;10.1038/s41467-025-64546-0
discussion	in addition to	6	6	10.1038/s41377-024-01727-4;10.1038/s41377-026-02246-0;10.1038/s41467-020-14747-6;10.1038/s41467-023-39488-0;10.1038/s41467-025-65695-y
results	for instance the	6	5	10.1038/s41467-024-46243-6;10.1038/s41467-019-09794-7;10.1038/s41467-023-43408-7;10.1038/s41467-024-55376-7;10.1038/s41467-025-64696-1
results	this is further	6	6	10.1038/s41467-018-07099-9;10.1038/s41467-019-09737-2;10.1038/s41467-021-21522-8;10.1038/s41467-025-58470-6;10.1038/s41467-025-59515-6
results	to validate the	6	6	10.1038/s41377-024-01601-3;10.1038/s41467-024-47891-4;10.1038/s41467-025-59527-2;10.1038/s41467-025-65871-0;10.1038/s41928-024-01205-0
results	the structure of	6	6	10.1038/s41377-020-0328-6;10.1038/s41377-025-01972-1;10.1038/s41467-017-01379-6;10.1038/s41467-022-31189-4;10.1038/s41467-023-40746-4
methods	a mixture of	6	5	10.1038/s41467-026-70555-4;10.1038/s41467-023-43472-z;10.1038/s41467-025-57746-1;10.1038/s41467-025-59527-2;qdp_2013_auger-control-carrier-kinetics
results	we also fabricated	6	5	10.1038/s41467-020-15481-9;10.1038/s41467-024-44894-z;10.1038/s41467-024-50432-8;10.1038/s41467-025-57200-2;10.1038/s41467-025-66981-5
abstract	in this study	6	6	10.1038/s41467-018-07099-9;10.1038/s41467-020-18006-6;10.1038/s41467-022-29538-4;10.1038/s41467-023-43472-z;10.1038/s41467-024-51760-5
methods	the operational lifetime	6	6	10.1038/s41377-024-01500-7;10.1038/s41467-022-29812-5;10.1038/s41467-023-43408-7;10.1038/s41467-025-58471-5;10.1038/s41467-025-61085-6
methods	the cut-off energy	6	6	10.1038/s41377-024-01704-x;10.1038/s41377-026-02237-1;10.1038/s41377-026-02246-0;10.1038/s41467-024-45945-1;10.1038/s41467-025-66981-5
methods	the light source	6	4	10.1038/s41467-025-64111-9;10.1038/s41467-026-69198-2;10.1038/s41467-018-05760-x;10.1038/s41467-025-64596-4
results	on the condition	6	1	10.1038/s41467-025-63653-2
results	in general the	6	6	10.1038/s41467-019-09794-7;10.1038/s41467-021-20970-6;10.1038/s41467-022-28480-9;10.1038/s41467-024-50634-0;10.1038/s41467-025-63389-z
results	at this stage	6	3	10.1038/s41467-024-52521-0;10.1038/s41467-020-14747-6;10.1038/s43246-026-01177-y
results	we also observed	6	5	10.1038/s41467-018-05909-8;10.1038/s41467-021-21522-8;10.1038/s41467-025-56557-8;10.1038/s41467-026-72115-2;10.1038/s41928-024-01205-0
results	to identify the	6	6	10.1038/s41377-025-01817-x;10.1038/s41377-026-02247-z;10.1038/s41467-018-05909-8;10.1038/s41467-024-55376-7;10.1038/s41467-025-59527-2
results	this is a	6	6	10.1038/s41467-019-08561-y;10.1038/s41467-023-43472-z;10.1038/s41563-024-01812-4;10.1038/s41586-023-05855-6;qdp_2012_lifetime-blinking-nonblinking-qd
results	therefore we can	6	6	10.1038/s41377-022-00992-5;10.1038/s41467-019-08749-2;10.1038/s41467-020-14747-6;10.1038/s41467-023-43408-7;10.1038/s41467-025-56815-9
results	fourier transform infrared	6	6	10.1038/s41377-022-01036-8;10.1038/s41377-025-01867-1;10.1038/s41377-026-02237-1;10.1038/s41467-024-47184-w;10.1038/s41467-024-55653-5
abstract	colloidal quantum dots	6	6	10.1038/s41377-025-01972-1;10.1038/s41467-018-06294-y;10.1038/s41467-020-14756-5;10.1038/s41467-022-31189-4;10.1038/s41467-023-39531-0
results	figure 5a shows	6	6	10.1038/s41467-018-07383-8;10.1038/s41467-019-08561-y;10.1038/s41467-019-13951-3;10.1038/s41467-023-41868-5;10.1038/s41467-023-43340-w
methods	the j-v characteristics	6	6	10.1038/s41377-025-01835-9;10.1038/s41467-018-07099-9;10.1038/s41467-024-55376-7;10.1038/s41467-025-56068-6;10.1038/s41467-025-58047-3
methods	after cooling to	6	6	10.1038/s41467-023-41929-9;10.1038/s41467-024-47184-w;10.1038/s41467-025-59515-6;10.1038/s41467-025-62345-1;10.1038/s41467-025-66421-4
results	in addition a	6	6	10.1038/s41467-018-02978-7;10.1038/s41467-018-06425-5;10.1038/s41467-023-43472-z;10.1038/s41467-024-49751-7;10.1038/s41467-025-64111-9
introduction	quantum dot light-emitting	6	6	10.1038/s41377-022-00855-z;10.1038/s41377-025-02000-y;10.1038/s41467-018-04986-z;10.1038/s41467-025-57304-9;10.1038/s41467-025-59527-2
results	in fig. 3a	6	6	10.1038/s41377-022-00992-5;10.1038/s41467-019-08749-2;10.1038/s41467-022-31853-9;10.1038/s41467-024-52401-7;10.1038/s41467-024-53965-0
methods	nmr spectra were	6	6	10.1038/s41467-023-36118-7;10.1038/s41467-024-55653-5;10.1038/s41467-025-63684-9;10.1038/s41467-026-69198-2;10.1038/s41467-026-71301-6
results	it is important	6	6	10.1038/s41467-018-06425-5;10.1038/s41467-022-31478-y;10.1038/s41467-023-41041-y;10.1038/s41467-024-52521-0;10.1038/s41467-024-55812-8
results	the control device	6	5	10.1038/s41467-020-14747-6;10.1038/s41467-018-07099-9;10.1038/s41467-024-51760-5;10.1038/s41467-024-55653-5;10.1038/s41467-025-59515-6
results	from the above	6	4	10.1038/s41467-020-17633-3;10.1038/s41377-022-00992-5;10.1038/s41377-026-02247-z;10.1038/s41467-020-16865-7
methods	then the mixture	6	6	10.1038/s41377-026-02246-0;10.1038/s41467-024-47184-w;10.1038/s41467-024-50432-8;10.1038/s41467-024-55619-7;10.1038/s41467-025-63684-9
results	to validate this	6	6	10.1038/s41467-025-56987-4;10.1038/s41467-025-57746-1;10.1038/s41467-025-64111-9;10.1038/s41467-025-65695-y;10.1038/s41467-025-65871-0
results	to investigate this	6	5	10.1038/s41467-026-69198-2;10.1038/s41467-021-22864-z;10.1038/s41467-024-53221-5;10.1038/s41467-025-64696-1;10.1038/s41928-024-01205-0
results	thus it can	6	3	10.1038/s43246-024-00645-7;10.1038/s41467-021-24931-x;10.1038/s41467-026-73911-6
results	the value of	6	5	10.1038/s41467-024-55653-5;10.1038/s41377-024-01601-3;10.1038/s41377-026-02356-9;10.1038/s41586-023-05855-6;qdp_2014_carrier-multiplication-quasi-type-ii
introduction	one of the	6	6	10.1038/s41377-024-01727-4;10.1038/s41377-025-01740-1;10.1038/s41467-019-08561-y;10.1038/s41467-022-31853-9;10.1038/s41467-024-53965-0
methods	the precursor solutions	6	6	10.1038/s41467-018-06425-5;10.1038/s41467-019-09794-7;10.1038/s41467-020-20582-6;10.1038/s41467-023-40150-y;10.1038/s41467-025-61085-6
methods	for the calculation	6	5	10.1038/s41586-024-07149-x;10.1038/s41377-020-0328-6;10.1038/s41467-020-20582-6;10.1038/s41467-021-20970-6;10.1038/s41467-024-45945-1
abstract	this work provides	6	6	10.1038/s41467-019-13909-5;10.1038/s41467-020-14747-6;10.1038/s41467-025-56001-x;10.1038/s41467-025-58470-6;10.1038/s41467-025-63653-2
results	the el peak	6	6	10.1038/s41377-025-01740-1;10.1038/s41467-018-02978-7;10.1038/s41467-018-06425-5;10.1038/s41467-022-31853-9;10.1038/s41467-023-36773-w
methods	based on the	6	6	10.1038/s41467-020-14747-6;10.1038/s41467-022-29812-5;10.1038/s41467-023-40194-0;10.1038/s41467-025-58471-5;10.1038/s41467-025-60886-z
methods	finally the devices	6	6	10.1038/s41377-022-00855-z;10.1038/s41377-025-01768-3;10.1038/s41467-018-06425-5;10.1038/s41467-023-43340-w;10.1038/s41467-024-55376-7
results	the binding energy	6	6	10.1038/s41467-020-15481-9;10.1038/s41467-021-20970-6;10.1038/s41467-025-57746-1;10.1038/s41467-025-58047-3;10.1038/s41467-025-66421-4
introduction	in contrast to	6	6	10.1038/s41467-019-12558-y;10.1038/s41467-022-29702-w;10.1038/s41467-022-32010-y;10.1038/s41467-023-40194-0;10.1038/s43246-024-00576-3
results	the absorption spectra	6	5	10.1038/s41467-025-56557-8;10.1038/s41467-019-13951-3;10.1038/s41467-020-14747-6;10.1038/s41467-025-64696-1;10.1038/s43246-026-01177-y
results	when the applied	6	5	10.1038/s41467-022-28037-w;10.1038/s41467-019-08749-2;10.1038/s41467-021-24762-w;10.1038/s41467-023-36773-w;10.1038/s43246-020-00084-0
introduction	this leads to	6	6	10.1038/s41377-024-01727-4;10.1038/s41467-018-06425-5;10.1038/s41467-024-55376-7;10.1038/s41467-025-57304-9;10.1038/s41467-025-65135-x
results	we expect that	6	6	10.1038/s41467-021-24762-w;10.1038/s41467-024-49751-7;10.1038/s41467-024-53221-5;10.1038/s41467-025-56987-4;10.1038/s41467-025-58471-5
results	the el spectrum	6	5	10.1038/s41377-026-02246-0;10.1038/s41467-020-20582-6;10.1038/s41467-021-21522-8;10.1038/s41467-023-40150-y;10.1038/s41563-024-01812-4
introduction	this results in	6	6	10.1038/s41377-024-01727-4;10.1038/s41377-025-01740-1;10.1038/s41467-018-06425-5;10.1038/s41467-025-65871-0;10.1038/s41467-026-69198-2
results	we also investigated	6	6	10.1038/s41377-024-01704-x;10.1038/s41377-025-01959-y;10.1038/s41377-026-02237-1;10.1038/s41467-022-29812-5;10.1038/s41467-024-55653-5
results	for the control	6	6	10.1038/s41377-026-02231-7;10.1038/s41467-021-21522-8;10.1038/s41467-024-50508-5;10.1038/s41467-025-57304-9;10.1038/s41467-025-65871-0
methods	the active device	6	6	10.1038/s41467-018-06425-5;10.1038/s41467-020-14747-6;10.1038/s41467-025-58471-5;10.1038/s41467-025-61085-6;10.1038/s41563-025-02123-y
results	the luminance of	6	5	10.1038/s41467-025-56001-x;10.1038/s41467-020-15481-9;10.1038/s41467-022-31853-9;10.1038/s41467-023-43340-w;10.1038/s41467-024-50634-0
results	however it is	6	6	10.1038/s41377-020-0328-6;10.1038/s41467-023-43408-7;10.1038/s41467-024-52401-7;10.1038/s41467-024-55376-7;10.1038/s41586-023-05855-6
results	the distribution of	6	5	10.1038/s41467-025-63209-4;10.1038/s41377-024-01500-7;10.1038/s41377-025-01959-y;10.1038/s41467-024-51760-5;10.1038/s41467-026-71949-0
methods	the fabrication process	6	6	10.1038/s41467-022-31853-9;10.1038/s41467-023-41868-5;10.1038/s41467-024-52521-0;10.1038/s41467-025-59527-2;10.1038/s41467-025-67347-7
methods	the projector augmented	6	6	10.1038/s41377-022-00992-5;10.1038/s41377-024-01704-x;10.1038/s41377-026-02237-1;10.1038/s41377-026-02246-0;10.1038/s41467-025-58047-3
results	the x-ray photoelectron	6	6	10.1038/s41377-022-00855-z;10.1038/s41377-026-02231-7;10.1038/s41467-020-18006-6;10.1038/s41467-022-32010-y;10.1038/s41467-024-50022-8
results	the in situ	6	3	10.1038/s41467-025-58471-5;10.1038/s41467-024-50893-x;10.1038/s41467-026-71949-0
introduction	herein we report	6	6	10.1038/s41377-025-01768-3;10.1038/s41467-018-07099-9;10.1038/s41467-024-50432-8;10.1038/s41467-025-56557-8;10.1038/s41467-025-63209-4
methods	the probe pulses	6	6	10.1038/s41467-019-09794-7;10.1038/s41467-025-61511-9;10.1038/s41467-026-71292-4;10.1038/s41467-026-73911-6;10.1038/s41566-024-01458-3
results	the pl peak	6	5	10.1038/s43246-026-01136-7;10.1038/s41467-018-06425-5;10.1038/s41467-019-13951-3;10.1038/s41467-024-50022-8;10.1038/s43246-026-01177-y
results	the decrease of	6	5	10.1038/s43246-021-00203-5;10.1038/s41377-025-01959-y;10.1038/s41467-020-15944-z;10.1038/s41467-024-53221-5;10.1038/s41563-025-02123-y
methods	all devices were	6	6	10.1038/s41377-022-00855-z;10.1038/s41467-019-08749-2;10.1038/s41467-020-14756-5;10.1038/s41467-022-31478-y;10.1038/s41467-025-58470-6
results	the tem images	6	5	10.1038/s43246-026-01136-7;10.1038/s41377-022-00855-z;10.1038/s41467-021-27652-3;10.1038/s41467-025-63653-2;10.1038/s41467-025-67347-7
results	it is clear	6	3	10.1038/s41467-018-05760-x;10.1038/s41467-019-09794-7;10.1038/s41467-021-22864-z
methods	then the samples	6	6	10.1038/s41467-018-07383-8;10.1038/s41467-020-16659-x;10.1038/s41467-022-28037-w;10.1038/s41467-025-58047-3;10.1038/s41467-026-71292-4
results	as summarized in	6	5	10.1038/s41467-022-29702-w;10.1038/s41467-021-24616-5;10.1038/s41467-023-35954-x;10.1038/s41467-024-55376-7;10.1038/s41467-026-74198-3
methods	synthesis of znmgo	6	6	10.1038/s41377-025-02000-y;10.1038/s41467-023-35954-x;10.1038/s41467-024-44894-z;10.1038/s41467-025-62345-1;10.1038/s41467-025-65871-0
results	the turn-on voltage	6	6	10.1038/s41377-022-00992-5;10.1038/s41467-021-24762-w;10.1038/s41467-023-36118-7;10.1038/s41467-024-50508-5;10.1038/s41467-025-65135-x
results	figure 3b shows	6	6	10.1038/s41467-021-24616-5;10.1038/s41467-022-28480-9;10.1038/s41467-023-36773-w;10.1038/s41467-023-38216-y;10.1038/s41467-024-46243-6
results	we anticipate that	6	4	10.1038/s41467-025-57472-8;10.1038/s41467-018-06425-5;10.1038/s41467-021-22864-z;10.1038/s41467-026-75756-5
results	the photoluminescence pl	6	6	10.1038/s41377-025-01972-1;10.1038/s41467-018-02978-7;10.1038/s41467-023-36118-7;10.1038/s41467-023-39488-0;10.1038/s41467-025-56557-8
results	the incorporation of	6	6	10.1038/s41467-024-51760-5;10.1038/s41467-025-61085-6;10.1038/s41467-025-64546-0;10.1038/s41467-026-71301-6;10.1038/s41563-025-02123-y
methods	prior to use	6	6	10.1038/s41467-018-04986-z;10.1038/s41467-019-13951-3;10.1038/s41467-020-15481-9;10.1038/s41467-022-35731-2;10.1038/s41467-025-56068-6
results	we observed a	6	5	10.1038/s41377-024-01704-x;10.1038/s41467-021-25955-z;10.1038/s41467-023-36773-w;10.1038/s43246-026-01177-y;qdp_2016_inas-qd-size-tunable-nir-emission
results	the current density-voltage-luminance	6	6	10.1038/s41377-025-01740-1;10.1038/s41377-025-01817-x;10.1038/s41467-024-52401-7;10.1038/s41467-025-56001-x;10.1038/s41467-025-57304-9
results	it is apparent	6	2	10.1038/s41467-018-05760-x;10.1038/s41467-021-22864-z
methods	giwaxs measurements were	6	6	10.1038/s41467-025-61085-6;10.1038/s41467-025-64111-9;10.1038/s41467-025-65871-0;10.1038/s41467-026-71292-4;10.1038/s41467-026-71301-6
results	to gain more	6	5	10.1038/s43246-026-01136-7;10.1038/s41467-019-08561-y;10.1038/s41467-022-29702-w;10.1038/s41467-024-51760-5;10.1038/s41467-026-74583-y
results	the absorption and	6	5	10.1038/s43246-026-01136-7;10.1038/s41377-025-01740-1;10.1038/s41467-019-13951-3;10.1038/s41467-021-24616-5;10.1038/s41467-025-64696-1
methods	the indium tin	5	5	10.1038/s41377-026-02237-1;10.1038/s41467-018-02978-7;10.1038/s41467-024-55376-7;10.1038/s41467-025-65135-x;10.1038/s41467-026-71292-4
methods	the peleds were	5	4	10.1038/s41467-024-49838-1;10.1038/s41467-020-20433-4;10.1038/s41467-023-40150-y;10.1038/s41467-026-72733-w
results	to investigate whether	5	5	10.1038/s41467-021-22864-z;10.1038/s41467-022-28037-w;10.1038/s41467-024-44894-z;10.1038/s41467-024-47891-4;10.1038/s41467-026-74583-y
results	in contrast when	5	5	10.1038/s41377-025-01867-1;10.1038/s41377-026-02246-0;10.1038/s41467-025-63684-9;10.1038/s41563-024-01812-4;10.1038/s43246-026-01136-7
results	the results indicated	5	2	10.1038/s41467-024-55653-5;10.1038/s41467-024-54160-x
methods	the qd layer	5	4	qc_2015_wearable-rgb-qled-array;10.1038/s41377-025-01959-y;10.1038/s41467-022-31853-9;10.1038/s41467-025-64696-1
introduction	however due to	5	4	10.1038/s41467-022-32010-y;10.1038/s41467-024-53221-5;10.1038/s41467-024-54160-x;10.1038/s41467-026-72625-z
introduction	in other words	5	3	10.1038/s41377-024-01601-3;10.1038/s41467-020-15944-z;10.1038/s41467-026-74151-4
results	in principle the	5	5	10.1038/s41467-017-01379-6;10.1038/s41467-019-13909-5;10.1038/s41467-022-32010-y;10.1038/s41467-025-57472-8;10.1038/s41467-025-58471-5
results	as exhibited in	5	4	10.1038/s41467-025-63389-z;10.1038/s41467-020-20555-9;10.1038/s41467-024-55376-7;10.1038/s41467-026-73911-6
introduction	in this regard	5	5	10.1038/s41467-017-01379-6;10.1038/s41467-019-13909-5;10.1038/s41467-020-16855-9;10.1038/s41467-020-17633-3;10.1038/s43246-021-00203-5
results	the variation of	5	5	10.1038/s41377-024-01601-3;10.1038/s41377-025-01740-1;10.1038/s41467-021-25955-z;10.1038/s41467-024-49574-6;10.1038/s41467-026-68315-5
results	we extracted the	5	5	10.1038/s41377-026-02237-1;10.1038/s41467-020-20555-9;10.1038/s41467-024-47184-w;10.1038/s41467-024-55619-7;10.1038/s41467-025-67347-7
discussion	this work demonstrates	5	5	10.1038/s41467-020-16865-7;10.1038/s41467-023-41929-9;10.1038/s41467-024-49574-6;10.1038/s41467-024-49838-1;10.1038/s41467-025-67737-x
methods	absorption spectra of	5	5	10.1038/s41467-021-24762-w;10.1038/s41467-022-29812-5;10.1038/s41467-022-31189-4;10.1038/s41467-022-32010-y;10.1038/s41467-025-58471-5
results	the relationship between	5	5	10.1038/s41377-024-01601-3;10.1038/s41467-022-29702-w;10.1038/s41467-024-51760-5;10.1038/s41467-025-56815-9;10.1038/s43246-024-00645-7
results	to further evaluate	5	5	10.1038/s41467-025-56068-6;10.1038/s41467-025-66981-5;10.1038/s41467-025-67347-7;10.1038/s41467-026-72625-z;10.1038/s41467-026-74583-y
results	the morphology of	5	5	10.1038/s41377-022-00855-z;10.1038/s41377-026-02184-x;10.1038/s41467-020-14747-6;10.1038/s41467-023-38216-y;10.1038/s41467-026-70555-4
methods	the spin-coating speed	5	1	10.1038/s41467-022-32010-y
results	transient absorption ta	5	5	10.1038/s41377-025-01740-1;10.1038/s41377-026-02184-x;10.1038/s41467-019-09794-7;10.1038/s41467-023-36118-7;10.1038/s41563-025-02123-y
methods	afm measurements were	5	5	10.1038/s41467-019-09794-7;10.1038/s41467-022-29702-w;10.1038/s41467-024-51760-5;10.1038/s41467-025-56557-8;10.1038/s41467-026-74583-y
results	figure 3d shows	5	5	10.1038/s41377-022-01036-8;10.1038/s41467-021-24616-5;10.1038/s41467-021-24762-w;10.1038/s41467-022-31853-9;10.1038/s41467-023-41868-5
results	we analyzed the	5	5	10.1038/s41467-023-43408-7;10.1038/s41467-024-47184-w;10.1038/s41467-025-57200-2;10.1038/s41467-025-66421-4;10.1038/s43246-026-01177-y
results	the perovskite precursor	5	5	10.1038/s41467-021-21522-8;10.1038/s41467-021-24616-5;10.1038/s41467-023-40150-y;10.1038/s41467-025-61085-6;10.1038/s41467-025-66421-4
methods	the temperature of	5	4	10.1038/s41467-024-55619-7;10.1038/s41377-024-01727-4;10.1038/s41467-020-16865-7;10.1038/s41928-024-01181-5
methods	the precursor solution	5	5	10.1038/s41467-018-05760-x;10.1038/s41467-018-05909-8;10.1038/s41467-025-56557-8;10.1038/s41467-025-58470-6;10.1038/s41467-026-71292-4
results	as the applied	5	5	10.1038/s41467-022-28037-w;10.1038/s41467-023-40150-y;10.1038/s41467-024-44894-z;10.1038/s41467-025-57304-9;10.1038/s41467-026-74583-y
results	this in turn	5	5	10.1038/s41467-018-07383-8;10.1038/s41467-022-31189-4;10.1038/s41467-024-49791-z;10.1038/s41467-026-71949-0;10.1038/s43246-026-01136-7
methods	the current density-voltage-luminance	5	5	10.1038/s41377-025-01867-1;10.1038/s41467-024-52401-7;10.1038/s41467-025-58471-5;10.1038/s41467-025-67737-x;10.1038/s41467-026-72733-w
methods	the xrd patterns	5	5	10.1038/s41467-020-20555-9;10.1038/s41467-021-27652-3;10.1038/s41467-025-56001-x;10.1038/s41467-026-71292-4;10.1038/s41467-026-73911-6
introduction	benefiting from the	5	5	10.1038/s41377-024-01500-7;10.1038/s41377-025-01835-9;10.1038/s41467-023-40150-y;10.1038/s41467-025-56001-x;10.1038/s41586-024-07360-w
introduction	for example a	5	5	10.1038/s41377-022-01036-8;10.1038/s41377-024-01500-7;10.1038/s41467-019-13909-5;10.1038/s41467-020-17633-3;10.1038/s41467-022-35731-2
methods	the flask was	5	4	10.1038/s41467-024-55619-7;10.1038/s41467-025-57746-1;10.1038/s41467-025-63684-9;qdp_2014_carrier-multiplication-quasi-type-ii
results	this trend is	5	5	10.1038/s41467-020-16560-7;10.1038/s41467-022-29702-w;10.1038/s41467-026-69198-2;10.1038/s42005-021-00742-w;qdp_2013_auger-control-carrier-kinetics
results	these results show	5	5	10.1038/s41467-018-05909-8;10.1038/s41467-025-56987-4;10.1038/s41467-025-64546-0;10.1038/s41928-024-01205-0;10.1038/s43246-024-00645-7
results	analysis of the	5	5	10.1038/s41467-022-29538-4;10.1038/s41467-024-49751-7;10.1038/s41467-025-58047-3;10.1038/s41467-025-62345-1;10.1038/s43246-026-01177-y
methods	the external quantum	5	5	10.1038/s41377-026-02237-1;10.1038/s41467-025-56068-6;10.1038/s41467-025-63389-z;10.1038/s41467-025-64596-4;10.1038/s41467-026-72115-2
results	for the target	5	3	10.1038/s41377-026-02247-z;10.1038/s41467-026-71292-4;10.1038/s41467-026-72115-2
methods	the red qd	5	1	10.1038/s41467-024-45944-2
methods	the power density	5	4	10.1038/s41467-020-15944-z;10.1038/s41467-023-35954-x;10.1038/s41467-025-56815-9;10.1038/s41467-025-58471-5
methods	for the fabrication	5	5	10.1038/s41467-024-50432-8;10.1038/s41467-025-58047-3;10.1038/s41563-024-01812-4;10.1038/s41566-024-01458-3;10.1038/s43246-024-00645-7
results	in addition as	5	5	10.1038/s41467-019-13909-5;10.1038/s41467-025-58047-3;10.1038/s41467-025-63653-2;10.1038/s41467-025-64696-1;10.1038/s43246-021-00203-5
methods	the qleds were	5	5	10.1038/s41377-022-00855-z;10.1038/s41467-020-14756-5;10.1038/s41467-021-25955-z;10.1038/s41467-023-35954-x;10.1038/s41467-025-57304-9
results	as shown by	5	4	10.1038/s41467-023-43340-w;10.1038/s41467-018-06425-5;10.1038/s41467-024-50893-x;10.1038/s41563-025-02123-y
results	it shows that	5	5	10.1038/s41377-022-01036-8;10.1038/s41467-023-36773-w;10.1038/s41467-025-67347-7;10.1038/s41467-026-72733-w;10.1038/s41467-026-73911-6
methods	direct synthesis of	5	1	10.1038/s41467-020-16855-9
methods	el spectra were	5	5	10.1038/s41467-022-29702-w;10.1038/s41467-022-32010-y;10.1038/s41467-026-73298-4;10.1038/s41467-026-74151-4;10.1038/s41467-026-74583-y
results	the interaction between	5	4	10.1038/s41467-020-17633-3;10.1038/s41467-024-51760-5;10.1038/s41467-025-64696-1;10.1038/s41467-026-72625-z
results	the existence of	5	4	10.1038/s43246-026-01136-7;10.1038/s41377-024-01704-x;10.1038/s41467-024-51760-5;10.1038/s41467-024-52208-6
methods	the morphology of	5	5	10.1038/s41377-022-01036-8;10.1038/s41467-018-03049-7;10.1038/s41467-018-05909-8;10.1038/s41467-021-24931-x;10.1038/s41467-026-71292-4
results	it could be	5	3	10.1038/s41467-020-17633-3;10.1038/s41467-023-41929-9;10.1038/s41467-025-59515-6
methods	the transient el	5	5	10.1038/s41377-025-01768-3;10.1038/s41467-022-28037-w;10.1038/s41467-026-74583-y;10.1038/s41566-024-01458-3;10.1038/s41928-024-01181-5
results	by varying the	5	4	10.1038/s41467-024-47891-4;10.1038/s41467-024-53221-5;10.1038/s41467-025-64546-0;qdp_2013_carrier-multiplication-qd-films
methods	at this temperature	5	5	10.1038/s41467-020-16865-7;10.1038/s41467-024-44894-z;10.1038/s41467-025-57304-9;10.1038/s41467-025-59527-2;10.1038/s41467-025-61511-9
results	the device based	5	4	10.1038/s41467-018-05760-x;10.1038/s41467-018-07099-9;10.1038/s41467-025-58470-6;10.1038/s41467-025-64111-9
results	the transient absorption	5	5	10.1038/s41377-022-00992-5;10.1038/s41467-019-12558-y;10.1038/s41467-020-16855-9;10.1038/s41467-025-61085-6;10.1038/s41566-024-01458-3
methods	film and device	5	5	10.1038/s41467-023-41929-9;10.1038/s41467-024-54160-x;10.1038/s41467-024-55376-7;10.1038/s41467-025-58470-6;10.1038/s41467-026-72625-z
methods	the xps and	5	5	10.1038/s41377-022-00855-z;10.1038/s41467-025-58047-3;10.1038/s41467-026-69198-2;10.1038/s41467-026-71292-4;10.1038/s41467-026-73911-6
results	device structure and	5	5	10.1038/s41467-018-05909-8;10.1038/s41467-019-09794-7;10.1038/s41467-020-16659-x;10.1038/s41467-026-71292-4;10.1038/s41467-026-74583-y
methods	we used a	5	4	qdp_2012_lifetime-blinking-nonblinking-qd;10.1038/s41566-024-01458-3;qdp_2013_carrier-multiplication-qd-films;qdp_2016_inas-qd-size-tunable-nir-emission
results	figure 1a illustrates	5	5	10.1038/s41377-026-02356-9;10.1038/s41467-018-07383-8;10.1038/s41467-020-16865-7;10.1038/s41467-021-20970-6;10.1038/s41467-023-43472-z
results	in this section	5	4	10.1038/s41467-023-41868-5;10.1038/s41377-025-01768-3;10.1038/s41467-022-31853-9;10.1038/s41467-025-60886-z
results	the steady-state pl	5	5	10.1038/s41467-019-13437-2;10.1038/s41467-020-17633-3;10.1038/s41467-020-20433-4;10.1038/s41467-021-21522-8;10.1038/s41467-026-72115-2
methods	pedot:pss clevios p	5	5	10.1038/s41377-025-01972-1;10.1038/s41467-019-09794-7;10.1038/s41467-021-24616-5;10.1038/s41467-024-52521-0;10.1038/s41467-025-59515-6
results	these findings are	5	4	10.1038/s41467-026-71949-0;10.1038/s41467-024-49751-7;10.1038/s41467-024-51760-5;10.1038/s41467-026-69198-2
results	we conclude that	5	5	10.1038/s41467-021-20970-6;10.1038/s41467-024-44894-z;10.1038/s41467-025-61511-9;10.1038/s41467-025-67347-7;10.1038/s41467-026-75756-5
methods	the ito substrate	5	4	10.1038/s41467-025-65871-0;10.1038/s41467-024-51760-5;10.1038/s41467-026-69198-2;10.1038/s41563-025-02123-y
methods	in situ pl	5	4	10.1038/s41467-024-53221-5;10.1038/s41467-025-58470-6;10.1038/s41467-026-68315-5;10.1038/s41467-026-75756-5
results	to gain further	5	5	10.1038/s41467-018-05909-8;10.1038/s41467-020-20582-6;10.1038/s41467-021-24616-5;10.1038/s41467-022-31478-y;10.1038/s41467-025-57200-2
introduction	in the past	5	5	10.1038/s41467-019-08561-y;10.1038/s41467-021-20970-6;10.1038/s41467-022-29538-4;10.1038/s41467-024-49838-1;10.1038/s41467-024-52521-0
results	the flat-band energy	5	5	10.1038/s41377-020-0328-6;10.1038/s41467-022-31853-9;10.1038/s41467-023-40150-y;10.1038/s41467-024-50634-0;10.1038/s41467-025-61085-6
results	this process is	5	5	10.1038/s41467-022-31853-9;10.1038/s41467-024-54160-x;10.1038/s41467-025-64596-4;10.1038/s41467-025-64696-1;10.1038/s41467-026-71949-0
results	the champion device	5	5	10.1038/s41467-019-13437-2;10.1038/s41467-021-20970-6;10.1038/s41467-023-36118-7;10.1038/s41467-026-75756-5;10.1038/s43246-021-00203-5
results	in brief the	5	4	10.1038/s41467-025-63684-9;10.1038/s41377-024-01727-4;10.1038/s41467-019-09794-7;10.1038/s41467-020-20582-6
discussion	based on the	5	5	10.1038/s41377-026-02356-9;10.1038/s41467-020-15481-9;10.1038/s41467-022-28037-w;10.1038/s41467-024-52521-0;10.1038/s41467-025-58047-3
results	moreover it is	5	5	10.1038/s41467-021-20970-6;10.1038/s41467-021-22864-z;10.1038/s41467-023-41929-9;10.1038/s41467-025-57200-2;10.1038/s41467-025-58047-3
results	consistent with the	5	5	10.1038/s41467-020-20582-6;10.1038/s41467-023-38216-y;10.1038/s41467-023-40150-y;10.1038/s41467-025-61085-6;10.1038/s41467-025-67347-7
introduction	here we show	5	5	10.1038/s41467-018-03049-7;10.1038/s41467-018-06294-y;10.1038/s41467-020-20555-9;10.1038/s41467-023-43408-7;10.1038/s41467-025-57472-8
results	the ta spectra	5	5	10.1038/s41377-022-00855-z;10.1038/s41377-024-01704-x;10.1038/s41467-018-06294-y;10.1038/s41467-025-57304-9;10.1038/s41563-024-01812-4
methods	the intensity of	5	5	10.1038/s41467-019-13951-3;10.1038/s41467-020-14747-6;10.1038/s41467-020-14756-5;10.1038/s41467-023-43408-7;10.1038/s41467-025-64111-9
introduction	based on these	5	5	10.1038/s41467-021-24931-x;10.1038/s41467-022-31189-4;10.1038/s41467-023-36773-w;10.1038/s41467-025-58470-6;qdp_2016_inas-qd-size-tunable-nir-emission
results	the pb 4f	5	5	10.1038/s41377-022-00992-5;10.1038/s41467-023-40150-y;10.1038/s41467-026-69198-2;10.1038/s41467-026-71292-4;alhtl_2017_cspbbr3-moo3-hil-peled
methods	during the measurement	5	5	10.1038/s41467-024-55376-7;10.1038/s41467-026-70555-4;10.1038/s41467-026-74583-y;10.1038/s41563-025-02123-y;qdp_2013_carrier-multiplication-qd-films
results	even though the	5	5	10.1038/s41467-018-05909-8;10.1038/s41467-019-09794-7;10.1038/s41928-024-01151-x;10.1038/s43246-021-00203-5;10.1038/s43246-026-01136-7
results	the detailed fabrication	5	5	10.1038/s41377-022-01036-8;10.1038/s41467-023-41868-5;10.1038/s41467-025-57200-2;10.1038/s41467-025-58047-3;10.1038/s41467-025-67347-7
introduction	up to now	5	5	10.1038/s41377-022-00855-z;10.1038/s41377-022-01036-8;10.1038/s41467-020-17633-3;10.1038/s41467-024-45945-1;10.1038/s41467-024-50432-8
results	such a result	5	5	10.1038/s41377-025-01817-x;10.1038/s41467-024-47891-4;10.1038/s41467-024-52521-0;10.1038/s41467-025-57472-8;10.1038/s41563-024-01812-4
results	figure 3a b	5	5	10.1038/s41377-025-02000-y;10.1038/s41377-026-02356-9;10.1038/s41467-020-16652-4;10.1038/s41467-023-35954-x;10.1038/s41467-025-57304-9
methods	transmission electron microscope	5	5	10.1038/s41377-022-00992-5;10.1038/s41467-020-14756-5;10.1038/s41467-020-15944-z;10.1038/s41467-023-38216-y;10.1038/s41467-023-41868-5
results	this suggests the	5	5	10.1038/s41377-025-01768-3;10.1038/s41467-023-40194-0;10.1038/s41467-023-41868-5;10.1038/s41467-023-41929-9;10.1038/s43246-024-00576-3
results	to further analyze	5	5	10.1038/s41377-026-02356-9;10.1038/s41467-025-65135-x;10.1038/s41467-026-69198-2;10.1038/s41467-026-71949-0;10.1038/s43246-020-00084-0
results	to further elucidate	5	4	10.1038/s41467-026-72625-z;10.1038/s41467-023-38216-y;10.1038/s41467-024-45945-1;10.1038/s41467-025-66981-5
results	the operational stability	5	5	10.1038/s41377-025-01740-1;10.1038/s41377-026-02184-x;10.1038/s41467-025-56001-x;10.1038/s41467-026-73298-4;10.1038/s41467-026-74583-y
results	as the voltage	5	5	10.1038/s41377-024-01727-4;10.1038/s41377-026-02356-9;10.1038/s41467-024-52401-7;10.1038/s41467-024-52521-0;10.1038/s41467-025-65871-0
methods	all precursor solutions	5	4	10.1038/s41467-021-25955-z;10.1038/s41467-025-62345-1;10.1038/s41467-026-74583-y;10.1038/s41467-026-75756-5
results	in stark contrast	5	5	10.1038/s41467-023-40150-y;10.1038/s41467-024-47184-w;10.1038/s41467-024-55619-7;10.1038/s41467-025-61085-6;10.1038/s41467-026-74198-3
methods	in the end	5	4	10.1038/s41377-025-01835-9;10.1038/s41467-022-28037-w;10.1038/s41467-024-52521-0;10.1038/s41467-026-72733-w
results	the peak eqe	5	5	10.1038/s41467-021-24616-5;10.1038/s41467-023-43472-z;10.1038/s41467-024-44894-z;10.1038/s41928-024-01181-5;qdp_2013_auger-control-carrier-kinetics
methods	the resulting solution	5	5	10.1038/s41467-018-05909-8;10.1038/s41467-020-16652-4;10.1038/s41467-025-59527-2;10.1038/s41467-026-69198-2;10.1038/s41467-026-73298-4
results	the effects of	5	5	10.1038/s41467-019-13909-5;10.1038/s41467-020-14756-5;10.1038/s41467-020-17633-3;10.1038/s41467-022-31478-y;10.1038/s41467-024-45945-1
results	this indicates the	5	5	10.1038/s41377-025-01867-1;10.1038/s41467-021-24762-w;10.1038/s41467-023-40194-0;10.1038/s41467-025-58471-5;10.1038/s41467-026-74151-4
results	to determine the	5	4	10.1038/s41467-025-62345-1;10.1038/s41467-019-12558-y;10.1038/s41467-025-66421-4;10.1038/s41563-024-01812-4
methods	the steady-state pl	5	5	10.1038/s41377-026-02246-0;10.1038/s41467-019-09794-7;10.1038/s41467-024-50508-5;10.1038/s41467-025-56001-x;10.1038/s41467-026-74583-y
methods	the distance between	5	4	10.1038/s41467-020-20433-4;10.1038/s41467-023-40194-0;10.1038/s41467-024-45944-2;10.1038/s41586-024-07360-w
results	the impact of	5	5	10.1038/s41377-025-01817-x;10.1038/s41467-018-07383-8;10.1038/s41467-024-55376-7;10.1038/s41928-026-01670-9;10.1038/s43246-024-00576-3
methods	all reagents were	5	5	10.1038/s41467-019-13437-2;10.1038/s41467-020-17633-3;10.1038/s41467-025-56987-4;10.1038/s41467-025-67737-x;10.1038/s41467-026-73298-4
results	the peak at	5	4	10.1038/s43246-026-01177-y;10.1038/s41377-022-00992-5;10.1038/s41467-021-21522-8;10.1038/s43246-026-01136-7
methods	the reaction temperature	5	5	10.1038/s41467-018-04986-z;10.1038/s41467-020-15481-9;10.1038/s41467-022-35731-2;10.1038/s41467-024-50432-8;qdp_2013_auger-control-carrier-kinetics
results	the pl lifetime	5	5	10.1038/s41377-020-0328-6;10.1038/s41467-018-06425-5;10.1038/s41467-024-45944-2;10.1038/s41467-024-49838-1;10.1038/s41467-025-65135-x
results	we demonstrate that	5	5	10.1038/s41467-020-14756-5;10.1038/s41467-020-20582-6;10.1038/s41467-023-41041-y;10.1038/s41467-024-49838-1;10.1038/s41928-024-01151-x
results	the maximum brightness	5	4	alhtl_2017_cspbbr3-moo3-hil-peled;10.1038/s41377-022-01036-8;10.1038/s41467-021-24931-x;10.1038/s41467-025-56001-x
results	we then measured	5	5	10.1038/s41377-026-02247-z;10.1038/s41467-020-20433-4;10.1038/s41467-024-50432-8;10.1038/s41467-024-50634-0;10.1038/s41467-025-56987-4
results	we compared the	5	4	10.1038/s41467-020-17633-3;10.1038/s41377-024-01704-x;10.1038/s41377-025-01959-y;10.1038/s41467-025-67737-x
results	meanwhile we also	5	4	10.1038/s41377-026-02246-0;10.1038/s41377-024-01601-3;10.1038/s41377-025-01959-y;10.1038/s41467-019-09794-7
methods	the calculation of	5	5	10.1038/s41467-024-49574-6;10.1038/s41467-024-50432-8;10.1038/s41467-025-58471-5;10.1038/s41467-026-72625-z;10.1038/s41586-024-07149-x
methods	the wet perovskite	5	2	10.1038/s41467-025-63389-z;10.1038/s41467-025-56068-6
methods	then the sample	5	4	10.1038/s41467-019-08561-y;10.1038/s41467-024-55619-7;10.1038/s41467-025-58047-3;10.1038/s41467-026-73911-6
results	in case of	5	3	10.1038/s41467-020-15481-9;10.1038/s41467-025-60886-z;qdp_2013_carrier-multiplication-qd-films
results	the increase of	5	5	10.1038/s41377-022-00992-5;10.1038/s41467-019-12558-y;10.1038/s41467-020-15481-9;10.1038/s41467-024-49838-1;alhtl_2017_cspbbr3-moo3-hil-peled
introduction	metal halide perovskite	5	5	10.1038/s41377-025-02019-1;10.1038/s41377-026-02184-x;10.1038/s41467-025-63209-4;10.1038/s41467-026-71292-4;10.1038/s41928-024-01181-5
methods	after 30 min	5	5	10.1038/s41467-020-14756-5;10.1038/s41467-020-16652-4;10.1038/s41467-025-61511-9;10.1038/s41467-025-64546-0;10.1038/s41467-025-64696-1
methods	the films were	5	5	10.1038/s41467-018-07099-9;10.1038/s41467-019-13437-2;10.1038/s41467-019-13909-5;10.1038/s41467-024-54160-x;10.1038/s41563-024-01812-4
results	for the case	5	4	10.1038/s41467-024-49751-7;10.1038/s41467-019-08749-2;10.1038/s41467-021-21522-8;10.1038/s42005-023-01169-1
results	however as the	5	5	10.1038/s41467-021-24616-5;10.1038/s41467-023-43472-z;10.1038/s41467-024-53221-5;10.1038/s41467-025-66421-4;qdp_2016_inas-qd-size-tunable-nir-emission
results	optical properties of	5	5	10.1038/s41467-018-05909-8;10.1038/s41467-018-06425-5;10.1038/s41467-019-09737-2;10.1038/s41467-019-09794-7;10.1038/s41467-024-55376-7
discussion	in addition we	5	4	10.1038/s41467-020-14747-6;10.1038/s41377-024-01601-3;10.1038/s41467-024-52208-6;qdp_2013_carrier-multiplication-qd-films
results	to characterize the	5	5	10.1038/s41377-024-01727-4;10.1038/s41467-018-05909-8;10.1038/s41467-021-24762-w;10.1038/s41467-024-50432-8;10.1038/s41467-024-52208-6
methods	this procedure was	5	5	10.1038/s41377-025-01972-1;10.1038/s41467-024-44894-z;10.1038/s41467-024-45944-2;10.1038/s41467-024-55619-7;10.1038/s41586-023-05855-6
results	taken together the	5	3	10.1038/s41467-021-22864-z;10.1038/s41467-018-07383-8;qdp_2012_lifetime-blinking-nonblinking-qd
results	we also found	5	5	10.1038/s41467-018-05909-8;10.1038/s41467-021-22864-z;10.1038/s41467-025-56987-4;10.1038/s41467-025-57200-2;10.1038/s41586-024-07360-w
discussion	we have demonstrated	5	5	10.1038/s41377-025-01987-8;10.1038/s41377-026-02246-0;10.1038/s41467-022-31478-y;10.1038/s41467-024-49791-z;10.1038/s41467-026-72115-2
results	the extent of	5	4	10.1038/s41467-024-55619-7;10.1038/s41377-025-01835-9;10.1038/s41467-021-25955-z;10.1038/s41467-023-39488-0
results	the above analysis	5	4	10.1038/s41467-017-01379-6;10.1038/s41467-018-06294-y;10.1038/s41467-023-36773-w;qdp_2013_auger-control-carrier-kinetics
results	the results showed	5	5	10.1038/s41377-025-02019-1;10.1038/s41467-021-24931-x;10.1038/s41467-026-72115-2;10.1038/s41467-026-73298-4;10.1038/s41467-026-73911-6
results	the histograms of	5	5	10.1038/s41467-019-13909-5;10.1038/s41467-024-44894-z;10.1038/s41467-024-50634-0;10.1038/s41467-024-55376-7;qdp_2012_lifetime-blinking-nonblinking-qd
results	sem images of	5	5	10.1038/s41467-019-08561-y;10.1038/s41467-020-16865-7;10.1038/s41467-024-49751-7;10.1038/s41467-026-73911-6;10.1038/s41467-026-74151-4
results	these results also	5	5	10.1038/s41377-025-01817-x;10.1038/s41377-026-02356-9;10.1038/s41467-020-16560-7;10.1038/s41467-025-58471-5;10.1038/s41467-025-66421-4
results	we hypothesize that	5	5	10.1038/s41467-020-16855-9;10.1038/s41467-024-49751-7;10.1038/s41467-026-69200-x;10.1038/s41467-026-70555-4;alhtl_2017_cspbbr3-moo3-hil-peled
methods	the data that	5	5	10.1038/s41467-017-01379-6;10.1038/s41467-018-02978-7;10.1038/s41467-018-03049-7;10.1038/s41467-018-04986-z;alhtl_2017_cspbbr3-moo3-hil-peled
results	according to our	5	5	10.1038/s41377-025-01867-1;10.1038/s41377-026-02356-9;10.1038/s41467-022-31189-4;10.1038/s41467-023-40746-4;10.1038/s41467-024-50432-8
results	by increasing the	5	3	10.1038/s41467-024-52521-0;10.1038/s41467-019-09737-2;10.1038/s41563-025-02123-y
results	the reduction of	5	5	10.1038/s41377-024-01704-x;10.1038/s41377-025-01959-y;10.1038/s41467-018-05909-8;10.1038/s41467-020-14756-5;10.1038/s41467-024-44894-z
results	the simulation results	5	5	10.1038/s41467-020-20555-9;10.1038/s41467-022-31478-y;10.1038/s41467-023-40194-0;10.1038/s41467-024-51760-5;10.1038/s41467-024-53965-0
results	with the addition	5	3	10.1038/s41377-026-02247-z;10.1038/s41467-019-08749-2;10.1038/s41467-018-06425-5
methods	the supernatant was	5	4	10.1038/s41377-024-01704-x;10.1038/s41467-024-53221-5;10.1038/s41467-024-55619-7;10.1038/s41467-025-57304-9
introduction	since the first	5	5	10.1038/s41377-022-01036-8;10.1038/s41467-018-07099-9;10.1038/s41467-020-17633-3;10.1038/s41467-025-56001-x;qdp_2013_auger-control-carrier-kinetics
results	we then fabricated	5	5	10.1038/s41467-020-20555-9;10.1038/s41467-025-56068-6;10.1038/s41467-025-58470-6;10.1038/s41467-025-65135-x;10.1038/s41467-026-72733-w
results	the el intensity	5	5	10.1038/s41467-018-06425-5;10.1038/s41467-021-25955-z;10.1038/s41467-022-31478-y;10.1038/s41467-024-52521-0;10.1038/s41467-025-62345-1
introduction	in the present	5	5	10.1038/s41377-025-02019-1;10.1038/s41467-018-05760-x;10.1038/s41467-024-49791-z;10.1038/s41467-025-56987-4;10.1038/s41563-025-02123-y
results	the size of	5	5	10.1038/s41467-020-16652-4;10.1038/s41467-021-24931-x;10.1038/s41467-023-41041-y;10.1038/s41467-023-41868-5;10.1038/s41467-023-43472-z
results	as such we	5	4	10.1038/s41563-025-02123-y;10.1038/s41467-019-13951-3;10.1038/s41467-021-22864-z;10.1038/s41928-024-01151-x
results	as discussed earlier	5	4	10.1038/s41467-026-74151-4;10.1038/s41467-019-13909-5;10.1038/s41467-020-16855-9;10.1038/s41467-026-69198-2
results	further increasing the	5	3	10.1038/s41377-025-01972-1;10.1038/s41467-024-52521-0;10.1038/s41377-024-01727-4
results	besides we also	5	3	10.1038/s41377-026-02246-0;10.1038/s41467-026-71292-4;10.1038/s41467-024-50508-5
results	we show the	5	3	10.1038/s41928-024-01151-x;10.1038/s41467-020-20582-6;qdp_2012_lifetime-blinking-nonblinking-qd
results	to further study	5	5	10.1038/s41377-024-01704-x;10.1038/s41467-024-45945-1;10.1038/s41467-024-49751-7;10.1038/s41467-025-56001-x;10.1038/s41467-025-59515-6
results	we calculated the	5	5	10.1038/s41377-024-01704-x;10.1038/s41377-026-02237-1;10.1038/s41467-025-63389-z;10.1038/s41467-025-64111-9;10.1038/s43246-026-01177-y
results	the pl spectra	5	5	10.1038/s41467-018-05909-8;10.1038/s41467-024-49751-7;10.1038/s41563-024-01812-4;10.1038/s41566-024-01458-3;10.1038/s43246-026-01177-y
results	to address the	5	5	10.1038/s41377-025-02019-1;10.1038/s41467-021-21522-8;10.1038/s41467-025-64111-9;10.1038/s41467-025-65871-0;qdp_2016_inas-qd-size-tunable-nir-emission
results	the performances of	4	4	10.1038/s41377-025-01835-9;10.1038/s41467-020-16865-7;10.1038/s41467-021-20970-6;10.1038/s43246-020-00084-0
methods	conversion synthesis of	4	1	10.1038/s41467-020-16855-9
results	the reason for	4	3	10.1038/s41467-022-32010-y;10.1038/s41467-025-56815-9;qdp_2013_carrier-multiplication-qd-films
methods	after the deposition	4	4	10.1038/s41377-024-01500-7;10.1038/s41467-018-04986-z;10.1038/s41467-023-36773-w;10.1038/s41467-023-40150-y
introduction	however this approach	4	4	10.1038/s41467-019-08561-y;10.1038/s41467-024-45945-1;10.1038/s41467-025-64546-0;10.1038/s41928-024-01205-0
results	there is no	4	3	10.1038/s41467-022-29702-w;10.1038/s41467-020-15481-9;10.1038/s41467-024-50022-8
results	the eqe reaches	4	2	10.1038/s41467-023-35954-x;10.1038/s41467-018-06425-5
results	figure 6a shows	4	4	10.1038/s41467-019-08561-y;10.1038/s41467-021-22864-z;10.1038/s41467-021-24762-w;10.1038/s41467-025-57200-2
methods	after quickly increasing	4	2	10.1038/s41467-026-73298-4;10.1038/s41467-022-31189-4
results	2)(0 of single-dot	4	1	10.1038/s41467-017-01379-6
introduction	li et al.	4	4	10.1038/s41467-018-05760-x;10.1038/s41467-021-20970-6;10.1038/s41467-022-29538-4;10.1038/s41467-026-74151-4
results	this is supported	4	3	10.1038/s41467-024-55619-7;10.1038/s41467-024-53221-5;10.1038/s41467-026-74198-3
methods	all procedures were	4	3	10.1038/s41467-022-35731-2;10.1038/s41467-022-31189-4;10.1038/s41467-025-58471-5
results	in contrast a	4	3	10.1038/s41467-022-28480-9;10.1038/s41467-025-57200-2;10.1038/s41467-025-58471-5
results	this shows that	4	4	10.1038/s41467-021-27652-3;10.1038/s41467-025-61511-9;10.1038/s41467-025-63389-z;10.1038/s41566-024-01458-3
results	to probe the	4	4	10.1038/s41467-026-69200-x;10.1038/s41467-026-71301-6;qdp_2013_auger-control-carrier-kinetics;qdp_2016_inas-qd-size-tunable-nir-emission
results	the full width	4	4	10.1038/s41377-024-01704-x;10.1038/s41467-020-14747-6;10.1038/s41467-025-67737-x;10.1038/s43246-020-00084-0
methods	then 0.3 mmol	4	2	10.1038/s41467-020-16855-9;10.1038/s41467-023-35954-x
results	the role of	4	4	10.1038/s41467-018-02978-7;10.1038/s41467-025-65695-y;10.1038/s41928-026-01670-9;qdp_2016_inas-qd-size-tunable-nir-emission
methods	all the chemicals	4	4	10.1038/s41377-024-01704-x;10.1038/s41377-025-01768-3;10.1038/s41467-025-56557-8;10.1038/s41467-025-64546-0
results	finally we demonstrate	4	4	10.1038/s41467-022-32010-y;10.1038/s41467-025-62345-1;10.1038/s41467-025-64696-1;10.1038/s41928-024-01181-5
results	the el emission	4	4	10.1038/s41377-025-02000-y;10.1038/s41467-021-24762-w;10.1038/s41467-022-29812-5;10.1038/s41467-025-63653-2
results	to understand how	4	4	10.1038/s41467-022-28037-w;10.1038/s41467-024-53221-5;10.1038/s41467-025-57746-1;10.1038/s41586-024-07149-x
introduction	the presence of	4	4	10.1038/s41377-024-01704-x;10.1038/s41467-024-52521-0;10.1038/s41467-025-56987-4;10.1038/s42005-023-01169-1
results	the charge carrier	4	3	10.1038/s41467-023-38216-y;10.1038/s41467-019-13909-5;10.1038/s41467-026-72733-w
results	when the voltage	4	3	10.1038/s43246-020-00084-0;10.1038/s41377-024-01601-3;10.1038/s41467-026-72625-z
results	under these conditions	4	4	10.1038/s41467-018-03049-7;10.1038/s41467-025-56987-4;10.1038/s41566-024-01458-3;10.1038/s43246-026-01177-y
results	hence it is	4	4	10.1038/s41467-020-20555-9;10.1038/s41467-022-28480-9;10.1038/s41467-023-41868-5;10.1038/s41467-024-52401-7
methods	the optical simulation	4	4	10.1038/s41377-025-01835-9;10.1038/s41467-023-36118-7;10.1038/s41467-024-55376-7;10.1038/s41467-025-62345-1
results	it needs to	4	3	10.1038/s41467-019-13909-5;10.1038/s41467-021-27652-3;10.1038/s41467-025-56068-6
results	below we will	4	1	10.1038/s41467-025-61511-9
results	in detail the	4	3	10.1038/s41377-024-01601-3;10.1038/s41467-025-60886-z;10.1038/s43246-024-00645-7
results	the inset shows	4	3	10.1038/s41928-024-01181-5;10.1038/s41377-024-01500-7;10.1038/s41928-026-01670-9
methods	the atomic force	4	4	10.1038/s41377-025-01768-3;10.1038/s41377-025-01867-1;10.1038/s41377-026-02237-1;10.1038/s41467-025-66421-4
methods	the spectra were	4	4	10.1038/s41467-020-14747-6;10.1038/s41467-023-36118-7;10.1038/s41467-024-50432-8;10.1038/s41467-026-74583-y
results	at room temperature	4	4	10.1038/s41467-022-28037-w;10.1038/s41467-024-55619-7;10.1038/s41467-025-59527-2;10.1038/s41467-025-64546-0
results	the projected density	4	4	10.1038/s41467-023-41929-9;10.1038/s41467-024-45945-1;10.1038/s41467-025-65695-y;10.1038/s41563-025-02123-y
results	as reported in	4	4	10.1038/s41467-020-14756-5;10.1038/s41467-020-16865-7;10.1038/s41467-024-49791-z;10.1038/s41467-024-55619-7
results	the qd films	4	4	10.1038/s41377-025-01972-1;10.1038/s41467-018-04986-z;10.1038/s41467-020-17633-3;qdp_2013_carrier-multiplication-qd-films
abstract	this work establishes	4	4	10.1038/s41467-026-69198-2;10.1038/s41467-026-70555-4;10.1038/s41467-026-73298-4;10.1038/s42005-021-00742-w
methods	the size of	4	4	10.1038/s41467-020-16560-7;10.1038/s41467-024-45944-2;10.1038/s41467-024-50508-5;10.1038/s41928-024-01151-x
methods	the emitted light	4	4	10.1038/s41467-019-13951-3;10.1038/s41467-024-53221-5;10.1038/s41467-025-57304-9;10.1038/s41563-025-02123-y
results	the current density-voltage	4	4	10.1038/s41377-024-01704-x;10.1038/s41377-026-02247-z;10.1038/s41467-022-32010-y;10.1038/s41467-026-74198-3
results	this is likely	4	4	10.1038/s41467-019-13951-3;10.1038/s41467-025-57304-9;10.1038/s41467-025-59515-6;10.1038/s41467-025-62345-1
results	we then performed	4	4	10.1038/s41377-024-01704-x;10.1038/s41467-023-38216-y;10.1038/s41467-024-44894-z;10.1038/s41467-024-55653-5
methods	ftir spectra were	4	4	10.1038/s41467-024-54160-x;10.1038/s41467-025-56557-8;10.1038/s41467-026-72733-w;10.1038/s41928-024-01181-5
results	to further validate	4	3	10.1038/s41467-026-70555-4;10.1038/s41467-025-56987-4;10.1038/s41467-025-57304-9
methods	then 15 ml	4	4	10.1038/s41467-018-04986-z;10.1038/s41467-020-15481-9;10.1038/s41467-020-16865-7;10.1038/s41467-024-49574-6
methods	the device active	4	4	10.1038/s41467-018-05909-8;10.1038/s41467-019-09794-7;10.1038/s41467-026-68315-5;alhtl_2017_cspbbr3-moo3-hil-peled
results	we first investigated	4	4	10.1038/s41467-019-13951-3;10.1038/s41467-020-20555-9;10.1038/s41467-023-43408-7;10.1038/s41467-024-55619-7
results	in sharp contrast	4	3	10.1038/s41467-019-09737-2;10.1038/s41377-024-01500-7;qdp_2013_auger-control-carrier-kinetics
results	a comparison of	4	4	10.1038/s41467-023-36773-w;10.1038/s41467-024-53221-5;10.1038/s41467-025-67347-7;10.1038/s43246-026-01177-y
results	figure 4b shows	4	4	10.1038/s41467-021-24762-w;10.1038/s41467-023-43472-z;10.1038/s41467-024-49574-6;10.1038/s41467-025-61511-9
results	it is noteworthy	4	4	10.1038/s41377-024-01500-7;10.1038/s41467-019-13909-5;10.1038/s41467-024-55812-8;10.1038/s41467-025-56557-8
methods	a mechanical chopper	4	4	10.1038/s41467-018-05909-8;10.1038/s41467-020-20555-9;10.1038/s41467-025-61511-9;10.1038/s41586-023-05855-6
methods	the refractive index	4	4	10.1038/s41467-021-24931-x;10.1038/s41467-025-62345-1;10.1038/s41467-025-65871-0;10.1038/s41928-026-01670-9
methods	the excitation power	4	3	10.1038/s41467-022-29812-5;10.1038/s41467-023-43340-w;alhtl_2017_cspbbr3-moo3-hil-peled
methods	the j-v curves	4	3	10.1038/s41467-024-55653-5;10.1038/s41467-024-51760-5;10.1038/s41467-026-69198-2
methods	raman spectra were	4	4	10.1038/s41467-020-16855-9;10.1038/s41467-022-35731-2;10.1038/s41467-023-43340-w;10.1038/s41467-026-71292-4
results	the schematics of	4	3	10.1038/s41467-020-20433-4;10.1038/s41467-018-02978-7;10.1038/s41467-025-57746-1
results	the combination of	4	4	10.1038/s41377-025-01972-1;10.1038/s41467-024-50893-x;10.1038/s41467-025-58471-5;10.1038/s43246-026-01177-y
results	this highlights the	4	4	10.1038/s41467-018-06425-5;10.1038/s41467-024-54160-x;10.1038/s41467-026-71949-0;10.1038/s41928-026-01670-9
results	these findings demonstrate	4	4	10.1038/s41377-025-01867-1;10.1038/s41467-025-57200-2;10.1038/s41467-025-58471-5;10.1038/s41467-025-63209-4
results	the observation of	4	4	10.1038/s41467-022-31478-y;10.1038/s41467-022-35731-2;10.1038/s41467-023-38216-y;10.1038/s41467-025-66981-5
results	the samples were	4	3	10.1038/s43246-026-01177-y;10.1038/s41377-025-01867-1;10.1038/s41467-021-22864-z
methods	to minimize the	4	4	10.1038/s41467-023-41929-9;10.1038/s41467-024-54160-x;10.1038/s41467-025-58471-5;10.1038/s41467-026-69200-x
results	the root mean	4	4	10.1038/s41467-018-06425-5;10.1038/s41467-021-27652-3;10.1038/s41467-025-63389-z;10.1038/s41467-025-64111-9
results	these results indicated	4	2	10.1038/s41377-022-00855-z;10.1038/s41377-026-02247-z
results	this means that	4	4	10.1038/s41467-018-06294-y;10.1038/s41467-019-09737-2;10.1038/s41467-025-61511-9;10.1038/s41563-025-02123-y
results	furthermore we also	4	4	10.1038/s41467-019-09794-7;10.1038/s41467-020-20555-9;10.1038/s41467-024-50432-8;10.1038/s41467-025-64696-1
methods	finally the solution	4	3	10.1038/s41467-024-50432-8;10.1038/s41467-022-29812-5;10.1038/s41467-025-57472-8
methods	the luminance was	4	4	10.1038/s41377-026-02356-9;10.1038/s41467-023-40150-y;10.1038/s41467-024-44894-z;10.1038/s41467-026-73298-4
methods	all spectra were	4	4	10.1038/s41467-020-14747-6;10.1038/s41467-020-20582-6;10.1038/s41467-026-71949-0;10.1038/s41563-025-02123-y
results	this observation indicates	4	3	10.1038/s41467-025-58470-6;10.1038/s41467-026-72733-w;10.1038/s41928-024-01181-5
results	on top of	4	3	10.1038/s41467-025-59515-6;10.1038/s41467-020-15481-9;10.1038/s41467-024-46243-6
methods	fabrication of the	4	3	10.1038/s41467-024-46243-6;10.1038/s41467-025-64546-0;10.1038/s41928-024-01205-0
results	this improvement is	4	4	10.1038/s41377-026-02184-x;10.1038/s41377-026-02237-1;10.1038/s41467-024-54160-x;10.1038/s41467-025-64546-0
results	previous studies have	4	4	10.1038/s41467-023-40746-4;10.1038/s41467-024-54160-x;10.1038/s41467-025-57200-2;10.1038/s41467-025-57304-9
discussion	in summary our	4	4	10.1038/s41467-019-09737-2;10.1038/s41467-020-16560-7;10.1038/s41467-024-51760-5;10.1038/s41467-026-69200-x
results	the absence of	4	4	10.1038/s41467-018-06294-y;10.1038/s41467-019-12558-y;10.1038/s41467-022-35731-2;10.1038/s43246-026-01177-y
methods	zinc acetate dihydrate	4	4	10.1038/s41467-022-32010-y;10.1038/s41467-025-56557-8;10.1038/s41467-025-58471-5;10.1038/s41467-026-70555-4
results	the slope of	4	4	10.1038/s41467-019-12558-y;10.1038/s41467-024-50893-x;10.1038/s41467-026-71301-6;qdp_2013_carrier-multiplication-qd-films
results	from the data	4	4	10.1038/s41467-021-22864-z;10.1038/s42005-023-01169-1;10.1038/s43246-026-01136-7;qdp_2013_carrier-multiplication-qd-films
methods	the x-ray diffraction	4	4	10.1038/s41377-022-00855-z;10.1038/s41377-026-02237-1;10.1038/s41467-024-50022-8;alhtl_2017_cspbbr3-moo3-hil-peled
introduction	based on the	4	4	10.1038/s41377-024-01601-3;10.1038/s41377-026-02356-9;10.1038/s41467-020-15481-9;10.1038/s41467-025-65695-y
results	scale bar 1	4	2	10.1038/s41467-023-43472-z;10.1038/s41928-024-01181-5
introduction	to address the	4	4	10.1038/s41467-024-49574-6;10.1038/s41467-025-64696-1;10.1038/s41467-026-73911-6;10.1038/s43246-026-01177-y
methods	after cooling the	4	4	10.1038/s41377-024-01601-3;10.1038/s41467-024-52208-6;10.1038/s41467-025-59515-6;10.1038/s41467-025-64696-1
discussion	we note that	4	4	10.1038/s41467-019-12558-y;10.1038/s41467-023-39531-0;10.1038/s41467-025-65695-y;10.1038/s42005-021-00742-w
methods	the plqy was	4	4	10.1038/s41467-019-09794-7;10.1038/s41467-025-57746-1;10.1038/s43246-026-01177-y;alhtl_2017_cspbbr3-moo3-hil-peled
results	figure 5c shows	4	4	10.1038/s41467-019-08561-y;10.1038/s41467-019-13951-3;10.1038/s41467-023-41868-5;10.1038/s41467-026-74151-4
results	when the amount	4	4	10.1038/s41377-022-00855-z;10.1038/s41467-020-16855-9;10.1038/s41467-024-45945-1;10.1038/s41467-024-50022-8
methods	preparation of precursor	4	4	10.1038/s41377-025-01959-y;10.1038/s41467-024-49791-z;10.1038/s41467-025-59527-2;10.1038/s41586-023-05855-6
results	to verify this	4	4	10.1038/s41467-025-59515-6;10.1038/s41467-025-66981-5;10.1038/s41467-026-69198-2;qdp_2016_inas-qd-size-tunable-nir-emission
methods	the patterned ito	4	4	10.1038/s41377-026-02237-1;10.1038/s41467-021-27652-3;10.1038/s41467-024-50634-0;10.1038/s41467-025-66421-4
methods	first-principles calculations were	4	4	10.1038/s41467-024-45945-1;10.1038/s41467-024-51760-5;10.1038/s41467-025-58470-6;10.1038/s41928-024-01181-5
methods	samples were excited	4	3	10.1038/s41467-023-39488-0;10.1038/s41467-020-14756-5;qdp_2013_auger-control-carrier-kinetics
results	each of the	4	2	10.1038/s41467-022-31853-9;10.1038/s41467-024-49838-1
discussion	by introducing a	4	4	10.1038/s41377-026-02237-1;10.1038/s41467-023-40150-y;10.1038/s41467-023-41929-9;10.1038/s41467-024-50022-8
results	this effect is	4	4	10.1038/s41467-022-29538-4;10.1038/s41467-023-39488-0;10.1038/s41467-024-55812-8;10.1038/s41467-026-69198-2
results	this enhancement is	4	4	10.1038/s41467-025-63209-4;10.1038/s41467-026-71949-0;10.1038/s43246-024-00645-7;qdp_2014_carrier-multiplication-quasi-type-ii
methods	prior to the	4	4	10.1038/s41377-025-01867-1;10.1038/s41467-025-58471-5;10.1038/s41467-026-71949-0;10.1038/s43246-024-00576-3
introduction	perovskite quantum dots	4	4	10.1038/s41377-022-01036-8;10.1038/s41377-026-02231-7;10.1038/s41377-026-02237-1;10.1038/s41377-026-02247-z
methods	to fabricate the	4	3	10.1038/s41467-025-57200-2;10.1038/s41467-024-47184-w;10.1038/s41467-025-67347-7
introduction	despite these advantages	4	4	10.1038/s41377-025-01987-8;10.1038/s41467-023-43408-7;10.1038/s41467-025-64696-1;10.1038/s41467-026-71949-0
results	in our experiments	4	4	10.1038/s41467-023-43340-w;10.1038/s41467-024-55812-8;10.1038/s41467-025-56815-9;10.1038/s41467-025-61511-9
results	the origin of	4	4	10.1038/s41467-020-20582-6;10.1038/s41467-023-35954-x;10.1038/s41467-025-56815-9;10.1038/s41467-025-57200-2
results	we have also	4	4	10.1038/s41467-024-55619-7;10.1038/s41467-024-55812-8;10.1038/s41467-025-63653-2;alhtl_2017_cspbbr3-moo3-hil-peled
methods	for the 1.53	4	2	10.1038/s41467-025-56068-6;10.1038/s41467-025-63389-z
abstract	however due to	4	4	10.1038/s41467-025-61085-6;10.1038/s41467-025-65135-x;10.1038/s41467-026-73298-4;10.1038/s41928-024-01181-5
results	in addition due	4	4	10.1038/s41467-018-03049-7;10.1038/s41467-019-13909-5;10.1038/s41467-023-41929-9;10.1038/s41467-024-50508-5
methods	the measurements were	4	4	10.1038/s41467-020-15944-z;10.1038/s41467-020-16855-9;10.1038/s41467-022-32010-y;10.1038/s41467-025-66421-4
methods	all the device	4	4	10.1038/s41467-018-02978-7;10.1038/s41467-021-21522-8;10.1038/s41467-025-56001-x;qc_2015_wearable-rgb-qled-array
methods	the pump and	4	4	10.1038/s41467-018-05909-8;10.1038/s41467-020-20555-9;10.1038/s41467-024-55812-8;10.1038/s41467-026-73911-6
results	supplementary table 2	4	4	10.1038/s41467-021-24931-x;10.1038/s41467-025-64111-9;10.1038/s41928-024-01205-0;10.1038/s43246-021-00203-5
methods	then the perovskite	4	2	10.1038/s41467-026-73911-6;10.1038/s41467-024-51760-5
results	we further extracted	4	2	10.1038/s41377-024-01727-4;10.1038/s41467-026-71292-4
results	statistical analysis of	4	4	10.1038/s41467-019-13437-2;10.1038/s41467-024-50634-0;10.1038/s41467-025-62345-1;10.1038/s41467-025-65871-0
methods	to prepare the	4	3	10.1038/s41467-024-55619-7;10.1038/s41467-024-47184-w;10.1038/s41586-024-07360-w
results	we observe a	4	4	10.1038/s41467-024-49838-1;10.1038/s41467-024-53221-5;10.1038/s41467-025-56987-4;10.1038/s41467-025-64696-1
results	the density of	4	4	10.1038/s41467-023-41041-y;10.1038/s43246-026-01136-7;10.1038/s43246-026-01177-y;alhtl_2017_cspbbr3-moo3-hil-peled
results	the pl emission	4	4	10.1038/s41467-020-17633-3;10.1038/s41467-020-20433-4;10.1038/s41467-024-45945-1;10.1038/s41467-024-53221-5
results	figure 3e shows	4	4	10.1038/s41467-020-16652-4;10.1038/s41467-021-24616-5;10.1038/s41467-022-31853-9;10.1038/s43246-020-00084-0
results	as the reaction	4	4	10.1038/s41467-020-16855-9;10.1038/s41467-026-73298-4;10.1038/s43246-026-01136-7;qdp_2016_inas-qd-size-tunable-nir-emission
methods	the evaporation rates	4	4	10.1038/s41377-025-01835-9;10.1038/s41377-025-01972-1;10.1038/s41467-020-16659-x;10.1038/s41467-022-28037-w
results	in this way	4	4	10.1038/s41467-018-03049-7;10.1038/s41467-020-16659-x;10.1038/s41467-022-29702-w;10.1038/s41467-025-56815-9
methods	a 405 nm	4	4	10.1038/s41467-020-16560-7;10.1038/s41467-024-49838-1;10.1038/s41467-024-55619-7;10.1038/s41467-025-65871-0
results	the results of	4	4	10.1038/s41467-020-15481-9;10.1038/s41467-023-35954-x;10.1038/s41467-024-55653-5;10.1038/s41467-026-73911-6
results	we compare the	4	4	10.1038/s41467-019-12558-y;10.1038/s41467-024-55812-8;10.1038/s41467-025-67347-7;qc_2015_wearable-rgb-qled-array
results	these results imply	4	4	10.1038/s41467-024-51760-5;10.1038/s41467-025-57200-2;10.1038/s41467-026-68315-5;10.1038/s41467-026-73911-6
results	the histogram of	4	4	10.1038/s41467-020-14747-6;10.1038/s41467-021-20970-6;10.1038/s41467-025-59527-2;10.1038/s41467-025-61511-9
results	from the transfer	4	2	10.1038/s41467-025-67347-7;10.1038/s41928-024-01205-0
results	it implies that	4	2	10.1038/s41467-023-38216-y;10.1038/s41467-025-65695-y
results	the j-v curve	4	4	10.1038/s41467-024-49574-6;10.1038/s41467-025-56068-6;10.1038/s41467-026-69198-2;10.1038/s43246-024-00645-7
results	it suggests that	4	4	10.1038/s41467-021-24762-w;10.1038/s41467-023-38216-y;10.1038/s41467-025-59515-6;10.1038/s41467-026-73911-6
results	the average pl	4	3	10.1038/s41467-024-49751-7;10.1038/s41467-024-50022-8;10.1038/s41467-024-55653-5
results	the trap density	4	3	10.1038/s41467-019-13437-2;10.1038/s41467-018-05760-x;10.1038/s41467-020-17633-3
methods	the robotic arm	4	1	10.1038/s41467-025-63209-4
results	except for the	4	4	10.1038/s41467-019-08749-2;10.1038/s41467-020-15481-9;10.1038/s41467-023-35954-x;10.1038/s41467-024-47891-4
results	the corresponding cie	4	3	10.1038/s41467-020-20582-6;10.1038/s41467-025-61085-6;10.1038/s41467-025-63653-2
methods	finally the precipitate	4	4	10.1038/s41377-026-02237-1;10.1038/s41467-018-06294-y;10.1038/s41467-024-50634-0;10.1038/s41467-026-75756-5
results	as seen the	4	3	10.1038/s41467-019-13909-5;10.1038/s41467-019-08749-2;10.1038/s41467-026-68315-5
methods	electroluminescence el spectra	4	4	10.1038/s41377-024-01704-x;10.1038/s41467-020-16652-4;10.1038/s41467-022-31189-4;10.1038/s41467-025-65871-0
methods	the solution is	4	3	10.1038/s41467-021-22864-z;10.1038/s41467-025-64696-1;10.1038/s43246-024-00576-3
results	to achieve this	4	4	10.1038/s41467-018-06425-5;10.1038/s41467-025-61511-9;10.1038/s41467-025-63653-2;10.1038/s41467-025-64111-9
results	we also compared	4	4	10.1038/s41377-025-01972-1;10.1038/s41467-024-53965-0;10.1038/s41467-025-60886-z;10.1038/s41467-026-72115-2
results	the ratio of	4	4	10.1038/s41467-018-05909-8;10.1038/s41467-020-16855-9;10.1038/s41467-025-56001-x;10.1038/s41467-025-59515-6
methods	pl spectra were	4	4	10.1038/s41467-024-54160-x;10.1038/s41467-024-55812-8;10.1038/s41467-025-58470-6;10.1038/s41467-025-63684-9
methods	the sample is	4	3	10.1038/s41467-025-59527-2;10.1038/s41467-025-64111-9;10.1038/s41467-025-64596-4
introduction	thus it is	4	4	10.1038/s41467-020-15944-z;10.1038/s41467-024-45945-1;10.1038/s41467-024-50508-5;10.1038/s41467-026-73911-6
results	the radius of	4	3	10.1038/s43246-026-01136-7;10.1038/s41467-023-43472-z;10.1038/s43246-026-01177-y
results	similar results were	4	3	10.1038/s41467-024-55653-5;10.1038/s41467-022-28480-9;10.1038/s41467-023-41929-9
results	we then investigated	4	3	10.1038/s41467-025-63389-z;10.1038/s41467-018-05909-8;10.1038/s41467-020-20555-9
results	as a comparison	4	3	10.1038/s41377-026-02246-0;10.1038/s41467-020-20433-4;10.1038/s41467-026-71292-4
results	as indicated in	4	3	10.1038/s41467-018-05909-8;10.1038/s41467-019-13909-5;10.1038/s41467-024-47184-w
methods	to grow the	4	3	10.1038/s41377-024-01727-4;10.1038/s41467-020-16652-4;10.1038/s41467-024-52208-6
methods	the images were	4	4	10.1038/s41467-022-29812-5;10.1038/s41467-023-39488-0;10.1038/s41467-026-75756-5;qdp_2016_inas-qd-size-tunable-nir-emission
methods	the photoluminescence quantum	4	4	10.1038/s41377-026-02237-1;10.1038/s41467-024-52401-7;10.1038/s41467-026-72115-2;10.1038/s41586-024-07149-x
results	the quasi-2d perovskite	4	3	10.1038/s41467-024-49838-1;10.1038/s41467-025-56001-x;10.1038/s41467-026-72733-w
methods	aliquots were taken	4	2	10.1038/s41467-020-16855-9;qdp_2013_auger-control-carrier-kinetics
results	these results clearly	4	4	10.1038/s41377-025-02019-1;10.1038/s41467-023-40746-4;10.1038/s41467-025-64696-1;10.1038/s41467-026-74583-y
methods	perovskite precursor solutions	4	4	10.1038/s41467-018-05909-8;10.1038/s41467-019-09794-7;10.1038/s41467-025-56557-8;10.1038/s41467-026-74583-y
introduction	it is worth	4	4	10.1038/s41467-019-08561-y;10.1038/s41467-020-15481-9;10.1038/s41467-021-20970-6;10.1038/s41467-024-45945-1
results	to explain the	4	4	10.1038/s41377-025-01959-y;10.1038/s41467-019-08749-2;10.1038/s41467-020-14756-5;qdp_2016_inas-qd-size-tunable-nir-emission
methods	after annealing the	4	4	10.1038/s41467-023-39488-0;10.1038/s41467-024-54160-x;10.1038/s41467-025-56068-6;10.1038/s41467-025-61085-6
methods	after drying the	4	4	10.1038/s41377-025-01959-y;10.1038/s41377-026-02246-0;10.1038/s41467-025-64111-9;10.1038/s41467-026-72733-w
results	these findings confirm	4	3	10.1038/s41467-026-69198-2;10.1038/s41377-025-01740-1;10.1038/s41467-026-72115-2
results	the improved cspbbr3	4	1	10.1038/s43246-026-01177-y
results	these effects are	4	4	10.1038/s41467-022-31478-y;10.1038/s41467-023-40194-0;10.1038/s41467-024-49791-z;10.1038/s41467-025-58471-5
results	contrary to the	4	4	10.1038/s41467-020-16855-9;10.1038/s41467-024-49791-z;10.1038/s41467-025-59515-6;10.1038/s41467-025-67347-7
results	in such a	4	4	10.1038/s41467-022-28037-w;10.1038/s41467-023-39488-0;10.1038/s41563-025-02123-y;qdp_2013_carrier-multiplication-qd-films
results	it was revealed	4	2	10.1038/s41467-025-56068-6;10.1038/s41467-026-73911-6
results	supplementary fig. 12	4	4	10.1038/s41467-019-13909-5;10.1038/s41467-020-14747-6;10.1038/s41467-024-47184-w;10.1038/s41467-025-64111-9
methods	the trpl spectra	4	4	10.1038/s41377-022-00855-z;10.1038/s41377-025-01972-1;10.1038/s41467-018-05760-x;10.1038/s41467-025-56001-x
discussion	in summary this	4	4	10.1038/s41467-021-22864-z;10.1038/s41467-023-40194-0;10.1038/s41467-024-50893-x;10.1038/s41467-025-59527-2
results	the pl lifetimes	4	4	10.1038/s41467-018-03049-7;10.1038/s41467-023-41929-9;10.1038/s41467-024-55653-5;10.1038/s41563-025-02123-y
methods	the pl emission	4	4	10.1038/s41377-022-00855-z;10.1038/s41467-022-29812-5;10.1038/s41467-023-36118-7;10.1038/s41467-024-45944-2
abstract	metal halide perovskite	4	4	10.1038/s41467-019-08561-y;10.1038/s41467-025-63209-4;10.1038/s41467-026-71292-4;10.1038/s41467-026-72733-w
methods	the eqe of	4	4	10.1038/s41377-025-01835-9;10.1038/s41467-022-31853-9;10.1038/s41467-025-57304-9;10.1038/s41467-026-74583-y
methods	the pl decay	4	4	10.1038/s41377-025-01867-1;10.1038/s41467-022-29812-5;10.1038/s41467-022-35731-2;10.1038/s41467-025-60886-z
introduction	moreover due to	4	4	10.1038/s41467-020-20555-9;10.1038/s41467-021-20970-6;10.1038/s41467-024-47891-4;10.1038/s41467-024-51760-5
results	the fast decay	4	3	10.1038/s41467-019-09794-7;10.1038/s41377-025-01768-3;10.1038/s41467-025-57304-9
results	due to its	4	4	10.1038/s41377-026-02237-1;10.1038/s41467-024-50893-x;10.1038/s41467-025-63389-z;10.1038/s41467-026-68315-5
results	therefore it can	4	3	10.1038/s43246-024-00645-7;10.1038/s41467-025-64696-1;10.1038/s43246-026-01136-7
abstract	based on the	4	4	10.1038/s41377-022-00855-z;10.1038/s41467-022-28037-w;10.1038/s41467-022-29812-5;10.1038/s43246-020-00084-0
results	as mentioned above	4	4	10.1038/s41377-025-01740-1;10.1038/s41467-019-13951-3;10.1038/s41467-024-47184-w;10.1038/s41467-025-56557-8
results	transient pl decay	4	4	10.1038/s41467-021-24616-5;10.1038/s41467-024-49751-7;10.1038/s41467-025-58470-6;10.1038/s41467-025-62345-1
results	the blue shift	4	4	10.1038/s41377-026-02246-0;10.1038/s41467-020-20433-4;10.1038/s41467-024-50508-5;alhtl_2017_cspbbr3-moo3-hil-peled
results	the high-resolution tem	4	4	10.1038/s41377-022-01036-8;10.1038/s41377-025-01959-y;10.1038/s41467-020-18006-6;10.1038/s41467-023-40194-0
discussion	we have reported	4	4	10.1038/s41467-025-56815-9;10.1038/s41928-024-01151-x;10.1038/s41928-024-01181-5;10.1038/s41928-026-01670-9
results	the unit kcps	4	1	10.1038/s41467-024-55619-7
discussion	we find that	4	4	10.1038/s41467-021-22864-z;10.1038/s41467-022-29702-w;10.1038/s41467-024-53221-5;10.1038/s41586-024-07149-x
results	by reducing the	4	4	10.1038/s41467-023-36773-w;10.1038/s41467-024-47891-4;10.1038/s41467-024-52521-0;10.1038/s41467-024-53221-5
results	in comparison with	4	4	10.1038/s41377-026-02356-9;10.1038/s41467-020-14756-5;10.1038/s41467-025-63653-2;10.1038/s41928-024-01181-5
introduction	to overcome this	4	4	10.1038/s41467-019-13909-5;10.1038/s41467-024-52208-6;10.1038/s41467-025-63653-2;10.1038/s41467-026-74198-3
methods	steady-state photoluminescence pl	4	4	10.1038/s41467-020-16855-9;10.1038/s41467-024-51760-5;10.1038/s41467-025-64546-0;10.1038/s41467-025-66421-4
results	this is in	4	4	10.1038/s41467-020-16560-7;10.1038/s41467-021-22864-z;10.1038/s41467-024-53221-5;10.1038/s41467-025-66981-5
results	the results from	4	4	10.1038/s41377-026-02247-z;10.1038/s41467-024-45944-2;10.1038/s41467-024-55812-8;10.1038/s43246-026-01177-y
methods	the ito substrates	4	4	10.1038/s41467-024-51760-5;10.1038/s41467-024-54160-x;10.1038/s41467-024-55376-7;10.1038/s41467-025-56001-x
methods	the optical constants	4	4	10.1038/s41467-022-29812-5;10.1038/s41467-024-49574-6;10.1038/s41467-024-55376-7;10.1038/s41467-026-72733-w
results	it is observed	4	4	10.1038/s41467-024-45945-1;10.1038/s41467-024-52521-0;10.1038/s41467-025-67347-7;10.1038/s41467-026-71292-4
results	electrochemical impedance spectroscopy	4	4	10.1038/s41467-019-13437-2;10.1038/s41467-023-41929-9;10.1038/s41467-025-56068-6;10.1038/s41467-025-59515-6
methods	the operational stability	4	4	10.1038/s41467-020-14747-6;10.1038/s41467-025-57746-1;10.1038/s41467-025-64111-9;10.1038/s41467-026-68315-5
methods	the dft calculations	4	4	10.1038/s41467-025-56068-6;10.1038/s41467-025-63389-z;10.1038/s41467-025-63684-9;10.1038/s41586-024-07360-w
results	to illustrate the	4	4	10.1038/s41377-025-02000-y;10.1038/s41377-026-02356-9;10.1038/s41467-024-47184-w;10.1038/s41467-025-58047-3
results	the suppression of	4	4	10.1038/s41467-021-24616-5;10.1038/s41467-024-51760-5;10.1038/s41467-025-57304-9;10.1038/s41467-026-71949-0
results	in combination with	4	4	10.1038/s41467-018-06294-y;10.1038/s41467-020-20555-9;10.1038/s41467-022-29812-5;10.1038/s41467-025-56987-4
methods	the calculations were	4	4	10.1038/s41467-021-20970-6;10.1038/s41467-023-40746-4;10.1038/s41467-024-55653-5;10.1038/s41467-026-73911-6
methods	ito substrates were	4	4	10.1038/s41377-025-01987-8;10.1038/s41467-021-21522-8;10.1038/s41467-023-40150-y;10.1038/s41467-025-66421-4
results	in fact the	4	4	10.1038/s41467-018-05760-x;10.1038/s41467-019-08749-2;10.1038/s41467-024-55619-7;10.1038/s41586-023-05855-6
results	inspired by the	4	4	10.1038/s41377-025-01959-y;10.1038/s41377-026-02237-1;10.1038/s41377-026-02246-0;10.1038/s41467-025-64696-1
methods	the sem images	4	4	10.1038/s41467-023-41929-9;10.1038/s41467-025-56001-x;10.1038/s41467-025-64596-4;10.1038/s41467-026-73298-4
results	the detailed device	4	4	10.1038/s41467-018-02978-7;10.1038/s41467-019-08561-y;10.1038/s41467-021-24931-x;qc_2015_wearable-rgb-qled-array
methods	znmgo nanoparticles were	4	4	10.1038/s41377-025-01835-9;10.1038/s41467-022-28037-w;10.1038/s41467-026-73298-4;10.1038/s43246-021-00203-5
methods	as a result	4	4	10.1038/s41467-022-29812-5;10.1038/s41467-023-35954-x;10.1038/s41467-025-58471-5;10.1038/s41467-025-66421-4
methods	lead iodide pbi₂	4	4	10.1038/s41467-021-20970-6;10.1038/s41467-024-55376-7;10.1038/s41467-025-56068-6;10.1038/s41467-026-75756-5
methods	in addition the	4	4	10.1038/s41467-020-16865-7;10.1038/s41467-023-36118-7;10.1038/s41467-025-60886-z;10.1038/s41467-025-67737-x
results	combined with the	4	4	10.1038/s41377-022-01036-8;10.1038/s41377-026-02247-z;10.1038/s41467-020-20582-6;10.1038/s41928-024-01205-0
results	we used the	4	4	10.1038/s41377-026-02247-z;10.1038/s41467-024-52521-0;10.1038/s41467-024-55653-5;10.1038/s43246-024-00576-3
results	the eb of	4	3	10.1038/s41377-024-01704-x;10.1038/s41377-026-02237-1;10.1038/s41467-024-49751-7
results	the qled with	4	2	10.1038/s41467-025-62345-1;10.1038/s41377-022-00855-z
results	the conversion from	4	1	10.1038/s41467-020-16855-9
results	for the as-deposited	4	1	10.1038/s41467-022-28480-9
results	we also measured	4	4	10.1038/s41377-022-01036-8;10.1038/s41377-026-02247-z;10.1038/s41467-018-05760-x;10.1038/s41467-025-63389-z
results	both the control	4	3	10.1038/s41467-026-71292-4;10.1038/s41377-025-02019-1;10.1038/s41467-026-72625-z
introduction	owing to the	4	3	10.1038/s41467-018-05760-x;10.1038/s41467-020-16652-4;10.1038/s41467-024-55653-5
methods	for the deposition	4	3	10.1038/s41467-018-05909-8;10.1038/s41467-024-55653-5;10.1038/s41467-026-68315-5
introduction	quantum dots qds	4	4	10.1038/s41377-024-01704-x;10.1038/s41467-024-50432-8;10.1038/s43246-026-01177-y;qc_2015_wearable-rgb-qled-array
results	at high temperatures	4	3	10.1038/s41467-024-55812-8;10.1038/s41467-025-57746-1;10.1038/s42005-021-00742-w
results	as the temperature	4	4	10.1038/s41377-026-02237-1;10.1038/s41467-023-39531-0;10.1038/s41467-024-55812-8;10.1038/s41467-025-66981-5
results	to simplify the	4	2	10.1038/s41377-026-02356-9;10.1038/s41377-025-01768-3
results	the results demonstrate	4	4	10.1038/s41467-023-41041-y;10.1038/s41467-025-58470-6;10.1038/s41467-026-72625-z;10.1038/s41586-024-07360-w
methods	the cleaned substrates	4	4	10.1038/s41467-018-02978-7;10.1038/s41467-024-46243-6;10.1038/s41467-024-51760-5;10.1038/s41467-025-64596-4
methods	after stirring for	4	4	10.1038/s41377-024-01601-3;10.1038/s41377-025-01959-y;10.1038/s41467-025-64111-9;10.1038/s41467-025-66421-4
results	xps spectra of	4	3	10.1038/s41467-026-73911-6;10.1038/s41467-024-49751-7;10.1038/s41467-026-72115-2
results	the xrd patterns	4	3	10.1038/s41467-023-41868-5;10.1038/s41467-021-27652-3;10.1038/s41467-025-64111-9
results	for comparison we	4	4	10.1038/s41377-026-02247-z;10.1038/s41467-023-43408-7;10.1038/s41467-026-74151-4;10.1038/s41928-024-01151-x
results	the energy level	4	4	10.1038/s41377-025-01740-1;10.1038/s41467-024-50508-5;10.1038/s41467-025-63389-z;10.1038/s41467-025-65695-y
methods	the ftir spectra	4	4	10.1038/s41377-024-01704-x;10.1038/s41467-018-02978-7;10.1038/s41467-026-71292-4;10.1038/s41467-026-74583-y
methods	ito glass substrates	4	4	10.1038/s41467-018-07099-9;10.1038/s41467-019-13437-2;10.1038/s41467-022-32010-y;10.1038/s41467-025-64546-0
results	we believe the	4	4	10.1038/s41467-020-16855-9;10.1038/s41467-020-16865-7;10.1038/s41467-026-74198-3;10.1038/s43246-026-01177-y
results	the control film	4	4	10.1038/s41467-020-20582-6;10.1038/s41467-021-21522-8;10.1038/s41467-025-59515-6;10.1038/s41467-026-72625-z
introduction	perovskite light-emitting diodes	4	4	10.1038/s41467-019-09794-7;10.1038/s41467-021-24616-5;10.1038/s41467-024-50634-0;10.1038/s41467-026-68315-5
methods	the xps spectra	4	4	10.1038/s41377-022-01036-8;10.1038/s41467-022-35731-2;10.1038/s41467-023-43340-w;10.1038/s41467-025-56001-x
abstract	perovskite light-emitting diodes	4	4	10.1038/s41467-018-02978-7;10.1038/s41467-018-05909-8;10.1038/s41467-025-58470-6;10.1038/s41928-024-01181-5
results	the improvement in	4	4	10.1038/s41377-026-02246-0;10.1038/s41467-019-13437-2;10.1038/s41467-026-72115-2;10.1038/s41928-024-01181-5
results	figure 5b shows	4	4	10.1038/s41467-018-07383-8;10.1038/s41467-020-16652-4;10.1038/s41467-025-65871-0;10.1038/s41467-026-74198-3
methods	xrd data were	3	3	10.1038/s41467-025-56815-9;10.1038/s41467-025-58470-6;10.1038/s41467-026-71949-0
results	the current efficiency	3	3	10.1038/s41377-026-02184-x;10.1038/s41467-020-17633-3;alhtl_2017_cspbbr3-moo3-hil-peled
results	the static currents	3	2	10.1038/s41467-025-57200-2;10.1038/s41467-020-18006-6
results	in fig. 4c	3	3	10.1038/s41467-021-24762-w;10.1038/s41467-023-43472-z;10.1038/s41928-026-01670-9
methods	luminance was calibrated	3	3	10.1038/s41467-018-04986-z;10.1038/s41467-020-15481-9;10.1038/s41467-024-50022-8
results	the values of	3	3	10.1038/s41586-024-07149-x;10.1038/s43246-024-00645-7;qdp_2012_lifetime-blinking-nonblinking-qd
methods	the quantum dots	3	3	10.1038/s41377-026-02356-9;10.1038/s41467-018-04986-z;10.1038/s41467-020-15481-9
results	in addition after	3	3	10.1038/s41377-026-02247-z;10.1038/s41467-025-63653-2;10.1038/s41467-026-73911-6
results	while in the	3	3	10.1038/s41377-024-01500-7;10.1038/s41467-024-50508-5;10.1038/s41467-025-59515-6
methods	pl spectra of	3	3	10.1038/s41467-024-50022-8;10.1038/s41467-025-58471-5;10.1038/s41563-025-02123-y
results	in the 1h	3	3	10.1038/s41377-026-02247-z;10.1038/s41467-025-63684-9;10.1038/s41467-026-71301-6
results	this result was	3	2	10.1038/s41467-024-55653-5;10.1038/s41377-025-02019-1
introduction	to enhance the	3	3	10.1038/s41377-020-0328-6;10.1038/s41467-025-57746-1;10.1038/s41467-025-58470-6
methods	transient pl decay	3	3	10.1038/s41377-025-01817-x;10.1038/s41467-023-41929-9;10.1038/s41467-024-52401-7
results	powder x-ray diffraction	3	3	10.1038/s41467-018-06294-y;10.1038/s41467-023-39531-0;10.1038/s41467-024-53221-5
results	the work function	3	3	10.1038/s41467-021-27652-3;10.1038/s41467-025-56001-x;10.1038/s41467-025-66421-4
results	the exciton binding	3	3	10.1038/s41377-025-01740-1;10.1038/s41377-026-02247-z;10.1038/s41467-025-61085-6
methods	time-correlated single-photon counting	3	3	10.1038/s41467-020-14747-6;10.1038/s41467-021-24616-5;10.1038/s41563-025-02123-y
methods	electroluminescence spectra were	3	3	10.1038/s41467-018-04986-z;10.1038/s41467-020-15481-9;10.1038/s41467-023-39488-0
results	notably when the	3	3	10.1038/s41467-019-13909-5;10.1038/s41467-020-18006-6;10.1038/s41467-025-63684-9
results	the average carrier	3	3	10.1038/s41377-026-02247-z;10.1038/s41467-018-07099-9;10.1038/s41467-023-40150-y
methods	the precursor concentration	3	2	10.1038/s41467-020-20582-6;10.1038/s41928-024-01151-x
results	the inp core	3	2	10.1038/s43246-026-01136-7;10.1038/s41467-024-45944-2
results	the particle size	3	3	10.1038/s41467-024-50022-8;10.1038/s41467-025-64111-9;10.1038/s43246-026-01177-y
results	we emphasize that	3	3	10.1038/s41467-020-14756-5;10.1038/s41467-020-20582-6;10.1038/s41467-026-75756-5
results	the chemical structure	3	3	10.1038/s41467-020-16652-4;10.1038/s41467-024-55376-7;10.1038/s41467-025-58047-3
results	the colloidal stability	3	2	10.1038/s41467-024-45945-1;10.1038/s41467-025-63209-4
results	the operational lifetime	3	3	10.1038/s41467-020-14756-5;10.1038/s41467-024-44894-z;10.1038/s41467-024-49574-6
discussion	in the case	3	2	10.1038/s41467-023-38216-y;10.1038/s41467-023-40746-4
results	the improved perovskite	3	2	10.1038/s43246-026-01177-y;10.1038/s41467-026-71301-6
results	to achieve a	3	3	10.1038/s41377-025-01835-9;10.1038/s41467-024-47891-4;10.1038/s41467-025-57200-2
methods	then these substrates	3	3	10.1038/s41467-024-44894-z;10.1038/s41467-024-50432-8;10.1038/s41467-025-57746-1
methods	the electroluminescence spectra	3	3	10.1038/s41377-022-00855-z;10.1038/s41377-026-02356-9;10.1038/s41467-024-53965-0
methods	thicknesses of the	3	3	10.1038/s41467-018-04986-z;10.1038/s41467-020-15481-9;10.1038/s41467-022-32010-y
methods	to obtain the	3	3	10.1038/s41467-020-16855-9;10.1038/s41467-022-35731-2;10.1038/s41467-026-72733-w
introduction	yang et al.	3	3	10.1038/s41467-022-28480-9;10.1038/s41467-022-29538-4;10.1038/s41467-025-56068-6
results	these results provide	3	3	10.1038/s41467-024-54160-x;10.1038/s41467-025-58047-3;10.1038/s41467-026-72625-z
results	all the devices	3	3	10.1038/s41467-023-35954-x;10.1038/s41467-025-57200-2;10.1038/s41467-025-59515-6
results	as shown the	3	1	10.1038/s41467-020-20555-9
results	we investigated the	3	3	10.1038/s41467-024-47184-w;10.1038/s41467-024-50634-0;10.1038/s41467-025-64546-0
abstract	we demonstrate that	3	3	10.1038/s41467-020-16652-4;10.1038/s41467-023-36118-7;qdp_2012_lifetime-blinking-nonblinking-qd
methods	the ito-coated glass	3	3	10.1038/s41467-024-46243-6;10.1038/s41467-024-52401-7;10.1038/s41467-026-73298-4
introduction	however most of	3	3	10.1038/s41467-020-17633-3;10.1038/s41467-021-24931-x;10.1038/s41467-025-57746-1
results	here we present	3	3	10.1038/s41467-023-41868-5;10.1038/s41467-025-66981-5;qdp_2016_inas-qd-size-tunable-nir-emission
methods	these tests were	3	3	10.1038/s41467-025-56068-6;10.1038/s41467-025-63389-z;10.1038/s41467-026-73911-6
methods	while adding solution	3	1	10.1038/s41586-023-05855-6
methods	after 5 s	3	2	10.1038/s41467-024-50022-8;10.1038/s41928-024-01181-5
results	in conclusion we	3	3	10.1038/s41467-024-49751-7;10.1038/s41467-025-57472-8;10.1038/s41467-025-63389-z
results	the surface potential	3	3	10.1038/s41467-023-43340-w;10.1038/s41467-025-58047-3;10.1038/s41467-025-59515-6
results	such a high	3	2	10.1038/s41467-025-61085-6;10.1038/s41467-024-50432-8
results	this is not	3	2	10.1038/s41467-022-32010-y;10.1038/s41467-024-49751-7
results	the pulse voltage	3	2	10.1038/s41928-024-01181-5;10.1038/s41467-025-64596-4
results	we also conducted	3	3	10.1038/s41467-025-63389-z;10.1038/s41467-026-69198-2;10.1038/s41928-026-01670-9
methods	sem images of	3	3	10.1038/s41467-018-06425-5;10.1038/s41467-022-32010-y;10.1038/s41467-026-74151-4
results	the schematic of	3	3	10.1038/s41377-025-01835-9;10.1038/s41467-019-09794-7;10.1038/s41467-026-74151-4
results	at a low	3	3	10.1038/s41377-025-01972-1;10.1038/s41467-024-52521-0;10.1038/s41467-025-62345-1
results	we adopted the	3	3	10.1038/s41377-026-02237-1;10.1038/s41467-020-16865-7;qdp_2013_carrier-multiplication-qd-films
methods	according to the	3	3	10.1038/s41467-024-50432-8;10.1038/s41467-024-50893-x;10.1038/s41467-025-65135-x
results	to further clarify	3	3	10.1038/s41467-020-20582-6;10.1038/s41467-022-31478-y;10.1038/s41467-024-55376-7
results	it is reported	3	3	10.1038/s41467-023-40150-y;10.1038/s41467-024-52521-0;10.1038/s41467-025-60886-z
results	throughout the figure	3	1	10.1038/s41467-026-74151-4
results	cross-sectional sem images	3	2	10.1038/s41467-026-73911-6;10.1038/s41467-026-69198-2
results	this observation aligns	3	3	10.1038/s41467-024-52401-7;10.1038/s41467-026-69200-x;10.1038/s41467-026-74198-3
methods	afm images were	3	3	10.1038/s41467-018-06425-5;10.1038/s41467-020-16652-4;10.1038/s41467-025-63684-9
methods	pedot:pss was spin-coated	3	3	10.1038/s41377-022-00992-5;10.1038/s41467-026-72733-w;10.1038/s43246-020-00084-0
results	therefore to achieve	3	3	10.1038/s41377-025-01972-1;10.1038/s41467-024-47891-4;10.1038/s41467-024-52401-7
introduction	in this report	3	3	10.1038/s41467-018-05909-8;10.1038/s41467-022-29812-5;alhtl_2017_cspbbr3-moo3-hil-peled
results	the difference between	3	3	10.1038/s41467-024-46243-6;10.1038/s41467-024-53965-0;10.1038/s41467-026-73911-6
introduction	this is due	3	3	10.1038/s41467-018-05909-8;10.1038/s41467-025-66981-5;10.1038/s41928-024-01205-0
methods	all the samples	3	3	10.1038/s41467-020-14747-6;10.1038/s41467-020-17633-3;10.1038/s41467-020-20582-6
methods	we used the	3	3	10.1038/s41467-022-31478-y;10.1038/s41467-023-43408-7;10.1038/s41467-024-53965-0
methods	the tfb layer	3	3	10.1038/s41377-025-02000-y;10.1038/s41377-026-02356-9;10.1038/s41467-025-58470-6
results	at low temperatures	3	3	10.1038/s41377-024-01704-x;10.1038/s41467-024-55812-8;10.1038/s42005-021-00742-w
results	the inset of	3	3	10.1038/s41467-019-08561-y;10.1038/s41467-023-35954-x;10.1038/s41467-025-57200-2
results	the shift of	3	3	10.1038/s41467-024-50634-0;10.1038/s41467-024-55653-5;10.1038/s41467-025-56068-6
introduction	however it is	3	3	10.1038/s41467-020-17633-3;10.1038/s41467-024-50893-x;10.1038/s41467-024-52521-0
results	the control sample	3	2	10.1038/s41467-025-65871-0;10.1038/s41467-024-50508-5
results	however in the	3	3	10.1038/s41467-021-25955-z;10.1038/s41467-023-41929-9;10.1038/s41563-025-02123-y
methods	the operational lifetimes	3	3	10.1038/s41467-020-14756-5;10.1038/s41467-023-43340-w;10.1038/s41467-025-58471-5
discussion	in contrast the	3	3	10.1038/s41377-025-01867-1;10.1038/s41467-020-14747-6;qdp_2012_lifetime-blinking-nonblinking-qd
methods	for constructing the	3	1	10.1038/s41467-022-32010-y
introduction	to our best	3	3	10.1038/s41467-019-08561-y;10.1038/s41467-019-08749-2;10.1038/s41467-023-40150-y
methods	the uvvis absorption	3	3	10.1038/s41377-022-01036-8;10.1038/s41377-025-01768-3;10.1038/s41377-026-02237-1
methods	finally the sample	3	3	10.1038/s41467-025-58471-5;10.1038/s41467-025-64111-9;10.1038/s41467-025-65871-0
results	the lack of	3	3	10.1038/s41467-025-61511-9;10.1038/s41467-026-74151-4;10.1038/s41563-024-01812-4
results	to further examine	3	3	10.1038/s41467-019-08561-y;10.1038/s41467-023-41929-9;10.1038/s41467-026-71301-6
introduction	this is because	3	3	10.1038/s41377-025-01835-9;10.1038/s41467-020-20555-9;10.1038/s41467-024-45944-2
results	the superior optical	3	3	10.1038/s41377-026-02246-0;10.1038/s41377-026-02247-z;10.1038/s41467-024-50634-0
methods	a j-v scan	3	1	10.1038/s41467-025-59515-6
results	these results support	3	3	10.1038/s41467-018-06425-5;10.1038/s41467-024-51760-5;10.1038/s41467-024-54160-x
methods	tfb was purchased	3	3	10.1038/s41467-019-08749-2;10.1038/s41467-024-44894-z;10.1038/s41928-024-01151-x
introduction	however these materials	3	3	10.1038/s41467-024-47184-w;10.1038/s41586-024-07360-w;10.1038/s43246-026-01177-y
methods	for measuring the	3	2	10.1038/s41467-025-64546-0;10.1038/s41467-019-09737-2
methods	the convergence criteria	3	3	10.1038/s41467-025-56068-6;10.1038/s41467-026-69198-2;10.1038/s41467-026-72733-w
results	we used a	3	3	10.1038/s41467-023-39488-0;10.1038/s41467-023-40746-4;10.1038/s41467-024-55653-5
results	one of the	3	3	10.1038/s41467-024-47184-w;10.1038/s41467-024-52208-6;10.1038/s41467-025-64546-0
introduction	to reduce the	3	3	10.1038/s41467-018-07099-9;10.1038/s41467-020-18006-6;10.1038/s41467-022-31853-9
results	the increased eb	3	3	10.1038/s41377-026-02247-z;10.1038/s41467-018-06425-5;10.1038/s41467-026-71292-4
methods	for perovskites with	3	2	10.1038/s41467-026-72733-w;10.1038/s41467-026-74583-y
results	for the devices	3	3	10.1038/s41467-026-73911-6;alhtl_2017_cspbbr3-moo3-hil-peled;qdp_2013_auger-control-carrier-kinetics
methods	the sheet resistance	3	3	10.1038/s41467-024-46243-6;10.1038/s41467-025-64596-4;alhtl_2017_cspbbr3-moo3-hil-peled
results	the commission internationale	3	3	10.1038/s41467-023-36118-7;10.1038/s41467-025-56001-x;10.1038/s41467-025-65871-0
methods	the excitation light	3	3	10.1038/s41467-018-03049-7;10.1038/s41467-021-24616-5;10.1038/s41928-024-01181-5
methods	finally moox 10	3	1	10.1038/s41467-026-75756-5
results	when the bias	3	3	10.1038/s41377-024-01601-3;10.1038/s41467-018-03049-7;10.1038/s41467-019-09794-7
results	in this structure	3	3	10.1038/s41467-021-20970-6;10.1038/s41467-023-40150-y;10.1038/s43246-020-00084-0
methods	the resulting mixture	3	3	10.1038/s41467-024-54160-x;10.1038/s41467-025-62345-1;10.1038/s41467-026-70555-4
results	the lifetime of	3	3	10.1038/s41467-020-15481-9;10.1038/s41467-023-43408-7;10.1038/s41467-025-67737-x
methods	in another pot	3	1	10.1038/s41467-020-16855-9
results	this is evidenced	3	2	10.1038/s41467-025-59515-6;10.1038/s41377-025-01817-x
results	in the simulation	3	2	10.1038/s41467-022-31853-9;10.1038/s41467-025-61085-6
results	the control devices	3	3	10.1038/s41467-024-51760-5;10.1038/s41467-026-72625-z;alhtl_2017_cspbbr3-moo3-hil-peled
results	in that case	3	3	10.1038/s41467-020-14747-6;10.1038/s41467-024-53965-0;10.1038/s41467-024-55376-7
results	at higher temperatures	3	2	10.1038/s41467-025-66981-5;10.1038/s43246-026-01136-7
methods	the size and	3	3	10.1038/s41467-019-12558-y;10.1038/s41467-022-31189-4;qdp_2013_auger-control-carrier-kinetics
methods	the tfb layers	3	3	10.1038/s41467-019-08749-2;10.1038/s41467-023-43340-w;10.1038/s41467-025-58471-5
results	the surface temperature	3	2	10.1038/s41377-024-01727-4;10.1038/s41467-025-65135-x
introduction	in a typical	3	3	10.1038/s41467-018-05760-x;10.1038/s41467-025-56987-4;10.1038/s43246-020-00084-0
results	owing to their	3	3	10.1038/s41467-025-62345-1;10.1038/s41467-026-74151-4;10.1038/s41928-024-01205-0
results	we suggest that	3	2	10.1038/s41467-024-49751-7;10.1038/s41467-025-60886-z
results	the lifetimes of	3	3	10.1038/s41467-023-43408-7;10.1038/s41467-025-57304-9;10.1038/s41467-025-67737-x
methods	the j–v measurements	3	2	10.1038/s41467-025-64111-9;10.1038/s41467-025-63389-z
results	the reproducibility of	3	3	10.1038/s41377-026-02231-7;10.1038/s41467-025-57304-9;10.1038/s41467-025-63209-4
methods	the photon flux	3	3	10.1038/s41467-021-24616-5;10.1038/s41467-022-31478-y;10.1038/s41467-024-49838-1
introduction	several strategies have	3	3	10.1038/s41467-025-64546-0;10.1038/s41467-026-71301-6;10.1038/s43246-020-00084-0
methods	the cross-sectional samples	3	3	10.1038/s41467-023-43340-w;10.1038/s41467-025-58471-5;10.1038/s41467-026-75756-5
introduction	light-emitting diodes leds	3	3	10.1038/s41377-024-01500-7;10.1038/s41377-026-02237-1;10.1038/s41467-024-47891-4
methods	the time resolution	3	3	10.1038/s41467-019-12558-y;10.1038/s41467-020-20433-4;10.1038/s41467-021-24616-5
methods	kelvin probe force	3	2	10.1038/s41467-026-69200-x;10.1038/s41467-026-68315-5
results	the current densities	3	3	10.1038/s41377-022-00992-5;10.1038/s41467-018-05909-8;10.1038/s41467-022-31853-9
methods	formamidinium bromide fabr	3	3	10.1038/s41467-020-20582-6;10.1038/s41467-026-71292-4;10.1038/s41928-024-01151-x
results	next we fabricated	3	3	10.1038/s41467-018-05760-x;10.1038/s41467-024-49751-7;10.1038/s41467-025-57746-1
results	for a direct	3	3	10.1038/s41467-018-04986-z;10.1038/s41467-020-15481-9;10.1038/s41467-023-43408-7
results	to further probe	3	3	10.1038/s41467-025-58047-3;10.1038/s41467-026-71949-0;10.1038/s41467-026-72733-w
results	notably the target	3	3	10.1038/s41377-026-02247-z;10.1038/s41467-025-63684-9;10.1038/s41467-026-68315-5
methods	pedot:pss solutions baytron	3	3	10.1038/s41467-020-14756-5;10.1038/s41467-020-15944-z;10.1038/s41467-020-17633-3
results	we noted that	3	3	10.1038/s41377-024-01500-7;10.1038/s41467-022-31478-y;10.1038/s41586-024-07360-w
introduction	this suggests that	3	3	10.1038/s41467-023-43408-7;10.1038/s41467-024-55619-7;10.1038/s41467-025-63389-z
results	the rough surface	3	2	10.1038/s41467-024-46243-6;10.1038/s41467-025-64546-0
results	these observations indicate	3	3	10.1038/s41467-018-06425-5;10.1038/s41467-024-45944-2;10.1038/s43246-026-01177-y
results	the comparison between	3	3	10.1038/s41467-025-59527-2;10.1038/s41467-025-63653-2;10.1038/s41467-025-67347-7
results	the length of	3	3	10.1038/s41377-020-0328-6;10.1038/s41467-024-47891-4;10.1038/s41467-024-55653-5
results	the average grain	3	2	10.1038/s41467-026-73911-6;10.1038/s41377-025-01959-y
results	the change in	3	3	10.1038/s41377-025-01740-1;10.1038/s41467-020-16865-7;10.1038/s41467-024-50893-x
results	during the synthesis	3	3	10.1038/s41467-025-63209-4;10.1038/s43246-026-01177-y;qdp_2013_carrier-multiplication-qd-films
results	we measure the	3	3	10.1038/s41467-022-29702-w;10.1038/s41467-024-52208-6;10.1038/s41467-025-64596-4
methods	the data were	3	2	10.1038/s41467-023-39531-0;10.1038/s41467-026-74583-y
discussion	the results indicate	3	3	10.1038/s41377-025-01959-y;10.1038/s41467-024-52521-0;10.1038/s41467-025-58047-3
methods	all device measurements	3	3	10.1038/s41467-024-54160-x;10.1038/s41467-025-58470-6;10.1038/s41467-025-67737-x
results	we then conducted	3	3	10.1038/s41377-026-02237-1;10.1038/s41467-024-50634-0;10.1038/s41467-025-66421-4
results	after the improvement	3	1	10.1038/s43246-026-01177-y
methods	the pl was	3	3	10.1038/s41586-023-05855-6;qc_2015_wearable-rgb-qled-array;qdp_2014_carrier-multiplication-quasi-type-ii
results	figure 4e shows	3	3	10.1038/s41467-021-24931-x;10.1038/s41467-022-31853-9;10.1038/s41467-023-36773-w
methods	time-resolved pl decay	3	2	10.1038/s41467-026-72733-w;10.1038/s41467-024-50022-8
methods	this mixture was	3	3	10.1038/s41467-017-01379-6;10.1038/s41467-024-47184-w;10.1038/s41467-025-57304-9
methods	formamidine iodide fai	3	3	10.1038/s41467-025-56068-6;10.1038/s41467-025-63389-z;10.1038/s41467-026-71301-6
results	figure 6b shows	3	3	10.1038/s41377-022-00992-5;10.1038/s41467-019-08561-y;10.1038/s41467-025-57200-2
results	in accordance with	3	3	10.1038/s41377-025-01740-1;10.1038/s41467-024-45944-2;10.1038/s41467-025-58471-5
methods	the reaction flask	3	2	10.1038/s41586-023-05855-6;10.1038/s41467-024-49791-z
methods	the film was	3	3	10.1038/s41467-025-56001-x;10.1038/s41467-025-65135-x;qc_2015_wearable-rgb-qled-array
methods	the device’s active	3	3	10.1038/s41467-024-50022-8;10.1038/s41467-025-56557-8;10.1038/s41467-026-72625-z
methods	all the devices	3	3	10.1038/s41467-018-04986-z;10.1038/s41467-021-24616-5;10.1038/s41467-024-49574-6
methods	the pump was	3	3	10.1038/s41467-019-12558-y;10.1038/s41467-026-73911-6;qdp_2016_inas-qd-size-tunable-nir-emission
results	for the 20	3	1	10.1038/s41467-026-74151-4
results	a cross-sectional sem	3	3	10.1038/s41467-018-06425-5;10.1038/s41467-021-24931-x;alhtl_2017_cspbbr3-moo3-hil-peled
results	collectively these results	3	2	10.1038/s41377-025-02019-1;10.1038/s43246-026-01177-y
methods	the transient electroluminescence	3	3	10.1038/s41377-025-01867-1;10.1038/s41377-026-02237-1;10.1038/s41467-024-52401-7
methods	the surface potential	3	3	10.1038/s41467-023-43340-w;10.1038/s41467-025-58471-5;10.1038/s41467-026-74583-y
methods	note that the	3	3	10.1038/s41467-023-40194-0;10.1038/s41467-024-55619-7;10.1038/s41467-026-69198-2
methods	the laser beam	3	3	10.1038/s41467-024-49791-z;10.1038/s41467-024-49838-1;10.1038/s41467-026-70555-4
results	two types of	3	3	10.1038/s41467-024-47184-w;10.1038/s41467-025-57746-1;10.1038/s41467-025-62345-1
results	the xps results	3	3	10.1038/s41467-024-46243-6;10.1038/s41467-026-68315-5;10.1038/s41928-024-01181-5
results	the result represents	3	3	10.1038/s41467-019-09794-7;10.1038/s41467-020-20555-9;10.1038/s41467-024-50022-8
methods	the relationship between	3	2	10.1038/s41467-018-06425-5;10.1038/s41467-026-74151-4
discussion	we believe this	3	3	10.1038/s41467-018-07099-9;10.1038/s41467-020-16865-7;10.1038/s41467-023-36118-7
results	in this device	3	3	10.1038/s41467-019-08561-y;10.1038/s41467-024-50893-x;10.1038/s41467-026-74583-y
results	with the increasing	3	3	10.1038/s41377-022-00855-z;10.1038/s41467-018-06425-5;10.1038/s41467-024-52521-0
results	figure 1e shows	3	3	10.1038/s41467-017-01379-6;10.1038/s41467-023-38216-y;10.1038/s41467-023-40194-0
results	where nt is	3	3	10.1038/s41377-026-02247-z;10.1038/s41467-020-15481-9;10.1038/s41467-025-61085-6
methods	absorption and pl	3	3	10.1038/s41467-021-25955-z;10.1038/s41467-025-65135-x;10.1038/s43246-021-00203-5
methods	high-angle annular dark-field	3	3	10.1038/s41467-022-29812-5;10.1038/s41467-022-35731-2;10.1038/s41467-023-38216-y
methods	finally the reaction	3	3	10.1038/s41467-018-04986-z;10.1038/s41467-020-15481-9;10.1038/s41467-024-50432-8
methods	lead bromide pbbr₂	3	3	10.1038/s41377-022-01036-8;10.1038/s41377-025-01768-3;10.1038/s41377-026-02246-0
methods	to model the	3	3	10.1038/s41467-020-18006-6;10.1038/s41467-021-20970-6;10.1038/s41467-026-73911-6
methods	the pedot:pss-coated substrates	3	3	10.1038/s41467-020-14756-5;10.1038/s41467-020-15944-z;10.1038/s41928-024-01181-5
results	this trend can	3	3	10.1038/s41467-023-43408-7;10.1038/s41467-024-55812-8;10.1038/s41467-025-64696-1
introduction	here we address	3	3	10.1038/s41377-025-01972-1;10.1038/s41467-020-15944-z;10.1038/s41467-022-28037-w
methods	the synthesis was	3	3	10.1038/s41467-025-61511-9;10.1038/s41467-025-62345-1;qdp_2013_carrier-multiplication-qd-films
methods	all the above	3	3	10.1038/s41467-023-36118-7;10.1038/s41467-024-52401-7;10.1038/s41467-026-68315-5
results	the pl peaks	3	3	10.1038/s41467-018-05909-8;10.1038/s41467-018-06425-5;10.1038/s41467-025-61511-9
results	as an example	3	3	10.1038/s41377-025-01835-9;10.1038/s41467-022-31853-9;10.1038/s41467-025-57472-8
methods	phosphorescence spectra were	3	3	10.1038/s41377-025-01817-x;10.1038/s41467-024-52401-7;10.1038/s41467-025-56987-4
methods	the ups spectra	3	3	10.1038/s41467-019-09794-7;10.1038/s41467-021-24616-5;10.1038/s41467-021-25955-z
results	the size distribution	3	3	10.1038/s41377-025-01959-y;10.1038/s41467-024-45944-2;10.1038/s43246-026-01177-y
methods	transient absorption ta	3	3	10.1038/s41377-025-01768-3;10.1038/s41467-020-20555-9;10.1038/s41467-024-50432-8
results	we use the	3	3	10.1038/s41467-020-14747-6;10.1038/s41467-021-20970-6;10.1038/s41467-025-61511-9
abstract	the development of	3	3	10.1038/s41467-023-41868-5;10.1038/s41467-023-41929-9;10.1038/s41566-024-01458-3
results	after introducing the	3	3	10.1038/s41377-022-01036-8;10.1038/s41467-024-50022-8;alhtl_2017_cspbbr3-moo3-hil-peled
results	the measured frequency	3	2	10.1038/s41467-023-41868-5;10.1038/s41467-024-49751-7
introduction	similar to the	3	3	10.1038/s41467-018-03049-7;10.1038/s41467-024-53965-0;10.1038/s43246-021-00203-5
results	a similar phenomenon	3	3	10.1038/s41467-021-24762-w;10.1038/s41467-024-46243-6;10.1038/s41563-025-02123-y
results	the pec performance	3	1	10.1038/s41467-024-50893-x
results	building on the	3	2	10.1038/s41928-026-01670-9;10.1038/s41467-021-25955-z
introduction	however the introduction	3	3	10.1038/s41377-024-01704-x;10.1038/s41467-020-16659-x;10.1038/s43246-024-00576-3
methods	the active areas	3	2	10.1038/s41467-023-41041-y;10.1038/s41467-026-69198-2
results	for the 40	3	1	10.1038/s41467-026-74151-4
results	the charge transfer	3	3	10.1038/s41467-025-63389-z;10.1038/s41467-025-66421-4;10.1038/s41467-026-71949-0
methods	synthesis and purification	3	3	10.1038/s41377-022-00992-5;10.1038/s41377-022-01036-8;10.1038/s41377-025-01959-y
results	during the subsequent	3	3	10.1038/s41467-025-58470-6;10.1038/s41467-026-72115-2;10.1038/s41928-026-01670-9
methods	sem measurements were	3	3	10.1038/s41467-021-24616-5;10.1038/s41467-026-71301-6;10.1038/s41467-026-73911-6
methods	for the sake	3	3	10.1038/s41467-018-06294-y;10.1038/s41467-022-29812-5;10.1038/s41467-025-58471-5
results	we characterize the	3	3	10.1038/s41467-018-02978-7;10.1038/s41467-021-24762-w;10.1038/s41467-024-50022-8
methods	the substrate was	3	3	10.1038/s41467-020-16865-7;10.1038/s41467-024-55812-8;10.1038/s41467-025-62345-1
results	the average voltage	3	2	10.1038/s41467-025-57200-2;10.1038/s41467-024-47891-4
discussion	more importantly the	3	3	10.1038/s41467-021-20970-6;10.1038/s41467-025-56001-x;10.1038/s41467-025-67347-7
results	this could result	3	2	10.1038/s43246-024-00576-3;10.1038/s41467-026-70555-4
introduction	considering that the	3	3	10.1038/s41377-025-01835-9;10.1038/s41467-020-16865-7;10.1038/s41467-022-28037-w
results	the pl and	3	3	10.1038/s41467-023-40150-y;10.1038/s41467-024-50022-8;10.1038/s41467-026-69198-2
methods	the absorption spectrum	3	3	10.1038/s41467-024-50508-5;10.1038/s41467-025-57746-1;10.1038/s41467-025-63653-2
results	the threshold voltages	3	1	10.1038/s41467-022-31853-9
results	this behavior suggests	3	3	10.1038/s41377-025-01867-1;10.1038/s41467-026-74583-y;10.1038/s42005-021-00742-w
methods	the lifetime of	3	3	10.1038/s41467-018-05909-8;10.1038/s41467-023-43408-7;10.1038/s41467-026-71292-4
methods	aging equipment is	3	3	10.1038/s41467-025-56068-6;10.1038/s41467-025-63389-z;10.1038/s41467-026-73911-6
introduction	as a consequence	3	2	10.1038/s41377-022-00855-z;10.1038/s41467-024-46243-6
results	regardless of the	3	3	10.1038/s41467-022-35731-2;10.1038/s41467-025-57200-2;qdp_2013_auger-control-carrier-kinetics
results	the mixed sam	3	1	10.1038/s41467-025-59515-6
methods	the transmitted probe	3	3	10.1038/s41467-024-50432-8;10.1038/s41467-025-63684-9;10.1038/s41586-023-05855-6
results	in previous reports	3	3	10.1038/s41467-019-09737-2;10.1038/s41467-020-16865-7;10.1038/s41467-024-44894-z
results	these results collectively	3	3	10.1038/s41467-024-54160-x;10.1038/s41467-025-58471-5;10.1038/s41467-026-73911-6
methods	the precursor perovskite	3	2	10.1038/s41467-025-56068-6;10.1038/s41467-025-63389-z
introduction	in this case	3	3	10.1038/s41467-020-16659-x;10.1038/s41467-022-29702-w;10.1038/s41467-025-57472-8
methods	all the measurements	3	3	10.1038/s41377-024-01704-x;10.1038/s41377-026-02237-1;10.1038/s41467-024-47184-w
methods	at the same	3	3	10.1038/s41467-023-40150-y;10.1038/s41467-024-50508-5;10.1038/s41467-025-61085-6
methods	fabrication of quantum-dot	3	3	10.1038/s41467-024-44894-z;10.1038/s41467-025-58471-5;10.1038/s41467-025-65135-x
results	this is similar	3	3	10.1038/s41467-022-31189-4;10.1038/s41467-023-40746-4;10.1038/s41467-024-52208-6
methods	the collected precipitate	3	2	10.1038/s41467-025-63684-9;10.1038/s41467-020-17633-3
introduction	to address these	3	3	10.1038/s41467-025-64111-9;10.1038/s41467-025-64596-4;10.1038/s41467-026-72115-2
results	figure 1h shows	3	3	10.1038/s41467-023-36773-w;10.1038/s41467-026-74151-4;10.1038/s41467-026-75756-5
results	the maximum eqes	3	3	10.1038/s41467-022-31853-9;10.1038/s41467-025-63684-9;10.1038/s41928-026-01670-9
methods	time-resolved pl trpl	3	3	10.1038/s41377-022-00992-5;10.1038/s41377-025-01768-3;10.1038/s41467-020-20555-9
results	indeed as shown	3	3	10.1038/s41377-025-01835-9;10.1038/s41467-020-16659-x;10.1038/s41467-022-32010-y
methods	in all calculations	3	3	10.1038/s41377-024-01704-x;10.1038/s41377-026-02237-1;10.1038/s41377-026-02246-0
results	this might be	3	2	10.1038/s41467-025-59515-6;10.1038/s43246-026-01136-7
methods	the mixture is	3	2	10.1038/s41467-025-64696-1;10.1038/s41467-025-65871-0
results	the corresponding pl	3	2	10.1038/s41467-026-70555-4;10.1038/s41467-020-15944-z
abstract	perovskite quantum dots	3	3	10.1038/s41377-024-01704-x;10.1038/s41377-025-01959-y;10.1038/s41377-026-02237-1
results	we first employed	3	3	10.1038/s41377-026-02231-7;10.1038/s41377-026-02237-1;10.1038/s41467-024-55653-5
results	we observe no	3	2	10.1038/s41467-020-20582-6;10.1038/s41467-024-49838-1
methods	synthesis of cspbbr₃	3	3	10.1038/s41467-019-13951-3;10.1038/s41467-020-17633-3;10.1038/s41467-021-24762-w
results	for comparison the	3	3	10.1038/s41467-025-64696-1;10.1038/s41467-026-74151-4;10.1038/s42005-021-00742-w
results	by tuning the	3	3	10.1038/s41377-025-01768-3;10.1038/s41467-018-05909-8;10.1038/s41467-024-47891-4
results	the carrier recombination	3	3	10.1038/s41467-018-05760-x;10.1038/s41467-025-59515-6;10.1038/s41467-025-63389-z
results	the device also	3	3	10.1038/s41467-022-31189-4;10.1038/s41467-025-57200-2;10.1038/s43246-021-00203-5
methods	next the samples	3	2	10.1038/s41377-025-01835-9;10.1038/s41467-026-75756-5
methods	the eqe spectra	3	3	10.1038/s41467-018-07099-9;10.1038/s41467-024-51760-5;10.1038/s41467-024-55653-5
results	the optimized device	3	3	10.1038/s41377-025-01987-8;10.1038/s41467-018-04986-z;10.1038/s41467-022-29812-5
results	as the driving	3	3	10.1038/s41467-024-47891-4;10.1038/s41467-024-52521-0;10.1038/s41467-025-57304-9
results	the significantly reduced	3	3	10.1038/s41377-024-01727-4;10.1038/s41467-023-41929-9;10.1038/s41467-025-56001-x
results	this underscores the	3	3	10.1038/s41467-024-50634-0;10.1038/s41467-024-55376-7;10.1038/s41467-025-64696-1
results	the optical microscope	3	2	10.1038/s41467-025-57200-2;qc_2015_wearable-rgb-qled-array
results	to visualize the	3	3	10.1038/s41467-019-08561-y;10.1038/s41467-023-36118-7;10.1038/s41467-025-64546-0
methods	after vigorous stirring	3	3	10.1038/s41377-022-01036-8;10.1038/s41467-024-51760-5;10.1038/s41928-024-01181-5
methods	uv–vis absorption spectra	3	3	10.1038/s41377-024-01601-3;10.1038/s41467-018-06425-5;10.1038/s41467-025-64696-1
results	the time-resolved pl	3	3	10.1038/s41467-025-63653-2;alhtl_2017_cspbbr3-moo3-hil-peled;qc_2015_wearable-rgb-qled-array
methods	nuclear magnetic resonance	3	3	10.1038/s41377-025-01768-3;10.1038/s41467-020-16652-4;10.1038/s41467-022-35731-2
discussion	these results suggest	3	3	10.1038/s41467-020-14747-6;10.1038/s41467-025-58047-3;qdp_2013_auger-control-carrier-kinetics
results	in contrast both	3	3	10.1038/s41377-026-02247-z;10.1038/s41467-018-06294-y;10.1038/s41467-023-35954-x
results	motivated by the	3	3	10.1038/s41377-025-01740-1;10.1038/s41467-024-54160-x;10.1038/s41467-025-59515-6
introduction	quantum-dot light-emitting diodes	3	3	10.1038/s41377-025-01867-1;10.1038/s41467-023-43340-w;10.1038/s41467-024-49574-6
results	the surface of	3	3	10.1038/s41467-020-16865-7;10.1038/s41467-024-45944-2;10.1038/s41467-024-50634-0
methods	then 30 nm	3	3	10.1038/s41467-021-24931-x;10.1038/s41467-023-41041-y;10.1038/s41467-025-63389-z
results	this reflects the	3	3	10.1038/s41467-018-06425-5;10.1038/s41467-025-59515-6;10.1038/s41467-026-70555-4
results	by doing so	3	3	10.1038/s41467-024-50432-8;10.1038/s41467-024-52521-0;10.1038/s41928-024-01205-0
results	in addition for	3	3	10.1038/s41377-025-01817-x;10.1038/s41467-024-50022-8;10.1038/s41467-024-55376-7
methods	then 20 ml	3	3	10.1038/s41377-022-00855-z;10.1038/s41467-020-16855-9;10.1038/s41467-024-50432-8
results	to reveal the	3	3	10.1038/s41467-024-50634-0;10.1038/s41467-024-55653-5;10.1038/s41467-025-58470-6
methods	the environment around	3	3	10.1038/s41467-025-56068-6;10.1038/s41467-025-63389-z;10.1038/s41467-026-73911-6
results	the device architecture	3	3	10.1038/s41467-022-32010-y;10.1038/s41467-025-64111-9;10.1038/s41928-026-01670-9
methods	xps data were	3	3	10.1038/s41467-020-15481-9;10.1038/s41467-023-41929-9;10.1038/s41467-025-57304-9
discussion	we developed a	3	3	10.1038/s41467-026-73298-4;10.1038/s41467-026-73911-6;10.1038/s41928-024-01181-5
results	device performance of	3	3	10.1038/s41467-018-04986-z;10.1038/s41467-023-41929-9;10.1038/s41467-025-56001-x
results	the hc-sth of	3	1	10.1038/s41467-024-50893-x
results	this interaction is	3	3	10.1038/s41467-018-06425-5;10.1038/s41467-021-21522-8;10.1038/s41467-026-72625-z
abstract	to address this	3	3	10.1038/s41467-021-20970-6;10.1038/s41467-026-71949-0;10.1038/s43246-024-00645-7
results	moreover the el	3	3	10.1038/s41377-020-0328-6;10.1038/s41377-022-01036-8;10.1038/s41467-026-71292-4
results	this behavior is	3	3	10.1038/s41467-024-53965-0;10.1038/s41467-025-56815-9;10.1038/s41467-025-66981-5
results	figure 4c d	3	3	10.1038/s41467-022-29812-5;10.1038/s41467-023-41868-5;10.1038/s41467-024-47184-w
methods	xps was performed	3	3	10.1038/s41467-020-16855-9;10.1038/s41467-024-50893-x;alhtl_2017_cspbbr3-moo3-hil-peled
introduction	zhu et al.	3	3	10.1038/s41467-024-55653-5;10.1038/s41467-025-63389-z;10.1038/s41467-025-66421-4
methods	poeai csi pbi₂	3	1	10.1038/s41467-026-72733-w
results	the valence band	3	3	10.1038/s41377-024-01727-4;10.1038/s41467-019-09737-2;10.1038/s41467-026-69198-2
methods	ups was performed	3	3	10.1038/s41467-018-05909-8;10.1038/s41467-024-50893-x;10.1038/s41467-025-65135-x
methods	then the ito	3	3	10.1038/s41377-022-00855-z;10.1038/s41467-019-13909-5;10.1038/s41467-026-73911-6
results	tandem qleds operate	3	1	10.1038/s41377-025-01835-9
methods	a stock solution	3	3	10.1038/s41467-018-04986-z;10.1038/s41467-020-15481-9;10.1038/s41467-025-64696-1
results	the above discussion	3	3	10.1038/s41467-023-43472-z;10.1038/s41467-025-67347-7;10.1038/s41467-026-69198-2
results	meanwhile the improved	3	3	10.1038/s41467-019-13909-5;10.1038/s41467-020-17633-3;10.1038/s41467-023-41929-9
methods	the formation energy	3	3	10.1038/s41377-025-01867-1;10.1038/s41467-018-05909-8;10.1038/s41467-026-73911-6
methods	all materials are	3	3	10.1038/s41377-025-01835-9;10.1038/s41467-022-28037-w;10.1038/s41467-026-68315-5
methods	these substrates were	3	3	10.1038/s41377-025-01867-1;10.1038/s41467-022-29812-5;10.1038/s41467-024-44894-z
methods	the fabricated core/shell	3	1	10.1038/s41467-026-73298-4
results	notably the peak	3	3	10.1038/s41377-022-00992-5;10.1038/s41467-024-47184-w;10.1038/s41467-026-74583-y
methods	the afm measurements	3	3	10.1038/s41467-020-20433-4;10.1038/s41467-023-41929-9;10.1038/s41467-025-64596-4
results	figure 4a b	3	3	10.1038/s41467-020-20433-4;10.1038/s41467-022-28480-9;10.1038/s41467-023-38216-y
introduction	to our knowledge	3	3	10.1038/s41377-025-02000-y;10.1038/s41467-022-29812-5;10.1038/s41467-025-65135-x
results	the stabilized power	3	3	10.1038/s41467-019-13437-2;10.1038/s41467-019-13909-5;10.1038/s41467-026-71301-6
results	when the initial	3	3	10.1038/s41467-019-09737-2;10.1038/s41467-020-17633-3;10.1038/s41467-026-68315-5
results	we denote the	3	3	10.1038/s41467-025-56001-x;10.1038/s41467-026-74151-4;10.1038/s42005-021-00742-w
methods	first 0.5 mmol	3	2	10.1038/s41467-020-16855-9;10.1038/s41467-021-27652-3
results	the eqe curves	3	2	10.1038/s41928-026-01670-9;10.1038/s41467-025-63389-z
results	the stronger binding	3	2	10.1038/s41467-024-50022-8;10.1038/s41467-026-72625-z
results	it is revealed	3	3	10.1038/s41467-023-36118-7;10.1038/s41467-024-52521-0;10.1038/s41467-025-63389-z
methods	first 0.6 mmol	3	1	10.1038/s41467-020-16855-9
results	although a small	3	2	10.1038/s41467-024-47184-w;10.1038/s41467-018-02978-7
results	figure 4 shows	3	3	10.1038/s41467-021-24931-x;10.1038/s41467-023-35954-x;10.1038/s41586-024-07149-x
results	when the temperature	3	3	10.1038/s41467-022-28037-w;10.1038/s41467-024-50508-5;10.1038/s41467-024-52521-0
methods	the tfb solution	3	3	10.1038/s41377-025-01972-1;10.1038/s41377-026-02246-0;10.1038/s41467-025-57746-1
results	note that although	3	3	10.1038/s41467-019-13951-3;10.1038/s41467-025-65695-y;10.1038/s41467-026-75756-5
discussion	in summary the	3	3	10.1038/s41467-020-17633-3;10.1038/s41467-024-45945-1;10.1038/s43246-026-01177-y
methods	specifically 16 solar	3	3	10.1038/s41467-025-56068-6;10.1038/s41467-025-63389-z;10.1038/s41467-026-73911-6
results	as far as	3	3	10.1038/s41467-019-09794-7;10.1038/s41467-020-15481-9;10.1038/s41467-021-24762-w
results	we investigate the	3	3	10.1038/s41467-018-06425-5;10.1038/s41467-024-45944-2;10.1038/s41467-026-70555-4
results	based on our	3	3	10.1038/s41467-021-20970-6;10.1038/s41467-022-31189-4;10.1038/s41467-025-64596-4
results	under the same	3	3	10.1038/s41377-022-01036-8;10.1038/s41928-026-01670-9;10.1038/s43246-021-00203-5
results	the roughness of	3	3	10.1038/s41467-020-20433-4;10.1038/s41467-021-24616-5;10.1038/s41467-023-41929-9
results	characterization of perovskite	3	3	10.1038/s41467-020-17633-3;10.1038/s41467-024-45945-1;10.1038/s41467-025-56068-6
results	the device with	3	3	10.1038/s41377-024-01500-7;10.1038/s41467-024-44894-z;10.1038/s41928-024-01151-x
results	steady-state photoluminescence pl	3	3	10.1038/s41377-025-01987-8;10.1038/s41467-018-05760-x;10.1038/s41467-018-07099-9
introduction	the tamm plasmon	3	1	10.1038/s41467-024-49838-1
methods	patterned ito-coated glass	3	2	10.1038/s41467-021-24931-x;10.1038/s41467-023-41929-9
results	this also suggests	3	3	10.1038/s41377-025-01740-1;10.1038/s41467-019-08561-y;10.1038/s41467-022-32010-y
methods	the jv curves	3	3	10.1038/s41467-019-13909-5;10.1038/s41467-025-58047-3;10.1038/s41928-024-01151-x
results	as revealed by	3	3	10.1038/s41377-025-01972-1;10.1038/s41467-025-56815-9;10.1038/s41467-026-73911-6
methods	in our experiment	3	3	10.1038/s41467-023-41929-9;10.1038/s41928-026-01670-9;10.1038/s43246-020-00084-0
results	however as shown	3	3	10.1038/s41467-019-08561-y;10.1038/s41467-022-28037-w;10.1038/s43246-026-01177-y
results	the fitting results	3	3	10.1038/s41377-024-01704-x;10.1038/s41467-025-57304-9;10.1038/s41467-025-63389-z
methods	first-principles calculations based	3	2	10.1038/s41467-026-73298-4;10.1038/s41467-026-73911-6
results	as the current	3	3	10.1038/s41467-021-21522-8;10.1038/s41467-025-59527-2;10.1038/s43246-020-00084-0
methods	the pl spectrum	3	3	10.1038/s41467-022-29812-5;10.1038/s41467-023-40150-y;10.1038/s41467-025-61085-6
results	to our knowledge	3	3	10.1038/s41467-017-01379-6;10.1038/s41467-025-60886-z;10.1038/s43246-021-00203-5
discussion	we envision that	3	1	10.1038/s41467-024-47184-w
methods	a set of	3	3	10.1038/s41467-022-32010-y;10.1038/s41467-024-55812-8;10.1038/s41586-024-07149-x
introduction	the cause of	3	3	10.1038/s41467-022-29702-w;10.1038/s41467-024-55619-7;qdp_2013_carrier-multiplication-qd-films
methods	synthesis of zno	3	3	10.1038/s41467-021-25955-z;10.1038/s41467-025-64696-1;qdp_2013_auger-control-carrier-kinetics
introduction	all of these	3	2	10.1038/s41467-021-24762-w;10.1038/s41467-020-16855-9
methods	then 0.8 mmol	3	1	10.1038/s41467-023-35954-x
results	the peaks at	3	3	10.1038/s41377-022-01036-8;10.1038/s41467-020-16652-4;10.1038/s41467-021-21522-8
results	we estimate that	3	3	10.1038/s41467-022-29812-5;10.1038/s42005-023-01169-1;alhtl_2017_cspbbr3-moo3-hil-peled
results	to do so	3	3	10.1038/s41467-020-16560-7;10.1038/s41467-024-49751-7;10.1038/s41467-025-65695-y
methods	briefly 220 nmol	3	1	10.1038/s41467-022-35731-2
results	the sem images	3	2	10.1038/s41467-025-64596-4;10.1038/s41377-025-01740-1
results	to obtain a	3	3	10.1038/s41467-024-52521-0;10.1038/s41467-025-56987-4;10.1038/s41467-025-60886-z
results	as revealed in	3	2	10.1038/s41467-019-09794-7;10.1038/s41467-026-73911-6
results	the temperature dependence	3	3	10.1038/s41467-023-38216-y;10.1038/s41467-023-39531-0;10.1038/s41566-024-01458-3
introduction	in addition we	3	3	10.1038/s41377-025-01959-y;10.1038/s41467-020-20582-6;10.1038/s41563-025-02123-y
results	for example for	3	3	10.1038/s41467-020-16560-7;10.1038/s41467-024-47891-4;10.1038/s41928-024-01151-x
introduction	we demonstrate that	3	3	10.1038/s41377-025-01867-1;10.1038/s41467-019-12558-y;10.1038/s41467-025-57304-9
methods	during the certification	3	3	10.1038/s41467-025-56068-6;10.1038/s41467-025-63389-z;10.1038/s41467-026-73911-6
results	these findings collectively	3	2	10.1038/s41467-024-54160-x;10.1038/s41467-026-74583-y
results	the nyquist plots	3	3	10.1038/s41467-018-05760-x;10.1038/s41467-024-50893-x;10.1038/s41467-024-54160-x
results	the fwhm of	3	3	10.1038/s41377-020-0328-6;10.1038/s41467-018-06425-5;10.1038/s41467-024-45944-2
results	to account for	3	3	10.1038/s41467-023-40746-4;10.1038/s41467-024-54160-x;10.1038/s42005-021-00742-w
results	this enables us	3	3	10.1038/s41467-021-21522-8;10.1038/s41467-025-64696-1;qdp_2013_auger-control-carrier-kinetics
results	this is significantly	3	3	10.1038/s41377-025-02019-1;10.1038/s41467-023-36118-7;alhtl_2017_cspbbr3-moo3-hil-peled
methods	the surface morphology	3	3	10.1038/s41467-024-50508-5;10.1038/s41467-024-55653-5;10.1038/s43246-024-00645-7
methods	the emitted pl	3	3	10.1038/s41377-025-01972-1;10.1038/s41467-026-73298-4;10.1038/s41586-023-05855-6
results	this corresponds to	3	3	10.1038/s41467-022-31189-4;qdp_2012_lifetime-blinking-nonblinking-qd;qdp_2014_carrier-multiplication-quasi-type-ii
results	the steady-state absorption	3	3	10.1038/s41467-019-12558-y;10.1038/s41467-024-45945-1;10.1038/s41467-025-56987-4
results	to measure the	3	3	10.1038/s41377-025-01835-9;10.1038/s41467-021-27652-3;10.1038/s41467-024-49751-7
methods	the channel length	3	3	10.1038/s41467-020-18006-6;10.1038/s41467-025-57200-2;10.1038/s41586-024-07360-w
methods	qd-leds were fabricated	3	3	10.1038/s41467-020-15944-z;10.1038/s41467-025-57746-1;qdp_2013_auger-control-carrier-kinetics
results	for this reason	3	3	10.1038/s41467-023-36773-w;10.1038/s41467-024-53965-0;10.1038/s42005-021-00742-w
results	to elucidate this	3	3	10.1038/s41467-022-35731-2;10.1038/s41467-024-53965-0;10.1038/s41467-026-74198-3
results	the x1 and	3	1	10.1038/s42005-023-01169-1
results	this indicates a	3	3	10.1038/s41467-026-71949-0;10.1038/s41467-026-74583-y;10.1038/s41467-026-75756-5
results	the integrated current	3	3	10.1038/s41467-018-05760-x;10.1038/s41467-025-63389-z;10.1038/s41467-026-73911-6
results	this result indicated	3	1	10.1038/s41467-024-55653-5
results	a schematic of	3	3	10.1038/s41467-023-36773-w;10.1038/s41467-026-71949-0;10.1038/s41467-026-74151-4
methods	following this the	3	3	10.1038/s41467-024-47891-4;10.1038/s41467-024-54160-x;10.1038/s41467-025-57304-9
results	these observations are	3	3	10.1038/s41467-019-13951-3;10.1038/s41467-024-55376-7;10.1038/s43246-024-00576-3
methods	eqe spectra were	3	3	10.1038/s41467-019-13437-2;10.1038/s41467-022-32010-y;10.1038/s41467-026-71301-6
introduction	density functional theory	3	3	10.1038/s41377-022-00992-5;10.1038/s41467-025-59515-6;10.1038/s41467-026-71949-0
methods	the materials were	3	3	10.1038/s41377-022-01036-8;10.1038/s41467-024-49574-6;10.1038/s41586-023-05855-6
methods	the exciton density	3	1	10.1038/s41467-024-55812-8
results	to examine the	3	3	10.1038/s41467-021-22864-z;10.1038/s41467-024-47184-w;10.1038/s41467-025-56815-9
results	furthermore due to	3	3	10.1038/s41377-025-01835-9;10.1038/s41377-025-01959-y;10.1038/s41467-021-21522-8
results	this feature is	3	3	10.1038/s41467-017-01379-6;10.1038/s41467-020-15944-z;10.1038/s41467-022-31189-4
methods	in the measurement	3	2	10.1038/s41467-023-35954-x;10.1038/s41467-020-15481-9
results	figure 2g shows	3	3	10.1038/s41467-023-36773-w;10.1038/s41467-023-40194-0;10.1038/s41467-025-57200-2
results	haadf-stem images of	3	3	10.1038/s41467-024-45944-2;10.1038/s41467-026-71949-0;10.1038/s41467-026-74151-4
methods	the precipitated qds	3	3	10.1038/s41467-018-06294-y;10.1038/s41467-020-14756-5;10.1038/s41467-024-55619-7
methods	the long-term stability	3	3	10.1038/s41467-025-56068-6;10.1038/s41467-025-63389-z;10.1038/s41467-026-73911-6
results	in supplementary fig.	3	3	10.1038/s41467-025-56815-9;10.1038/s41467-025-64696-1;10.1038/s41467-026-73911-6
results	this is mainly	3	3	10.1038/s41377-022-00992-5;10.1038/s41467-025-64696-1;10.1038/s41467-026-74151-4
results	the applied voltage	3	3	10.1038/s41467-019-08749-2;10.1038/s41467-022-28037-w;10.1038/s41467-024-52521-0
results	the bf 4	3	1	10.1038/s41928-024-01181-5
results	as expected an	3	3	10.1038/s41467-020-20555-9;10.1038/s41467-021-24762-w;10.1038/s41467-023-35954-x
results	the transfer characteristics	3	2	10.1038/s41467-023-41041-y;10.1038/s41467-023-38216-y
results	rainbow's digital twin	3	1	10.1038/s41467-025-63209-4
results	this demonstrates that	3	3	10.1038/s41467-018-06294-y;10.1038/s41467-024-52401-7;10.1038/s41467-026-74151-4
methods	each data point	3	3	10.1038/s41467-019-08749-2;10.1038/s41467-024-44894-z;10.1038/s41467-025-58471-5
introduction	organic light-emitting diodes	3	3	10.1038/s41377-025-01817-x;10.1038/s41467-025-56987-4;10.1038/s41586-024-07149-x
introduction	here we use	3	3	10.1038/s41467-025-65135-x;10.1038/s41566-024-01458-3;qdp_2013_carrier-multiplication-qd-films
methods	lead bromide pbbr2	3	3	10.1038/s41467-025-57472-8;10.1038/s41467-025-64546-0;10.1038/s43246-026-01177-y
methods	the surface of	3	3	10.1038/s41467-020-16865-7;10.1038/s41467-024-55619-7;10.1038/s41467-025-57200-2
results	we have demonstrated	3	3	10.1038/s41467-022-29702-w;10.1038/s41467-025-60886-z;10.1038/s41467-025-63389-z
results	in contrast with	3	3	10.1038/s41377-025-01972-1;10.1038/s41467-020-20582-6;10.1038/s41467-024-50022-8
methods	for the measurements	3	3	10.1038/s41467-017-01379-6;10.1038/s41467-020-15944-z;10.1038/s41467-025-61511-9
results	the current density–voltage	3	3	10.1038/s41377-024-01500-7;10.1038/s41467-019-08561-y;10.1038/s41467-024-49838-1
results	the mixture of	3	2	10.1038/s41467-024-49751-7;10.1038/s41467-018-05909-8
results	this is especially	3	3	10.1038/s41467-019-09737-2;10.1038/s41467-021-20970-6;10.1038/s41467-023-41868-5
methods	in brief the	3	2	10.1038/s41467-024-55619-7;10.1038/s41467-025-58471-5
results	with the core	3	1	10.1038/s41467-023-35954-x
methods	scanning electron microscope	3	3	10.1038/s41377-025-02000-y;10.1038/s41467-021-27652-3;10.1038/s41467-023-41868-5
results	additionally in the	3	3	10.1038/s41467-024-51760-5;10.1038/s41467-024-53965-0;10.1038/s43246-024-00645-7
methods	after the substrate	3	3	10.1038/s41377-024-01704-x;10.1038/s41467-024-50508-5;10.1038/s41467-026-71292-4
results	high-resolution tem hrtem	3	3	10.1038/s41377-025-01867-1;10.1038/s41467-023-38216-y;10.1038/s41467-024-45945-1
results	in the presence	3	3	10.1038/s41467-018-06425-5;10.1038/s41467-023-40194-0;10.1038/s43246-026-01136-7
methods	ft-ir spectra were	3	3	10.1038/s41377-024-01601-3;10.1038/s41377-026-02246-0;10.1038/s41467-020-16652-4
results	qds covered by	3	1	10.1038/s41467-024-55619-7
results	the j–v curves	3	2	10.1038/s41467-024-50893-x;10.1038/s41467-018-05760-x
results	we further demonstrated	3	3	10.1038/s41377-026-02237-1;10.1038/s41467-026-71292-4;10.1038/s41467-026-75756-5
results	the inset image	3	2	10.1038/s41467-021-27652-3;10.1038/s41467-024-50634-0
methods	after the synthesis	3	1	10.1038/s41467-026-73298-4
discussion	our work provides	3	3	10.1038/s41467-018-03049-7;10.1038/s41467-023-43340-w;10.1038/s41467-024-55812-8
methods	regarding the ligand	3	1	10.1038/s41467-020-14756-5
results	to verify whether	3	3	10.1038/s41467-024-44894-z;10.1038/s41467-024-50432-8;10.1038/s41467-025-57746-1
methods	the crude product	3	1	10.1038/s41467-024-55619-7
methods	the ito glasses	3	3	10.1038/s41467-019-13909-5;10.1038/s41467-026-68315-5;10.1038/s41467-026-72115-2
results	this suggests a	3	3	10.1038/s41467-022-32010-y;10.1038/s41467-025-59515-6;10.1038/s41563-024-01812-4
results	figure 4f shows	3	3	10.1038/s41467-022-29538-4;10.1038/s41467-024-49574-6;10.1038/s41467-025-64111-9
results	atomic force microscope	3	3	10.1038/s41467-023-36118-7;10.1038/s41467-023-41868-5;10.1038/s41467-025-56557-8
results	inspection of fig.	3	1	10.1038/s41467-025-60886-z
results	the eqe histogram	3	3	10.1038/s41377-020-0328-6;10.1038/s41467-018-02978-7;10.1038/s41467-025-63684-9
methods	the ito /	3	1	10.1038/s41467-025-65871-0
introduction	in addition a	3	3	10.1038/s41377-022-00992-5;10.1038/s41377-024-01601-3;10.1038/s41377-026-02356-9
results	we then calculated	3	2	10.1038/s41467-025-63684-9;10.1038/s41467-024-55653-5
results	we also characterized	3	3	10.1038/s41377-022-01036-8;10.1038/s41467-020-15481-9;10.1038/s41467-026-72115-2
results	the ta results	3	2	10.1038/s41467-025-56001-x;10.1038/s41377-025-01740-1
methods	the reaction is	3	2	10.1038/s41467-025-64696-1;10.1038/s41467-025-65871-0
methods	the capacitance of	3	3	10.1038/s41467-023-38216-y;10.1038/s41467-024-47184-w;10.1038/s41467-026-68315-5
results	we also evaluated	3	3	10.1038/s41377-026-02237-1;10.1038/s41377-026-02247-z;10.1038/s41467-021-27652-3
results	we further investigated	3	3	10.1038/s41467-020-15481-9;10.1038/s41467-025-64546-0;10.1038/s41467-025-66421-4
results	in this configuration	3	3	10.1038/s41467-020-15481-9;10.1038/s41467-024-47891-4;10.1038/s41467-024-52401-7
discussion	we demonstrate that	3	3	10.1038/s41377-026-02231-7;10.1038/s41467-024-47891-4;10.1038/s41467-026-74583-y
methods	when the temperature	3	3	10.1038/s41467-020-16855-9;10.1038/s41467-024-50022-8;10.1038/s41467-026-70555-4
results	to systematically evaluate	3	3	10.1038/s41467-025-64111-9;10.1038/s41467-025-65871-0;10.1038/s41467-025-66981-5
methods	scanning transmission electron	3	3	10.1038/s41467-020-20582-6;10.1038/s41467-022-35731-2;10.1038/s41467-026-69200-x
results	to solve this	3	3	10.1038/s41467-020-16865-7;10.1038/s41467-022-29538-4;10.1038/s41467-022-32010-y
methods	steady-state and time-resolved	3	2	10.1038/s41467-026-73911-6;10.1038/s41467-020-20555-9
methods	fabrication of large-area	3	3	10.1038/s41467-025-56068-6;10.1038/s41467-025-63389-z;10.1038/s41467-026-73911-6
methods	the solution of	3	3	10.1038/s41467-019-09737-2;10.1038/s41467-024-50432-8;10.1038/s41467-025-58047-3
results	the correlation between	3	3	10.1038/s41467-020-15481-9;10.1038/s41467-023-35954-x;10.1038/s41467-023-36118-7
results	we then examine	3	3	10.1038/s41377-024-01704-x;10.1038/s41467-020-20433-4;10.1038/s41467-021-20970-6
results	in the ftir	3	3	10.1038/s41377-025-01768-3;10.1038/s41377-026-02247-z;10.1038/s41467-026-68315-5
results	figure 1f shows	3	3	10.1038/s41467-023-36773-w;10.1038/s41467-024-49574-6;10.1038/s41467-024-55619-7
methods	for the 1.66	3	2	10.1038/s41467-025-63389-z;10.1038/s41467-025-56068-6
methods	the stability test	3	3	10.1038/s41467-021-20970-6;10.1038/s41467-023-41929-9;10.1038/s41467-024-52401-7
methods	the details of	3	2	10.1038/s41467-018-03049-7;alhtl_2017_cspbbr3-moo3-hil-peled
results	the enhancement in	3	3	10.1038/s41467-024-51760-5;10.1038/s41467-024-53965-0;10.1038/s41467-025-65135-x
discussion	we have developed	3	3	10.1038/s41377-024-01601-3;10.1038/s41467-018-07099-9;10.1038/s41467-019-13437-2
methods	calculations of the	3	1	10.1038/s41467-025-67737-x
discussion	in particular the	3	3	10.1038/s41467-019-09794-7;10.1038/s41467-024-53965-0;10.1038/s41467-025-61511-9
abstract	herein we report	3	3	10.1038/s41377-025-02019-1;10.1038/s41467-018-05760-x;10.1038/s41467-025-56068-6
results	when the thickness	3	2	10.1038/s43246-020-00084-0;10.1038/s41377-020-0328-6
results	the pl maximum	3	3	10.1038/s41467-018-05909-8;10.1038/s41467-019-09794-7;10.1038/s41467-024-49838-1
results	in addition in	3	2	10.1038/s41377-025-01959-y;10.1038/s41467-023-40194-0
results	to avoid the	3	3	10.1038/s41467-022-29702-w;10.1038/s41467-023-35954-x;10.1038/s41467-024-45945-1
methods	subsequently the perovskite	3	3	10.1038/s41467-021-24616-5;10.1038/s41467-025-56068-6;10.1038/s41467-025-63389-z
results	to evaluate how	3	3	10.1038/s41377-025-01972-1;10.1038/s41467-024-52521-0;10.1038/s41467-024-55376-7
methods	the deposition and	3	2	10.1038/s41467-025-56815-9;10.1038/s41467-022-32010-y
methods	the eqe was	3	3	10.1038/s41377-022-00855-z;10.1038/s41467-024-49574-6;10.1038/s41586-023-05855-6
methods	the device fabrication	3	3	10.1038/s41467-023-36773-w;10.1038/s41467-023-40194-0;10.1038/s41467-023-41041-y
introduction	for example in	3	2	10.1038/s41467-022-29812-5;10.1038/s41467-022-29702-w
methods	the resulting films	3	3	10.1038/s41467-018-05909-8;10.1038/s41467-020-16652-4;10.1038/s41467-024-54160-x
methods	the base pressure	3	3	10.1038/s41467-022-28480-9;10.1038/s41467-024-49838-1;alhtl_2017_cspbbr3-moo3-hil-peled
methods	white led light	3	3	10.1038/s41467-025-56068-6;10.1038/s41467-025-63389-z;10.1038/s41467-026-73911-6
results	figure 3f shows	3	3	10.1038/s41467-021-24931-x;10.1038/s41467-025-57200-2;10.1038/s43246-020-00084-0
results	the uniformity of	3	2	10.1038/s43246-024-00576-3;10.1038/s41467-025-59527-2
methods	to obtain a	3	3	10.1038/s41467-021-27652-3;10.1038/s41467-022-31189-4;10.1038/s41467-025-66421-4
discussion	we have successfully	3	3	10.1038/s41467-024-49574-6;10.1038/s41467-025-58047-3;10.1038/s43246-026-01136-7
results	the hole-only device	3	3	10.1038/s41377-025-01959-y;10.1038/s41377-026-02247-z;10.1038/s41467-025-56001-x
results	from the perspective	3	2	10.1038/s41467-025-56068-6;10.1038/s43246-026-01177-y
results	to validate our	3	3	10.1038/s41377-026-02247-z;10.1038/s41467-022-31853-9;10.1038/s41467-026-69198-2
results	the equivalent circuit	3	3	10.1038/s41467-023-41041-y;10.1038/s41467-024-47891-4;10.1038/s41467-025-67347-7
results	however for the	3	3	10.1038/s41467-022-32010-y;10.1038/s41467-025-65695-y;qdp_2016_inas-qd-size-tunable-nir-emission
methods	for the growth	3	3	10.1038/s41467-017-01379-6;10.1038/s41467-020-14756-5;10.1038/s41467-025-57304-9
methods	measurements were performed	3	3	10.1038/s41467-022-29702-w;10.1038/s41467-024-55812-8;10.1038/s43246-024-00576-3
results	in addition both	3	3	10.1038/s41377-025-01835-9;10.1038/s41377-025-01972-1;10.1038/s41467-020-16652-4
results	we examined the	3	3	10.1038/s41467-023-43408-7;10.1038/s41467-024-55812-8;10.1038/s41467-026-72733-w
methods	then the substrate	3	3	10.1038/s41377-025-01768-3;10.1038/s41467-022-29812-5;10.1038/s41563-025-02123-y
methods	the perovskite layer	3	2	10.1038/s41467-026-75756-5;10.1038/s41928-024-01151-x
methods	to account for	3	3	10.1038/s41467-025-63389-z;10.1038/s41467-026-71949-0;qdp_2016_inas-qd-size-tunable-nir-emission
methods	after back-filling with	3	2	10.1038/s41467-021-25955-z;10.1038/s41467-024-49791-z
results	following moisture treatment	3	1	10.1038/s41467-024-54160-x
methods	to determine the	3	3	10.1038/s41377-025-01972-1;10.1038/s41467-021-20970-6;10.1038/s41563-024-01812-4
results	from the output	3	3	10.1038/s41467-025-57200-2;10.1038/s41467-025-67347-7;10.1038/s41586-024-07360-w
methods	the contact angle	3	3	10.1038/s41377-026-02237-1;10.1038/s41467-023-41929-9;10.1038/s41467-025-64546-0
methods	then the flask	3	3	10.1038/s41377-022-00855-z;10.1038/s41467-024-55619-7;10.1038/s43246-026-01136-7
methods	chlorobenzene extra dry	3	3	10.1038/s41467-020-14756-5;10.1038/s41467-020-15944-z;10.1038/s41467-025-58471-5
results	the atomic force	3	3	10.1038/s41377-024-01704-x;10.1038/s41467-022-29812-5;10.1038/s41467-025-56001-x
introduction	in the case	3	3	10.1038/s41467-022-31189-4;10.1038/s41467-024-53965-0;10.1038/s41467-025-58471-5
results	the emission of	3	3	10.1038/s41467-018-02978-7;10.1038/s41467-018-06294-y;10.1038/s41467-021-24931-x
methods	tem samples were	3	3	qdp_2013_auger-control-carrier-kinetics;qdp_2014_carrier-multiplication-quasi-type-ii;qdp_2016_inas-qd-size-tunable-nir-emission
methods	ups measurements were	3	3	10.1038/s41467-022-29702-w;10.1038/s41467-026-74583-y;10.1038/s41563-025-02123-y
results	under reverse bias	3	2	10.1038/s41467-023-40194-0;10.1038/s41377-024-01500-7
results	in particular we	3	3	10.1038/s41467-020-20555-9;10.1038/s41467-020-20582-6;10.1038/s41586-023-05855-6
results	therefore we conclude	3	3	10.1038/s41467-025-56557-8;10.1038/s41467-025-57746-1;10.1038/s41467-025-58470-6
methods	the spin concentration	3	1	10.1038/s41377-026-02356-9
methods	the plane-wave cutoff	3	3	10.1038/s41467-025-64111-9;10.1038/s41467-025-65695-y;10.1038/s41467-025-66421-4
methods	ta measurements were	3	3	10.1038/s41467-021-21522-8;10.1038/s41467-026-73298-4;10.1038/s41467-026-74583-y
methods	the structures of	3	3	10.1038/s41467-025-56987-4;10.1038/s41467-026-72733-w;10.1038/s41566-024-01458-3
results	due to their	3	3	10.1038/s41467-024-49751-7;10.1038/s41467-024-52521-0;10.1038/s41467-024-55812-8
results	after determining the	3	3	10.1038/s41467-019-13951-3;10.1038/s41467-024-50508-5;10.1038/s41928-024-01205-0
introduction	rb⁺ and k⁺	3	1	10.1038/s41467-025-61085-6
results	by measuring the	3	3	10.1038/s41467-024-45944-2;10.1038/s41467-024-52521-0;10.1038/s43246-020-00084-0
methods	the pump pulses	3	3	10.1038/s41467-019-13951-3;10.1038/s41467-020-17633-3;10.1038/s41566-024-01458-3
results	to confirm that	3	3	10.1038/s41467-022-32010-y;10.1038/s41467-024-50432-8;10.1038/s41467-025-61511-9
introduction	the development of	3	3	10.1038/s41467-022-31478-y;10.1038/s41467-024-47184-w;10.1038/s41467-025-61511-9
results	ultraviolet photoelectron spectroscopy	3	3	10.1038/s41377-026-02231-7;10.1038/s41467-024-55653-5;10.1038/s41467-025-66421-4
methods	the growth was	3	2	10.1038/s41467-024-49791-z;10.1038/s41467-026-69200-x
methods	the ups was	3	3	10.1038/s41467-018-04986-z;10.1038/s41467-024-44894-z;10.1038/s41467-024-46243-6
introduction	based on our	3	3	10.1038/s41467-018-03049-7;10.1038/s41467-022-31189-4;10.1038/s41467-025-61511-9
results	to exclude the	3	3	10.1038/s41377-026-02246-0;10.1038/s41467-024-55653-5;10.1038/s41467-026-72625-z
results	at a higher	3	2	10.1038/s41467-024-52521-0;10.1038/s41467-021-24931-x
results	the trap densities	3	3	10.1038/s41377-025-02019-1;10.1038/s41467-018-05760-x;10.1038/s43246-024-00645-7
methods	the laser light	3	3	10.1038/s41467-020-15944-z;10.1038/s41467-023-41041-y;qdp_2016_inas-qd-size-tunable-nir-emission
results	for the top	3	3	10.1038/s41467-019-09737-2;10.1038/s41467-024-55653-5;10.1038/s41467-025-58047-3
results	the grain size	3	3	10.1038/s41377-025-01740-1;10.1038/s41467-018-05760-x;10.1038/s41467-025-56001-x
methods	the current density	3	3	10.1038/s41377-025-01835-9;10.1038/s41467-023-36118-7;10.1038/s43246-021-00203-5
results	as the amount	3	3	10.1038/s41467-020-16855-9;10.1038/s41467-025-62345-1;10.1038/s43246-026-01177-y
results	for both driver	3	1	10.1038/s41928-024-01205-0
results	in our previous	3	2	10.1038/s41467-024-50508-5;10.1038/s41467-025-56068-6
results	the number of	3	3	10.1038/s41377-022-00855-z;10.1038/s41467-022-35731-2;10.1038/s41467-024-52521-0
methods	the measurement was	3	3	10.1038/s41467-022-29538-4;10.1038/s41467-023-38216-y;10.1038/s41467-025-65871-0
introduction	to the best	3	3	10.1038/s41467-024-50432-8;10.1038/s41467-026-74198-3;10.1038/s43246-026-01136-7
introduction	compared to the	3	3	10.1038/s41377-026-02231-7;10.1038/s41467-021-24762-w;10.1038/s41467-025-67347-7
introduction	however despite the	3	3	10.1038/s41467-023-41868-5;10.1038/s41467-024-49751-7;10.1038/s41467-024-55812-8
methods	k-points are sampled	3	3	10.1038/s41377-024-01704-x;10.1038/s41377-026-02237-1;10.1038/s41377-026-02246-0
introduction	full size image	3	3	10.1038/s41467-024-52401-7;10.1038/s41586-024-07149-x;10.1038/s41928-024-01181-5
introduction	in contrast the	3	2	10.1038/s41467-024-54160-x;10.1038/s41467-026-69200-x
discussion	our work demonstrates	3	3	10.1038/s41467-017-01379-6;10.1038/s41467-025-57200-2;10.1038/s41467-025-66981-5
abstract	here we reveal	3	3	10.1038/s41467-020-15944-z;10.1038/s41467-025-65695-y;10.1038/s41467-026-71949-0
methods	then the films	3	3	10.1038/s41377-026-02246-0;10.1038/s41467-020-14747-6;10.1038/s41467-024-51760-5
results	upon increasing the	3	3	10.1038/s41467-025-56557-8;10.1038/s43246-021-00203-5;alhtl_2017_cspbbr3-moo3-hil-peled
methods	the electrostatic potentials	3	3	10.1038/s41467-025-56068-6;10.1038/s41467-025-63389-z;10.1038/s41467-026-72625-z
discussion	in this study	3	3	10.1038/s41467-018-05909-8;10.1038/s41467-022-28480-9;10.1038/s41467-025-64546-0
results	the external quantum	2	2	10.1038/s41467-018-04986-z;10.1038/s41467-024-55653-5
results	the sample was	2	1	10.1038/s41467-023-43472-z
results	the space-charge-limited-current sclc	2	2	10.1038/s41467-018-07099-9;10.1038/s41467-025-56001-x
results	moreover the pl	2	2	10.1038/s41377-024-01727-4;10.1038/s41467-026-72733-w
methods	the materials used	2	2	10.1038/s41467-024-52401-7;10.1038/s41467-024-54160-x
results	scale bar 3	2	1	10.1038/s41467-023-43472-z
methods	the cdse/cds core/shell	2	2	10.1038/s41467-017-01379-6;10.1038/s41467-020-14756-5
results	optical simulations were	2	1	10.1038/s41467-024-49751-7
results	however the introduction	2	2	10.1038/s41467-020-18006-6;10.1038/s41467-025-57304-9
methods	due to the	2	2	10.1038/s41467-022-31478-y;10.1038/s41467-025-66981-5
results	therefore the energy	2	2	10.1038/s41467-025-59515-6;10.1038/s41467-026-73911-6
methods	colloidal zno nanocrystals	2	1	10.1038/s41467-020-14747-6
results	figure 2ad show	2	2	10.1038/s41377-026-02356-9;10.1038/s41467-022-28480-9
methods	finally 10 nm	2	2	10.1038/s41467-019-13909-5;10.1038/s41467-022-29702-w
methods	zno etl was	2	2	10.1038/s41467-019-13909-5;10.1038/s41467-021-25955-z
methods	next the qds	2	2	10.1038/s41467-020-14756-5;10.1038/s41467-025-57304-9
methods	after completing reaction	2	1	10.1038/s41467-025-59527-2
results	the ea spectra	2	1	10.1038/s41467-019-08749-2
methods	transient pl was	2	2	10.1038/s41563-024-01812-4;10.1038/s41566-024-01458-3
methods	the sspl and	2	2	10.1038/s41467-025-56068-6;10.1038/s41467-025-63389-z
results	as indicated by	2	2	10.1038/s41467-021-24762-w;qdp_2013_auger-control-carrier-kinetics
results	as a demonstration	2	2	10.1038/s41377-025-01835-9;10.1038/s41467-024-47891-4
methods	time-resolved fluorescence decay	2	2	10.1038/s41467-025-56987-4;10.1038/s41467-026-74583-y
results	in addition since	2	2	10.1038/s41467-024-50508-5;10.1038/s41467-024-53965-0
results	from the tem	2	2	10.1038/s41467-025-57200-2;10.1038/s43246-026-01136-7
methods	by opening the	2	2	10.1038/s41467-025-56068-6;10.1038/s41467-025-63389-z
results	as schematically shown	2	2	10.1038/s41377-025-01835-9;10.1038/s41467-024-47891-4
results	meanwhile as shown	2	2	10.1038/s41377-025-01768-3;10.1038/s43246-020-00084-0
methods	the donor/acceptor blend	2	1	10.1038/s41467-024-55376-7
methods	the ps sphere	2	1	10.1038/s41377-024-01601-3
results	s8 and s9	2	2	10.1038/s41377-026-02356-9;10.1038/s41467-025-66981-5
discussion	compared with the	2	2	10.1038/s41467-018-02978-7;10.1038/s41467-024-49838-1
results	the xps analysis	2	2	10.1038/s41467-025-59515-6;10.1038/s41467-025-61085-6
methods	the other end	2	2	10.1038/s41467-023-41929-9;qdp_2013_carrier-multiplication-qd-films
methods	the test environment	2	2	10.1038/s41467-025-56068-6;10.1038/s41467-025-63389-z
results	the ground state	2	2	10.1038/s41467-025-63684-9;10.1038/s41467-026-72733-w
results	as the results	2	1	10.1038/s41467-020-15481-9
methods	to characterize the	2	2	10.1038/s41467-024-52401-7;10.1038/s41586-023-05855-6
methods	a 100 nm	2	2	10.1038/s41467-024-49838-1;10.1038/s41467-025-64696-1
introduction	here we investigate	2	2	10.1038/s41467-018-07383-8;qdp_2012_lifetime-blinking-nonblinking-qd
methods	perovskite thin film	2	2	10.1038/s41467-021-22864-z;10.1038/s41467-023-40150-y
results	furthermore the target	2	2	10.1038/s41377-025-02019-1;10.1038/s41467-026-72115-2
introduction	we also demonstrated	2	2	10.1038/s41467-025-56068-6;10.1038/s41928-024-01205-0
results	more critically the	2	2	10.1038/s41467-023-35954-x;10.1038/s41467-024-51760-5
results	device stability was	2	2	10.1038/s41467-025-65871-0;10.1038/s41467-026-71301-6
introduction	consequently there is	2	2	10.1038/s41467-025-63389-z;10.1038/s41586-024-07149-x
results	the resulting light	2	1	10.1038/s41467-024-47891-4
results	the rram is	2	1	10.1038/s41467-021-24762-w
introduction	we also show	2	2	10.1038/s41928-024-01151-x;10.1038/s41928-026-01670-9
methods	the samples are	2	2	10.1038/s41467-024-45944-2;10.1038/s41467-025-64696-1
results	the dft calculated	2	1	10.1038/s41467-024-50022-8
results	the small-signal current	2	1	10.1038/s41467-025-67347-7
introduction	apart from the	2	2	10.1038/s41467-018-07099-9;10.1038/s41467-023-43408-7
results	the continuous blue-shift	2	1	10.1038/s41467-020-16855-9
results	figure 4a illustrates	2	2	10.1038/s41467-020-16865-7;10.1038/s41467-026-68315-5
methods	znmgo nanoparticles in	2	2	10.1038/s41377-025-01972-1;10.1038/s41467-024-52521-0
results	building upon the	2	2	10.1038/s41377-025-01740-1;10.1038/s41467-024-52401-7
results	a logarithmic j-v	2	1	10.1038/s41467-023-36773-w
methods	finally the fabrication	2	2	10.1038/s41467-018-02978-7;10.1038/s41467-026-72115-2
results	in comparison to	2	2	10.1038/s41467-024-52401-7;10.1038/s41467-026-71949-0
methods	finally an 80	2	2	10.1038/s41467-018-07099-9;10.1038/s41467-019-13437-2
introduction	the latter is	2	2	qdp_2012_lifetime-blinking-nonblinking-qd;qdp_2014_carrier-multiplication-quasi-type-ii
results	the data were	2	1	10.1038/s41467-025-57200-2
results	we tested the	2	2	10.1038/s41377-024-01500-7;alhtl_2017_cspbbr3-moo3-hil-peled
results	the peak wavelength	2	2	10.1038/s41467-022-31853-9;10.1038/s41467-026-74151-4
results	the most striking	2	2	10.1038/s41467-020-20582-6;qdp_2014_carrier-multiplication-quasi-type-ii
methods	bright-field and fluorescence	2	2	10.1038/s41467-021-24931-x;10.1038/s41467-025-64696-1
results	as a consequence	2	2	10.1038/s41467-024-46243-6;10.1038/s41467-024-53221-5
methods	to conduct the	2	2	10.1038/s41467-023-36118-7;10.1038/s41467-025-57472-8
methods	the solvent was	2	2	10.1038/s41467-020-20433-4;10.1038/s41467-025-63684-9
results	to minimize the	2	2	10.1038/s41467-019-08749-2;10.1038/s41467-025-63389-z
methods	the cross-section images	2	2	10.1038/s41467-024-44894-z;10.1038/s41467-025-57746-1
results	this strategy is	2	2	10.1038/s41467-025-57472-8;10.1038/s41586-024-07149-x
introduction	they consist of	2	2	10.1038/s41467-018-03049-7;10.1038/s41586-024-07149-x
results	photovoltaic performance of	2	2	10.1038/s41467-019-13437-2;10.1038/s41467-025-63389-z
results	this supports that	2	2	10.1038/s41467-025-59515-6;10.1038/s41566-024-01458-3
introduction	herein we develop	2	2	10.1038/s41467-020-14747-6;10.1038/s41467-026-69198-2
methods	the plqy values	2	2	10.1038/s41467-024-45944-2;10.1038/s41467-025-57746-1
results	the corresponding performance	2	1	10.1038/s41467-024-55376-7
methods	time resolution for	2	1	10.1038/s41467-024-55812-8
results	accordingly the nonradiative	2	2	10.1038/s41377-025-01768-3;10.1038/s41467-024-49751-7
results	the onset voltage	2	2	10.1038/s41467-020-20555-9;10.1038/s41586-024-07360-w
methods	the znmgo nanocrystals	2	1	10.1038/s41467-025-58471-5
results	in fig. 2a	2	2	10.1038/s41467-022-31189-4;10.1038/s41586-023-05855-6
results	however the measurements	2	1	10.1038/s41467-019-09737-2
results	however during the	2	2	10.1038/s41467-025-64546-0;10.1038/s41928-026-01670-9
results	the time at	2	2	10.1038/s41467-024-46243-6;10.1038/s41928-024-01181-5
methods	the in situ	2	2	10.1038/s41467-025-58471-5;10.1038/s41467-026-71949-0
discussion	the eqe of	2	2	10.1038/s41467-020-20433-4;10.1038/s41467-024-49574-6
results	for the pristine	2	1	10.1038/s41377-026-02247-z
methods	the perovskite layers	2	2	10.1038/s41467-025-58470-6;10.1038/s43246-024-00645-7
discussion	we found that	2	2	10.1038/s41467-023-40746-4;alhtl_2017_cspbbr3-moo3-hil-peled
results	this peak is	2	2	10.1038/s41467-024-47184-w;10.1038/s41467-026-71949-0
results	figure 4a and	2	2	10.1038/s41377-022-00855-z;10.1038/s41467-025-56068-6
results	the t_95_ operational	2	1	10.1038/s41467-025-65135-x
methods	conversely the probability	2	1	10.1038/s41467-025-65135-x
methods	a probe station	2	2	10.1038/s41467-025-64596-4;10.1038/s41467-025-67347-7
introduction	however there are	2	2	10.1038/s41377-025-02000-y;10.1038/s43246-024-00645-7
results	the freshly prepared	2	2	10.1038/s41467-024-50893-x;10.1038/s41467-026-71301-6
methods	to ensure the	2	2	10.1038/s41467-023-39488-0;10.1038/s41467-024-50508-5
introduction	thus developing a	2	2	10.1038/s41467-021-24931-x;10.1038/s41467-025-57200-2
results	rhe for the	2	1	10.1038/s41467-024-50893-x
introduction	as shown in	2	2	10.1038/s41467-024-52208-6;10.1038/s41467-024-53965-0
methods	phenylethylammonium bromide peabr	2	2	10.1038/s41467-018-02978-7;10.1038/s41467-023-41929-9
introduction	here we develop	2	2	10.1038/s41467-025-59527-2;10.1038/s41467-025-62345-1
methods	the photoluminescence spectra	2	2	10.1038/s41467-020-14756-5;10.1038/s41467-023-35954-x
methods	keithley 2400 source	2	1	10.1038/s41467-022-29702-w
methods	the absolute el	2	2	10.1038/s41467-018-05909-8;10.1038/s41467-026-75756-5
methods	electrochemical impedance spectroscopy	2	2	10.1038/s41467-024-55653-5;10.1038/s41467-026-74583-y
results	by contrast in	2	2	10.1038/s41566-024-01458-3;10.1038/s42005-021-00742-w
results	therefore we infer	2	1	10.1038/s41467-025-64696-1
results	both tbucz-m-cf3 and	2	1	10.1038/s41377-025-01817-x
methods	the electronic structure	2	2	10.1038/s41467-020-16560-7;10.1038/s41467-025-62345-1
results	the diffraction rings	2	2	10.1038/s41467-024-55653-5;10.1038/s41467-025-64111-9
results	to directly compare	2	2	10.1038/s41377-025-01972-1;10.1038/s41467-026-73298-4
results	the shift in	2	2	10.1038/s41467-021-27652-3;10.1038/s41467-024-54160-x
methods	the extent of	2	2	10.1038/s41467-024-49791-z;10.1038/s41467-024-55619-7
results	in spite of	2	2	10.1038/s41467-020-14747-6;10.1038/s41467-020-20555-9
results	the spectrum of	2	1	10.1038/s41467-022-31853-9
results	in the cu-doped	2	1	10.1038/s41467-019-12558-y
results	to gain a	2	2	10.1038/s41467-024-50634-0;qdp_2013_auger-control-carrier-kinetics
abstract	in addition we	2	2	10.1038/s41467-020-14747-6;qdp_2013_carrier-multiplication-qd-films
results	for all the	2	2	10.1038/s41467-021-20970-6;10.1038/s41467-022-28480-9
methods	to fabricate a	2	2	10.1038/s41467-024-49574-6;10.1038/s41586-023-05855-6
results	to show the	2	2	10.1038/s41467-025-56815-9;10.1038/s43246-024-00576-3
methods	the ag nc	2	1	10.1038/s41467-025-64596-4
methods	el spectra of	2	2	10.1038/s41377-025-01972-1;10.1038/s41467-022-28037-w
methods	to avoid the	2	2	10.1038/s41467-019-08749-2;10.1038/s41467-021-22864-z
results	the first df	2	1	10.1038/s41467-025-56987-4
results	these results demonstrated	2	2	10.1038/s41377-022-00855-z;10.1038/s41467-025-63389-z
results	the high performance	2	2	10.1038/s41467-020-16865-7;alhtl_2017_cspbbr3-moo3-hil-peled
results	the built-in potential	2	2	10.1038/s41467-024-52521-0;10.1038/s41467-025-63389-z
results	characterization of the	2	2	10.1038/s41467-020-15481-9;10.1038/s41467-025-67737-x
introduction	however compared with	2	2	10.1038/s41467-025-63389-z;10.1038/s41563-024-01812-4
methods	the 400 nm	2	2	10.1038/s41467-023-40150-y;10.1038/s41467-025-61085-6
abstract	this approach significantly	2	2	10.1038/s41377-025-02019-1;10.1038/s41467-025-58470-6
results	we note a	2	2	10.1038/s41467-025-64596-4;10.1038/s41467-025-66981-5
results	the dissociative mc	2	1	10.1038/s41377-026-02246-0
methods	cyclic voltammetry cv	2	2	10.1038/s41467-019-13951-3;10.1038/s41467-026-72115-2
introduction	in comparison the	2	2	10.1038/s41467-023-35954-x;10.1038/s43246-021-00203-5
methods	the sdc technique	2	1	10.1038/s43246-024-00645-7
results	to clarify the	2	2	10.1038/s41467-026-72625-z;10.1038/s42005-021-00742-w
results	this variation is	2	2	10.1038/s41467-025-65695-y;10.1038/s41467-026-69200-x
results	for the reaction	2	2	10.1038/s41467-022-35731-2;10.1038/s41467-023-39531-0
results	leveraging the advantages	2	2	10.1038/s41377-025-01740-1;10.1038/s41467-025-58047-3
methods	finally an al	2	2	10.1038/s41467-020-16865-7;10.1038/s41467-024-44894-z
methods	pedot:pss was deposited	2	2	10.1038/s41467-024-49574-6;10.1038/s41467-025-62345-1
methods	then ethanol was	2	2	10.1038/s41467-020-14756-5;10.1038/s41467-020-15481-9
methods	two microliters of	2	1	10.1038/s41467-025-65135-x
introduction	however the eqe	2	2	10.1038/s41467-023-43472-z;alhtl_2017_cspbbr3-moo3-hil-peled
results	the injection of	2	2	10.1038/s41467-020-15944-z;10.1038/s41467-024-50022-8
methods	all coating processes	2	1	10.1038/s43246-024-00645-7
results	here we can	2	2	10.1038/s41467-018-03049-7;10.1038/s41586-024-07149-x
results	the zno etl	2	2	10.1038/s41467-021-25955-z;10.1038/s41586-023-05855-6
methods	the 365 nm	2	2	10.1038/s41467-025-56987-4;10.1038/s41467-025-63653-2
results	the ideality factors	2	1	10.1038/s41467-022-31478-y
methods	the kinetic energy	2	2	10.1038/s41467-025-57746-1;10.1038/s42005-021-00742-w
results	the corresponding normalized	2	1	10.1038/s41467-026-74151-4
results	in all these	2	2	10.1038/s41467-019-13951-3;10.1038/s41467-020-14756-5
methods	during the second	2	2	10.1038/s41377-024-01704-x;10.1038/s41467-018-05760-x
results	2)(0 of the	2	1	10.1038/s41467-017-01379-6
results	in the fabrication	2	2	10.1038/s41467-022-31853-9;10.1038/s41467-023-41868-5
results	we then explore	2	2	10.1038/s41377-020-0328-6;10.1038/s41467-025-64696-1
results	for both devices	2	2	10.1038/s41467-018-04986-z;10.1038/s41467-022-31189-4
results	we observed the	2	2	10.1038/s41377-024-01704-x;10.1038/s41467-020-17633-3
results	except that the	2	1	10.1038/s41467-020-16659-x
results	we propose a	2	2	10.1038/s41467-021-27652-3;10.1038/s41467-025-58471-5
results	having established the	2	2	10.1038/s41467-024-55376-7;10.1038/s41467-026-72733-w
introduction	in such a	2	2	10.1038/s41467-022-28037-w;10.1038/s41467-025-57472-8
results	the 2dpaa-treated device	2	1	10.1038/s41467-024-55653-5
methods	plqy was measured	2	2	10.1038/s41377-024-01601-3;10.1038/s41377-025-01987-8
results	the electron injection	2	2	10.1038/s41377-025-01867-1;10.1038/s41467-021-25955-z
results	this together with	2	2	10.1038/s41467-023-43408-7;10.1038/s43246-021-00203-5
results	the vth values	2	1	10.1038/s41928-024-01205-0
results	the horizontal pitch	2	1	10.1038/s41467-022-31853-9
results	an increase in	2	2	10.1038/s41467-024-50634-0;10.1038/s41928-026-01670-9
results	the electrostatic potential	2	2	10.1038/s41377-025-02019-1;10.1038/s41467-026-69198-2
methods	after 10 min	2	2	10.1038/s41467-025-58470-6;qdp_2016_inas-qd-size-tunable-nir-emission
methods	the eis measurements	2	2	10.1038/s41467-023-41929-9;10.1038/s41467-026-73911-6
methods	synthesis of znse@zns	2	1	10.1038/s41467-026-70555-4
results	this energy level	2	2	10.1038/s41467-023-41929-9;10.1038/s41467-025-65695-y
results	the light emission	2	1	10.1038/s41467-023-43472-z
methods	device lifetimes were	2	2	10.1038/s41377-025-01817-x;10.1038/s41467-026-72733-w
methods	soft bake substrates	2	1	10.1038/s41377-025-02000-y
methods	however for the	2	2	10.1038/s41467-022-31853-9;10.1038/s41467-025-58047-3
methods	the optical properties	2	2	10.1038/s41467-023-36118-7;10.1038/s43246-024-00576-3
methods	the mott-schottky measurements	2	2	10.1038/s41467-025-56068-6;10.1038/s41467-025-63389-z
results	oxygen ion diffusion	2	1	10.1038/s41467-023-40746-4
methods	for perovskite films	2	2	10.1038/s41467-025-58470-6;10.1038/s41467-025-63389-z
results	we focus our	2	2	10.1038/s41467-020-20582-6;10.1038/s41467-025-61511-9
results	for a more	2	2	10.1038/s41377-025-02019-1;10.1038/s41467-023-43340-w
results	the fraction of	2	2	10.1038/s41467-023-43340-w;qc_2015_wearable-rgb-qled-array
results	figure 5d illustrates	2	2	10.1038/s41467-023-41041-y;10.1038/s41928-024-01205-0
results	the increased plqy	2	2	10.1038/s41467-024-50022-8;10.1038/s41467-026-72625-z
introduction	these results demonstrate	2	2	10.1038/s41467-018-07383-8;10.1038/s41467-024-49751-7
methods	theoretical calculations were	2	2	10.1038/s41467-025-62345-1;10.1038/s41467-026-71301-6
results	therefore the improved	2	2	10.1038/s41467-019-13909-5;10.1038/s41467-024-45945-1
results	the giwaxs results	2	2	10.1038/s41467-025-56001-x;10.1038/s41467-025-65871-0
results	the fabrication processes	2	2	10.1038/s41467-023-40150-y;10.1038/s41467-024-47891-4
methods	for the green	2	1	10.1038/s41467-023-41929-9
methods	the above two	2	2	10.1038/s41467-020-20555-9;10.1038/s41467-025-57746-1
methods	the ftir spectrum	2	2	10.1038/s41377-022-01036-8;10.1038/s41467-024-50022-8
results	moreover compared with	2	2	10.1038/s41467-021-24931-x;10.1038/s41467-026-72625-z
results	where i₀ is	2	2	10.1038/s41377-024-01704-x;10.1038/s41377-026-02237-1
results	using these results	2	2	10.1038/s41377-025-01972-1;10.1038/s41467-026-69200-x
results	as bias voltage	2	2	10.1038/s41467-018-05909-8;10.1038/s41467-019-09794-7
methods	for this purpose	2	1	10.1038/s41586-023-05855-6
results	a photograph of	2	2	10.1038/s41467-021-24762-w;10.1038/s41467-026-74151-4
results	this hydrogen bonding	2	2	10.1038/s41467-020-14747-6;10.1038/s41467-026-71301-6
methods	a 365 nm	2	2	10.1038/s41467-024-53221-5;10.1038/s41467-025-56987-4
results	the te-dizo qled	2	1	10.1038/s41377-025-01972-1
methods	photoluminescence and ultraviolet-visible	2	2	10.1038/s41467-025-56068-6;10.1038/s41467-025-63389-z
results	the transient el	2	2	10.1038/s41467-024-54160-x;10.1038/s41928-024-01181-5
results	we fit the	2	2	10.1038/s41467-025-57304-9;qdp_2012_lifetime-blinking-nonblinking-qd
abstract	herein we introduce	2	2	10.1038/s41377-025-01817-x;10.1038/s41467-025-63209-4
results	the passivation of	2	2	10.1038/s41467-018-02978-7;10.1038/s41467-026-74198-3
results	as mentioned earlier	2	2	10.1038/s41467-019-13909-5;10.1038/s41467-026-74151-4
results	we also notice	2	2	10.1038/s41467-018-03049-7;10.1038/s41467-020-20582-6
methods	after degassing nitrogen	2	1	10.1038/s41467-026-70555-4
results	delayed radical emission	2	1	10.1038/s41566-024-01458-3
results	supplementary fig. 24	2	2	10.1038/s41467-023-35954-x;10.1038/s41467-025-64696-1
results	this is accompanied	2	2	10.1038/s41467-024-55376-7;10.1038/s41586-023-05855-6
results	we also tested	2	2	10.1038/s41377-022-01036-8;10.1038/s41467-024-55619-7
results	the el peaks	2	2	10.1038/s41377-024-01500-7;10.1038/s41467-018-05909-8
discussion	to the best	2	2	10.1038/s41467-023-36118-7;10.1038/s41467-025-58047-3
methods	synthesis of znse:mn@zns	2	1	10.1038/s41467-026-70555-4
results	contrastingly the target	2	1	10.1038/s41467-025-59515-6
results	the depletion-mode tfts	2	1	10.1038/s41467-025-57200-2
methods	in this study	2	2	10.1038/s41467-025-65871-0;10.1038/s41928-024-01205-0
methods	the 800 nm	2	2	10.1038/s41467-018-05909-8;10.1038/s41467-024-50508-5
methods	ultrasonic cleaning of	2	2	10.1038/s41467-025-56068-6;10.1038/s41467-025-63389-z
methods	for example the	2	2	10.1038/s41377-024-01601-3;10.1038/s41467-021-22864-z
results	the inset illustrates	2	2	10.1038/s41467-023-43472-z;10.1038/s41467-025-57200-2
introduction	however it has	2	2	10.1038/s41467-021-24616-5;10.1038/s41467-022-28037-w
methods	perovskite light-emitting diode	2	2	10.1038/s41467-024-54160-x;10.1038/s41467-026-72625-z
methods	upon completion of	2	2	10.1038/s41467-025-59527-2;10.1038/s41467-026-73911-6
results	as for part	2	1	10.1038/s41467-019-08561-y
introduction	in this structure	2	2	10.1038/s41467-024-47891-4;10.1038/s43246-020-00084-0
results	the adoption of	2	2	10.1038/s41467-020-16652-4;10.1038/s41467-020-16659-x
results	in fig. 2c	2	2	10.1038/s41467-021-24762-w;10.1038/s41467-024-47184-w
results	shown in fig.	2	2	10.1038/s41377-025-01817-x;10.1038/s41467-025-56987-4
results	figure 6 shows	2	2	10.1038/s41467-019-08561-y;10.1038/s43246-021-00203-5
methods	the chemical composition	2	2	10.1038/s41467-022-31189-4;10.1038/s41467-024-49791-z
methods	tri-n-octylphosphine top 97%	2	2	10.1038/s41467-025-57746-1;10.1038/s41467-026-70555-4
methods	quickly inject 2.4	2	1	10.1038/s41467-024-50022-8
abstract	we further demonstrate	2	2	10.1038/s41467-021-24931-x;10.1038/s41467-025-64696-1
abstract	experimental and theoretical	2	2	10.1038/s41467-019-09737-2;10.1038/s41467-025-66981-5
results	open access funding	2	2	10.1038/s41467-026-75756-5;10.1038/s41928-024-01151-x
results	the key to	2	2	10.1038/s41377-025-01768-3;10.1038/s41467-025-57746-1
results	fast fourier transform	2	2	10.1038/s41467-021-27652-3;10.1038/s41467-026-70555-4
methods	finally the qleds	2	1	10.1038/s41467-024-47891-4
results	the transient pl	2	2	10.1038/s41467-025-62345-1;10.1038/s41928-024-01181-5
methods	a vacuum layer	2	2	10.1038/s41467-025-66421-4;10.1038/s41467-026-74583-y
results	therefore the decrease	2	2	10.1038/s41377-025-01959-y;10.1038/s41377-025-02000-y
results	bader charge analysis	2	2	10.1038/s41377-025-02019-1;10.1038/s41467-026-68315-5
abstract	this study provides	2	2	10.1038/s41467-024-45944-2;10.1038/s41467-025-62345-1
results	the decay kinetics	2	1	10.1038/s41467-019-09794-7
results	electron paramagnetic resonance	2	2	10.1038/s41467-018-06294-y;10.1038/s41467-025-64696-1
results	the low γ	2	1	10.1038/s41467-024-52521-0
methods	the ph of	2	2	10.1038/s41467-018-06294-y;10.1038/s41467-024-50893-x
methods	the znmgo solution	2	1	10.1038/s41467-024-49574-6
results	2)(0 values of	2	1	10.1038/s41467-017-01379-6
results	this result aligns	2	2	10.1038/s41377-026-02356-9;10.1038/s41467-026-74198-3
results	we further show	2	2	10.1038/s41467-025-56815-9;10.1038/s41467-026-71292-4
introduction	among various light-emitting	2	2	10.1038/s41467-020-16865-7;qc_2015_wearable-rgb-qled-array
results	we hypothesized that	2	2	10.1038/s41467-022-29812-5;alhtl_2017_cspbbr3-moo3-hil-peled
results	for the cdse-cdzns	2	1	10.1038/s41467-020-15944-z
discussion	the resulting films	2	2	10.1038/s41377-025-01987-8;10.1038/s41467-020-20555-9
results	the cie coordinates	2	2	10.1038/s41377-025-02019-1;10.1038/s41377-026-02184-x
methods	the qd deposition	2	1	10.1038/s41377-024-01601-3
results	as pointed out	2	2	10.1038/s41467-021-24762-w;10.1038/s41586-023-05855-6
results	the band structure	2	2	10.1038/s41467-019-09794-7;alhtl_2017_cspbbr3-moo3-hil-peled
methods	the ta absorption	2	2	10.1038/s41467-023-40150-y;10.1038/s41467-025-61085-6
methods	the photoluminescence pl	2	2	10.1038/s41377-024-01704-x;10.1038/s41377-026-02237-1
results	however this effect	2	2	10.1038/s41467-024-55619-7;10.1038/s41467-024-55812-8
results	our results indicate	2	1	10.1038/s41467-023-41929-9
methods	this was created	2	1	10.1038/s41467-026-73911-6
discussion	the decrease in	2	2	10.1038/s41377-025-01867-1;10.1038/s41467-026-68315-5
results	the radiative decay	2	2	10.1038/s41467-024-49751-7;qdp_2012_lifetime-blinking-nonblinking-qd
results	the deposition of	2	2	10.1038/s41467-024-50893-x;10.1038/s41467-025-58471-5
methods	the tpbi lif	2	2	10.1038/s41467-018-07383-8;10.1038/s41467-020-20433-4
abstract	moreover the operational	2	2	10.1038/s41377-026-02231-7;10.1038/s41467-020-17633-3
results	s2 and table	2	2	10.1038/s41377-024-01500-7;10.1038/s41377-026-02184-x
methods	the collected data	2	2	10.1038/s41467-023-38216-y;10.1038/s41467-025-65871-0
methods	9.0 g of	2	1	10.1038/s41467-026-73911-6
abstract	this work presents	2	2	10.1038/s41377-025-02019-1;10.1038/s41467-024-52401-7
results	we further calculated	2	2	10.1038/s41467-026-73298-4;10.1038/s41467-026-74151-4
results	to gain insight	2	2	10.1038/s41467-024-50893-x;10.1038/s41467-026-72625-z
methods	to assure the	2	2	10.1038/s41467-020-14747-6;10.1038/s41467-020-20582-6
results	the contact potential	2	2	10.1038/s41467-024-51760-5;10.1038/s41467-025-59515-6
methods	the j–v characteristics	2	2	10.1038/s41467-025-63389-z;10.1038/s41467-025-64546-0
methods	during the spin-coating	2	2	10.1038/s41467-024-55376-7;10.1038/s41467-025-56001-x
results	accordingly the electron	2	2	10.1038/s41377-026-02356-9;10.1038/s41467-025-58471-5
results	in conventional tp	2	1	10.1038/s41928-026-01670-9
methods	pattern development pgmea	2	1	10.1038/s41377-025-02000-y
results	effect of the	2	2	10.1038/s41467-024-50893-x;10.1038/s41467-025-57200-2
methods	determination of the	2	2	10.1038/s41467-020-15944-z;qdp_2013_carrier-multiplication-qd-films
results	tem images of	2	2	10.1038/s41467-024-49751-7;10.1038/s41467-024-50022-8
results	by comparison the	2	2	10.1038/s41377-026-02247-z;10.1038/s41467-026-72733-w
methods	to control the	2	2	10.1038/s41467-022-35731-2;10.1038/s41467-024-53965-0
introduction	the emission spectrum	2	2	10.1038/s41467-022-31853-9;10.1038/s41467-026-74151-4
methods	the simulations were	2	2	10.1038/s41467-024-55376-7;10.1038/s41467-026-73911-6
results	after continuous operation	2	2	10.1038/s41467-025-62345-1;10.1038/s41467-025-63389-z
introduction	it is noteworthy	2	2	10.1038/s41467-018-05760-x;10.1038/s41467-019-13909-5
results	during this process	2	2	10.1038/s41467-026-71949-0;10.1038/s43246-026-01177-y
results	if the system	2	1	10.1038/s42005-023-01169-1
results	thus we have	2	2	10.1038/s41467-025-65135-x;10.1038/s41928-024-01181-5
results	the reduced contact	2	2	10.1038/s41377-025-02000-y;10.1038/s41467-026-73911-6
results	the phcl molecule	2	1	10.1038/s43246-026-01177-y
results	together these results	2	2	10.1038/s41467-024-49751-7;10.1038/s41467-026-73298-4
results	the transfer curves	2	2	10.1038/s41467-023-41041-y;10.1038/s41928-024-01205-0
methods	molybdenum trioxide moo₃	2	2	10.1038/s41467-022-28037-w;10.1038/s41467-024-47891-4
methods	the absolute quantum	2	2	10.1038/s41467-018-04986-z;10.1038/s41467-020-15481-9
results	hall effect measurements	2	2	10.1038/s41377-026-02184-x;10.1038/s41467-026-68315-5
results	the red boxes	2	2	10.1038/s41467-026-73911-6;qc_2015_wearable-rgb-qled-array
methods	zno layers were	2	2	10.1038/s41467-025-56557-8;qdp_2013_auger-control-carrier-kinetics
methods	niox nanoparticles were	2	2	10.1038/s41467-025-56068-6;10.1038/s41467-025-63389-z
results	to achieve the	2	2	10.1038/s41467-023-39488-0;10.1038/s41467-024-50893-x
results	figure 1a depicts	2	2	10.1038/s41467-024-46243-6;10.1038/s41467-025-56557-8
results	figure 3e presents	2	2	10.1038/s41377-025-01835-9;10.1038/s41467-025-56557-8
methods	time-resolved pl spectroscopy	2	2	10.1038/s41467-024-55812-8;qc_2015_wearable-rgb-qled-array
results	in our studies	2	2	qdp_2012_lifetime-blinking-nonblinking-qd;qdp_2013_auger-control-carrier-kinetics
results	the pitch size	2	1	10.1038/s41467-023-36773-w
methods	characterizations of perovskite	2	2	10.1038/s41467-020-20433-4;10.1038/s41467-020-20555-9
results	such a phenomenon	2	2	10.1038/s41467-023-35954-x;10.1038/s41467-025-59515-6
discussion	for instance by	2	2	10.1038/s41467-019-09737-2;10.1038/s41467-024-55812-8
results	moreover the extinction	2	1	10.1038/s41467-019-08561-y
methods	transient photocurrent and	2	2	10.1038/s41467-025-56068-6;10.1038/s41467-025-63389-z
methods	the sno2 precursor	2	2	10.1038/s41467-018-07099-9;10.1038/s41467-019-13437-2
discussion	we summarize the	2	2	10.1038/s41467-023-40746-4;10.1038/s41467-023-43340-w
methods	subsequently a 1.0	2	2	10.1038/s41467-025-56068-6;10.1038/s41467-025-63389-z
methods	during the printing	2	1	10.1038/s41467-025-57200-2
results	the integrated jsc	2	2	10.1038/s41467-024-51760-5;10.1038/s41467-025-56068-6
methods	oleylamine oam 80–90%	2	2	10.1038/s41467-025-57472-8;10.1038/s41467-025-57746-1
results	as the pump	2	2	10.1038/s41377-025-01972-1;10.1038/s41467-019-12558-y
results	at a heptane	2	1	10.1038/s41467-020-16865-7
results	to figure out	2	2	10.1038/s41377-022-00855-z;10.1038/s41467-025-66421-4
methods	the h nmr	2	2	10.1038/s41377-026-02237-1;10.1038/s41467-024-55619-7
methods	this was followed	2	2	10.1038/s41467-024-50634-0;10.1038/s41467-025-58471-5
methods	the j–v and	2	1	10.1038/s41377-024-01500-7
methods	the calculation formula	2	2	10.1038/s41377-024-01704-x;10.1038/s41467-026-73911-6
discussion	the use of	2	2	10.1038/s41377-026-02184-x;10.1038/s41586-023-05855-6
methods	white light continuum	2	2	10.1038/s41467-020-16855-9;10.1038/s41467-020-20582-6
results	these observations collectively	2	2	10.1038/s41377-025-02019-1;10.1038/s41467-024-51760-5
results	in addition at	2	2	10.1038/s41377-025-01959-y;10.1038/s41586-024-07149-x
results	this rise time	2	1	10.1038/s41467-019-12558-y
results	electro-optical characteristics of	2	1	10.1038/s41467-021-24762-w
methods	the carrier gas	2	1	10.1038/s41467-023-41868-5
results	in addition no	2	2	10.1038/s41467-018-06294-y;10.1038/s41467-023-40150-y
results	the emission peak	2	2	10.1038/s41377-025-01867-1;alhtl_2017_cspbbr3-moo3-hil-peled
methods	the me-4pacz solution	2	1	10.1038/s41467-026-73911-6
methods	ito substrates 10	2	2	10.1038/s41467-019-09794-7;10.1038/s41467-025-59527-2
results	upon the addition	2	2	10.1038/s41377-025-01740-1;10.1038/s41467-026-73911-6
results	the sdc nio/sdc	2	1	10.1038/s43246-024-00645-7
introduction	recent ta experiments	2	1	10.1038/s42005-023-01169-1
results	the charge generation	2	1	qdp_2013_carrier-multiplication-qd-films
methods	pl spectra and	2	2	10.1038/s41467-018-06425-5;10.1038/s41467-022-31189-4
results	figure 6c shows	2	2	10.1038/s41377-022-00992-5;10.1038/s43246-026-01136-7
methods	this system is	2	2	10.1038/s41467-025-65871-0;10.1038/s41467-026-75756-5
results	for auger recombination	2	1	10.1038/s41467-019-09737-2
methods	the plqy of	2	2	10.1038/s41467-018-02978-7;10.1038/s41467-020-20433-4
results	the ups measurement	2	2	10.1038/s41377-026-02184-x;10.1038/s41467-021-27652-3
results	we monitor the	2	2	10.1038/s41467-019-12558-y;10.1038/s41467-020-14756-5
methods	to mitigate the	2	2	10.1038/s41467-024-51760-5;10.1038/s41467-025-65695-y
methods	the ultraviolet-visible absorption	2	2	10.1038/s41467-025-56068-6;10.1038/s41467-025-63389-z
results	the qds synthesized	2	2	10.1038/s41467-024-45945-1;10.1038/s41467-024-50022-8
results	the modification of	2	2	10.1038/s41467-024-47891-4;10.1038/s41467-025-56068-6
methods	the second beam	2	2	10.1038/s41467-018-05909-8;10.1038/s41467-025-63684-9
methods	the solution concentration	2	1	alhtl_2017_cspbbr3-moo3-hil-peled
results	with cie coordinates	2	1	10.1038/s41467-023-35954-x
results	as the angle	2	1	10.1038/s41467-024-49838-1
results	it was also	2	2	10.1038/s41467-024-53965-0;10.1038/s41467-025-60886-z
introduction	recent advances in	2	2	10.1038/s41467-022-29538-4;10.1038/s41467-023-38216-y
results	the cross-sectional sem	2	2	10.1038/s41377-025-01768-3;10.1038/s41467-025-56068-6
results	the device is	2	2	10.1038/s41467-023-41041-y;10.1038/s41586-023-05855-6
results	the device incorporating	2	2	10.1038/s41467-024-50634-0;10.1038/s41467-026-69198-2
methods	the kinetics of	2	2	10.1038/s41586-024-07149-x;10.1038/s41928-024-01181-5
results	these data indicate	2	2	10.1038/s41467-020-14756-5;10.1038/s41467-025-65135-x
results	the cie coordinate	2	2	10.1038/s41377-025-02000-y;10.1038/s41467-024-50508-5
methods	the ink is	2	1	10.1038/s43246-024-00576-3
results	the relative photoluminescence	2	1	10.1038/s41467-020-14756-5
methods	a znmgo layer	2	2	10.1038/s41467-025-62345-1;10.1038/s41467-025-65871-0
discussion	last but not	2	2	10.1038/s41467-019-08561-y;10.1038/s41467-025-56815-9
results	with dmf evaporating	2	1	10.1038/s41467-020-20433-4
methods	both pump and	2	2	10.1038/s41467-020-20582-6;10.1038/s41467-023-36118-7
results	after completing the	2	2	10.1038/s41467-023-43472-z;10.1038/s41467-026-74198-3
results	the chemical structures	2	2	10.1038/s41467-024-51760-5;10.1038/s41467-026-69198-2
methods	by integrating the	2	2	10.1038/s41377-025-02000-y;10.1038/s41467-024-53965-0
results	although the perovskite	2	2	10.1038/s41467-018-02978-7;alhtl_2017_cspbbr3-moo3-hil-peled
results	especially for the	2	2	10.1038/s41467-022-31853-9;10.1038/s41467-024-50893-x
results	rhe and a	2	1	10.1038/s41467-024-50893-x
methods	he i ultraviolet	2	2	10.1038/s41467-018-02978-7;10.1038/s41467-021-21522-8
methods	after keeping the	2	2	10.1038/s41467-019-08561-y;10.1038/s41467-023-38216-y
results	such a large	2	2	10.1038/s41467-022-28480-9;10.1038/s41467-025-66981-5
results	it also exhibits	2	2	10.1038/s41467-024-53965-0;10.1038/s41467-025-58470-6
results	it was obvious	2	1	10.1038/s41467-024-55653-5
results	plqy measurements showed	2	2	10.1038/s41467-025-56557-8;10.1038/s41467-026-73298-4
results	consequently we fabricated	2	2	10.1038/s41377-022-00992-5;10.1038/s41467-026-74151-4
methods	the calculation was	2	2	10.1038/s41467-026-72625-z;10.1038/s41586-024-07149-x
results	in this situation	2	1	10.1038/s41467-022-28037-w
results	optical characterizations of	2	1	10.1038/s41467-020-16855-9
abstract	in order to	2	2	10.1038/s41467-018-05909-8;10.1038/s41467-023-41868-5
results	with dmf continuing	2	1	10.1038/s41467-020-20433-4
methods	all dft calculations	2	2	10.1038/s41467-025-64111-9;10.1038/s41563-025-02123-y
results	these devices exhibit	2	2	10.1038/s41377-026-02237-1;10.1038/s41467-026-72625-z
results	these characterization results	2	2	10.1038/s41467-021-27652-3;10.1038/s41467-025-62345-1
methods	ptaa in chlorobenzene	2	2	10.1038/s41467-022-31478-y;10.1038/s41928-024-01181-5
results	however different from	2	2	10.1038/s41467-023-41868-5;10.1038/s41467-025-59527-2
results	this preferential growth	2	2	10.1038/s41467-020-18006-6;10.1038/s41467-025-59515-6
methods	ftir measurements were	2	2	10.1038/s41467-020-17633-3;10.1038/s41467-025-57472-8
results	under the assumption	2	2	10.1038/s41467-022-29812-5;10.1038/s41467-024-52208-6
results	finally we evaluated	2	2	10.1038/s41467-025-63389-z;10.1038/s41467-026-69198-2
results	however this is	2	2	10.1038/s41467-022-32010-y;10.1038/s41467-025-56068-6
methods	fabrication of single-junction	2	2	10.1038/s41467-025-64546-0;10.1038/s41467-026-75756-5
results	the driving method	2	1	10.1038/s41467-020-16659-x
results	at even higher	2	2	10.1038/s41467-018-06425-5;10.1038/s41467-020-20555-9
methods	after the fabrication	2	2	10.1038/s41467-023-40150-y;10.1038/s41467-026-75756-5
introduction	quasi-2d perovskites with	2	2	10.1038/s41467-020-20555-9;10.1038/s41467-021-21522-8
results	figure 3e displays	2	2	10.1038/s41467-024-49791-z;10.1038/s41467-026-71949-0
results	in our study	2	2	10.1038/s41467-019-13951-3;10.1038/s43246-026-01136-7
introduction	we note that	2	2	10.1038/s41467-018-03049-7;10.1038/s41467-023-43340-w
results	to support the	2	2	10.1038/s41377-026-02246-0;10.1038/s41928-026-01670-9
introduction	this strategy allows	2	2	10.1038/s41467-024-44894-z;10.1038/s41467-025-64546-0
results	the root-mean-square rms	2	2	10.1038/s41467-022-32010-y;10.1038/s41467-024-50022-8
methods	the adsorption energy	2	2	10.1038/s41467-026-71292-4;10.1038/s41467-026-73911-6
results	in contrast upon	2	2	10.1038/s41467-024-53221-5;10.1038/s41467-025-64546-0
discussion	we expect that	2	2	10.1038/s41377-026-02247-z;10.1038/s41467-023-43340-w
results	figure 3ac show	2	2	10.1038/s41467-022-31853-9;10.1038/s41467-023-35954-x
results	here compared with	2	1	10.1038/s41467-020-16855-9
results	the formation energies	2	2	10.1038/s41377-024-01704-x;10.1038/s41467-019-13909-5
results	in the positive	2	1	10.1038/s41467-024-47891-4
methods	the injection current	2	1	10.1038/s41467-022-31853-9
methods	pl decay lifetimes	2	2	10.1038/s41467-018-06425-5;10.1038/s41467-021-25955-z
methods	subsequently the wet	2	2	10.1038/s41467-025-58470-6;10.1038/s41467-026-71301-6
introduction	by breaking the	2	2	10.1038/s41467-024-52208-6;10.1038/s41467-025-60886-z
methods	eqe was measured	2	2	10.1038/s41467-019-08561-y;10.1038/s41467-026-74198-3
results	these findings imply	2	2	10.1038/s41467-020-17633-3;10.1038/s43246-024-00645-7
results	however the qds	2	2	10.1038/s41467-024-45944-2;10.1038/s41467-024-50022-8
results	for cspbbr₃ ncs	2	2	10.1038/s41467-019-13951-3;10.1038/s41467-024-55812-8
results	by gradually increasing	2	1	10.1038/s41467-020-16659-x
results	however in our	2	1	10.1038/s41467-025-61085-6
results	in contrast there	2	2	10.1038/s41467-022-28480-9;10.1038/s41467-023-43340-w
introduction	metal-halide perovskites have	2	2	10.1038/s41377-024-01500-7;10.1038/s41467-021-24616-5
abstract	the resulting peleds	2	2	10.1038/s41377-025-02019-1;10.1038/s41467-026-74583-y
results	at this point	2	2	10.1038/s41467-022-31478-y;10.1038/s41467-024-52521-0
results	in this process	2	2	10.1038/s41467-017-01379-6;10.1038/s43246-020-00084-0
methods	the cleaned ito	2	2	10.1038/s41467-020-16659-x;10.1038/s41467-024-55376-7
results	the blade-coated film	2	1	10.1038/s41467-020-20433-4
results	considering the small	2	2	10.1038/s41467-020-16855-9;10.1038/s41467-020-20582-6
methods	all the structures	2	2	10.1038/s41467-026-74583-y;10.1038/s41928-024-01181-5
results	we develop a	2	2	10.1038/s41467-025-57746-1;10.1038/s41467-025-64596-4
abstract	light-emitting diodes leds	2	2	10.1038/s41377-020-0328-6;10.1038/s41377-024-01500-7
methods	current density-voltage characteristics	2	2	10.1038/s41467-024-55376-7;10.1038/s41467-025-65135-x
results	to quantitatively evaluate	2	2	10.1038/s41377-026-02237-1;10.1038/s41467-025-56815-9
results	the simulated curves	2	2	10.1038/s41467-017-01379-6;qdp_2012_lifetime-blinking-nonblinking-qd
methods	pc61bm solution was	2	1	10.1038/s41467-026-73911-6
results	the e-aln is	2	1	10.1038/s41467-025-60886-z
introduction	this means that	2	2	10.1038/s41467-020-14756-5;10.1038/s41467-021-25955-z
introduction	many efforts have	2	2	10.1038/s41377-020-0328-6;10.1038/s43246-024-00576-3
results	the demonstration of	2	2	10.1038/s41467-023-40194-0;10.1038/s41467-023-41041-y
results	the output curves	2	2	10.1038/s41467-025-67347-7;10.1038/s41928-024-01205-0
results	to estimate the	2	2	10.1038/s41467-025-57472-8;10.1038/s41467-026-69200-x
results	to explore this	2	2	10.1038/s41467-025-66981-5;10.1038/s41928-024-01205-0
results	in the literature	2	2	10.1038/s41467-019-09737-2;qdp_2013_carrier-multiplication-qd-films
methods	the k-point mesh	2	2	10.1038/s41467-024-52208-6;10.1038/s41467-026-72733-w
results	it means that	2	1	10.1038/s41467-020-17633-3
results	the thermally activated	2	2	10.1038/s41467-020-18006-6;10.1038/s41563-025-02123-y
results	the energy band	2	2	10.1038/s41377-024-01500-7;10.1038/s41467-020-18006-6
discussion	the presence of	2	2	10.1038/s41467-024-50022-8;qdp_2012_lifetime-blinking-nonblinking-qd
discussion	to the contrary	2	1	10.1038/s41467-020-16855-9
methods	the pl intensity	2	2	10.1038/s41467-020-20433-4;10.1038/s41928-024-01181-5
results	thanks to the	2	2	10.1038/s41377-025-01835-9;10.1038/s41467-024-50508-5
results	interestingly when the	2	2	10.1038/s41467-018-05760-x;10.1038/s41467-026-71949-0
abstract	however the fabrication	2	2	10.1038/s41467-023-43472-z;10.1038/s41467-025-67737-x
methods	the device performances	2	2	10.1038/s41377-026-02246-0;10.1038/s41467-026-71292-4
results	a histogram of	2	2	10.1038/s41467-021-21522-8;10.1038/s41928-024-01181-5
methods	the luminance in	2	2	10.1038/s41467-021-24616-5;10.1038/s41467-022-31478-y
results	the trap state	2	2	10.1038/s41377-026-02247-z;10.1038/s41467-025-56001-x
results	the enhanced hole	2	2	10.1038/s41467-025-65135-x;10.1038/s41467-026-73911-6
methods	the devices are	2	2	10.1038/s41467-024-51760-5;10.1038/s41928-026-01670-9
methods	the operational mppt	2	2	10.1038/s41467-025-56068-6;10.1038/s41467-025-63389-z
introduction	we reveal that	2	2	10.1038/s41467-022-28037-w;10.1038/s41467-025-56557-8
discussion	by simultaneously measuring	2	2	10.1038/s41467-018-03049-7;10.1038/s41467-024-52521-0
abstract	the resulting devices	2	2	10.1038/s41467-025-64696-1;10.1038/s41467-025-65871-0
methods	all syntheses were	2	2	10.1038/s41467-024-49791-z;qdp_2013_auger-control-carrier-kinetics
results	simulation and experimental	2	1	10.1038/s41467-023-41868-5
results	this explains the	2	2	10.1038/s41467-024-53221-5;10.1038/s41467-025-60886-z
results	as observed in	2	2	10.1038/s41467-023-39488-0;10.1038/s41467-024-47184-w
results	the crystallite size	2	2	10.1038/s41467-018-06425-5;10.1038/s41467-023-41868-5
results	figure 4b c	2	2	10.1038/s41377-025-01972-1;10.1038/s41377-025-02000-y
methods	the led devices	2	2	10.1038/s41377-024-01704-x;10.1038/s41467-018-03049-7
results	fitting the experimental	2	2	10.1038/s41467-025-65871-0;10.1038/s41467-026-69200-x
results	the nelder-mead algorithm	2	1	10.1038/s41467-022-31853-9
results	these results consistently	2	2	10.1038/s41377-026-02247-z;10.1038/s41467-026-72625-z
methods	the pldmr was	2	1	10.1038/s41467-025-56987-4
results	the average values	2	1	10.1038/s41467-025-57200-2
discussion	these results demonstrate	2	1	10.1038/s41467-025-58047-3
results	the energy diagram	2	1	10.1038/s41563-025-02123-y
introduction	on the one	2	2	10.1038/s41467-023-35954-x;10.1038/s41467-025-63684-9
results	given the critical	2	2	10.1038/s41467-020-20582-6;10.1038/s41467-025-66981-5
methods	during the measurements	2	2	10.1038/s41467-025-57746-1;10.1038/s41467-025-61511-9
methods	the following settings	2	2	10.1038/s41467-018-02978-7;alhtl_2017_cspbbr3-moo3-hil-peled
results	however as we	2	2	10.1038/s41377-022-00855-z;10.1038/s41467-023-39488-0
introduction	there are two	2	2	10.1038/s41467-021-21522-8;10.1038/s41928-026-01670-9
introduction	the commonly used	2	2	10.1038/s41377-026-02247-z;10.1038/s43246-024-00576-3
introduction	the bandgap of	2	2	10.1038/s41467-018-03049-7;10.1038/s41467-018-05909-8
methods	the raman spectra	2	2	10.1038/s41467-024-45944-2;10.1038/s41467-025-57304-9
methods	the 365-nm pump	2	1	10.1038/s41467-019-09794-7
discussion	thus we have	2	2	10.1038/s41467-024-49838-1;10.1038/s41467-025-65695-y
results	the regulated device	2	1	10.1038/s41467-026-72625-z
results	we then studied	2	2	10.1038/s41467-024-55619-7;10.1038/s41467-024-55653-5
methods	to calculate the	2	2	10.1038/s41467-024-45944-2;10.1038/s41467-026-72733-w
methods	the 2 m	2	1	10.1038/s41586-023-05855-6
methods	c60 25 nm	2	2	10.1038/s41377-025-01987-8;10.1038/s41467-026-69198-2
results	these improvements are	2	2	10.1038/s41928-026-01670-9;10.1038/s43246-020-00084-0
abstract	our work opens	2	2	10.1038/s41467-021-24762-w;10.1038/s41467-025-58471-5
introduction	with the increasing	2	2	10.1038/s41377-022-01036-8;10.1038/s41467-023-41868-5
results	as described in	2	2	10.1038/s41377-026-02356-9;10.1038/s41467-025-60886-z
results	the depth of	2	2	10.1038/s41467-020-20433-4;10.1038/s41467-023-43472-z
results	this stage starts	2	1	10.1038/s41467-020-20433-4
results	we also conduct	2	2	10.1038/s41467-021-24762-w;10.1038/s41467-024-50432-8
discussion	the absorption spectrum	2	2	10.1038/s41467-019-12558-y;10.1038/s43246-026-01177-y
results	figure 3f summarizes	2	2	10.1038/s41467-023-35954-x;10.1038/s41467-025-56815-9
introduction	the interface between	2	2	10.1038/s41467-019-13437-2;10.1038/s41467-025-56068-6
introduction	the ability to	2	2	10.1038/s41467-023-39488-0;10.1038/s41467-023-41041-y
methods	[preparation of perovskite	2	2	10.1038/s41377-024-01500-7;10.1038/s41467-025-56557-8
results	there are three	2	2	10.1038/s41467-024-52521-0;10.1038/s43246-020-00084-0
results	the ups data	2	2	10.1038/s41377-022-00992-5;10.1038/s43246-021-00203-5
methods	csbr 99.999% metal	2	2	10.1038/s41377-024-01500-7;10.1038/s41467-021-21522-8
discussion	for the case	2	1	10.1038/s41467-023-40746-4
results	this further indicates	2	2	10.1038/s43246-026-01136-7;qdp_2012_lifetime-blinking-nonblinking-qd
methods	the scanning electron	2	2	10.1038/s41377-025-01768-3;10.1038/s41467-024-49574-6
methods	ups and xps	2	2	10.1038/s41467-022-32010-y;10.1038/s41467-026-71301-6
results	these results strongly	2	2	10.1038/s41467-023-43408-7;10.1038/s41467-024-47184-w
discussion	this study provides	2	2	10.1038/s41467-024-54160-x;10.1038/s41467-026-72733-w
results	in these experiments	2	2	10.1038/s41467-019-12558-y;10.1038/s41467-021-22864-z
abstract	moreover this strategy	2	2	10.1038/s41467-024-55653-5;10.1038/s41467-026-73911-6
results	to realize a	2	2	10.1038/s41377-025-01835-9;10.1038/s41928-024-01205-0
methods	the niox nps	2	2	10.1038/s41467-019-13909-5;10.1038/s43246-024-00645-7
results	the dc bias	2	1	10.1038/s41467-025-67347-7
results	a more detailed	2	2	10.1038/s41377-025-01972-1;10.1038/s42005-023-01169-1
methods	the tem samples	2	1	10.1038/s41467-023-40746-4
results	this result suggests	2	2	10.1038/s41467-022-28480-9;10.1038/s41467-022-29538-4
introduction	despite the significant	2	2	10.1038/s41377-025-01740-1;10.1038/s41467-023-40150-y
methods	the measurement system	2	2	10.1038/s41467-018-02978-7;alhtl_2017_cspbbr3-moo3-hil-peled
results	the xrd results	2	2	10.1038/s41467-022-32010-y;10.1038/s41467-026-73911-6
results	the measured vtfl	2	2	10.1038/s41377-025-02019-1;10.1038/s41467-019-13909-5
results	these results can	2	2	10.1038/s41377-025-01959-y;10.1038/s41467-025-63653-2
methods	top contacts of	2	1	10.1038/s41467-020-16560-7
results	the green and	2	1	10.1038/s43246-026-01136-7
methods	the collected pl	2	2	10.1038/s41467-023-36118-7;qdp_2012_lifetime-blinking-nonblinking-qd
results	while the peak	2	2	10.1038/s41377-024-01601-3;10.1038/s41377-026-02246-0
methods	the obtained cspbi3	2	1	10.1038/s41467-024-50022-8
results	therefore in the	2	2	10.1038/s41467-024-50432-8;10.1038/s41467-025-59515-6
results	in contrast dmso	2	2	10.1038/s41467-020-20582-6;10.1038/s41467-026-72625-z
results	further evidence for	2	2	10.1038/s41467-021-22864-z;qdp_2012_lifetime-blinking-nonblinking-qd
results	grazing-incidence wide-angle x-ray	2	2	10.1038/s41377-025-01768-3;10.1038/s41467-026-74583-y
results	fabrication of perovskite	2	1	10.1038/s41467-024-49751-7
methods	materials and film	2	2	10.1038/s41467-022-29702-w;10.1038/s41467-026-75756-5
results	furthermore it is	2	2	10.1038/s41467-025-65135-x;10.1038/s41467-026-74198-3
results	however the absorption	2	2	10.1038/s41377-026-02246-0;10.1038/s41467-021-24616-5
results	the devices fabricated	2	2	10.1038/s41467-025-58471-5;10.1038/s41928-026-01670-9
results	in addition grazing-incidence	2	2	10.1038/s41467-019-09794-7;10.1038/s41467-020-14747-6
methods	the solutions were	2	2	10.1038/s41467-021-22864-z;10.1038/s41467-025-57472-8
results	for the same	2	2	10.1038/s41467-019-08749-2;10.1038/s43246-026-01136-7
results	however after the	2	2	10.1038/s41467-025-64596-4;10.1038/s41467-025-64696-1
methods	specifically it is	2	2	10.1038/s41377-024-01704-x;10.1038/s41467-025-56068-6
results	the closer the	2	2	10.1038/s41467-025-63653-2;10.1038/s41467-025-63684-9
results	the result is	2	2	10.1038/s41467-019-08749-2;10.1038/s41467-026-69200-x
methods	the el devices	2	2	10.1038/s41467-018-03049-7;10.1038/s41467-020-15944-z
results	where j d	2	2	10.1038/s41377-024-01704-x;10.1038/s41377-026-02237-1
methods	tfb was spin-coated	2	2	10.1038/s41467-022-31478-y;10.1038/s41467-024-44894-z
results	at the initial	2	2	10.1038/s41467-023-43340-w;10.1038/s41467-026-71949-0
introduction	in addition our	2	2	10.1038/s41467-017-01379-6;10.1038/s41467-026-71292-4
methods	high-resolution x-ray diffraction	2	2	10.1038/s41467-024-49791-z;10.1038/s42005-021-00742-w
methods	for all the	2	1	10.1038/s41467-025-58047-3
methods	the band offset	2	2	10.1038/s41467-023-36773-w;10.1038/s41467-025-56815-9
results	the angular emission	2	2	10.1038/s41377-025-01835-9;10.1038/s41467-026-68315-5
results	a thicker qd	2	2	10.1038/s41377-025-01972-1;10.1038/s41467-022-29538-4
methods	when the sample	2	1	10.1038/s41467-025-58047-3
methods	the interval between	2	2	10.1038/s41467-023-38216-y;10.1038/s41467-025-56068-6
discussion	this strategy provides	2	2	10.1038/s41467-024-50022-8;10.1038/s41467-025-66421-4
methods	xps spectra were	2	2	10.1038/s41467-022-32010-y;10.1038/s43246-024-00576-3
results	during selected moments	2	1	10.1038/s41467-025-61511-9
results	thus the surface	2	2	10.1038/s41467-020-17633-3;10.1038/s41467-025-63653-2
results	supplementary fig. 5	2	2	10.1038/s41467-024-53965-0;10.1038/s41928-024-01151-x
discussion	supplementary fig. 17	2	2	10.1038/s41467-022-29702-w;10.1038/s41467-025-58047-3
results	we also assessed	2	2	10.1038/s41377-024-01704-x;10.1038/s41467-023-41929-9
methods	characterization of the	2	2	10.1038/s41467-020-14747-6;10.1038/s41467-022-28480-9
results	by adjusting the	2	2	10.1038/s41377-025-01987-8;10.1038/s41467-026-74151-4
results	we fabricate the	2	2	10.1038/s41377-025-02000-y;10.1038/s41467-020-20582-6
results	we performed dft	2	2	10.1038/s41467-020-17633-3;10.1038/s41467-024-49751-7
introduction	furthermore the increased	2	2	10.1038/s41467-024-51760-5;10.1038/s41467-025-56001-x
results	different tr may	2	1	10.1038/s41467-020-16855-9
results	we further characterize	2	2	10.1038/s41467-021-24762-w;10.1038/s41467-025-64696-1
methods	for hole-only devices	2	2	10.1038/s41377-025-02000-y;10.1038/s41467-026-72733-w
introduction	moreover since the	2	2	10.1038/s41377-020-0328-6;10.1038/s41467-019-08749-2
methods	for the surface	2	2	10.1038/s41467-021-20970-6;10.1038/s41467-026-68315-5
results	the formation energy	2	2	10.1038/s41467-024-45945-1;10.1038/s41467-025-61085-6
results	the cd-free am	2	1	10.1038/s41928-026-01670-9
methods	the fluorescence decay	2	2	10.1038/s41467-019-13951-3;10.1038/s41467-026-70555-4
methods	plqy measurements were	2	2	10.1038/s41467-018-05909-8;10.1038/s41467-025-59515-6
abstract	herein we propose	2	2	10.1038/s41467-024-50508-5;10.1038/s41467-026-71292-4
results	for a fair	2	2	10.1038/s41467-023-43408-7;10.1038/s43246-021-00203-5
methods	the femtosecond transient	2	2	10.1038/s41377-022-00855-z;10.1038/s41377-026-02237-1
results	supplementary fig. 19	2	2	10.1038/s41467-018-06294-y;10.1038/s41467-026-70555-4
results	this decrease in	2	2	10.1038/s41467-026-72625-z;10.1038/s41563-025-02123-y
discussion	at the same	2	2	10.1038/s41467-023-40746-4;10.1038/s41586-024-07149-x
results	department of energy	2	1	10.1038/s41467-025-58471-5
results	the tfb htl	2	2	10.1038/s41467-023-43340-w;10.1038/s41586-023-05855-6
methods	qled devices were	2	2	10.1038/s41467-018-04986-z;10.1038/s41467-020-15481-9
introduction	this process involves	2	2	10.1038/s41467-024-52521-0;10.1038/s41467-026-74198-3
methods	the energy dispersive	2	2	10.1038/s41467-022-29812-5;10.1038/s41467-024-44894-z
results	the possible reason	2	2	10.1038/s41377-026-02231-7;10.1038/s43246-026-01136-7
results	in the catp	2	1	10.1038/s41928-026-01670-9
results	the convergence of	2	2	10.1038/s41467-018-07383-8;10.1038/s41467-024-55812-8
results	electrospray ionization mass	2	2	10.1038/s41467-023-39531-0;10.1038/s41467-026-74198-3
methods	the xps measurements	2	2	10.1038/s41377-026-02246-0;10.1038/s41467-025-57746-1
results	the urbach energy	2	2	10.1038/s41467-023-40150-y;10.1038/s41467-025-61085-6
results	the ability to	2	2	10.1038/s41467-023-41041-y;10.1038/s41928-026-01670-9
introduction	these efforts have	2	2	10.1038/s41467-023-43340-w;10.1038/s41467-025-58047-3
methods	the psc devices	2	2	10.1038/s41467-025-56068-6;10.1038/s41467-025-63389-z
results	in addition x-ray	2	2	10.1038/s41467-020-17633-3;10.1038/s41467-024-45945-1
results	the sno2-ptabr-based device	2	1	10.1038/s41467-019-13437-2
results	the el of	2	2	10.1038/s41467-024-49838-1;qc_2015_wearable-rgb-qled-array
results	we further compare	2	2	10.1038/s41467-022-29812-5;10.1038/s41467-025-64696-1
methods	the qled device	2	2	10.1038/s41377-025-02000-y;10.1038/s41467-020-16865-7
methods	the resulting oxide	2	1	10.1038/s41467-025-58471-5
results	to systematically investigate	2	2	10.1038/s41467-025-66981-5;10.1038/s43246-024-00576-3
methods	sno2 colloid precursor	2	2	10.1038/s41467-019-13437-2;10.1038/s41467-026-69198-2
methods	the laser was	2	2	10.1038/s41467-024-55619-7;10.1038/s41467-025-56557-8
results	the device exhibits	2	2	10.1038/s41467-020-20582-6;10.1038/s41467-025-57200-2
methods	tpbi 40 nm	2	2	10.1038/s41377-022-01036-8;10.1038/s41467-024-49838-1
results	in a word	2	2	10.1038/s41467-025-63389-z;10.1038/s41467-026-73911-6
methods	the solid was	2	1	10.1038/s41467-026-75756-5
results	by using the	2	2	10.1038/s41377-024-01500-7;10.1038/s43246-020-00084-0
methods	for the znmgo/al	2	1	10.1038/s41467-025-58471-5
results	the voltage transfer	2	2	10.1038/s41467-020-18006-6;10.1038/s41467-023-41868-5
results	to map the	2	1	10.1038/s41467-025-63209-4
introduction	in our previous	2	2	10.1038/s41377-025-01835-9;10.1038/s41467-021-20970-6
methods	the parameters for	2	2	10.1038/s41467-024-55619-7;10.1038/s41467-025-60886-z
results	insets in fig.	2	1	10.1038/s41467-022-31853-9
introduction	despite the success	2	2	10.1038/s41377-025-01817-x;10.1038/s41467-020-16652-4
results	the removal of	2	2	10.1038/s41467-020-16855-9;10.1038/s41467-024-50893-x
abstract	here we employ	2	2	10.1038/s41467-026-72115-2;10.1038/s42005-023-01169-1
discussion	the efficiency of	2	1	qdp_2013_carrier-multiplication-qd-films
results	to investigate these	2	2	10.1038/s41467-022-35731-2;10.1038/s41467-026-69198-2
introduction	despite the considerable	2	2	10.1038/s41467-019-08561-y;10.1038/s41467-023-43472-z
methods	the irradiance of	2	2	10.1038/s41467-024-50893-x;10.1038/s41928-024-01151-x
methods	the time constant	2	2	10.1038/s41467-023-35954-x;10.1038/s41928-024-01181-5
results	the cbp-based devices	2	1	10.1038/s41566-024-01458-3
discussion	future work should	2	1	10.1038/s42005-021-00742-w
results	the characteristic peaks	2	2	10.1038/s41467-018-05760-x;10.1038/s41467-026-71292-4
introduction	the orientation of	2	1	10.1038/s41467-025-65871-0
results	to tackle this	2	2	10.1038/s41467-024-47891-4;10.1038/s41467-024-49574-6
results	therefore in our	2	2	10.1038/s41467-025-56815-9;10.1038/s41467-025-60886-z
methods	the final signal	2	2	10.1038/s41467-019-08749-2;10.1038/s41467-024-44894-z
results	among them the	2	2	10.1038/s41467-025-56068-6;10.1038/s43246-024-00645-7
methods	a 0.2 m	2	1	qdp_2016_inas-qd-size-tunable-nir-emission
results	for the undoped	2	1	10.1038/s41467-019-12558-y
methods	c60 and bcp	2	2	10.1038/s41467-024-51760-5;10.1038/s41467-026-72115-2
methods	the quantum dot	2	2	10.1038/s41377-026-02356-9;10.1038/s41467-023-35954-x
methods	to investigate the	2	2	10.1038/s41467-023-41929-9;10.1038/s41467-024-45944-2
discussion	benefiting from the	2	2	10.1038/s41377-024-01500-7;10.1038/s41467-026-68315-5
methods	in addition to	2	2	10.1038/s41467-022-31478-y;10.1038/s41467-024-49838-1
results	in our work	2	1	10.1038/s41467-025-64696-1
results	the n 1s	2	1	10.1038/s43246-024-00645-7
abstract	here we address	2	2	10.1038/s41377-026-02184-x;qdp_2013_auger-control-carrier-kinetics
results	figure 5f shows	2	2	10.1038/s41467-018-05909-8;10.1038/s41467-025-64696-1
introduction	for example han	2	2	10.1038/s41467-019-13909-5;10.1038/s41467-025-63653-2
results	the suppressed efficiency	2	1	10.1038/s41377-025-01972-1
methods	after that tpbi	2	2	10.1038/s41377-026-02246-0;10.1038/s41467-021-21522-8
results	here we use	2	2	10.1038/s41467-018-02978-7;10.1038/s41467-023-40194-0
discussion	in order to	2	2	10.1038/s41467-020-14747-6;10.1038/s41467-022-29702-w
results	by analysing the	2	2	10.1038/s41467-019-13951-3;10.1038/s41467-025-64596-4
methods	poly-tpd 10 mg	2	2	10.1038/s41467-018-06425-5;10.1038/s41467-024-49838-1
results	we first investigate	2	2	10.1038/s41467-021-24762-w;10.1038/s41467-025-56815-9
methods	the assembly of	2	2	10.1038/s41467-025-56068-6;10.1038/s41467-026-73911-6
methods	as soon as	2	2	10.1038/s41467-025-64596-4;qdp_2016_inas-qd-size-tunable-nir-emission
results	this will be	2	2	10.1038/s41467-022-32010-y;10.1038/s41467-026-74198-3
methods	in detail the	2	2	10.1038/s41377-025-01768-3;10.1038/s41377-026-02246-0
results	during solvent evaporation	2	2	10.1038/s41467-025-59527-2;10.1038/s41467-025-64546-0
results	to verify reproducibility	2	2	10.1038/s41377-026-02237-1;10.1038/s41467-023-41041-y
methods	spin-coating at 500	2	1	10.1038/s41377-025-02000-y
introduction	to avoid solvent	2	1	10.1038/s41377-025-01835-9
methods	n n-dimethylformamide dmf	2	2	10.1038/s41467-026-72115-2;10.1038/s41467-026-73911-6
methods	zno nanocrystals were	2	2	10.1038/s41467-021-20970-6;10.1038/s41928-024-01151-x
results	xps depth profiling	2	2	10.1038/s41377-025-01867-1;10.1038/s41467-026-71949-0
results	in contrast devices	2	2	10.1038/s41467-020-14747-6;10.1038/s41467-026-72625-z
results	the absolute plqy	2	2	10.1038/s41377-022-00992-5;10.1038/s41467-020-17633-3
results	therefore the reduced	2	2	10.1038/s41467-022-32010-y;10.1038/s43246-026-01136-7
results	after 2000 bending	2	1	10.1038/s41467-025-67737-x
results	we determine the	2	2	10.1038/s41467-019-12558-y;qdp_2013_carrier-multiplication-qd-films
results	the fabrication of	2	2	10.1038/s41467-020-16865-7;10.1038/s41467-026-70555-4
discussion	for example a	2	2	10.1038/s41467-020-17633-3;10.1038/s41467-024-55812-8
methods	the purification process	2	2	10.1038/s41467-025-57472-8;10.1038/s41928-024-01181-5
results	one is the	2	2	10.1038/s41467-018-06294-y;10.1038/s41467-024-50508-5
methods	the 1.5 m	2	2	10.1038/s41467-026-71301-6;10.1038/s41467-026-72115-2
results	transmission electron microscope	2	2	10.1038/s41467-020-16652-4;10.1038/s41467-025-62345-1
introduction	here we perform	2	2	10.1038/s41467-020-16560-7;10.1038/s42005-023-01169-1
methods	solution a was	2	2	10.1038/s41563-025-02123-y;10.1038/s41586-023-05855-6
results	since the energy	2	2	10.1038/s41467-024-50508-5;10.1038/s41467-025-56987-4
results	the rest related	2	1	10.1038/s43246-021-00203-5
results	and from the	2	1	10.1038/s41467-019-08561-y
results	additionally based on	2	2	10.1038/s41467-023-36773-w;10.1038/s41467-025-59515-6
results	after laser exposure	2	1	10.1038/s41467-024-45944-2
results	after annealing at	2	1	10.1038/s41467-022-28480-9
methods	synthesis of niox	2	1	10.1038/s41467-026-73911-6
discussion	this work offers	2	2	10.1038/s41377-022-00992-5;10.1038/s41467-021-21522-8
results	this shift is	2	2	10.1038/s41467-025-58471-5;10.1038/s41467-026-70555-4
results	we further characterized	2	2	10.1038/s41467-023-36118-7;10.1038/s41467-024-50508-5
methods	the key to	2	2	10.1038/s41467-024-50634-0;10.1038/s41467-025-63653-2
results	in this context	2	2	10.1038/s41467-024-55812-8;10.1038/s41467-025-67737-x
methods	pl and trpl	2	2	10.1038/s41467-019-08561-y;10.1038/s41467-025-64111-9
methods	temperature-dependent pl measurements	2	2	10.1038/s41467-020-20555-9;10.1038/s41467-025-61085-6
results	to analyze the	2	2	10.1038/s41467-023-41868-5;10.1038/s41467-024-49751-7
methods	self-assembly of three-dimensional	2	1	10.1038/s41467-024-55812-8
methods	prior to deposition	2	2	10.1038/s41467-024-52401-7;10.1038/s41467-026-71949-0
methods	patterned indium tin	2	2	10.1038/s41467-022-29812-5;10.1038/s41467-026-72733-w
results	to be mentioned	2	2	10.1038/s41467-023-35954-x;10.1038/s41467-023-36773-w
methods	electron paramagnetic resonance	2	1	10.1038/s41467-025-58471-5
results	here we employ	2	1	10.1038/s41467-023-40194-0
results	as shown from	2	1	10.1038/s41467-025-56068-6
methods	synthesis of quantum	2	2	10.1038/s41467-025-62345-1;10.1038/s41467-025-65135-x
abstract	self-assembled monolayers sams	2	2	10.1038/s41467-024-51760-5;10.1038/s41467-026-71301-6
introduction	the external quantum	2	2	10.1038/s41467-020-20433-4;10.1038/s41563-025-02123-y
results	in the reference	2	2	10.1038/s41467-022-31853-9;10.1038/s41586-023-05855-6
methods	the solvents of	2	2	10.1038/s41467-020-15481-9;10.1038/s41467-025-57746-1
methods	the time for	2	1	10.1038/s41467-017-01379-6
results	similar results are	2	2	10.1038/s41467-024-47891-4;10.1038/s41467-025-59515-6
results	the calculation results	2	2	10.1038/s41377-022-00992-5;10.1038/s41467-026-70555-4
results	synthesis and optical	2	2	10.1038/s41467-025-63653-2;qdp_2014_carrier-multiplication-quasi-type-ii
methods	afm images of	2	2	10.1038/s41467-018-02978-7;10.1038/s41467-022-32010-y
methods	the film is	2	2	10.1038/s41467-024-52208-6;10.1038/s41467-025-59515-6
methods	matrix-assisted laser desorption	2	2	10.1038/s41467-025-56987-4;10.1038/s41467-026-69198-2
results	notably the performance	2	2	10.1038/s41467-020-20433-4;10.1038/s41467-025-64111-9
results	moreover the initial	2	2	10.1038/s41467-026-71949-0;10.1038/s41467-026-72625-z
results	furthermore according to	2	2	10.1038/s41467-025-63653-2;10.1038/s41586-024-07149-x
results	the response time	2	1	10.1038/s41377-025-01959-y
results	the optical performance	2	1	10.1038/s41467-024-47891-4
methods	dynamic light scattering	2	2	10.1038/s41467-024-51760-5;10.1038/s41467-026-73911-6
results	in the meantime	2	2	10.1038/s41467-020-15944-z;10.1038/s41467-026-74198-3
results	the contact angles	2	2	10.1038/s41467-025-56068-6;10.1038/s43246-024-00645-7
introduction	however considering the	2	1	10.1038/s41467-020-18006-6
results	meanwhile the average	2	2	10.1038/s41377-022-00855-z;10.1038/s41467-025-63653-2
results	the control perovskite	2	2	10.1038/s41467-021-21522-8;10.1038/s41467-026-73911-6
results	grazing incidence wide-angle	2	2	10.1038/s41467-019-13909-5;10.1038/s41467-025-64111-9
results	surprisingly we found	2	2	10.1038/s41467-023-41929-9;10.1038/s41467-024-50893-x
results	here we adopt	2	1	10.1038/s41467-024-50508-5
results	the high-k field	2	1	10.1038/s41467-023-40194-0
methods	the srh recombination	2	2	10.1038/s41467-022-31853-9;10.1038/s41467-023-36773-w
methods	after this the	2	2	10.1038/s41377-024-01704-x;10.1038/s43246-024-00576-3
results	f360-inp:cl mscs showed	2	1	10.1038/s41467-020-16855-9
results	these observations highlight	2	2	10.1038/s41467-023-36118-7;10.1038/s41467-025-64546-0
methods	finally 80 nm	2	2	10.1038/s41467-024-50634-0;10.1038/s41467-025-64111-9
methods	ethyl acetate 200	2	1	10.1038/s41467-021-24616-5
introduction	the advantage of	2	2	10.1038/s41467-019-13951-3;10.1038/s41467-022-29538-4
methods	stem-eds sis were	2	1	10.1038/s41467-020-14747-6
results	therefore we attribute	2	2	10.1038/s41467-018-06294-y;10.1038/s41467-025-67347-7
methods	a ti sapphire	2	2	10.1038/s41467-025-57304-9;10.1038/s41467-025-63684-9
methods	ltd with 200	2	2	10.1038/s41467-018-04986-z;10.1038/s41467-020-15481-9
introduction	however the severe	2	2	10.1038/s41467-024-46243-6;10.1038/s41467-025-56001-x
introduction	as opposed to	2	2	10.1038/s41467-020-16865-7;10.1038/s41467-021-25955-z
methods	the unit cell	2	1	10.1038/s41467-025-58470-6
introduction	the complexity of	2	2	10.1038/s41467-020-16865-7;10.1038/s41467-022-35731-2
results	the optimization of	2	2	10.1038/s41377-025-02000-y;10.1038/s41467-024-51760-5
methods	after the etching	2	2	10.1038/s41377-024-01601-3;10.1038/s41467-023-36773-w
methods	nickel(ii acetate tetrahydrate	2	2	10.1038/s41467-021-27652-3;10.1038/s41467-023-41929-9
introduction	we believe that	2	2	10.1038/s41467-020-16659-x;10.1038/s41467-021-25955-z
introduction	these methods are	2	2	10.1038/s43246-021-00203-5;10.1038/s43246-024-00576-3
methods	all perovskite films	2	1	10.1038/s41467-026-74583-y
methods	pedot:pss is deposited	2	2	10.1038/s41467-021-22864-z;10.1038/s41467-025-64696-1
methods	all tests were	2	2	10.1038/s41377-024-01704-x;10.1038/s41467-024-45945-1
discussion	the band gap	2	1	10.1038/s41467-023-40746-4
methods	to grow cdznse	2	1	10.1038/s41467-026-73298-4
methods	nickel(ii nitrate hexahydrate	2	2	10.1038/s41467-025-56068-6;10.1038/s41467-025-63389-z
results	the strength of	2	2	10.1038/s41467-024-55812-8;10.1038/s41467-025-65871-0
results	when the conversion	2	1	10.1038/s41467-020-16855-9
results	more importantly it	2	2	10.1038/s41377-025-01959-y;10.1038/s41467-023-36773-w
methods	for the devices	2	2	10.1038/s41467-023-36773-w;10.1038/s41467-025-58471-5
results	in this example	2	1	10.1038/s41467-023-39488-0
results	this observation provides	2	2	10.1038/s41467-024-52401-7;10.1038/s41467-025-56987-4
introduction	as reported the	2	2	10.1038/s41467-019-08749-2;10.1038/s41467-024-55653-5
results	with the spc	2	1	10.1038/s41467-024-52521-0
introduction	therefore there is	2	2	10.1038/s41467-021-24762-w;10.1038/s41467-026-73911-6
results	the fast fourier	2	2	10.1038/s41467-023-40746-4;10.1038/s41467-025-61085-6
methods	afm and kpfm	2	2	10.1038/s41467-019-13437-2;10.1038/s41467-024-54160-x
methods	psc modules of	2	1	10.1038/s41467-025-64111-9
results	for textured silicon	2	1	10.1038/s41467-025-64546-0
results	after hbr etching	2	1	10.1038/s41377-025-02019-1
methods	ito substrate was	2	2	10.1038/s41467-021-20970-6;10.1038/s41467-021-25955-z
results	paths 2 and	2	1	10.1038/s41467-023-43408-7
methods	briefly 5 ml	2	1	10.1038/s41467-022-35731-2
results	our results demonstrate	2	2	10.1038/s41467-021-24931-x;10.1038/s41467-024-49751-7
results	to delve into	2	2	10.1038/s41467-025-58471-5;10.1038/s41467-026-71301-6
results	moreover the peak	2	2	10.1038/s41467-022-29812-5;10.1038/s41467-023-43472-z
results	it is anticipated	2	2	10.1038/s41467-025-58471-5;10.1038/s41928-026-01670-9
results	when the device	2	2	10.1038/s41467-024-52521-0;10.1038/s41928-024-01151-x
results	with a constant	2	2	10.1038/s41467-018-06425-5;10.1038/s41467-025-64596-4
methods	the exchange and	2	2	10.1038/s41467-024-52208-6;10.1038/s41467-025-66981-5
results	when the zn2+	2	1	10.1038/s41467-020-18006-6
results	therefore we designed	2	2	10.1038/s41467-021-27652-3;10.1038/s41467-026-72115-2
results	we carried out	2	2	10.1038/s41377-025-01740-1;alhtl_2017_cspbbr3-moo3-hil-peled
introduction	however to achieve	2	2	10.1038/s41467-025-64596-4;10.1038/s41928-026-01670-9
methods	steady-state pl was	2	2	10.1038/s41467-018-05909-8;10.1038/s41467-023-41929-9
methods	after uv-ozone treatment	2	2	10.1038/s41467-021-27652-3;10.1038/s41467-025-64546-0
results	a scale bar	2	1	10.1038/s41467-025-60886-z
results	in contrast f408-inp:zn	2	1	10.1038/s41467-020-16855-9
methods	the asylum research	2	2	10.1038/s41467-025-56068-6;10.1038/s41467-025-63389-z
results	interestingly the hydrogen	2	1	10.1038/s41467-018-06294-y
results	the eqe roll-off	2	2	10.1038/s41467-019-08561-y;10.1038/s41467-025-56001-x
methods	collect the precipitant	2	1	10.1038/s41377-024-01704-x
results	the result shows	2	1	10.1038/s41467-023-43408-7
methods	the signal was	2	2	10.1038/s41467-020-14747-6;10.1038/s41467-026-74583-y
results	after dmso rinsing	2	2	10.1038/s41467-025-56557-8;10.1038/s41467-026-74583-y
results	this finding suggests	2	2	10.1038/s41467-023-41929-9;10.1038/s41467-025-58470-6
introduction	more recently the	2	2	10.1038/s41467-019-13909-5;10.1038/s41467-024-52208-6
results	notably the eqe	2	2	10.1038/s41467-026-73298-4;10.1038/s41467-026-74151-4
results	in fact we	2	2	10.1038/s41467-022-32010-y;10.1038/s41467-024-49751-7
methods	where e is	2	2	10.1038/s41377-024-01704-x;10.1038/s41467-025-58047-3
results	while the potential	2	1	10.1038/s41467-021-25955-z
results	for the other	2	2	10.1038/s41467-020-15481-9;10.1038/s41467-023-43408-7
results	generally the conductivity	2	2	10.1038/s41467-022-32010-y;10.1038/s41467-023-38216-y
results	this observation suggests	2	2	10.1038/s41467-024-51760-5;qdp_2013_carrier-multiplication-qd-films
methods	the dft-d3 method	2	2	10.1038/s41377-025-01768-3;10.1038/s41467-025-56068-6
results	the surface morphology	2	2	10.1038/s41377-025-01740-1;10.1038/s41467-018-07099-9
methods	the amplitude and	2	2	10.1038/s41467-023-43340-w;10.1038/s41467-024-52401-7
results	in contrast if	2	2	10.1038/s41467-023-40746-4;10.1038/s43246-026-01136-7
results	the ultraviolet photoelectron	2	2	10.1038/s41467-025-64111-9;10.1038/s41467-026-73911-6
introduction	scale bar 10	2	1	10.1038/s41928-024-01181-5
methods	after 5 min	2	2	10.1038/s41467-022-35731-2;10.1038/s41467-024-49791-z
results	the line edge	2	2	10.1038/s41467-020-16652-4;10.1038/s41467-025-64696-1
methods	the incidence angle	2	2	10.1038/s41467-022-29812-5;10.1038/s41467-026-72733-w
results	it is obvious	2	2	10.1038/s41377-022-00992-5;10.1038/s41467-022-28037-w
results	both types of	2	2	10.1038/s41377-024-01727-4;10.1038/s41467-025-57472-8
methods	the fitted results	2	1	10.1038/s41467-024-45944-2
methods	simultaneous measurements of	2	2	10.1038/s41467-018-03049-7;10.1038/s41467-020-14747-6
methods	because of the	2	2	10.1038/s41467-020-16659-x;10.1038/s41467-024-50508-5
results	at a high	2	2	10.1038/s41467-025-56001-x;10.1038/s41467-025-57304-9
introduction	it is known	2	2	10.1038/s41467-018-02978-7;10.1038/s41467-023-41041-y
methods	a monochromatic beam	2	2	10.1038/s41467-019-09794-7;10.1038/s41467-021-21522-8
methods	the laser spot	2	2	10.1038/s41467-023-41041-y;10.1038/s41467-024-53965-0
methods	the final precipitate	2	1	10.1038/s41467-026-75756-5
results	effect of cmms	2	1	10.1038/s41467-024-49751-7
methods	mass spectra were	2	2	10.1038/s41467-023-43408-7;10.1038/s41467-024-55653-5
methods	the surface temperature	2	2	10.1038/s41377-024-01500-7;10.1038/s41467-022-29812-5
methods	in brief 0.185	2	1	10.1038/s41467-024-50022-8
methods	a plane-wave kinetic	2	2	10.1038/s41467-026-73298-4;10.1038/s41467-026-73911-6
methods	the supernatant solution	2	2	10.1038/s41377-022-00855-z;10.1038/s41467-025-57304-9
results	the photoluminescence quantum	2	2	10.1038/s41377-025-01987-8;10.1038/s41467-025-64696-1
introduction	these defects are	2	2	10.1038/s41467-020-17633-3;10.1038/s41467-024-51760-5
discussion	our results reveal	2	2	10.1038/s41467-025-58047-3;10.1038/s41467-025-63684-9
results	the extracted activation	2	2	10.1038/s41467-020-16560-7;10.1038/s41928-024-01181-5
results	supplementary fig. 6	2	2	10.1038/s41467-023-35954-x;10.1038/s41467-026-72733-w
results	the device structures	2	2	10.1038/s41377-022-00992-5;10.1038/s41467-024-52401-7
results	it should also	2	2	10.1038/s41467-020-20433-4;10.1038/s41586-024-07149-x
methods	al2o3 particles were	2	1	10.1038/s41467-025-64546-0
methods	subsequently the mixture	2	1	10.1038/s41467-025-61511-9
methods	preparation of cesium	2	2	10.1038/s41467-024-50634-0;10.1038/s43246-026-01177-y
results	this finding is	2	2	10.1038/s41467-023-41041-y;10.1038/s41467-025-65695-y
results	therefore we employed	2	2	10.1038/s41467-024-53965-0;10.1038/s41467-025-65871-0
methods	for transient absorption	2	2	10.1038/s41467-025-63684-9;10.1038/s41586-023-05855-6
discussion	our results illustrate	2	2	10.1038/s41928-024-01151-x;10.1038/s41928-024-01205-0
methods	the beam current	2	2	10.1038/s41467-023-43472-z;10.1038/s41467-026-69200-x
results	meanwhile a new	2	2	10.1038/s41467-020-14747-6;10.1038/s41467-021-24762-w
results	this increase in	2	2	10.1038/s43246-024-00645-7;alhtl_2017_cspbbr3-moo3-hil-peled
methods	ta spectroscopy was	2	2	10.1038/s41467-026-71292-4;10.1038/s41563-024-01812-4
methods	photolithography process for	2	1	10.1038/s41377-025-02000-y
results	aliquots were taken	2	2	10.1038/s41467-020-16855-9;10.1038/s43246-026-01136-7
methods	under the assumption	2	2	10.1038/s41467-022-31853-9;10.1038/s41586-024-07149-x
methods	specifically we fill	2	2	10.1038/s41467-025-56068-6;10.1038/s41467-025-63389-z
results	under the driving	2	1	10.1038/s41467-024-47891-4
introduction	to improve the	2	2	10.1038/s41377-025-01817-x;10.1038/s41467-024-55619-7
results	in contrast dpp	2	2	10.1038/s41467-024-50634-0;10.1038/s41467-025-64696-1
results	as reported the	2	1	10.1038/s41377-026-02246-0
results	according to fig.	2	2	10.1038/s41467-024-50022-8;10.1038/s43246-020-00084-0
results	the work functions	2	2	10.1038/s41377-025-01959-y;10.1038/s41467-024-49751-7
results	in view of	2	2	10.1038/s41467-026-72625-z;10.1038/s41467-026-73911-6
results	because the pl	2	2	10.1038/s41563-025-02123-y;qdp_2012_lifetime-blinking-nonblinking-qd
results	note that we	2	2	10.1038/s41467-020-14747-6;10.1038/s41467-022-29812-5
methods	for the standard	2	2	10.1038/s41467-020-16560-7;10.1038/s41467-025-57746-1
discussion	in our work	2	2	10.1038/s41467-018-06294-y;10.1038/s41467-025-58470-6
results	the lowest energy	2	2	10.1038/s41467-019-13951-3;10.1038/s41467-025-56987-4
introduction	to alleviate this	2	2	10.1038/s41467-023-39488-0;10.1038/s41467-024-52401-7
methods	the energy resolution	2	2	10.1038/s41467-020-20582-6;10.1038/s41467-022-29702-w
methods	all structures were	2	2	10.1038/s41377-022-00992-5;10.1038/s41467-024-45945-1
results	we are able	2	2	10.1038/s41467-019-08749-2;10.1038/s41467-022-31189-4
results	the transmission electron	2	2	10.1038/s41377-022-00992-5;10.1038/s41467-024-55812-8
results	these results represent	2	2	10.1038/s41377-024-01727-4;10.1038/s41467-026-74583-y
results	meanwhile there are	2	2	10.1038/s41467-026-71292-4;10.1038/s43246-020-00084-0
discussion	by varying the	2	1	10.1038/s41467-024-47891-4
results	the maximum current	2	2	10.1038/s41467-024-49838-1;10.1038/s41928-024-01181-5
results	for l/t-qds with	2	1	10.1038/s41467-025-65135-x
methods	then 0.1 mmol	2	2	10.1038/s41467-018-04986-z;10.1038/s41467-020-15481-9
methods	tem images and	2	2	10.1038/s41467-020-16855-9;10.1038/s41467-021-24762-w
results	the improved hole	2	1	10.1038/s41467-025-56001-x
methods	subsequently the zno	2	2	10.1038/s41467-025-56557-8;10.1038/s43246-024-00645-7
results	by calculating the	2	2	10.1038/s41377-026-02237-1;10.1038/s41467-024-47891-4
discussion	by contrast the	2	2	10.1038/s41467-018-07383-8;10.1038/s41467-024-49838-1
results	this result demonstrates	2	2	10.1038/s41467-020-16652-4;10.1038/s41467-025-63209-4
methods	at this point	2	2	10.1038/s41467-025-57304-9;10.1038/s41467-026-73298-4
methods	the optimal thicknesses	2	2	10.1038/s41467-018-04986-z;10.1038/s41467-020-15481-9
results	in addition el	2	2	10.1038/s41377-022-00992-5;10.1038/s41377-024-01727-4
results	transient photocurrent tpc	2	2	10.1038/s41467-026-69198-2;10.1038/s41467-026-71301-6
methods	the qds are	2	2	10.1038/s41467-025-64696-1;10.1038/s41928-026-01670-9
results	compared to organic	2	2	10.1038/s41467-018-06294-y;10.1038/s41467-024-50022-8
results	the long-term stability	2	2	10.1038/s41467-024-50893-x;10.1038/s41467-025-63389-z
methods	the j-l-v characteristics	2	2	10.1038/s41467-018-04986-z;10.1038/s41467-024-50022-8
introduction	you et al.	2	2	10.1038/s41467-025-64111-9;10.1038/s41467-025-66421-4
methods	the films for	2	2	10.1038/s41467-022-29702-w;10.1038/s41467-023-43408-7
results	we then carried	2	2	10.1038/s41467-019-13909-5;10.1038/s41467-023-36118-7
results	subsequently we used	2	2	10.1038/s41467-025-63389-z;10.1038/s41467-026-73911-6
methods	photoluminescence quantum yield	2	2	10.1038/s41467-025-57746-1;10.1038/s41467-025-64546-0
results	the photolithography template	2	1	10.1038/s41377-025-02000-y
methods	cesium carbonate cs₂co₃	2	2	10.1038/s41377-022-01036-8;10.1038/s41467-024-50634-0
results	the qd solution	2	2	10.1038/s41467-024-45944-2;10.1038/s41467-024-55619-7
methods	x-ray diffraction and	2	2	10.1038/s41467-023-39531-0;10.1038/s41467-026-73911-6
results	considering the high	2	2	10.1038/s41467-023-41929-9;10.1038/s41467-024-55653-5
methods	finally 100 nm	2	2	10.1038/s41467-026-73911-6;10.1038/s43246-024-00576-3
results	compared with other	2	2	10.1038/s41467-024-50508-5;10.1038/s41467-026-75756-5
results	we then used	2	2	10.1038/s41377-026-02247-z;10.1038/s41467-026-72733-w
results	however the effect	2	2	10.1038/s41467-024-49751-7;10.1038/s41467-025-65135-x
methods	the reaction system	2	1	10.1038/s41377-024-01727-4
results	electrical generation of	2	1	10.1038/s41467-020-15944-z
methods	for the target	2	2	10.1038/s41467-025-58047-3;10.1038/s41467-026-71292-4
methods	after an additional	2	2	10.1038/s41467-025-56068-6;10.1038/s41467-025-63389-z
methods	for the ar	2	1	10.1038/s41467-022-28480-9
methods	the device had	2	2	10.1038/s41467-026-72733-w;10.1038/s41467-026-74583-y
results	after the introduction	2	2	10.1038/s41467-025-64111-9;10.1038/s43246-026-01177-y
results	optoelectronic properties of	2	2	10.1038/s41377-025-01768-3;10.1038/s41467-024-50634-0
results	the brightness of	2	2	10.1038/s41467-024-50634-0;qc_2015_wearable-rgb-qled-array
results	our study suggests	2	2	10.1038/s41467-022-35731-2;10.1038/s41467-024-55619-7
results	the content of	2	2	10.1038/s41467-025-66421-4;10.1038/s41467-026-74198-3
results	the dark current	2	2	10.1038/s41467-023-36773-w;10.1038/s41467-024-51760-5
discussion	moreover the optimized	2	2	10.1038/s41467-024-55653-5;10.1038/s41467-025-56557-8
results	we provide a	2	2	10.1038/s41467-023-41868-5;10.1038/s41467-024-51760-5
introduction	recently there have	2	2	10.1038/s41467-021-20970-6;10.1038/s41467-025-63653-2
introduction	two-dimensional 2d semiconductors	2	2	10.1038/s41467-025-56815-9;10.1038/s41467-025-65695-y
results	the calculation of	2	2	10.1038/s41467-022-35731-2;10.1038/s41467-025-62345-1
results	the l-e treatment	2	1	10.1038/s41467-025-64596-4
results	the global fitting	2	1	10.1038/s41467-020-20555-9
methods	the trpl decay	2	2	10.1038/s41467-019-09794-7;10.1038/s41467-020-17633-3
introduction	lead halide perovskites	2	2	10.1038/s41467-020-17633-3;10.1038/s41467-024-53221-5
methods	the change in	2	2	10.1038/s41467-025-56987-4;10.1038/s41467-025-57304-9
results	after the exchange	2	1	10.1038/s41467-024-55619-7
results	compared to control	2	2	10.1038/s41377-026-02231-7;10.1038/s41467-025-67737-x
discussion	our results highlight	2	2	10.1038/s41467-024-55653-5;10.1038/s41467-025-61511-9
results	the crystalline structure	2	2	10.1038/s41467-021-24762-w;10.1038/s41467-024-51760-5
discussion	by controlling the	2	2	10.1038/s41467-020-16560-7;10.1038/s41467-023-39488-0
results	the band alignment	2	2	10.1038/s41467-018-02978-7;alhtl_2017_cspbbr3-moo3-hil-peled
introduction	we demonstrated that	2	2	10.1038/s41377-022-01036-8;10.1038/s41377-026-02247-z
methods	the temperature-dependent pl	2	2	10.1038/s41377-026-02237-1;10.1038/s41467-026-73298-4
results	the pristine qd	2	2	10.1038/s41377-026-02247-z;10.1038/s41467-025-63684-9
results	the trpl spectra	2	2	10.1038/s41377-025-01740-1;10.1038/s41467-024-50634-0
methods	the glass/ito substrate	2	2	10.1038/s43246-024-00645-7;alhtl_2017_cspbbr3-moo3-hil-peled
methods	for determining the	2	2	10.1038/s41467-020-20582-6;10.1038/s41563-024-01812-4
results	scanning electron microscope	2	2	10.1038/s41377-026-02247-z;10.1038/s41467-025-58470-6
results	figure 1d shows	2	2	10.1038/s41467-020-14747-6;10.1038/s41928-024-01205-0
methods	unless stated otherwise	2	1	10.1038/s41467-024-55376-7
introduction	to solve the	2	2	10.1038/s41467-018-04986-z;10.1038/s41467-020-17633-3
methods	finally tpbi 40	2	2	10.1038/s41467-025-56001-x;10.1038/s41467-025-63684-9
methods	the film thickness	2	2	10.1038/s41467-021-24616-5;10.1038/s41467-021-27652-3
results	mechanism of the	2	2	10.1038/s41377-026-02246-0;10.1038/s41467-026-74198-3
results	the qleds using	2	1	10.1038/s41467-020-14756-5
methods	the current density−voltage−luminance	2	2	10.1038/s41467-021-24931-x;10.1038/s41467-024-49791-z
methods	the poly-tpd layer	2	2	10.1038/s41467-017-01379-6;10.1038/s41467-020-20433-4
results	we fabricated a	2	2	10.1038/s41467-024-53965-0;10.1038/s41467-025-58047-3
results	when the g-cds	2	1	10.1038/s41467-025-63653-2
results	it is unexpected	2	2	10.1038/s41467-018-02978-7;10.1038/s41467-020-20433-4
introduction	for example it	2	2	10.1038/s41467-021-22864-z;10.1038/s41467-024-53221-5
results	the results reveal	2	2	10.1038/s41467-024-51760-5;10.1038/s41467-026-74583-y
methods	the ncs were	2	1	10.1038/s41467-024-55812-8
results	this point is	2	2	10.1038/s41467-018-06425-5;10.1038/s41467-024-45945-1
results	the level of	2	2	10.1038/s41467-018-06425-5;10.1038/s41467-025-56815-9
introduction	therefore developing effective	2	2	10.1038/s41467-025-59527-2;10.1038/s41467-025-62345-1
results	the accumulation of	2	2	10.1038/s41467-020-18006-6;10.1038/s41467-022-31853-9
methods	synthesis of the	2	2	10.1038/s41467-022-35731-2;10.1038/s41467-023-43340-w
introduction	the enhancement of	2	2	10.1038/s41377-020-0328-6;10.1038/s41467-023-35954-x
methods	the substrate temperature	2	2	10.1038/s41467-022-31478-y;10.1038/s41586-024-07360-w
introduction	quasi-two-dimensional quasi-2d perovskites	2	2	10.1038/s41467-018-05909-8;10.1038/s41467-021-21522-8
methods	the el and	2	2	10.1038/s41467-018-03049-7;10.1038/s41467-020-14747-6
results	the n =	2	2	10.1038/s41377-026-02184-x;10.1038/s41467-026-68315-5
methods	then 100 µl	2	2	10.1038/s41467-024-55812-8;10.1038/s41563-024-01812-4
discussion	in the current	2	1	10.1038/s41467-019-09737-2
results	this is evident	2	1	10.1038/s41467-023-39488-0
results	for the blue	2	2	10.1038/s41467-019-08749-2;10.1038/s41928-024-01181-5
methods	the perovskite film	2	2	10.1038/s41467-026-72733-w;10.1038/s43246-024-00576-3
methods	after cleaning the	2	2	10.1038/s41467-022-31853-9;10.1038/s41467-024-47891-4
introduction	in this contribution	2	2	10.1038/s41467-024-47891-4;10.1038/s41467-024-52521-0
results	we also perform	2	2	10.1038/s41467-024-52208-6;10.1038/s41467-026-68315-5
methods	the light-emitting area	2	2	10.1038/s41377-022-01036-8;10.1038/s41467-020-17633-3
abstract	by simultaneously measuring	2	2	10.1038/s41467-018-03049-7;10.1038/s41467-024-52521-0
results	s3 supplementary information	2	1	10.1038/s41377-025-02019-1
methods	after centrifugation at	2	2	10.1038/s41377-022-01036-8;10.1038/s41928-024-01181-5
introduction	the addition of	2	2	10.1038/s41467-024-53221-5;10.1038/s41467-025-59527-2
methods	characterization of led	2	2	10.1038/s41467-021-24616-5;10.1038/s41467-022-31478-y
methods	next 15 ml	2	1	10.1038/s41467-023-35954-x
results	the plqys of	2	2	10.1038/s41467-024-49751-7;10.1038/s41467-025-67737-x
methods	the glass ito/rt-niox	2	1	10.1038/s41467-026-73911-6
results	the photophysical properties	2	2	10.1038/s41467-025-56987-4;10.1038/s41563-024-01812-4
results	notably a new	2	2	10.1038/s41377-025-02019-1;10.1038/s41467-019-09794-7
methods	then the zno	2	2	10.1038/s41377-022-00855-z;10.1038/s41467-021-20970-6
results	we therefore conclude	2	2	10.1038/s41467-023-41929-9;10.1038/s41467-025-57746-1
results	when incl3 and	2	1	10.1038/s41467-023-39531-0
results	to ensure a	2	2	10.1038/s41377-025-01835-9;10.1038/s41467-020-16659-x
results	figure 1 illustrates	2	2	10.1038/s41467-025-60886-z;10.1038/s41928-026-01670-9
methods	when the solute	2	1	10.1038/s41467-024-50022-8
methods	all substrates were	2	1	10.1038/s41467-022-29812-5
methods	structural optimizations were	2	2	10.1038/s41467-025-58470-6;10.1038/s41467-025-62345-1
methods	the morphology and	2	2	10.1038/s41467-025-63653-2;10.1038/s41467-026-74198-3
methods	for the temperature-dependent	2	2	10.1038/s41467-026-68315-5;10.1038/s41563-025-02123-y
results	upon addition of	2	1	10.1038/s41467-020-16855-9
results	the prototype peleds	2	1	10.1038/s41928-024-01181-5
results	compared to other	2	2	10.1038/s41467-023-41041-y;10.1038/s41467-025-64696-1
results	bright and uniform	2	2	10.1038/s41467-021-24931-x;10.1038/s41467-023-40150-y
results	this efficiency is	2	2	10.1038/s41377-025-01768-3;10.1038/s41563-024-01812-4
methods	at this stage	2	2	10.1038/s41467-025-60886-z;10.1038/s43246-024-00645-7
methods	se precursor se-top	2	2	10.1038/s41377-024-01727-4;10.1038/s41467-024-50432-8
methods	subsequently a solution	2	2	10.1038/s41467-023-35954-x;10.1038/s41467-024-49574-6
results	further evidence of	2	2	10.1038/s41467-025-64696-1;10.1038/s43246-021-00203-5
results	therefore the total	2	2	10.1038/s41467-023-36773-w;10.1038/s41467-024-47891-4
methods	for the calculations	2	2	10.1038/s41467-020-16560-7;10.1038/s41467-025-57746-1
methods	on top of	2	2	10.1038/s41467-024-46243-6;10.1038/s41467-025-64696-1
introduction	on the basis	2	2	qdp_2012_lifetime-blinking-nonblinking-qd;qdp_2014_carrier-multiplication-quasi-type-ii
introduction	based on this	2	2	10.1038/s41467-020-16652-4;10.1038/s41467-022-31189-4
methods	poly[(9,9-dioctylfluorenyl-2,7-diyl)-co-(4,40-(n-(4-s-butylphenyl diphenylamine)] tfb	2	2	10.1038/s41377-024-01601-3;10.1038/s41377-026-02246-0
methods	all solutions were	2	2	10.1038/s41467-023-39488-0;10.1038/s41467-026-72733-w
methods	characterization of device	2	2	10.1038/s41467-025-56068-6;10.1038/s41467-025-63389-z
results	most of the	2	2	10.1038/s41377-025-01817-x;10.1038/s41467-025-61511-9
results	the simulated hole	2	1	10.1038/s41467-022-31853-9
results	the improvement of	2	2	10.1038/s41467-025-64111-9;10.1038/s41467-026-73911-6
results	as compared in	2	2	10.1038/s41377-025-01835-9;10.1038/s41467-018-04986-z
introduction	self-assembled molecules sams	2	2	10.1038/s41467-026-69198-2;10.1038/s41467-026-72115-2
discussion	these advances enable	2	2	10.1038/s41377-026-02231-7;10.1038/s41467-025-67737-x
results	this is illustrated	2	1	10.1038/s41467-023-39488-0
methods	tfb 8 mg	2	2	10.1038/s41467-024-49574-6;10.1038/s41467-024-50432-8
abstract	the results indicate	2	2	10.1038/s41467-023-43340-w;10.1038/s43246-026-01177-y
methods	images were taken	2	2	10.1038/s41467-020-14747-6;10.1038/s41467-023-39488-0
results	the fabrication process	2	2	10.1038/s41467-024-49751-7;10.1038/s41467-025-61085-6
methods	the atmosphere was	2	1	qdp_2016_inas-qd-size-tunable-nir-emission
methods	the exchange-correlation interactions	2	2	10.1038/s41467-026-72733-w;10.1038/s41467-026-73298-4
methods	all the calculations	2	2	10.1038/s41467-025-59515-6;10.1038/s41467-026-74583-y
results	the resulting perovskite	2	2	10.1038/s41467-024-45945-1;10.1038/s41467-024-49838-1
results	this is clear	2	2	10.1038/s41467-024-49751-7;10.1038/s43246-026-01136-7
methods	the second harmonic	2	2	10.1038/s41467-018-06425-5;10.1038/s41467-020-20582-6
methods	caesium bromide csbr	2	2	10.1038/s41467-020-20582-6;10.1038/s41928-024-01151-x
methods	resulting qds were	2	1	10.1038/s41467-024-49791-z
results	in the demonstration	2	2	10.1038/s41467-022-35731-2;10.1038/s41467-023-39488-0
results	the capacitance of	2	2	10.1038/s41377-024-01500-7;10.1038/s41467-020-15481-9
methods	for the titration	2	1	10.1038/s41467-023-39531-0
results	a further increase	2	2	10.1038/s41467-023-35954-x;qdp_2013_auger-control-carrier-kinetics
methods	powder xrd patterns	2	2	10.1038/s41467-021-22864-z;10.1038/s41467-024-45944-2
results	the as-synthesized qds	2	2	10.1038/s41467-020-14756-5;10.1038/s41467-020-17633-3
results	for instance in	2	2	10.1038/s41467-025-56815-9;10.1038/s41467-025-58471-5
results	however the overall	2	2	10.1038/s41467-021-27652-3;10.1038/s41467-022-29538-4
results	we consider that	2	2	10.1038/s41467-018-03049-7;10.1038/s41566-024-01458-3
methods	cbp 60 nm	2	2	10.1038/s41467-020-16652-4;10.1038/s41467-024-49791-z
results	the detailed performances	2	1	10.1038/s41467-020-16659-x
abstract	we use these	2	2	10.1038/s41467-018-06425-5;10.1038/s41467-020-16560-7
introduction	these advancements have	2	2	10.1038/s41467-017-01379-6;10.1038/s41467-025-56557-8
results	the enhancement of	2	2	10.1038/s41467-024-55376-7;alhtl_2017_cspbbr3-moo3-hil-peled
results	previous reports indicate	2	2	10.1038/s41467-019-09737-2;10.1038/s41467-024-52521-0
methods	lead ii bromide	2	2	10.1038/s41467-021-24762-w;10.1038/s41467-024-55812-8
methods	then 0.5 ml	2	2	10.1038/s41377-026-02356-9;10.1038/s41467-024-55812-8
introduction	despite the rapid	2	2	10.1038/s41467-024-45945-1;10.1038/s41467-024-52521-0
methods	lead ii iodide	2	2	10.1038/s41377-024-01704-x;10.1038/s41467-026-71301-6
abstract	here we utilize	2	2	10.1038/s41467-025-65871-0;10.1038/s41467-026-68315-5
methods	the sample temperature	2	2	10.1038/s41467-020-15481-9;10.1038/s41467-022-31189-4
results	the noise margin	2	2	10.1038/s41467-020-18006-6;10.1038/s41467-025-57200-2
results	moreover for the	2	2	10.1038/s41467-022-28480-9;10.1038/s41467-025-66421-4
results	the fourier transform	2	2	10.1038/s41377-026-02231-7;10.1038/s41928-024-01181-5
methods	surface and cross-sectional	2	2	10.1038/s41467-021-24762-w;10.1038/s41467-025-66421-4
discussion	we have also	2	2	10.1038/s41467-024-49574-6;10.1038/s41467-025-65695-y
introduction	in contrast our	2	1	10.1038/s41467-024-53965-0
introduction	in the absence	2	2	10.1038/s41467-022-32010-y;10.1038/s41467-024-53221-5
results	it is pertinent	2	1	10.1038/s41467-021-22864-z
results	this phenomenon of	2	2	10.1038/s41377-022-01036-8;10.1038/s41467-024-51760-5
results	a series of	2	2	10.1038/s41467-020-14756-5;10.1038/s42005-021-00742-w
results	for the 3-	2	1	10.1038/s41467-022-31853-9
introduction	colloidal semiconductor quantum	2	2	10.1038/s41467-023-43340-w;10.1038/s41467-025-61511-9
results	however a more	2	2	10.1038/s41467-022-28480-9;qdp_2013_auger-control-carrier-kinetics
results	we consider two	2	2	10.1038/s41467-020-16560-7;10.1038/s41467-024-45945-1
methods	the absolute photoluminescence	2	2	10.1038/s41467-019-09737-2;10.1038/s41467-020-14756-5
introduction	the interfacial layers	2	1	10.1038/s41467-024-50893-x
results	this non-monotonic temperature	2	2	10.1038/s41467-023-39531-0;10.1038/s41467-024-55812-8
results	thus the increased	2	2	10.1038/s41467-023-43340-w;10.1038/s41467-026-71949-0
methods	the sam films	2	1	10.1038/s41467-026-73911-6
results	the ta kinetics	2	1	10.1038/s41467-019-13951-3
results	this should be	2	1	10.1038/s41467-020-20433-4
results	the temperature was	2	2	10.1038/s41377-026-02247-z;10.1038/s41467-024-49751-7
results	the cross-section scanning	2	2	10.1038/s41467-018-02978-7;10.1038/s41467-019-09794-7
methods	tpc/tpv was tested	2	2	10.1038/s41467-025-56068-6;10.1038/s41467-025-63389-z
introduction	it was reported	2	2	10.1038/s41467-025-56068-6;10.1038/s41467-025-63389-z
results	the improved ligand	2	1	10.1038/s43246-026-01177-y
results	these measurements indicate	2	2	10.1038/s41467-021-22864-z;qdp_2014_carrier-multiplication-quasi-type-ii
discussion	we also note	2	2	10.1038/s41467-023-43340-w;10.1038/s41467-025-65695-y
methods	the distance from	2	2	10.1038/s41467-023-36773-w;10.1038/s41467-026-71949-0
results	to obtain further	2	2	10.1038/s41467-019-08561-y;10.1038/s41467-019-12558-y
results	the intensity distribution	2	1	10.1038/s41467-024-55619-7
methods	the absolute plqy	2	2	10.1038/s41467-024-45944-2;10.1038/s41467-024-50508-5
introduction	inspired by this	2	2	10.1038/s41467-025-65135-x;10.1038/s41467-026-71301-6
methods	the fabrication of	2	2	10.1038/s41467-024-50634-0;10.1038/s41467-026-74151-4
results	the schematic diagram	2	2	10.1038/s41377-025-02000-y;10.1038/s41377-026-02246-0
introduction	this work provides	2	2	10.1038/s41467-025-63389-z;10.1038/s41467-025-63653-2
results	the angular distribution	2	2	10.1038/s41467-021-24931-x;10.1038/s41586-023-05855-6
methods	all the characterizations	2	2	10.1038/s41467-022-32010-y;10.1038/s41467-026-74583-y
methods	after the annealed	2	2	10.1038/s41467-024-54160-x;10.1038/s41467-026-72625-z
introduction	although there are	2	2	10.1038/s41467-024-46243-6;10.1038/s41467-025-56987-4
results	up to this	2	2	10.1038/s41377-025-01740-1;10.1038/s41467-024-53221-5
results	the average lifetime	2	2	10.1038/s41467-020-15481-9;10.1038/s41467-026-68315-5
results	the absorption feature	2	2	10.1038/s41377-024-01704-x;10.1038/s41467-023-39531-0
methods	eis measurements are	2	2	10.1038/s41467-025-56068-6;10.1038/s41467-025-63389-z
methods	tem and hrtem	2	2	10.1038/s41467-024-45945-1;10.1038/s41467-026-72733-w
results	the corresponding tft	2	1	10.1038/s41467-025-57200-2
results	the dipole moment	2	2	10.1038/s41467-019-13437-2;10.1038/s43246-020-00084-0
results	figure 2f g	2	2	10.1038/s41467-025-57746-1;10.1038/s41467-025-59527-2
results	this phenomenon was	2	2	10.1038/s41377-022-00855-z;10.1038/s41377-026-02246-0
results	the solution was	2	2	10.1038/s41467-020-16855-9;qdp_2016_inas-qd-size-tunable-nir-emission
results	according to supplementary	2	2	10.1038/s41467-020-16865-7;10.1038/s43246-020-00084-0
methods	for the stability	2	2	10.1038/s41467-025-66421-4;10.1038/s41467-026-73911-6
introduction	despite this progress	2	2	10.1038/s41467-023-39531-0;10.1038/s41467-026-74198-3
results	it is notable	2	2	10.1038/s41928-024-01181-5;10.1038/s41928-026-01670-9
results	although the pl	2	2	10.1038/s41467-022-35731-2;10.1038/s41928-024-01181-5
abstract	in addition the	2	2	10.1038/s41377-022-00992-5;10.1038/s41467-025-56001-x
methods	a 10 nm	2	2	10.1038/s41467-025-64546-0;10.1038/s42005-021-00742-w
results	these improvements were	2	2	10.1038/s41377-026-02184-x;10.1038/s41467-025-64546-0
methods	synthesis of cdse/cdznse/znses	2	1	10.1038/s41467-026-73298-4
results	in fig. 2b	2	2	10.1038/s41467-018-05909-8;10.1038/s41467-024-55376-7
results	external quantum efficiency	2	2	10.1038/s41467-026-71301-6;10.1038/s41467-026-72115-2
methods	icp etching was	2	1	10.1038/s41467-026-74151-4
methods	pre-patterned indium tin	2	2	10.1038/s41377-022-00992-5;10.1038/s41467-021-24616-5
results	device based on	2	1	10.1038/s41467-025-57472-8
results	the amount of	2	2	10.1038/s41467-020-16855-9;10.1038/s41467-022-28037-w
results	rainbow's ai agent	2	1	10.1038/s41467-025-63209-4
methods	jv characteristics were	2	2	10.1038/s41467-019-13909-5;10.1038/s41467-021-22864-z
methods	photoluminescence spectra of	2	2	10.1038/s41467-018-04986-z;10.1038/s41467-020-15481-9
results	figure 2a and	2	2	10.1038/s41377-025-02000-y;10.1038/s41467-023-35954-x
results	as seen from	2	2	10.1038/s41377-022-01036-8;10.1038/s41467-021-27652-3
methods	in each cycle	2	2	10.1038/s41467-023-43340-w;10.1038/s41467-025-65135-x
results	the core/shell nr-leds	2	1	10.1038/s41467-026-73298-4
abstract	our work provides	2	2	10.1038/s41467-023-43340-w;10.1038/s41467-024-52208-6
results	this conclusion is	2	2	10.1038/s41467-025-58047-3;10.1038/s41467-026-75756-5
results	calculations based on	2	2	10.1038/s41467-024-54160-x;10.1038/s41467-026-71301-6
results	the electron trap	2	2	10.1038/s41467-020-17633-3;10.1038/s41467-023-36118-7
methods	then the clear	2	2	10.1038/s41467-020-20555-9;10.1038/s41563-025-02123-y
methods	the spiro-ometad solution	2	2	10.1038/s41467-018-07099-9;10.1038/s41467-026-69198-2
results	these are expected	2	2	10.1038/s41586-023-05855-6;qdp_2012_lifetime-blinking-nonblinking-qd
results	therefore we performed	2	2	10.1038/s41467-025-58047-3;10.1038/s41928-024-01205-0
results	the highest plqy	2	2	10.1038/s41467-018-05909-8;10.1038/s43246-026-01136-7
discussion	compared to conventional	2	2	10.1038/s41377-025-02019-1;10.1038/s41467-024-47891-4
results	what’s more the	2	1	10.1038/s41377-022-00855-z
results	the low binding	2	2	10.1038/s41467-024-50893-x;10.1038/s41467-026-71292-4
methods	photoluminescence spectra were	2	2	10.1038/s41467-023-39531-0;10.1038/s41566-024-01458-3
results	the gradient distribution	2	1	10.1038/s41467-025-56001-x
results	it is a	2	2	10.1038/s41467-020-16855-9;10.1038/s41467-024-50634-0
results	since the charge	2	2	10.1038/s41467-020-16560-7;10.1038/s41467-025-56815-9
methods	the monochromatic parallel	2	2	10.1038/s41467-023-35954-x;10.1038/s41467-024-44894-z
results	however the formation	2	2	10.1038/s41467-018-06294-y;10.1038/s41467-020-16560-7
abstract	however the development	2	2	10.1038/s41377-022-00855-z;10.1038/s41928-024-01205-0
results	detailed colour and	2	1	10.1038/s41467-026-74151-4
results	we demonstrate the	2	2	10.1038/s41467-023-41041-y;10.1038/s41467-024-49791-z
results	as a direction	2	1	10.1038/s41467-025-57472-8
abstract	this study represents	2	2	10.1038/s41467-025-57746-1;10.1038/s41586-024-07360-w
discussion	for a more	2	2	10.1038/s41467-025-58047-3;10.1038/s41467-025-61511-9
methods	in the second	2	2	10.1038/s41467-026-69200-x;10.1038/s41467-026-73911-6
methods	the total energy	2	2	10.1038/s41467-023-40746-4;10.1038/s41563-025-02123-y
results	figure 4h shows	2	2	10.1038/s41467-020-16659-x;10.1038/s41467-024-49574-6
results	generally speaking the	2	2	10.1038/s41377-026-02231-7;10.1038/s41467-018-06294-y
results	accompanied by the	2	2	10.1038/s41467-024-52208-6;10.1038/s41467-026-72625-z
methods	ito glasses were	2	2	10.1038/s41377-022-00855-z;10.1038/s41467-026-72115-2
methods	the x-ray beam	2	1	10.1038/s41467-023-38216-y
results	the inset in	2	2	10.1038/s41377-022-01036-8;10.1038/s41467-023-41868-5
introduction	for practical applications	2	2	10.1038/s41467-017-01379-6;10.1038/s41467-026-72625-z
introduction	furthermore utilizing the	2	2	10.1038/s41467-024-52401-7;10.1038/s41467-025-56815-9
methods	all other steps	2	1	10.1038/s41467-026-70555-4
results	this allows for	2	2	10.1038/s41467-020-16652-4;10.1038/s41467-022-32010-y
introduction	the 1.55 ev	2	1	10.1038/s41467-026-73911-6
results	as well known	2	2	10.1038/s41377-024-01500-7;10.1038/s41467-021-24931-x
methods	the pl and	2	2	10.1038/s41467-024-49838-1;10.1038/s41467-026-69198-2
results	this demonstrates the	2	2	10.1038/s41467-023-39488-0;10.1038/s43246-026-01177-y
introduction	despite these advances	2	2	10.1038/s41467-026-71301-6;10.1038/s41467-026-73298-4
methods	the resulting qds	2	2	10.1038/s41467-018-04986-z;10.1038/s41467-025-57304-9
methods	during the deposition	2	2	10.1038/s41467-025-56557-8;10.1038/s43246-024-00576-3
results	in fig. 3e	2	2	10.1038/s41467-022-31853-9;10.1038/s41586-023-05855-6
methods	absolute ethanol was	2	2	10.1038/s41377-025-01835-9;10.1038/s41467-024-47891-4
results	this dual mechanism	2	2	10.1038/s41377-026-02247-z;10.1038/s41467-025-64546-0
results	to further quantify	2	2	10.1038/s41467-023-41041-y;10.1038/s41467-026-71301-6
results	this work provides	2	2	10.1038/s41467-019-13909-5;10.1038/s41467-025-63389-z
results	electrical characterization of	2	2	10.1038/s41467-019-09794-7;10.1038/s41467-024-47184-w
methods	all chemical reagents	2	2	10.1038/s41467-020-18006-6;10.1038/s41467-026-69198-2
abstract	furthermore we verify	2	2	10.1038/s41377-026-02246-0;10.1038/s41467-023-36773-w
methods	nanocrystal height was	2	1	10.1038/s41467-023-39488-0
introduction	importantly this method	2	2	10.1038/s41467-022-29538-4;10.1038/s41467-023-41041-y
results	please note that	2	1	10.1038/s41467-024-46243-6
methods	we carried out	2	2	10.1038/s41467-021-22864-z;10.1038/s42005-021-00742-w
results	the measured vout	2	1	10.1038/s41467-024-47184-w
methods	for the pvk	2	2	10.1038/s41467-022-28037-w;10.1038/s41467-023-41929-9
results	to analyse the	2	2	10.1038/s41467-021-25955-z;10.1038/s41467-024-55653-5
methods	all qleds were	2	2	10.1038/s41377-022-00855-z;10.1038/s41467-020-14756-5
results	since it is	2	2	10.1038/s41467-022-31478-y;10.1038/s41467-022-31853-9
results	at an optimal	2	2	10.1038/s41377-025-01835-9;10.1038/s41467-020-16659-x
discussion	the stability of	2	2	10.1038/s41467-018-02978-7;10.1038/s43246-026-01177-y
methods	the high-angle annular	2	2	10.1038/s41467-025-58471-5;10.1038/s41467-025-61511-9
results	we also find	2	2	10.1038/s41467-018-02978-7;10.1038/s41467-022-32010-y
results	the hole mobility	2	2	10.1038/s41467-025-63389-z;10.1038/s41467-026-73911-6
introduction	we also demonstrate	2	2	10.1038/s41467-025-65695-y;10.1038/s41928-026-01670-9
results	to enhance the	2	2	10.1038/s41467-025-62345-1;10.1038/s41467-025-64596-4
results	upon annealing in	2	1	10.1038/s41467-022-28480-9
methods	the samples for	2	2	10.1038/s41467-024-51760-5;10.1038/s41467-025-57472-8
results	it is noticed	2	2	10.1038/s41377-025-02000-y;10.1038/s41377-026-02356-9
results	figure 1a presents	2	2	10.1038/s41467-022-29812-5;10.1038/s41467-023-40194-0
methods	the red/green qdcc	2	1	10.1038/s41377-025-02000-y
results	additionally the series	2	2	10.1038/s41467-024-54160-x;10.1038/s41467-025-58047-3
introduction	for instance wang	2	2	10.1038/s41467-020-20555-9;10.1038/s41467-021-20970-6
methods	subsequently the qd	2	2	10.1038/s41467-024-52521-0;10.1038/s41467-025-59527-2
results	figure 5e shows	2	2	10.1038/s41467-019-08561-y;10.1038/s41928-024-01205-0
results	the resulting current-voltage	2	2	10.1038/s41377-024-01704-x;10.1038/s41377-026-02237-1
results	to distinguish the	2	2	10.1038/s41467-024-47891-4;10.1038/s41467-024-55619-7
results	the contact angle	2	2	10.1038/s41467-025-56001-x;10.1038/s41467-026-73911-6
results	figure 3d displays	2	2	10.1038/s41467-018-06425-5;10.1038/s41928-024-01205-0
results	although the two	2	2	10.1038/s41467-025-66981-5;10.1038/s42005-021-00742-w
results	the pout is	2	1	10.1038/s41467-025-57200-2
methods	a system consisting	2	1	10.1038/s41467-020-14756-5
methods	the synthesized qds	2	1	10.1038/s41467-024-50022-8
methods	the luminance and	2	2	10.1038/s41467-021-24616-5;10.1038/s41467-022-31478-y
results	in addition devices	2	2	10.1038/s41467-026-72115-2;10.1038/s43246-020-00084-0
methods	the pma-12 system	2	2	10.1038/s41377-024-01704-x;10.1038/s41377-026-02237-1
results	to further support	2	2	10.1038/s41467-025-56987-4;10.1038/s43246-020-00084-0
results	the estimated trap	2	2	10.1038/s41377-024-01704-x;10.1038/s41377-026-02237-1
results	apart from the	2	2	10.1038/s41467-021-21522-8;10.1038/s41467-021-24762-w
results	the activation energy	2	2	10.1038/s41467-023-36118-7;10.1038/s41928-024-01181-5
introduction	interface engineering is	2	2	10.1038/s41467-019-13437-2;10.1038/s41467-025-66421-4
methods	the initial structures	2	2	10.1038/s41467-023-36118-7;10.1038/s41467-026-71949-0
methods	the lifetime test	2	2	10.1038/s41467-018-04986-z;10.1038/s41467-020-15481-9
methods	after that niox	2	2	10.1038/s41467-024-55653-5;10.1038/s41467-026-69198-2
results	we further experimentally	2	2	10.1038/s41467-025-56068-6;10.1038/s41467-026-73298-4
introduction	meanwhile the introduction	2	2	10.1038/s41377-025-01959-y;10.1038/s43246-024-00645-7
results	an oxygen treatment	2	1	10.1038/s41467-025-58471-5
introduction	however these approaches	2	2	10.1038/s41467-019-13437-2;10.1038/s41467-021-22864-z
methods	the film surface	2	2	10.1038/s41467-020-18006-6;10.1038/s41467-026-69200-x
methods	fabrication of flexible	2	2	10.1038/s41467-024-47184-w;10.1038/s41928-026-01670-9
results	notably compared with	2	2	10.1038/s41467-023-35954-x;10.1038/s41467-025-64111-9
methods	after ~3 h	2	2	10.1038/s41467-020-16855-9;10.1038/s41467-025-56815-9
methods	it is important	2	2	10.1038/s41467-025-57200-2;10.1038/s41467-025-58471-5
results	to distinguish whether	2	2	10.1038/s41467-018-04986-z;10.1038/s41467-024-52521-0
methods	then 4.0 ml	2	2	10.1038/s41377-024-01704-x;10.1038/s41377-026-02237-1
results	furthermore as shown	2	2	10.1038/s41377-026-02231-7;10.1038/s41467-024-47891-4
results	the dark j–v	2	2	10.1038/s41467-025-64111-9;10.1038/s41467-025-64546-0
discussion	our work highlights	2	2	10.1038/s41467-021-20970-6;10.1038/s41467-026-74583-y
methods	the energy and	2	2	10.1038/s41467-021-22864-z;10.1038/s41467-023-41929-9
results	this proves that	2	2	10.1038/s41467-020-14747-6;10.1038/s41467-025-61085-6
methods	all assessments were	2	2	10.1038/s41467-025-56068-6;10.1038/s41467-025-63389-z
results	compared to h–niox	2	1	10.1038/s41467-025-64111-9
results	we then investigate	2	2	10.1038/s41467-025-58470-6;10.1038/s41467-026-68315-5
introduction	in the traditional	2	2	10.1038/s41467-024-50022-8;10.1038/s43246-026-01136-7
results	we further conducted	2	2	10.1038/s41467-024-45945-1;10.1038/s41467-025-67737-x
introduction	in addition they	2	2	10.1038/s41928-024-01151-x;alhtl_2017_cspbbr3-moo3-hil-peled
discussion	in conclusion our	2	2	10.1038/s41467-023-38216-y;qdp_2013_carrier-multiplication-qd-films
discussion	the dissociation of	2	1	qdp_2013_carrier-multiplication-qd-films
results	when the htl	2	1	10.1038/s41467-019-08749-2
results	sem characterization was	2	2	10.1038/s41467-025-67737-x;10.1038/s41467-026-71301-6
methods	the work functions	2	2	10.1038/s41467-021-21522-8;10.1038/s41467-024-46243-6
results	the wch and	2	1	10.1038/s41467-023-41868-5
results	the synthesis of	2	2	10.1038/s41467-025-56987-4;10.1038/s41467-025-57746-1
results	the maximum luminance	2	2	10.1038/s41377-022-00855-z;10.1038/s41467-021-24616-5
results	the ion/ioff ratio	2	1	10.1038/s41928-024-01205-0
methods	the measurement of	2	2	10.1038/s41467-022-29538-4;10.1038/s41467-026-69198-2
methods	the transmission electron	2	2	10.1038/s41377-026-02237-1;10.1038/s41467-024-49574-6
results	the 150 °c	2	1	10.1038/s41467-023-41868-5
results	the ameliorated buried	2	2	10.1038/s41467-025-59515-6;10.1038/s41467-026-73911-6
introduction	to overcome these	2	2	10.1038/s41467-024-47184-w;10.1038/s41467-026-73298-4
results	therefore we further	2	2	10.1038/s41377-025-01959-y;10.1038/s41467-020-17633-3
introduction	this implies that	2	2	10.1038/s41467-022-31189-4;10.1038/s41467-024-49751-7
methods	synthesis of inp	2	2	10.1038/s41467-022-35731-2;10.1038/s41467-023-39531-0
methods	high-resolution transmission electron	2	2	10.1038/s41467-022-28480-9;10.1038/s41467-026-71949-0
methods	uv-vis absorption and	2	2	10.1038/s41467-024-44894-z;10.1038/s41467-024-45944-2
methods	a monochromatic parallel	2	2	10.1038/s41467-019-08749-2;10.1038/s41467-023-35954-x
results	the molecular structure	2	2	10.1038/s41467-025-66421-4;10.1038/s41467-026-71292-4
results	the interaction energy	2	2	10.1038/s41467-020-16865-7;10.1038/s41467-025-62345-1
results	in addition although	2	2	10.1038/s41467-022-28480-9;10.1038/s41467-025-67347-7
methods	all calculations were	2	2	10.1038/s41467-025-56987-4;10.1038/s42005-023-01169-1
discussion	on the basis	2	2	10.1038/s41586-024-07149-x;qdp_2012_lifetime-blinking-nonblinking-qd
results	in the dark	2	2	10.1038/s41467-024-50893-x;10.1038/s41467-025-64596-4
methods	the wettability of	2	2	10.1038/s41467-025-56068-6;10.1038/s41467-025-63389-z
discussion	we propose that	2	2	10.1038/s41467-021-22864-z;10.1038/s41467-022-29702-w
methods	in our experiments	2	2	10.1038/s41467-020-15944-z;10.1038/s41467-025-57746-1
introduction	as an alternative	2	2	10.1038/s41377-025-02019-1;10.1038/s41467-023-40194-0
results	an example array	2	1	10.1038/s41467-023-39488-0
results	moreover as shown	2	2	10.1038/s41467-024-47184-w;qc_2015_wearable-rgb-qled-array
results	upon introduction of	2	2	10.1038/s41377-025-01817-x;10.1038/s43246-026-01136-7
results	notably the optical	2	2	10.1038/s41467-026-68315-5;10.1038/s41467-026-71949-0
results	the c–v results	2	1	10.1038/s41467-019-08749-2
methods	ttm-tpa was dissolved	2	1	10.1038/s41566-024-01458-3
results	before improvement when	2	1	10.1038/s43246-026-01177-y
methods	the electron transporting	2	1	10.1038/s41467-022-29812-5
results	since the optical	2	2	10.1038/s41467-019-08749-2;10.1038/s41467-025-64696-1
methods	for the lifetime	2	2	10.1038/s41467-019-08749-2;10.1038/s41467-023-35954-x
results	comparing the pl	2	2	10.1038/s41467-018-02978-7;10.1038/s41467-024-49838-1
results	the implemented constraint	2	1	10.1038/s41467-025-63209-4
methods	the pvk solution	2	2	10.1038/s41467-023-41929-9;10.1038/s41467-026-74583-y
results	this discrepancy may	2	2	10.1038/s41467-025-65871-0;10.1038/s41467-025-66981-5
methods	the 60 μl	2	1	10.1038/s41467-026-69198-2
results	at a lower	2	2	10.1038/s41467-021-24931-x;10.1038/s41467-025-64546-0
methods	the plqe and	2	2	10.1038/s41467-021-24616-5;10.1038/s41467-024-49574-6
methods	trpl measurements were	2	2	10.1038/s41467-024-54160-x;10.1038/s41467-026-72625-z
introduction	hot carrier cooling	2	1	10.1038/s41467-019-12558-y
results	a similar trend	2	2	10.1038/s41377-025-01959-y;10.1038/s41467-025-59515-6
results	the znse-qd device	2	1	10.1038/s41467-018-04986-z
results	figure 3b presents	2	2	10.1038/s41467-021-22864-z;10.1038/s41467-026-74151-4
results	we have shown	2	2	10.1038/s41467-021-22864-z;10.1038/s41467-023-41868-5
discussion	this is because	2	2	10.1038/s41467-023-38216-y;10.1038/s41467-024-55812-8
results	an eqe histogram	2	2	10.1038/s41467-020-20582-6;10.1038/s41467-023-36118-7
methods	we prepared 0.5	2	1	10.1038/s41467-021-25955-z
results	to eliminate the	2	2	10.1038/s41377-025-01867-1;10.1038/s41467-025-66981-5
results	herein the ssf	2	1	10.1038/s41467-025-63653-2
methods	the volume ratio	2	2	10.1038/s41467-020-14756-5;10.1038/s41467-020-18006-6
results	moreover in the	2	2	10.1038/s41377-025-01972-1;10.1038/s41467-026-72625-z
methods	before hot injection	2	2	10.1038/s41377-024-01704-x;10.1038/s41377-026-02237-1
methods	the time-resolved pl	2	2	10.1038/s41467-021-24931-x;10.1038/s41563-024-01812-4
results	the short operational	2	2	10.1038/s41467-020-14756-5;10.1038/s41467-020-20582-6
introduction	here we introduce	2	2	10.1038/s41467-023-39488-0;10.1038/s41467-024-44894-z
results	this is confirmed	2	2	10.1038/s41467-019-09737-2;10.1038/s41467-022-32010-y
results	owing to a	2	2	10.1038/s41467-024-53221-5;10.1038/s41586-023-05855-6
results	this charge transfer	2	2	10.1038/s41467-025-63389-z;10.1038/s41563-025-02123-y
results	additionally due to	2	2	10.1038/s41467-025-56557-8;10.1038/s41467-026-70555-4
methods	one part was	2	2	10.1038/s41467-019-13951-3;10.1038/s41467-026-73911-6
introduction	however the synthesis	2	2	10.1038/s41467-023-39531-0;qdp_2016_inas-qd-size-tunable-nir-emission
methods	the pipetting robot	2	1	10.1038/s41467-025-63209-4
results	as was pointed	2	1	qdp_2013_auger-control-carrier-kinetics
methods	immediately after injection	2	1	10.1038/s41467-025-63209-4
results	for both samples	2	2	10.1038/s41467-019-08749-2;qdp_2014_carrier-multiplication-quasi-type-ii
methods	the templates were	2	1	10.1038/s41467-020-16865-7
methods	classical molecular dynamics	2	2	10.1038/s41467-026-73911-6;10.1038/s41566-024-01458-3
methods	time-resolved photoluminescence trpl	2	2	10.1038/s41377-026-02237-1;10.1038/s41467-025-56557-8
abstract	organic light-emitting diodes	2	2	10.1038/s41563-024-01812-4;10.1038/s41586-024-07149-x
introduction	consequently it is	2	2	10.1038/s41467-020-17633-3;10.1038/s41928-026-01670-9
results	the conduction band	2	2	10.1038/s41377-022-00855-z;10.1038/s41467-025-58047-3
abstract	when implemented as	2	2	10.1038/s41377-025-01740-1;10.1038/s41467-024-50508-5
methods	tetramethylammonium hydroxide pentahydrate	2	2	10.1038/s41467-025-58471-5;10.1038/s43246-021-00203-5
results	the result of	2	2	10.1038/s41467-020-20433-4;10.1038/s41467-021-27652-3
results	figure 2h shows	2	2	10.1038/s41467-025-64696-1;10.1038/s41928-026-01670-9
methods	all the materials	2	2	10.1038/s41377-026-02237-1;10.1038/s41467-024-50508-5
results	the conduction and	2	2	10.1038/s41467-018-06294-y;alhtl_2017_cspbbr3-moo3-hil-peled
results	this signal is	2	2	10.1038/s41467-025-58471-5;10.1038/s41467-026-71292-4
results	the corresponding chemical	2	2	10.1038/s41467-024-55376-7;10.1038/s41467-026-72733-w
results	more importantly our	2	2	10.1038/s41467-025-57472-8;10.1038/s41467-026-75756-5
results	the corresponding evolution	2	1	10.1038/s41467-026-72625-z
results	figure 2a b	2	2	10.1038/s41377-024-01500-7;10.1038/s41467-024-49791-z
results	the ftir spectra	2	2	10.1038/s41377-026-02247-z;10.1038/s43246-026-01136-7
methods	electrical measurements were	2	2	10.1038/s41467-023-39488-0;10.1038/s41467-026-69200-x
results	for comparison a	2	2	10.1038/s41467-023-43472-z;10.1038/s41467-026-71949-0
methods	optical absorption and	2	1	10.1038/s41586-023-05855-6
methods	perovskite precursor solution	2	2	10.1038/s41467-025-56001-x;10.1038/s41928-024-01151-x
results	however the emission	2	2	10.1038/s41467-019-12558-y;10.1038/s41467-024-50508-5
results	instead it is	2	2	10.1038/s41467-018-06294-y;10.1038/s41563-025-02123-y
results	such an increase	2	2	10.1038/s41467-025-65695-y;10.1038/s41563-025-02123-y
methods	the plqys were	2	2	10.1038/s41467-020-20555-9;10.1038/s41467-023-36118-7
methods	zinc acetate zn(ac)₂	2	2	10.1038/s41377-024-01727-4;10.1038/s41467-024-49791-z
results	it was observed	2	1	10.1038/s43246-026-01136-7
methods	steady-state pl and	2	2	10.1038/s41377-025-01987-8;10.1038/s41467-019-13437-2
results	more direct evidence	2	2	10.1038/s41467-018-07383-8;10.1038/s41467-021-22864-z
methods	the emitted optical	2	2	10.1038/s41467-026-74151-4;10.1038/s41467-026-75756-5
introduction	the experimental results	2	2	10.1038/s41467-022-31853-9;10.1038/s41467-023-36773-w
methods	samples were prepared	2	2	10.1038/s41467-020-16855-9;10.1038/s41467-023-39531-0
results	in addition according	2	2	10.1038/s41467-023-40746-4;10.1038/s41467-025-64111-9
results	this enhanced structural	2	2	10.1038/s41467-026-71949-0;10.1038/s41467-026-72733-w
introduction	the response time	2	1	10.1038/s41928-024-01181-5
methods	finally the samples	2	1	10.1038/s41377-025-01835-9
results	furthermore by using	2	2	10.1038/s41377-026-02231-7;10.1038/s41467-025-56815-9
results	the sdc nio-based	2	1	10.1038/s43246-024-00645-7
discussion	this robustness is	2	2	10.1038/s41467-023-40194-0;10.1038/s41467-024-46243-6
results	the capacitance value	2	2	10.1038/s41377-022-01036-8;10.1038/s41377-024-01727-4
results	the ph-nd-based device	2	1	10.1038/s41467-026-71301-6
results	the trap-filled limit	2	2	10.1038/s41467-019-13437-2;10.1038/s41467-025-63684-9
methods	the measurements of	2	2	10.1038/s41467-020-16652-4;10.1038/s41467-026-73911-6
methods	synthesis of inp/znse/zns	2	2	10.1038/s41467-021-25955-z;10.1038/s41467-023-39531-0
methods	the value of	2	2	10.1038/s41467-026-69200-x;10.1038/s41586-023-05855-6
results	the ase threshold	2	2	10.1038/s41377-025-01972-1;10.1038/s41467-025-56557-8
results	from sem images	2	1	10.1038/s41467-025-63389-z
methods	spiro-ometad was purchased	2	2	10.1038/s41467-018-07099-9;10.1038/s41467-019-13437-2
introduction	by reducing the	2	2	10.1038/s41467-018-05909-8;10.1038/s41467-024-52521-0
results	we then perform	2	2	10.1038/s41467-021-24762-w;10.1038/s41467-025-61085-6
methods	the height between	2	2	10.1038/s41467-025-64111-9;10.1038/s43246-024-00645-7
methods	for the blue	2	2	10.1038/s41467-023-41929-9;10.1038/s41928-024-01151-x
results	the atomic lattice	2	1	10.1038/s41467-023-38216-y
discussion	we achieved a	2	2	10.1038/s41467-019-09794-7;10.1038/s41467-021-21522-8
results	when fixing the	2	2	10.1038/s41377-022-01036-8;10.1038/s41467-025-56815-9
results	in our case	2	2	10.1038/s41467-024-53221-5;10.1038/s41467-025-58047-3
results	the xrd pattern	2	2	10.1038/s41467-020-16855-9;10.1038/s41467-026-70555-4
methods	these solutions were	2	2	10.1038/s41467-018-05760-x;10.1038/s41586-023-05855-6
results	s14 and s15	2	2	10.1038/s41377-024-01601-3;10.1038/s41377-026-02246-0
methods	for sealing the	2	2	10.1038/s41467-025-56068-6;10.1038/s41467-025-63389-z
methods	here an is	2	1	10.1038/s41467-022-31853-9
results	s4 and table	2	2	10.1038/s41377-025-01817-x;10.1038/s41467-024-55376-7
methods	uv patterning i-line	2	1	10.1038/s41377-025-02000-y
results	the operation lifetime	2	2	10.1038/s41467-018-04986-z;10.1038/s41467-024-54160-x
methods	the plqys of	2	2	10.1038/s41377-025-01768-3;10.1038/s41467-023-41929-9
results	for simplicity the	2	2	10.1038/s41467-024-55376-7;10.1038/s41467-025-66421-4
results	from supplementary fig.	2	2	10.1038/s41467-025-63389-z;10.1038/s41467-026-73911-6
methods	ito-coated glasses were	2	2	10.1038/s41377-025-01817-x;10.1038/s41467-020-14747-6
methods	the ta spectra	2	2	10.1038/s41467-024-50508-5;10.1038/s41467-026-68315-5
methods	the helium pressure	2	2	10.1038/s41467-018-02978-7;alhtl_2017_cspbbr3-moo3-hil-peled
methods	the zno nanoparticles	2	2	10.1038/s41467-023-43340-w;alhtl_2017_cspbbr3-moo3-hil-peled
results	in the pristine	2	2	10.1038/s41467-026-69198-2;10.1038/s41467-026-71949-0
methods	after deposition the	2	2	10.1038/s41467-022-29702-w;10.1038/s41467-024-50893-x
results	the current density–voltage–luminance	2	2	10.1038/s41467-018-06425-5;10.1038/s41467-021-27652-3
results	where n is	2	2	10.1038/s41467-020-20555-9;10.1038/s41467-025-63684-9
results	this observation contrasts	2	2	10.1038/s41467-018-07383-8;10.1038/s41467-023-43472-z
results	by comparing the	2	2	10.1038/s41467-024-55376-7;10.1038/s41563-025-02123-y
results	although the turn-on	2	2	10.1038/s41467-025-59527-2;alhtl_2017_cspbbr3-moo3-hil-peled
results	here it should	2	2	10.1038/s41377-026-02356-9;10.1038/s41467-023-36773-w
methods	to prepare a	2	2	10.1038/s41467-023-43340-w;10.1038/s41467-024-50893-x
methods	for the red-emitting	2	2	10.1038/s41467-025-58471-5;10.1038/s41467-025-63653-2
results	our previous work	2	2	10.1038/s41467-019-08561-y;10.1038/s41467-025-65135-x
results	both el spectra	2	2	10.1038/s41377-022-00992-5;10.1038/s41467-018-04986-z
methods	the solar cell	2	2	10.1038/s41467-025-59515-6;10.1038/s41928-024-01151-x
methods	x-ray diffraction patterns	2	2	10.1038/s41467-020-20582-6;10.1038/s41467-025-64696-1
introduction	the performance of	2	2	10.1038/s41467-025-63209-4;10.1038/s41467-026-75756-5
methods	then 300-nm-thick sio2	2	1	10.1038/s41467-025-60886-z
results	figure 1a schematically	2	2	10.1038/s41467-019-08561-y;10.1038/s41467-021-24762-w
methods	the values for	2	2	10.1038/s41467-025-56987-4;10.1038/s41467-026-73911-6
introduction	moreover the devices	2	2	10.1038/s41467-026-71292-4;10.1038/s41467-026-72625-z
methods	liquid nitrogen is	2	2	10.1038/s41377-025-01972-1;10.1038/s41467-022-28037-w
results	the corresponding emission	2	2	10.1038/s41467-020-16659-x;10.1038/s41467-025-56987-4
results	the energy difference	2	2	10.1038/s41467-019-13951-3;10.1038/s41467-024-50508-5
results	we verify the	2	2	10.1038/s41467-019-12558-y;10.1038/s41467-025-64596-4
results	all h nmr	2	2	10.1038/s41467-024-49751-7;10.1038/s41467-024-50634-0
methods	the scan rate	2	2	10.1038/s41467-018-07099-9;10.1038/s41467-019-13437-2
methods	templates were imaged	2	1	10.1038/s41467-023-39488-0
methods	then the film	2	2	10.1038/s41377-025-01768-3;10.1038/s41377-025-01959-y
abstract	this study demonstrates	2	2	10.1038/s41467-026-74151-4;10.1038/s43246-024-00576-3
results	both devices exhibited	2	2	10.1038/s41467-025-65871-0;10.1038/s41467-026-71301-6
results	the average eqe	2	2	10.1038/s41377-025-02000-y;10.1038/s41467-025-57304-9
methods	emission spectra were	2	2	10.1038/s41467-017-01379-6;10.1038/s41467-024-45944-2
introduction	however the efficiency	2	2	10.1038/s41377-025-01959-y;10.1038/s41467-025-58470-6
results	the qleds based	2	2	10.1038/s41377-022-00855-z;10.1038/s41467-025-57304-9
results	the devices exhibit	2	2	10.1038/s41467-021-24616-5;10.1038/s41467-023-36118-7
discussion	the 1.55 ev	2	1	10.1038/s41467-026-73911-6
results	the electron spectral	2	1	10.1038/s42005-021-00742-w
methods	owing to the	2	2	10.1038/s41467-023-41929-9;10.1038/s41928-024-01181-5
results	afm images further	2	2	10.1038/s41467-024-54160-x;10.1038/s41467-026-72115-2
results	together with the	2	2	10.1038/s41467-022-31853-9;10.1038/s41467-025-57472-8
results	the devices were	2	2	10.1038/s41467-020-16652-4;10.1038/s41467-024-49751-7
results	figure 4g h	2	2	10.1038/s41467-020-20433-4;10.1038/s43246-026-01136-7
results	the device characteristics	2	2	10.1038/s41467-023-36118-7;10.1038/s41566-024-01458-3
methods	the peak position	2	1	10.1038/s41467-024-53221-5
methods	we denote the	2	1	qdp_2012_lifetime-blinking-nonblinking-qd
results	similarly for the	2	2	10.1038/s41467-020-16659-x;10.1038/s41467-022-31478-y
results	we incorporated the	2	2	10.1038/s41377-025-01987-8;10.1038/s41467-024-52401-7
introduction	in light of	2	2	10.1038/s41377-022-00855-z;10.1038/s43246-021-00203-5
abstract	our results demonstrate	2	2	10.1038/s41467-018-06425-5;10.1038/s41467-025-66981-5
abstract	metal halide perovskites	2	2	10.1038/s41467-023-40150-y;10.1038/s41467-026-74583-y
results	the control perovskites	2	1	10.1038/s41467-026-71292-4
introduction	semiconductor quantum dots	2	2	10.1038/s41467-021-24931-x;10.1038/s42005-023-01169-1
results	the pl qys	2	2	10.1038/s41467-022-35731-2;10.1038/s41467-025-63653-2
methods	the etching rate	2	2	10.1038/s41467-023-43472-z;10.1038/s41467-024-52208-6
results	accordingly we can	2	2	10.1038/s41467-019-09794-7;10.1038/s41467-024-52401-7
abstract	the integration of	2	2	10.1038/s41377-026-02184-x;10.1038/s41467-025-56815-9
results	these defects act	2	2	10.1038/s41467-026-72625-z;10.1038/s41467-026-74198-3
results	a detailed discussion	2	2	10.1038/s41467-023-39488-0;10.1038/s41467-025-57200-2
methods	l is the	2	2	10.1038/s41377-025-01835-9;10.1038/s41467-026-73911-6
introduction	the surface morphology	2	2	10.1038/s41377-024-01601-3;10.1038/s41467-021-24931-x
results	the statistical analysis	2	2	10.1038/s41467-022-29812-5;10.1038/s41467-026-71301-6
discussion	the observation of	2	1	10.1038/s41467-023-38216-y
methods	the overall reaction	2	2	10.1038/s41467-022-31189-4;10.1038/s41467-022-35731-2
introduction	compared with conventional	2	2	10.1038/s41377-026-02246-0;10.1038/s41928-024-01181-5
methods	the theoretical calculations	2	2	10.1038/s41467-026-69198-2;10.1038/s41467-026-72733-w
results	figure 3g shows	2	2	10.1038/s41928-024-01205-0;10.1038/s41928-026-01670-9
results	i. generation rate	2	1	10.1038/s41467-023-40194-0
results	in fig. 3b	2	2	10.1038/s41467-022-31189-4;10.1038/s41467-024-49574-6
methods	then 3 ml	2	2	10.1038/s41377-022-01036-8;10.1038/s41377-024-01601-3
results	in contrast it	2	1	10.1038/s41467-021-22864-z
results	the defect density	2	2	10.1038/s41467-024-54160-x;10.1038/s41467-025-64111-9
results	in the next	2	2	10.1038/s41467-025-61511-9;10.1038/s41467-025-63209-4
methods	substrates are then	2	1	10.1038/s41467-021-22864-z
results	as the qd	2	2	10.1038/s41467-025-62345-1;10.1038/s41928-026-01670-9
results	for the zno	2	1	10.1038/s41467-022-32010-y
results	figure 2f clearly	2	2	10.1038/s41467-019-13909-5;10.1038/s41467-026-69198-2
results	therefore we have	2	2	10.1038/s41377-025-01817-x;10.1038/s41377-025-01959-y
methods	synthesis and material	2	2	10.1038/s41377-020-0328-6;10.1038/s41467-025-58470-6
discussion	this was achieved	2	2	10.1038/s41467-023-43472-z;10.1038/s43246-026-01177-y
results	interestingly the pl	2	2	10.1038/s41467-023-35954-x;10.1038/s41467-023-36118-7
results	further increase in	2	2	10.1038/s41467-021-24616-5;10.1038/s41467-024-49838-1
results	in summary our	2	2	10.1038/s41467-019-13909-5;10.1038/s41467-026-69198-2
results	therefore in order	2	2	10.1038/s41467-021-27652-3;10.1038/s41467-022-31853-9
results	to uncover the	2	2	10.1038/s41467-026-71949-0;10.1038/s41467-026-75756-5
results	following the surrogate	2	1	10.1038/s41467-025-63209-4
results	the corresponding current	2	2	10.1038/s41377-024-01727-4;10.1038/s41377-025-01972-1
methods	the precipitates were	2	2	10.1038/s41467-023-35954-x;10.1038/s41467-024-49574-6
results	the characteristics of	2	2	10.1038/s41467-020-14756-5;10.1038/s41467-025-61511-9
results	we also observe	2	2	10.1038/s41467-022-29702-w;10.1038/s41467-024-50432-8
results	low-voltage operation is	2	2	10.1038/s41377-025-01835-9;10.1038/s41467-022-31478-y
discussion	in contrast to	2	2	10.1038/s41467-021-24616-5;qdp_2016_inas-qd-size-tunable-nir-emission
methods	the device with	2	2	10.1038/s41467-022-29812-5;10.1038/s41467-026-68315-5
methods	for perovskite precursor	2	2	10.1038/s41467-024-51760-5;10.1038/s41467-025-64546-0
methods	with the given	2	1	10.1038/s41467-022-31853-9
results	the plqy values	2	2	10.1038/s41377-022-00992-5;10.1038/s41467-026-68315-5
results	we characterized the	2	2	10.1038/s41377-026-02231-7;alhtl_2017_cspbbr3-moo3-hil-peled
results	after ligand exchange	2	1	10.1038/s41467-018-06294-y
results	the hole injection	2	2	10.1038/s41467-022-28037-w;10.1038/s41467-024-49838-1
results	the cross-sectional transmission	2	2	10.1038/s41467-023-40150-y;10.1038/s41467-023-41868-5
results	the active region	2	2	10.1038/s41467-023-43472-z;10.1038/s41467-026-74151-4
results	passivation effects on	2	1	10.1038/s41467-021-20970-6
results	figure 3b compares	2	2	10.1038/s41467-018-04986-z;10.1038/s41467-022-29812-5
results	this has been	2	2	10.1038/s41586-024-07149-x;10.1038/s43246-021-00203-5
results	here we demonstrate	2	2	10.1038/s41467-020-16560-7;10.1038/s41467-023-41041-y
introduction	the problem of	2	2	10.1038/s41467-022-31189-4;10.1038/s41563-024-01812-4
results	one is to	2	1	10.1038/s41467-022-31853-9
methods	the diffraction patterns	2	2	10.1038/s41467-020-14747-6;10.1038/s41467-020-20582-6
results	effects of the	2	1	10.1038/s41467-025-59515-6
results	in addition benefiting	2	2	10.1038/s41467-020-18006-6;10.1038/s41467-026-74198-3
results	only at very	2	1	10.1038/s41467-018-06425-5
results	to compare the	2	2	10.1038/s41467-021-27652-3;10.1038/s43246-024-00645-7
results	a tentative mechanism	2	2	10.1038/s41467-018-06425-5;10.1038/s41467-025-61511-9
results	figure 1b presents	2	2	10.1038/s41467-025-56557-8;10.1038/s41467-026-74151-4
abstract	we show that	2	2	10.1038/s41467-021-22864-z;10.1038/s41467-026-70555-4
introduction	according to the	2	2	10.1038/s41377-026-02356-9;10.1038/s41467-025-61085-6
results	for the perovskite	2	2	10.1038/s41467-023-41929-9;10.1038/s41467-025-56557-8
methods	for ftir measurements	2	2	10.1038/s41467-025-57472-8;10.1038/s41467-026-74583-y
results	the highest occupied	2	2	10.1038/s41467-025-67737-x;10.1038/s41467-026-71301-6
introduction	this might be	2	2	10.1038/s41467-021-24616-5;10.1038/s41467-025-59515-6
abstract	the strategy is	2	2	10.1038/s41467-019-09794-7;10.1038/s41467-026-71301-6
results	after shelling with	2	1	10.1038/s43246-026-01136-7
results	while the qds	2	2	10.1038/s41377-024-01601-3;10.1038/s41467-020-14756-5
methods	the electron beam	2	2	10.1038/s41467-023-40194-0;qdp_2016_inas-qd-size-tunable-nir-emission
results	under reversed bias	2	1	10.1038/s41467-019-08749-2
methods	the zmo layer	2	1	10.1038/s41467-024-47891-4
methods	in brief a	2	2	10.1038/s41467-024-55619-7;10.1038/s41467-025-58471-5
results	this behavior highlights	2	2	10.1038/s41467-026-70555-4;10.1038/s41467-026-74151-4
results	as compared to	2	2	10.1038/s41467-022-29812-5;10.1038/s41467-023-40194-0
results	injection of a	2	2	10.1038/s41467-020-15944-z;10.1038/s41467-024-53221-5
results	as demonstrated above	2	2	10.1038/s41467-019-09737-2;10.1038/s43246-026-01177-y
results	more pbi₂ precipitation	2	1	10.1038/s41467-020-20433-4
introduction	extensive efforts have	2	2	10.1038/s41467-019-09794-7;10.1038/s41586-024-07360-w
results	therefore the device	2	2	10.1038/s41467-024-51760-5;10.1038/s43246-020-00084-0
abstract	consequently we achieve	2	2	10.1038/s41467-025-58470-6;10.1038/s41467-026-71292-4
results	if considering only	2	1	10.1038/s41467-023-39488-0
results	emission quenching of	2	1	10.1038/s41467-024-45944-2
results	for the samples	2	2	10.1038/s41467-021-24616-5;10.1038/s41467-025-56557-8
methods	for the inverted	2	2	10.1038/s41467-020-16560-7;10.1038/s41467-024-47891-4
methods	electroluminescence el and	2	2	10.1038/s41377-025-01867-1;10.1038/s41467-022-29702-w
results	the coordination of	2	2	10.1038/s41377-025-01959-y;10.1038/s43246-026-01177-y
results	by replacing the	2	2	10.1038/s41467-022-28037-w;10.1038/s41467-024-47891-4
results	the time-resolved emission	2	2	10.1038/s41467-026-71292-4;10.1038/s43246-021-00203-5
results	the ne of	2	1	10.1038/s41467-022-28480-9
methods	steady-state absorption spectra	2	2	10.1038/s41467-020-16855-9;qdp_2014_carrier-multiplication-quasi-type-ii
results	all blinking traces	2	1	10.1038/s41467-024-55619-7
results	impact of al2o3-particles	2	1	10.1038/s41467-025-64546-0
results	however the situation	2	2	10.1038/s41467-018-04986-z;10.1038/s41467-025-65135-x
methods	tpv and tpc	2	2	10.1038/s41467-025-58047-3;10.1038/s41467-026-73911-6
methods	finally the qd	2	1	10.1038/s41467-024-50022-8
results	the density functional	2	2	10.1038/s41467-025-63653-2;10.1038/s41467-025-67737-x
methods	external quantum efficiency	2	2	10.1038/s41377-025-02000-y;10.1038/s41467-025-64546-0
methods	perovskite light-emitting diodes	2	1	10.1038/s41467-025-61085-6
results	energy transfer in	2	2	10.1038/s41467-021-21522-8;10.1038/s41467-024-50508-5
results	the slow component	2	2	10.1038/s41467-020-15944-z;10.1038/s42005-023-01169-1
methods	the chemicals chlorobenzene	2	2	10.1038/s41377-025-01972-1;10.1038/s41467-024-52521-0
methods	the amount of	2	2	10.1038/s41467-017-01379-6;10.1038/s41467-020-20433-4
results	compared with conventional	2	2	10.1038/s41467-020-16659-x;10.1038/s41467-025-67347-7
results	supplementary fig. 20	2	2	10.1038/s41467-025-64111-9;10.1038/s41467-026-70555-4
results	the energy transfer	2	2	10.1038/s41467-023-36118-7;qc_2015_wearable-rgb-qled-array
introduction	inspired by these	2	2	10.1038/s41377-025-02019-1;10.1038/s41467-019-13909-5
methods	current densityvoltageluminance jvl	2	2	10.1038/s41467-022-29812-5;10.1038/s41467-025-65871-0
results	all the transfer	2	2	10.1038/s41467-023-38216-y;10.1038/s41467-025-57200-2
results	for the yellow	2	1	10.1038/s41467-026-74151-4
methods	the cs-oleate precursor	2	2	10.1038/s41467-019-13951-3;10.1038/s41467-024-50634-0
methods	the time delay	2	2	10.1038/s41467-020-16855-9;10.1038/s41467-020-17633-3
methods	the procedure follows	2	1	10.1038/s41467-026-70555-4
results	cyclic voltammetry cv	2	2	10.1038/s41377-025-01817-x;10.1038/s41467-025-67737-x
results	interfacial polarization effects	2	1	10.1038/s41467-026-69200-x
results	in particular they	2	1	10.1038/s41467-022-31189-4
results	s1 supplementary information	2	1	10.1038/s41377-025-02019-1
results	although it is	2	2	10.1038/s41563-024-01812-4;10.1038/s41586-023-05855-6
results	during the positive	2	1	10.1038/s41467-021-24762-w
results	furthermore owing to	2	2	10.1038/s41377-026-02356-9;10.1038/s41467-024-50634-0
methods	following the completion	2	1	10.1038/s41467-025-63209-4
introduction	moreover this strategy	2	2	10.1038/s41467-024-55653-5;10.1038/s41467-026-72733-w
results	we attributed the	2	2	10.1038/s41377-022-00855-z;10.1038/s41467-026-73911-6
introduction	the design of	2	2	10.1038/s41467-025-59515-6;10.1038/s43246-026-01177-y
results	furthermore the formation	2	2	10.1038/s41467-023-36773-w;10.1038/s43246-024-00645-7
results	the average size	2	2	10.1038/s41467-024-45945-1;10.1038/s43246-026-01136-7
results	in a similar	2	2	10.1038/s41467-021-24931-x;10.1038/s41467-025-56068-6
methods	in another flask	2	2	10.1038/s41377-024-01704-x;10.1038/s41377-026-02237-1
methods	after stirring the	2	2	10.1038/s41377-026-02246-0;10.1038/s41467-026-72733-w
methods	the recording of	2	2	10.1038/s41467-025-63389-z;10.1038/s41467-026-73911-6
methods	the effective device	2	1	10.1038/s41467-024-55376-7
introduction	consequently the development	2	2	10.1038/s41377-022-00992-5;10.1038/s41467-025-59527-2
results	we also confirmed	2	1	10.1038/s41467-026-69200-x
introduction	however the intrinsic	2	2	10.1038/s41377-024-01500-7;10.1038/s41467-025-56068-6
methods	synthesis of fapbi₃	2	2	10.1038/s41377-024-01704-x;10.1038/s41377-026-02237-1
results	to overcome this	2	2	10.1038/s41467-024-45945-1;10.1038/s41467-025-64546-0
methods	a precursor solution	2	2	10.1038/s41467-023-36118-7;10.1038/s41467-024-54160-x
results	the raman peak	2	2	10.1038/s41377-026-02231-7;10.1038/s41467-025-59515-6
methods	a compact tio2	2	1	10.1038/s41467-026-69198-2
results	for this the	2	2	10.1038/s41467-021-22864-z;10.1038/s41467-023-39488-0
results	the calculation and	2	2	10.1038/s41467-023-40194-0;10.1038/s43246-026-01177-y
abstract	however their performance	2	2	10.1038/s41467-019-13909-5;10.1038/s41467-024-55376-7
methods	the ratio of	2	2	10.1038/s41467-024-50508-5;10.1038/s41467-025-58471-5
methods	benzoyl peroxide was	2	1	10.1038/s41467-024-49791-z
results	for 2pacz the	2	1	10.1038/s41467-024-51760-5
introduction	however there is	2	2	10.1038/s41377-024-01601-3;10.1038/s41467-024-46243-6
results	as extensively reported	2	2	10.1038/s41377-024-01601-3;10.1038/s41377-026-02246-0
results	we first compared	2	2	10.1038/s41377-025-02000-y;10.1038/s41467-025-63684-9
methods	the interactions between	2	2	10.1038/s41467-024-51760-5;10.1038/s41467-026-68315-5
results	overall these results	2	2	10.1038/s41467-021-22864-z;10.1038/s41467-026-72115-2
results	moreover the average	2	2	10.1038/s41467-018-03049-7;10.1038/s41467-026-73911-6
methods	the back-reflected signal	2	2	10.1038/s41467-019-08749-2;10.1038/s41467-024-44894-z
introduction	for example li	2	2	10.1038/s41377-025-01740-1;10.1038/s41377-025-01959-y
results	more details of	2	2	10.1038/s41467-019-13909-5;10.1038/s41467-022-29538-4
results	in this scenario	2	2	10.1038/s41467-024-52401-7;10.1038/s41467-025-66981-5
results	we evaluated the	2	2	10.1038/s41467-025-64546-0;10.1038/s41467-026-72115-2
results	cross-sectional transmission electron	2	2	10.1038/s41467-025-59527-2;qdp_2013_carrier-multiplication-qd-films
results	our observations are	2	2	10.1038/s41467-020-20582-6;qdp_2013_auger-control-carrier-kinetics
methods	to carry out	2	2	10.1038/s41377-025-01972-1;10.1038/s41467-022-28037-w
methods	time-resolved pl measurements	2	2	10.1038/s41467-018-06425-5;10.1038/s41467-025-58470-6
methods	the pedot:pss 4083	2	2	10.1038/s41377-025-02000-y;10.1038/s41467-025-57304-9
introduction	compared with the	2	2	10.1038/s41377-024-01601-3;10.1038/s43246-020-00084-0
results	with increasing voltage	2	2	10.1038/s41377-024-01727-4;10.1038/s41467-025-58047-3
results	the spectroscopic results	2	2	10.1038/s41467-020-15944-z;10.1038/s41467-024-45945-1
introduction	in addition for	2	2	10.1038/s41377-025-01959-y;qc_2015_wearable-rgb-qled-array
results	the optical properties	2	2	10.1038/s41467-024-50634-0;10.1038/s41467-024-55376-7
results	the apparent threshold	2	1	10.1038/s41467-022-31478-y
results	the qd patterns	2	1	10.1038/s41467-021-24931-x
results	next we examine	2	2	10.1038/s41467-021-22864-z;10.1038/s41467-025-57746-1
results	we claim that	2	1	10.1038/s41467-025-60886-z
discussion	this work presents	2	2	10.1038/s41377-025-02019-1;10.1038/s41467-025-65135-x
methods	qd pattern and	2	2	10.1038/s41377-024-01601-3;10.1038/s41377-026-02246-0
results	in this design	2	1	10.1038/s41467-023-39488-0
methods	alignment and uv	2	1	10.1038/s41377-025-02000-y
discussion	our findings provide	2	2	10.1038/s41377-026-02231-7;10.1038/s41467-021-25955-z
introduction	however the toxicity	2	2	10.1038/s41467-018-06294-y;10.1038/s41467-025-59527-2
results	therefore as the	2	2	10.1038/s41467-024-47184-w;10.1038/s41467-026-70555-4
results	in particular a	2	2	10.1038/s41467-026-72115-2;10.1038/s41586-023-05855-6
results	in strongly coupled	2	2	10.1038/s41467-025-61085-6;10.1038/s41467-026-70555-4
results	in contrast after	2	2	10.1038/s41467-023-41929-9;10.1038/s41467-024-54160-x
results	we also monitored	2	2	10.1038/s41377-024-01704-x;10.1038/s41377-026-02247-z
results	for this purpose	2	2	10.1038/s41467-024-53221-5;10.1038/s41467-026-73911-6
methods	the effects of	2	1	10.1038/s41467-024-55812-8
results	first of all	2	2	10.1038/s41467-024-46243-6;qdp_2013_auger-control-carrier-kinetics
results	this analysis revealed	2	2	10.1038/s41467-025-58047-3;10.1038/s41467-025-64546-0
results	the sem and	2	2	10.1038/s41467-018-06425-5;10.1038/s41467-026-73911-6
discussion	it may not	2	2	10.1038/s41467-020-16855-9;10.1038/s41467-023-38216-y
results	figure 2f shows	2	2	10.1038/s41467-022-28480-9;10.1038/s43246-026-01177-y
results	the strong interaction	2	2	10.1038/s41377-026-02246-0;10.1038/s41467-024-49751-7
results	absorption spectra were	2	2	10.1038/s41467-020-16855-9;10.1038/s41467-021-21522-8
introduction	this behavior is	2	2	10.1038/s41467-018-03049-7;10.1038/s41467-018-07383-8
results	we tracked the	2	2	10.1038/s41467-020-20555-9;10.1038/s41467-024-50634-0
introduction	however the problem	2	2	10.1038/s41467-020-20555-9;10.1038/s41467-022-31853-9
methods	then dissolve the	2	1	10.1038/s41377-024-01704-x
methods	the adsorption energies	2	2	10.1038/s41467-026-72733-w;10.1038/s41467-026-74583-y
methods	the device areas	2	2	10.1038/s41467-020-20433-4;10.1038/s41467-023-40150-y
results	moreover the formation	2	2	10.1038/s41377-025-01768-3;10.1038/s41467-024-54160-x
abstract	here we resolve	2	2	10.1038/s41467-022-31189-4;10.1038/s41586-023-05855-6
results	additionally the simulated	2	2	10.1038/s41467-019-08561-y;10.1038/s41467-025-65871-0
methods	the pmc precursor	2	1	10.1038/s41467-020-14747-6
methods	the single qd	2	1	10.1038/s41467-024-55619-7
results	the output characteristics	2	2	10.1038/s41467-024-47184-w;10.1038/s41467-025-57200-2
results	the bandgap of	2	2	10.1038/s41377-025-01768-3;10.1038/s41467-019-13909-5
results	however we could	2	1	10.1038/s41467-020-20555-9
methods	to measure the	2	2	10.1038/s41467-024-47891-4;10.1038/s41928-024-01151-x
results	the linewidth and	2	2	10.1038/s41467-021-24931-x;10.1038/s41467-025-64596-4
methods	characterizations of quantum	2	1	10.1038/s41467-025-57746-1
methods	it should be	2	2	10.1038/s41467-026-74151-4;10.1038/s43246-026-01136-7
results	we also calculated	2	2	10.1038/s41467-025-57200-2;10.1038/s41467-025-64111-9
introduction	recent studies have	2	2	10.1038/s41467-024-55812-8;10.1038/s41467-025-64111-9
results	the corresponding steady	2	2	10.1038/s41467-023-40150-y;10.1038/s41467-025-61085-6
methods	the forward scanning	2	1	10.1038/s41467-025-59515-6
results	with integrated 2pacz–niox	2	1	10.1038/s41467-025-64111-9
results	at the current	2	2	10.1038/s41467-020-16865-7;10.1038/s41467-025-59527-2
results	for the device	2	2	10.1038/s41377-026-02356-9;10.1038/s41467-024-50022-8
methods	for the flexible	2	2	10.1038/s41467-018-07099-9;10.1038/s41928-026-01670-9
results	to further increase	2	2	10.1038/s41377-025-01835-9;10.1038/s41467-024-49751-7
methods	the tfb 8	2	2	10.1038/s41467-022-28037-w;10.1038/s41467-026-73298-4
results	besides the strong	2	2	10.1038/s41467-021-21522-8;10.1038/s41467-026-71292-4
methods	the pedot:pss solution	2	2	10.1038/s41467-025-56001-x;10.1038/s41467-025-65135-x
methods	the temperature is	2	1	10.1038/s41467-025-65871-0
results	the decay curves	2	2	10.1038/s41467-024-50508-5;10.1038/s41467-025-56987-4
abstract	this strategy significantly	2	2	10.1038/s41467-023-35954-x;10.1038/s41467-025-64111-9
abstract	here we design	2	2	10.1038/s41377-022-01036-8;10.1038/s41467-025-63684-9
results	furthermore the luminance	2	2	10.1038/s41467-025-59527-2;10.1038/s41467-026-72733-w
results	however there is	2	2	10.1038/s41377-025-01768-3;10.1038/s41467-025-66981-5
methods	ito was sputtered	2	2	10.1038/s41467-019-08561-y;qc_2015_wearable-rgb-qled-array
results	an important observation	2	2	10.1038/s41467-020-16865-7;10.1038/s41563-024-01812-4
results	the red shift	2	2	10.1038/s41467-026-70555-4;10.1038/s41467-026-71301-6
results	as the annealing	2	1	10.1038/s41467-025-58470-6
methods	then pedot pss	2	2	10.1038/s41377-024-01704-x;10.1038/s41377-026-02246-0
results	we further designed	2	2	10.1038/s41467-024-52401-7;10.1038/s41467-025-56557-8
methods	the growth rate	2	1	10.1038/s41467-025-67347-7
results	so far we	2	2	10.1038/s41467-018-03049-7;10.1038/s41467-021-22864-z
results	while the qy	2	1	qdp_2016_inas-qd-size-tunable-nir-emission
results	furthermore from the	2	2	10.1038/s41467-022-32010-y;10.1038/s41467-024-50022-8
results	parylene c gate	2	1	10.1038/s41928-024-01205-0
methods	in this work	2	2	10.1038/s41467-026-71949-0;10.1038/s41586-023-05855-6
introduction	most of the	2	2	10.1038/s41467-023-38216-y;10.1038/s43246-026-01136-7
methods	after that 1	2	2	10.1038/s41467-023-36118-7;10.1038/s41467-025-57472-8
results	as is shown	2	1	10.1038/s43246-020-00084-0
methods	field-emission sem jeol	2	2	10.1038/s41467-025-56068-6;10.1038/s41467-025-63389-z
results	in short the	2	2	10.1038/s41467-024-55653-5;10.1038/s41467-026-73911-6
results	the position of	2	2	10.1038/s41467-023-38216-y;10.1038/s42005-023-01169-1
introduction	recently there has	2	2	10.1038/s41467-019-13951-3;10.1038/s41467-022-31853-9
methods	the eqes were	2	2	10.1038/s41467-018-05909-8;10.1038/s41467-021-21522-8
results	the decay of	2	2	10.1038/s41467-019-13951-3;10.1038/s41566-024-01458-3
results	when increasing the	2	1	10.1038/s41467-020-20555-9
methods	the molecular dynamics	2	2	10.1038/s41467-025-66421-4;10.1038/s41586-024-07360-w
results	changes in the	2	2	10.1038/s41467-023-41929-9;10.1038/s41467-023-43340-w
discussion	this study demonstrates	2	2	10.1038/s41377-025-01867-1;10.1038/s43246-026-01136-7
methods	fluorescence spectra were	2	1	10.1038/s41467-023-39488-0
results	the fast component	2	2	10.1038/s41467-025-57304-9;10.1038/s42005-023-01169-1
methods	once the reaction	2	1	10.1038/s41467-026-70555-4
methods	the molar ratio	2	2	10.1038/s41467-018-06425-5;10.1038/s41467-025-61085-6
methods	the excitation source	2	2	10.1038/s41467-020-20555-9;10.1038/s41467-026-73911-6
results	supplementary movie 1	2	2	10.1038/s41467-020-16865-7;10.1038/s41467-024-53965-0
results	however such a	2	2	10.1038/s41377-025-01835-9;10.1038/s41467-024-52521-0
results	the charge transport	2	2	10.1038/s41377-026-02356-9;10.1038/s41467-022-31853-9
abstract	perovskite quantum dot	2	2	10.1038/s41377-026-02247-z;10.1038/s41467-025-63684-9
methods	the precipitation was	2	2	10.1038/s41377-022-00855-z;10.1038/s43246-021-00203-5
results	the characteristic peak	2	1	10.1038/s41467-024-55653-5
methods	the znmgo nanoparticles	2	2	10.1038/s41377-025-02000-y;10.1038/s41467-026-73298-4
methods	after that 50	2	1	10.1038/s41467-026-73911-6
methods	the collected green	2	2	10.1038/s41467-025-56068-6;10.1038/s41467-025-63389-z
discussion	our results demonstrate	2	2	10.1038/s41467-020-20433-4;10.1038/s41467-025-67737-x
results	in addition our	2	2	10.1038/s41467-023-41868-5;10.1038/s41928-024-01151-x
methods	in supplementary fig.	2	2	10.1038/s41467-020-16560-7;10.1038/s41467-024-49838-1
introduction	for instance in	2	2	10.1038/s41467-021-24762-w;10.1038/s41467-022-35731-2
methods	the izo target	2	2	10.1038/s41377-025-01835-9;10.1038/s41467-020-16659-x
results	comparing to the	2	2	10.1038/s41467-017-01379-6;10.1038/s41467-019-08749-2
results	the peak wavelengths	2	2	10.1038/s41467-022-31853-9;10.1038/s41467-023-36773-w
results	in the 1t1r	2	1	10.1038/s41467-023-41868-5
methods	the applied bias	2	2	10.1038/s41467-025-56068-6;10.1038/s41467-025-63389-z
results	extended data fig.	2	1	10.1038/s41586-024-07149-x
methods	the ligand exchange	2	2	10.1038/s41467-017-01379-6;10.1038/s41467-024-55812-8
methods	pedot:pss ai 4083	2	2	10.1038/s41467-018-05909-8;10.1038/s41928-026-01670-9
results	the 80% mcp	2	1	10.1038/s41467-025-67737-x
results	figure 3a illustrates	2	2	10.1038/s41467-023-36118-7;10.1038/s41467-025-57200-2
methods	optical measurements on	2	1	10.1038/s41467-019-09737-2
methods	next 0.8 mmol	2	1	10.1038/s41467-023-35954-x
results	note that in	2	2	10.1038/s41467-021-24762-w;10.1038/s41467-025-56815-9
discussion	this work thus	2	2	10.1038/s41467-026-74198-3;10.1038/s43246-021-00203-5
results	characterizations of perovskite	2	2	10.1038/s41467-025-63389-z;10.1038/s41563-025-02123-y
results	indeed the pl	2	2	qdp_2012_lifetime-blinking-nonblinking-qd;qdp_2013_auger-control-carrier-kinetics
results	the precursor solution	2	2	10.1038/s41467-022-32010-y;10.1038/s41467-024-49751-7
results	differential charge density	2	2	10.1038/s41467-026-68315-5;10.1038/s41467-026-74583-y
results	where vtfl is	2	2	10.1038/s41377-024-01704-x;10.1038/s41377-026-02237-1
results	during the initial	2	2	10.1038/s41467-020-16855-9;10.1038/s41467-026-70555-4
introduction	in our synthesis	2	1	10.1038/s43246-026-01136-7
methods	fabrication of quantum	2	2	10.1038/s41467-025-57746-1;10.1038/s41467-025-62345-1
results	thus the electron	2	2	10.1038/s41467-018-05760-x;10.1038/s41467-024-54160-x
methods	the haadf-stem images	2	2	10.1038/s41467-024-45944-2;10.1038/s41928-026-01670-9
results	to further characterize	2	2	10.1038/s41377-025-01959-y;10.1038/s41467-025-64111-9
results	for devices with	2	2	10.1038/s41467-023-43408-7;10.1038/s41928-024-01151-x
results	cracks of the	2	1	qc_2015_wearable-rgb-qled-array
results	we also employ	2	2	10.1038/s41467-020-20582-6;10.1038/s41467-024-45944-2
results	the π–π stacking	2	2	10.1038/s41467-018-06425-5;10.1038/s41467-025-67737-x
results	s24 and table	2	2	10.1038/s41467-025-63653-2;10.1038/s41467-026-74198-3
methods	the ethanol solution	2	2	10.1038/s41377-025-02000-y;10.1038/s41467-020-14756-5
discussion	in terms of	2	2	10.1038/s41467-019-09737-2;10.1038/s41586-024-07149-x
results	therefore the results	2	2	10.1038/s41467-022-32010-y;10.1038/s43246-021-00203-5
methods	to lower the	2	2	10.1038/s41467-019-08749-2;10.1038/s41467-024-44894-z
results	this difference can	2	2	10.1038/s41467-023-43472-z;10.1038/s41467-024-55812-8
methods	the optical power	2	2	10.1038/s41586-023-05855-6;10.1038/s41586-024-07149-x
discussion	furthermore we have	2	2	10.1038/s41467-023-36118-7;10.1038/s41467-025-56815-9
methods	on the other	2	2	10.1038/s41467-022-29812-5;10.1038/s41467-025-60886-z
results	this improved stability	2	2	10.1038/s41467-025-58470-6;10.1038/s41467-025-67737-x
methods	fabrication of pixelated	2	1	10.1038/s41377-026-02246-0
results	supplementary fig. 2	2	2	10.1038/s41467-018-05760-x;10.1038/s41467-026-74583-y
results	in the process	2	2	10.1038/s41467-021-25955-z;10.1038/s41467-025-66981-5
methods	finally the resulting	2	2	10.1038/s41467-018-06425-5;10.1038/s41467-024-44894-z
methods	all the layers	2	2	10.1038/s41467-017-01379-6;10.1038/s41563-024-01812-4
results	we also examine	2	2	10.1038/s41467-020-14747-6;10.1038/s41467-020-20582-6
methods	this solution was	2	2	10.1038/s41467-024-55376-7;10.1038/s41467-024-55812-8
methods	the qds solution	2	1	10.1038/s41377-024-01704-x
results	to mitigate the	2	2	10.1038/s41467-025-59527-2;10.1038/s41467-026-75756-5
results	in general we	2	2	10.1038/s41467-018-07383-8;10.1038/s41467-025-61085-6
results	this blue shift	2	2	10.1038/s41377-025-02019-1;10.1038/s41467-025-64696-1
results	excitingly the blade-coated	2	1	10.1038/s41467-020-20433-4
results	x-ray photoelectron spectra	2	2	10.1038/s41377-024-01500-7;10.1038/s41467-018-05760-x
methods	the result of	2	2	10.1038/s41467-020-16560-7;10.1038/s41467-023-41041-y
results	the calculated binding	2	2	10.1038/s41377-026-02246-0;10.1038/s41467-026-74198-3
results	supplementary figs. 4	2	1	10.1038/s41467-023-35954-x
results	the luminances of	2	1	10.1038/s41467-022-31853-9
methods	the luminance of	2	2	10.1038/s41377-022-00855-z;10.1038/s41467-024-49838-1
results	the high gain	2	2	10.1038/s41467-020-18006-6;10.1038/s41586-024-07360-w
methods	at the end	2	2	10.1038/s41467-022-35731-2;10.1038/s41467-026-72625-z
results	the temperature-dependent measurement	2	2	10.1038/s41467-020-18006-6;10.1038/s41467-023-38216-y
results	the valence-band maximum	2	2	10.1038/s41377-022-00855-z;10.1038/s41467-026-73298-4
results	under the influence	2	2	10.1038/s41467-025-59527-2;10.1038/s43246-026-01177-y
results	these devices also	2	2	10.1038/s41467-024-50432-8;alhtl_2017_cspbbr3-moo3-hil-peled
methods	subsequently the substrates	2	2	10.1038/s41467-024-55376-7;10.1038/s41467-026-75756-5
results	according to this	2	2	10.1038/s41467-026-74151-4;10.1038/s43246-020-00084-0
methods	finally the al	2	2	10.1038/s41377-025-01867-1;10.1038/s41467-024-52521-0
results	the results suggest	2	2	10.1038/s41467-020-15944-z;10.1038/s41467-023-41041-y
results	details are shown	2	1	10.1038/s41377-024-01601-3
methods	the mixture’s temperature	2	1	10.1038/s41467-026-73298-4
results	the calculated adsorption	2	2	10.1038/s41377-025-02019-1;10.1038/s41467-026-71292-4
introduction	benefitting from its	2	2	10.1038/s41467-023-40194-0;10.1038/s41467-026-74583-y
results	the device cross-sectional	2	2	10.1038/s41377-026-02237-1;10.1038/s41467-022-29812-5
results	a possible explanation	2	2	10.1038/s41467-021-24616-5;qdp_2012_lifetime-blinking-nonblinking-qd
introduction	the operational stability	2	2	10.1038/s41467-023-43340-w;10.1038/s41467-026-68315-5
methods	the cqw-led was	2	1	10.1038/s41467-025-65871-0
introduction	currently the highest	2	2	10.1038/s41467-024-55653-5;10.1038/s41467-025-62345-1
results	the process is	2	2	10.1038/s41467-023-39488-0;10.1038/s43246-024-00645-7
results	the device lifetime	2	2	10.1038/s41467-018-03049-7;10.1038/s41467-020-14756-5
results	the electron-only devices	2	2	10.1038/s41377-024-01704-x;10.1038/s41467-018-05760-x
methods	poly(3,4-ethylenedioxythiophene poly(styrenesulfonate pedot	2	2	10.1038/s41467-019-08561-y;10.1038/s41467-025-67737-x
results	we found the	2	2	10.1038/s41377-025-01768-3;10.1038/s41467-023-43408-7
abstract	using this approach	2	2	10.1038/s41467-022-31189-4;10.1038/s41467-025-64546-0
results	to gain deeper	2	2	10.1038/s41467-024-51760-5;10.1038/s41467-026-74583-y
results	however all devices	2	2	10.1038/s41467-018-06425-5;10.1038/s41467-025-57200-2
results	subsequently we can	2	2	10.1038/s41467-025-65695-y;10.1038/s41928-024-01151-x
results	the following sections	2	2	10.1038/s41467-018-07383-8;10.1038/s41467-026-71949-0
results	the segmented 2pacz–niox	2	1	10.1038/s41467-025-64111-9
methods	the emitting area	2	2	10.1038/s41467-024-52401-7;10.1038/s41467-025-63684-9
methods	the j–v curves	2	1	10.1038/s41467-018-05760-x
methods	the wavelength of	2	2	10.1038/s41467-020-16652-4;10.1038/s41467-023-35954-x
results	to determine whether	2	2	10.1038/s41467-024-49751-7;10.1038/s41467-025-64546-0
discussion	the ito/fin-led@sio2 structure	2	1	10.1038/s41467-024-53965-0
methods	pl decay curves	2	2	10.1038/s41467-020-15944-z;10.1038/s41467-024-45944-2
results	although the µh	2	1	10.1038/s41467-022-28480-9
results	the layout of	2	2	10.1038/s41467-020-20433-4;10.1038/s41928-024-01205-0
results	supplementary fig. 9	2	2	10.1038/s41467-024-50022-8;10.1038/s41467-024-53965-0
introduction	this phenomenon is	2	2	10.1038/s41467-025-58471-5;qdp_2012_lifetime-blinking-nonblinking-qd
results	the molecular structures	2	2	10.1038/s41377-025-01817-x;10.1038/s41467-025-66421-4
methods	current density-voltage j-v	2	2	10.1038/s41467-020-14747-6;10.1038/s41467-026-73911-6
results	we developed a	2	2	10.1038/s41467-024-49751-7;10.1038/s43246-024-00576-3
introduction	thus we expect	2	2	10.1038/s41377-020-0328-6;10.1038/s41467-021-22864-z
results	n 1 s	2	2	10.1038/s41467-026-73911-6;10.1038/s41467-026-74198-3
introduction	the resulting films	2	2	10.1038/s41377-026-02184-x;10.1038/s41467-020-20555-9
results	the tem image	2	2	10.1038/s41377-025-02019-1;10.1038/s43246-026-01177-y
results	the outer shell	2	2	10.1038/s41467-023-40746-4;qdp_2016_inas-qd-size-tunable-nir-emission
results	the conclusion is	2	1	10.1038/s41467-024-54160-x
results	we first conducted	2	2	10.1038/s41467-025-63684-9;10.1038/s41467-026-72625-z
methods	the ag cathodes	2	1	10.1038/s41467-023-43340-w
results	the second derivative	2	2	10.1038/s41377-025-01972-1;10.1038/s41467-024-49751-7
results	we further observed	2	2	10.1038/s41467-021-21522-8;alhtl_2017_cspbbr3-moo3-hil-peled
results	these characteristics indicate	2	2	10.1038/s41467-020-15944-z;10.1038/s41467-025-64596-4
results	to demonstrate our	2	2	10.1038/s41377-022-01036-8;10.1038/s41467-022-35731-2
results	more importantly this	2	2	10.1038/s41467-024-50634-0;10.1038/s41467-026-68315-5
introduction	in contrast a	2	2	10.1038/s41467-017-01379-6;10.1038/s41467-024-55653-5
methods	the collected signal	2	1	10.1038/s41467-024-50432-8
methods	upon reaching the	2	2	10.1038/s41467-025-62345-1;10.1038/s43246-026-01177-y
results	figure 1 shows	2	2	10.1038/s41467-019-08749-2;10.1038/s41467-025-65695-y
results	as the three	2	2	10.1038/s41467-020-15481-9;10.1038/s41467-025-66421-4
methods	a heavily doped	1	1	10.1038/s41586-024-07360-w
introduction	additionally encapsulated modules	1	1	10.1038/s41467-025-64111-9
discussion	the significantly reduced	1	1	10.1038/s41467-024-55376-7
methods	a 150-nm-thick transparent	1	1	10.1038/s41928-026-01670-9
discussion	moreover this strategy	1	1	10.1038/s41467-025-58470-6
abstract	further we demonstrate	1	1	qdp_2013_auger-control-carrier-kinetics
introduction	a brief picture	1	1	10.1038/s41467-020-15944-z
results	[improved optoelectronic properties	1	1	10.1038/s41467-023-36118-7
introduction	by contrast regular	1	1	10.1038/s41467-024-55376-7
abstract	our insights provide	1	1	10.1038/s41467-020-16560-7
abstract	a common approach	1	1	10.1038/s41467-025-56987-4
abstract	the phonon-limited mobility	1	1	10.1038/s42005-021-00742-w
discussion	but success in	1	1	10.1038/s42005-021-00742-w
discussion	additionally the pinned	1	1	10.1038/s41377-026-02247-z
results	additionally dilution causes	1	1	10.1038/s43246-024-00576-3
introduction	electroluminescence of the	1	1	10.1038/s41467-020-14756-5
introduction	colloidal semiconductor nanocrystals	1	1	10.1038/s41467-020-15944-z
introduction	furthermore hot carrier	1	1	10.1038/s41467-019-12558-y
abstract	by systematically exploring	1	1	10.1038/s41467-025-63209-4
abstract	the liquid phase	1	1	10.1038/s41467-020-15481-9
results	although being short	1	1	qdp_2014_carrier-multiplication-quasi-type-ii
methods	for supercell calculations	1	1	10.1038/s41467-025-65695-y
methods	accounting for all	1	1	qdp_2012_lifetime-blinking-nonblinking-qd
discussion	in our initial	1	1	10.1038/s41467-021-24616-5
abstract	however fundamental understanding	1	1	10.1038/s41467-023-40746-4
methods	a home-built confocal	1	1	10.1038/s41467-024-50432-8
abstract	in principle the	1	1	qdp_2014_carrier-multiplication-quasi-type-ii
abstract	here we directly	1	1	10.1038/s41467-024-50893-x
abstract	our dual-gate devices	1	1	10.1038/s41928-024-01205-0
discussion	el emission under	1	1	10.1038/s41467-022-31478-y
abstract	after a 1000-hour	1	1	10.1038/s41467-024-51760-5
discussion	this optimized tdms	1	1	10.1038/s41467-025-65871-0
abstract	toward oxide-based circuit	1	1	10.1038/s41467-025-57200-2
discussion	a straightforward and	1	1	10.1038/s41467-020-16652-4
abstract	the direct photopatterning	1	1	10.1038/s41377-026-02246-0
methods	after several minutes	1	1	10.1038/s41467-024-45945-1
methods	afterward the mixture	1	1	10.1038/s41467-024-45944-2
discussion	we anticipate that	1	1	10.1038/s41377-025-01987-8
introduction	although the pces	1	1	10.1038/s41467-019-13909-5
introduction	consequently deliberate modulation	1	1	10.1038/s41467-026-72625-z
abstract	it exhibits excellent	1	1	10.1038/s41467-022-31853-9
discussion	the dual modification	1	1	10.1038/s41467-019-13437-2
methods	a dc bias	1	1	10.1038/s41467-026-69200-x
introduction	besides the method	1	1	10.1038/s41377-024-01601-3
introduction	at 7 k	1	1	10.1038/s41467-024-55812-8
discussion	the decreased defects	1	1	10.1038/s41467-020-17633-3
discussion	most important after	1	1	10.1038/s43246-026-01177-y
abstract	beyond enhanced wetting	1	1	10.1038/s41467-025-64546-0
methods	a platinum layer	1	1	10.1038/s41467-025-67347-7
abstract	designing colloidal assemblies	1	1	10.1038/s41467-026-70555-4
abstract	carrier transport and	1	1	10.1038/s41467-024-55653-5
abstract	although excellent progress	1	1	10.1038/s41586-024-07149-x
methods	a model containing	1	1	10.1038/s41467-025-66421-4
introduction	although these methods	1	1	10.1038/s41467-025-65871-0
methods	plqy of eml	1	1	10.1038/s41467-023-43408-7
discussion	efficiency and operational	1	1	10.1038/s41377-025-01817-x
methods	after cleaning with	1	1	10.1038/s41467-023-36773-w
methods	cu-doped cdse qds	1	1	10.1038/s41467-019-12558-y
discussion	furthermore the thin	1	1	10.1038/s41467-025-67737-x
abstract	the precipitation gelation	1	1	10.1038/s41467-020-20433-4
introduction	a promising strategy	1	1	10.1038/s41928-024-01151-x
abstract	for photovoltaic solar	1	1	10.1038/s41467-021-24616-5
methods	after that around	1	1	10.1038/s41928-024-01205-0
methods	a 2-(9h-carbazol-9-yl)ethyl)phosphonic acid	1	1	10.1038/s41928-024-01151-x
methods	cadmium oleate cd(oa)₂	1	1	10.1038/s41377-024-01727-4
discussion	in virtue of	1	1	10.1038/s41467-025-61085-6
discussion	device integration and	1	1	10.1038/s41377-025-01817-x
discussion	implementing this strategy	1	1	10.1038/s41377-024-01704-x
methods	2-(3,6-dimethoxy-9h-carbazol-9-yl ethyl]phosphonic acid	1	1	10.1038/s43246-024-00576-3
introduction	as for a	1	1	10.1038/s43246-021-00203-5
abstract	micro-light-emitting diodes micro-leds	1	1	10.1038/s41467-026-74151-4
abstract	in addition low-temperature	1	1	10.1038/s41467-018-07099-9
discussion	acting as a	1	1	10.1038/s41467-026-74583-y
introduction	additionally the roughness	1	1	10.1038/s41467-025-64111-9
discussion	by adopting doctor	1	1	10.1038/s43246-024-00576-3
discussion	this advance has	1	1	10.1038/s41586-023-05855-6
methods	for surface passivation	1	1	10.1038/s41467-018-02978-7
discussion	next evident by	1	1	10.1038/s41467-019-08749-2
abstract	moreover it achieves	1	1	10.1038/s41377-025-01959-y
methods	a tfb/pedot pss-on-ito/ag/ito/glass	1	1	10.1038/s41467-021-24931-x
introduction	although numerous approaches	1	1	10.1038/s41377-025-01740-1
abstract	development of light-emitting	1	1	qdp_2013_auger-control-carrier-kinetics
abstract	micro-light-emitting diodes offer	1	1	10.1038/s41467-024-53965-0
discussion	above a σμ	1	1	qdp_2013_carrier-multiplication-qd-films
discussion	in addition fdtd	1	1	10.1038/s41467-019-08561-y
methods	a 30 nm	1	1	10.1038/s41467-018-04986-z
introduction	applying this approach	1	1	10.1038/s42005-023-01169-1
methods	absolute ethyl alcohol	1	1	10.1038/s41467-021-21522-8
abstract	by combining high-performance	1	1	10.1038/s41467-025-59527-2
introduction	currently nir qd-leds	1	1	10.1038/s41467-025-57746-1
discussion	these experiments and	1	1	10.1038/s42005-023-01169-1
abstract	applications of light	1	1	10.1038/s41566-024-01458-3
abstract	however small-size pixels	1	1	10.1038/s41467-023-36773-w
discussion	the champion module	1	1	10.1038/s43246-024-00576-3
methods	a 520 nm	1	1	10.1038/s41467-025-57746-1
methods	after wire bonding	1	1	10.1038/s41928-024-01205-0
abstract	these structures enhance	1	1	qdp_2014_carrier-multiplication-quasi-type-ii
abstract	the interference of	1	1	10.1038/s41467-024-55812-8
introduction	also the color	1	1	10.1038/s41467-020-16659-x
results	accordingly we speculate	1	1	10.1038/s43246-021-00203-5
methods	after the above	1	1	10.1038/s41467-018-06294-y
introduction	a post-annealing process	1	1	10.1038/s41467-025-57200-2
abstract	high-energy exciton emission	1	1	10.1038/s41467-024-50432-8
introduction	besides tspo1 a	1	1	10.1038/s41467-020-17633-3
abstract	atomistic semiempirical pseudopotential	1	1	10.1038/s42005-023-01169-1
abstract	a redox reaction	1	1	10.1038/s41467-025-66421-4
discussion	when ipa and	1	1	10.1038/s41467-018-05909-8
methods	all potentials reported	1	1	qdp_2012_lifetime-blinking-nonblinking-qd
methods	a siox insulation	1	1	10.1038/s41467-024-52208-6
discussion	these devices retain	1	1	10.1038/s41467-026-71301-6
discussion	because the motion	1	1	10.1038/s41467-018-07383-8
abstract	developing a low-temperature	1	1	10.1038/s41467-025-57200-2
methods	a fiber-optic spectrometer	1	1	10.1038/s41467-024-52521-0
discussion	increasing the lifetime	1	1	10.1038/s41467-023-43408-7
introduction	additionally the in-situ	1	1	10.1038/s41377-025-01740-1
discussion	we used dg	1	1	10.1038/s41928-024-01205-0
abstract	the impact of	1	1	10.1038/s41467-018-07383-8
introduction	among them oxide	1	1	10.1038/s41467-023-41868-5
abstract	exploiting the interplay	1	1	10.1038/s41467-024-53221-5
discussion	an effective e-sno2	1	1	10.1038/s41467-018-05760-x
introduction	by introducing modification	1	1	10.1038/s41467-026-73911-6
methods	a linear vibronic	1	1	10.1038/s41563-024-01812-4
introduction	a 2d ruddlesden–popper	1	1	10.1038/s41467-018-06425-5
introduction	extensive efforts on	1	1	10.1038/s41467-026-75756-5
results	a reduced cm	1	1	qdp_2013_carrier-multiplication-qd-films
abstract	alkali metal doping	1	1	10.1038/s41467-025-61085-6
discussion	exciton- and electron-induced	1	1	10.1038/s41467-023-43408-7
abstract	here a general	1	1	10.1038/s41467-020-14756-5
results	a broad and	1	1	10.1038/s41467-026-71301-6
methods	after about half	1	1	10.1038/s41467-025-63653-2
discussion	our strategy paves	1	1	10.1038/s41377-026-02237-1
abstract	herein we develop	1	1	10.1038/s41467-025-63653-2
discussion	by tailoring energy	1	1	10.1038/s41467-018-04986-z
results	a key scientific	1	1	10.1038/s41467-022-31478-y
introduction	conventionally metal nanoparticles	1	1	10.1038/s41467-024-55376-7
methods	a 25 nm	1	1	10.1038/s41928-024-01205-0
abstract	additives help to	1	1	10.1038/s41563-025-02123-y
discussion	as the surface	1	1	10.1038/s41467-018-06294-y
discussion	also we showed	1	1	10.1038/s41467-022-32010-y
methods	all the aliquots	1	1	10.1038/s43246-026-01136-7
abstract	the device design	1	1	10.1038/s41467-024-49838-1
methods	a quasi-2d/3d perovskite	1	1	10.1038/s41467-022-31478-y
methods	a si avalanche	1	1	10.1038/s41467-024-50634-0
introduction	despite the microscale	1	1	10.1038/s41377-026-02246-0
abstract	these devices show	1	1	10.1038/s41467-018-04986-z
introduction	for practical application	1	1	10.1038/s41467-018-03049-7
discussion	the partially removed	1	1	10.1038/s41467-023-41929-9
discussion	atomistic calculations reveal	1	1	10.1038/s42005-023-01169-1
discussion	the remarkable mechanical-electrical-thermal-moisture	1	1	10.1038/s41467-024-46243-6
introduction	for the deposition	1	1	10.1038/s41586-024-07360-w
results	across 50 single	1	1	10.1038/s41467-026-73298-4
methods	atr-ftir data are	1	1	10.1038/s41467-026-72115-2
abstract	moreover efficient utilization	1	1	10.1038/s41467-025-65135-x
introduction	a key process	1	1	10.1038/s41467-019-13951-3
discussion	importantly the model	1	1	10.1038/s41377-026-02356-9
introduction	electroluminescence el)-based quantum	1	1	10.1038/s41467-022-31853-9
introduction	although tadf has	1	1	10.1038/s41467-025-56987-4
introduction	as a plasmonic	1	1	10.1038/s41467-024-49838-1
introduction	furthermore cdznse-based devices	1	1	10.1038/s41377-024-01727-4
abstract	all-inorganic perovskite solar	1	1	10.1038/s41467-019-13909-5
results	as the contacted	1	1	qc_2015_wearable-rgb-qled-array
introduction	as a semiconductor	1	1	10.1038/s41467-024-47891-4
methods	2-phenoxyethylamine poea 4-(trifluoromethyl)benzenesulfonamide	1	1	10.1038/s41467-026-72733-w
methods	a scan rate	1	1	10.1038/s41467-018-06425-5
methods	another source of	1	1	qdp_2013_carrier-multiplication-qd-films
results	arrhenius analysis reveals	1	1	10.1038/s41566-024-01458-3
results	a highly rigid	1	1	10.1038/s41563-024-01812-4
abstract	the organic phosphorus	1	1	10.1038/s41467-026-73298-4
abstract	however there are	1	1	qc_2015_wearable-rgb-qled-array
discussion	from the fact	1	1	10.1038/s41467-020-16865-7
introduction	a colloidal semiconductor	1	1	10.1038/s41467-020-16855-9
discussion	most previous studies	1	1	10.1038/s41467-023-43408-7
methods	elastomeric mask preparation	1	1	10.1038/s41467-022-29538-4
results	although initially observed	1	1	qdp_2014_carrier-multiplication-quasi-type-ii
discussion	using a topographical	1	1	10.1038/s41467-023-39488-0
abstract	furthermore the cracking-assisted	1	1	10.1038/s41928-026-01670-9
results	all the cdse/zns	1	1	qc_2015_wearable-rgb-qled-array
results	a substantial role	1	1	10.1038/s41586-023-05855-6
abstract	compared to polycrystalline	1	1	10.1038/s41586-024-07360-w
abstract	this is commonly	1	1	10.1038/s41467-020-14756-5
methods	a stoichiometric amount	1	1	10.1038/s41467-025-56815-9
abstract	the resulting perovskite/organic	1	1	10.1038/s41467-025-58047-3
abstract	however sn–pb perovskites	1	1	10.1038/s41467-021-24616-5
introduction	additionally zysman-colman and	1	1	10.1038/s41467-025-56987-4
introduction	an outstanding challenge	1	1	qdp_2014_carrier-multiplication-quasi-type-ii
introduction	achieving the desired	1	1	10.1038/s41467-024-53965-0
methods	both the channel	1	1	10.1038/s41467-022-28480-9
abstract	here we strategically	1	1	10.1038/s41467-024-52401-7
methods	current-voltage and photoresponse	1	1	10.1038/s41377-025-01987-8
discussion	with these results	1	1	10.1038/s41467-023-43472-z
methods	bis(3-aminopropyl polyethylene glycol	1	1	10.1038/s41467-026-71292-4
abstract	colloidal quantum nanorods	1	1	10.1038/s41467-026-73298-4
methods	acquisitions were made	1	1	10.1038/s43246-024-00576-3
introduction	device performance and	1	1	10.1038/s41467-019-09794-7
introduction	for example hybrid	1	1	10.1038/s41928-024-01205-0
discussion	additionally the tpc	1	1	10.1038/s41467-025-58047-3
introduction	algainp red μ-leds	1	1	10.1038/s41467-025-60886-z
abstract	however the persistent	1	1	10.1038/s41467-024-49751-7
introduction	although precursor engineering	1	1	10.1038/s41467-024-54160-x
discussion	the high uniformity	1	1	10.1038/s41377-025-01740-1
discussion	complementary kpfm measurements	1	1	10.1038/s41467-026-69200-x
abstract	however photo-response is	1	1	10.1038/s41928-024-01151-x
introduction	based upon published	1	1	10.1038/s41467-019-08749-2
discussion	combined with precise	1	1	10.1038/s41467-025-65135-x
introduction	consequently the optoelectronic	1	1	10.1038/s41377-025-01768-3
introduction	ever since the	1	1	10.1038/s41467-018-04986-z
methods	anisole dmso dimethylformamide	1	1	10.1038/s41377-025-01987-8
results	a linear cascaded	1	1	10.1038/s41467-022-29702-w
abstract	however in highly	1	1	10.1038/s41563-025-02123-y
introduction	advances in efficient	1	1	10.1038/s41566-024-01458-3
discussion	moreover beyond providing	1	1	10.1038/s41467-026-74198-3
discussion	the designed photolithography	1	1	10.1038/s41377-025-02000-y
abstract	the 20 µm	1	1	10.1038/s41467-026-74151-4
introduction	by analyzing the	1	1	10.1038/s41467-025-58047-3
introduction	alloy-like molecular architectures	1	1	10.1038/s41467-026-71301-6
abstract	by designing an	1	1	10.1038/s41377-024-01500-7
abstract	a benzothiophene-fused head	1	1	10.1038/s41467-025-59515-6
discussion	in series mode	1	1	10.1038/s41377-025-01835-9
methods	after being dried	1	1	10.1038/s41467-023-40150-y
abstract	this approach leads	1	1	10.1038/s41467-018-03049-7
introduction	at room temperature	1	1	10.1038/s41467-023-38216-y
discussion	electrical excitation with	1	1	10.1038/s41566-024-01458-3
discussion	under ac driving	1	1	10.1038/s41467-020-16659-x
discussion	psc devices with	1	1	10.1038/s41467-025-64111-9
results	according to an	1	1	10.1038/s41467-023-43340-w
abstract	the attainment of	1	1	qdp_2014_carrier-multiplication-quasi-type-ii
abstract	device performance and	1	1	10.1038/s41467-019-09794-7
introduction	as shown above	1	1	10.1038/s41467-026-71292-4
methods	a co/cr-coated tip	1	1	10.1038/s41467-025-57472-8
discussion	with the electric	1	1	10.1038/s43246-020-00084-0
abstract	the dual functions	1	1	10.1038/s41377-022-01036-8
results	absorption and pl	1	1	10.1038/s41467-026-73298-4
abstract	in addition surfactant	1	1	10.1038/s41563-025-02123-y
discussion	these ase diodes	1	1	10.1038/s41586-023-05855-6
discussion	by imaging the	1	1	10.1038/s41467-024-55812-8
discussion	accommodation of the	1	1	10.1038/s43246-021-00203-5
methods	a 325-nm laser	1	1	10.1038/s41467-020-20555-9
introduction	although these two	1	1	10.1038/s41467-021-27652-3
introduction	e_g_ e_1s_e −	1	1	10.1038/s41467-021-25955-z
discussion	based on our	1	1	10.1038/s41377-024-01601-3
abstract	however the electrical	1	1	10.1038/s41467-023-38216-y
methods	afterward the tpbi	1	1	10.1038/s41377-025-01768-3
introduction	as direct evidence	1	1	10.1038/s41467-023-43408-7
abstract	however the implementation	1	1	10.1038/s41586-023-05855-6
introduction	despite the impressive	1	1	10.1038/s43246-024-00576-3
results	a graph illustrating	1	1	10.1038/s41467-024-52401-7
methods	after that pedot:pss	1	1	10.1038/s41377-026-02237-1
discussion	additionally pces of	1	1	10.1038/s41467-024-55653-5
introduction	consequently these challenges	1	1	10.1038/s41467-025-63209-4
results	additionally afm-based infrared	1	1	10.1038/s41467-026-71301-6
abstract	our 3.5 ×	1	1	10.1038/s41467-023-43472-z
methods	after that 0.8	1	1	10.1038/s41467-025-57472-8
methods	aes data were	1	1	10.1038/s41467-025-58470-6
results	2des spectra at	1	1	10.1038/s42005-023-01169-1
discussion	qleds with the	1	1	10.1038/s41467-025-58471-5
abstract	the tris(2,4,6-trichlorophenyl)methyl-triphenyl-amine radical	1	1	10.1038/s41566-024-01458-3
methods	a multilayer thin-film	1	1	10.1038/s41467-025-64111-9
discussion	a considerable slowing	1	1	qdp_2014_carrier-multiplication-quasi-type-ii
abstract	dmen-zno achieves >17.3%	1	1	10.1038/s41467-026-74198-3
abstract	this is confirmed	1	1	10.1038/s41467-019-09737-2
abstract	our results are	1	1	qdp_2013_carrier-multiplication-qd-films
results	for our half-wave	1	1	10.1038/s41377-020-0328-6
introduction	additionally the noncontact	1	1	10.1038/s41467-021-24762-w
methods	all the pixel	1	1	10.1038/s41928-024-01151-x
abstract	the discovery and	1	1	10.1038/s42005-021-00742-w
abstract	at present materials	1	1	10.1038/s41586-024-07149-x
introduction	another method combines	1	1	10.1038/s41467-025-64546-0
introduction	however partial ligands	1	1	10.1038/s41467-025-63684-9
abstract	this diffusion induces	1	1	10.1038/s41377-025-01867-1
methods	[synthesis of zno	1	1	10.1038/s41467-025-56557-8
abstract	to industrialize printed	1	1	10.1038/s41467-023-35954-x
discussion	the strategy also	1	1	10.1038/s41467-025-64111-9
introduction	after gaining sufficient	1	1	10.1038/s41467-024-47891-4
abstract	eqe approaches the	1	1	10.1038/s43246-021-00203-5
discussion	the tunable size	1	1	10.1038/s43246-026-01136-7
discussion	the experiments reveal	1	1	10.1038/s42005-023-01169-1
abstract	under parallel connection	1	1	10.1038/s41467-020-16659-x
methods	a tecnai f20st/stem	1	1	qdp_2013_carrier-multiplication-qd-films
discussion	the computational design	1	1	10.1038/s41467-022-31853-9
abstract	however the performance	1	1	10.1038/s41377-025-01987-8
methods	once treated the	1	1	10.1038/s41467-024-52401-7
introduction	comprehensive characterization reveals	1	1	10.1038/s41377-025-01768-3
discussion	consequently unparalleled performance	1	1	10.1038/s41467-024-49574-6
methods	all the doctor-bladed	1	1	10.1038/s43246-024-00576-3
introduction	accordingly we conceive	1	1	10.1038/s41467-020-20555-9
introduction	however opposite properties	1	1	10.1038/s41467-018-02978-7
methods	a calibrated spectral	1	1	10.1038/s41467-025-57304-9
methods	all the chemical	1	1	10.1038/s41467-018-06425-5
results	at low excitation	1	1	qdp_2013_carrier-multiplication-qd-films
discussion	finding an alternative	1	1	10.1038/s41467-022-32010-y
methods	by increasing the	1	1	10.1038/s43246-020-00084-0
introduction	although tuning auger	1	1	10.1038/s41467-019-09737-2
introduction	given inner inorganic	1	1	10.1038/s41467-020-14756-5
introduction	even though several	1	1	10.1038/s41467-020-15481-9
discussion	the present findings	1	1	10.1038/s41467-021-22864-z
discussion	our study demonstrates	1	1	10.1038/s41467-024-51760-5
abstract	first bromide and	1	1	10.1038/s41467-019-13437-2
introduction	a number of	1	1	10.1038/s41467-021-22864-z
methods	all geometry optimizations	1	1	10.1038/s41467-026-71949-0
discussion	the introduction and	1	1	10.1038/s41467-024-50893-x
results	flexible perovskite solar	1	1	10.1038/s41467-018-07099-9
abstract	in our approach	1	1	10.1038/s41467-023-39488-0
abstract	in this manuscript	1	1	10.1038/s41467-019-09794-7
introduction	consequently vacuum-deposited red	1	1	10.1038/s41377-025-01740-1
abstract	the emergence of	1	1	10.1038/s41467-024-47184-w
methods	a 25-nm-thick layer	1	1	10.1038/s41928-024-01205-0
discussion	our study unravels	1	1	10.1038/s41467-020-15944-z
discussion	it would be	1	1	10.1038/s41467-020-15944-z
results	additionally the fa-rich	1	1	10.1038/s41467-025-58470-6
methods	an excitation laser	1	1	10.1038/s41377-025-01867-1
methods	after synthesis protocol	1	1	10.1038/s41467-023-38216-y
introduction	however a recent	1	1	10.1038/s41377-025-01867-1
abstract	this design leads	1	1	10.1038/s41467-025-56557-8
abstract	hopping theory demonstrates	1	1	10.1038/s43246-020-00084-0
introduction	an important goal	1	1	10.1038/s41467-022-29538-4
methods	and a thickness	1	1	10.1038/s41586-024-07149-x
methods	a k-point mesh	1	1	10.1038/s41377-026-02237-1
abstract	however near-infrared counterparts	1	1	10.1038/s41467-025-57746-1
introduction	cdse based qds	1	1	10.1038/s43246-026-01136-7
methods	a bias was	1	1	10.1038/s41467-023-43472-z
introduction	experimental and theoretical	1	1	10.1038/s41467-026-69200-x
abstract	these findings shed	1	1	10.1038/s41467-025-65695-y
introduction	combining x-ray photo-electron	1	1	10.1038/s41467-021-20970-6
abstract	consequently we achieved	1	1	10.1038/s41467-023-36118-7
abstract	this leads to	1	1	10.1038/s41467-024-49574-6
discussion	by employing an	1	1	10.1038/s41467-025-59527-2
discussion	the synergistic action	1	1	10.1038/s41377-026-02231-7
methods	a fei titan-g2	1	1	10.1038/s41467-020-20582-6
abstract	however the poor	1	1	10.1038/s41467-024-44894-z
abstract	as an alternative	1	1	10.1038/s41467-024-53965-0
introduction	all-inorganic perovskite quantum	1	1	10.1038/s43246-026-01177-y
methods	a function generator	1	1	10.1038/s41467-024-53965-0
discussion	however the cssn0.09pb0.91i3	1	1	10.1038/s41467-024-45945-1
abstract	therefore unlike those	1	1	10.1038/s41467-019-08749-2
abstract	additionally the minimum	1	1	10.1038/s41467-025-62345-1
abstract	the crosslinked hole-transport	1	1	10.1038/s41467-025-57746-1
introduction	considering the ionic	1	1	10.1038/s41467-020-18006-6
results	a similar power-law	1	1	10.1038/s41467-025-61511-9
abstract	our device simultaneously	1	1	10.1038/s41467-025-57472-8
results	all detailed parameters	1	1	10.1038/s41377-022-00992-5
introduction	a useful and	1	1	10.1038/s41467-021-24616-5
abstract	for the state-of-the-art	1	1	10.1038/s41467-018-04986-z
abstract	here the heteroepitaxy	1	1	10.1038/s41467-022-35731-2
methods	a 35-nm thin	1	1	10.1038/s41467-022-31478-y
introduction	another approach is	1	1	10.1038/s41467-021-20970-6
discussion	a cut-off frequency	1	1	10.1038/s41467-025-67347-7
methods	after that ptaa	1	1	10.1038/s41377-025-01959-y
introduction	accordingly quasi-2d perovskites	1	1	10.1038/s41467-020-20555-9
methods	a hitachi u-4100	1	1	10.1038/s41467-023-41041-y
introduction	excellent electrical properties	1	1	10.1038/s41467-023-41868-5
introduction	finally the influencing	1	1	10.1038/s41467-025-56068-6
introduction	however pqds-based display	1	1	10.1038/s41377-022-01036-8
methods	all analyzed samples	1	1	10.1038/s42005-021-00742-w
methods	a negative bias	1	1	10.1038/s41563-025-02123-y
discussion	apparently the calculated	1	1	10.1038/s41467-025-58047-3
introduction	as such this	1	1	10.1038/s41467-021-22864-z
introduction	at such a	1	1	10.1038/s41377-025-01972-1
abstract	however a generic	1	1	10.1038/s41467-023-40150-y
discussion	the pedot:pss htl	1	1	10.1038/s41467-025-56001-x
discussion	the application of	1	1	10.1038/s41467-022-29538-4
introduction	furthermore nio:moo3-complex is	1	1	10.1038/s41467-021-27652-3
results	a ni vacancy	1	1	10.1038/s41467-023-41929-9
methods	a similar consecutive	1	1	10.1038/s41467-024-55653-5
introduction	currently there is	1	1	10.1038/s41467-025-57304-9
methods	additional znses shell	1	1	10.1038/s41467-020-16652-4
introduction	among various metal	1	1	10.1038/s41467-025-66421-4
introduction	although eqe of	1	1	10.1038/s43246-020-00084-0
discussion	our design boosts	1	1	10.1038/s41566-024-01458-3
introduction	for example karuthedath	1	1	10.1038/s41467-022-29702-w
methods	after the optical	1	1	10.1038/s41467-026-74151-4
methods	finally tpbi 45	1	1	10.1038/s43246-020-00084-0
methods	different doping concentrations	1	1	10.1038/s41467-020-18006-6
introduction	however pure-blue-emissive 3d	1	1	10.1038/s41467-026-71292-4
introduction	among these materials	1	1	10.1038/s41467-025-57200-2
results	2)\(\0 \ <	1	1	10.1038/s41467-022-28037-w
introduction	an approach to	1	1	10.1038/s41467-022-29812-5
discussion	mn3sn-based afmtjs also	1	1	10.1038/s41467-024-52208-6
abstract	this method can	1	1	10.1038/s41467-023-41041-y
abstract	particularly our blue	1	1	10.1038/s41467-020-20582-6
abstract	during device operation	1	1	10.1038/s41467-025-59527-2
abstract	outstanding single-exciton properties	1	1	10.1038/s41467-019-09737-2
methods	a butyl rubber	1	1	10.1038/s41467-025-64111-9
abstract	herein we reported	1	1	10.1038/s41377-022-00855-z
methods	all film thicknesses	1	1	10.1038/s41467-023-41868-5
discussion	for planar leds	1	1	10.1038/s41377-020-0328-6
abstract	a maximum luminance	1	1	10.1038/s41467-018-05909-8
abstract	here we solve	1	1	10.1038/s41467-020-20582-6
abstract	here a polar	1	1	10.1038/s41467-020-20555-9
abstract	under series connection	1	1	10.1038/s41467-020-16659-x
discussion	future work will	1	1	10.1038/s41467-023-39531-0
methods	afm measurements showed	1	1	10.1038/s41467-017-01379-6
methods	ag was used	1	1	10.1038/s41377-026-02356-9
abstract	by engineering fcgt	1	1	10.1038/s41467-025-66981-5
abstract	at an initial	1	1	10.1038/s41467-023-35954-x
discussion	the el peak	1	1	10.1038/s41467-022-31853-9
discussion	by replacing conventional	1	1	10.1038/s41467-026-74198-3
abstract	our findings provide	1	1	10.1038/s41467-020-15944-z
discussion	adjusting the time-dependent	1	1	qdp_2016_inas-qd-size-tunable-nir-emission
results	depth-profiling xps shows	1	1	10.1038/s41377-025-01987-8
abstract	to date this	1	1	10.1038/s41467-024-49838-1
introduction	all-perovskite tandem solar	1	1	10.1038/s41467-025-59515-6
methods	after depositing passivation	1	1	10.1038/s41467-025-60886-z
methods	a confocal fluorescence	1	1	10.1038/s41467-020-16865-7
abstract	one process limiting	1	1	qdp_2014_carrier-multiplication-quasi-type-ii
introduction	firstly by effective	1	1	10.1038/s41377-025-01972-1
abstract	many approaches have	1	1	10.1038/s41467-021-27652-3
abstract	despite the promising	1	1	10.1038/s41467-024-50634-0
methods	a digital source	1	1	10.1038/s41467-022-32010-y
results	[blocking ionic transport	1	1	10.1038/s41467-023-36118-7
abstract	this interfacial polarization	1	1	10.1038/s41467-026-69200-x
discussion	the improved perovskite	1	1	10.1038/s41467-025-61085-6
methods	a 996 kg/mol	1	1	10.1038/s41467-022-29538-4
results	across all tandem	1	1	10.1038/s41467-026-75756-5
methods	after o₂ plasma	1	1	10.1038/s41467-020-16659-x
discussion	in the future	1	1	10.1038/s41467-026-69198-2
discussion	future studies that	1	1	10.1038/s41467-024-52208-6
abstract	however the field-effect	1	1	10.1038/s41467-022-28480-9
introduction	extensive research has	1	1	10.1038/s41467-020-16865-7
abstract	the highly polar	1	1	10.1038/s41377-025-01740-1
methods	after the core	1	1	10.1038/s41467-024-44894-z
discussion	a very small	1	1	qdp_2012_lifetime-blinking-nonblinking-qd
abstract	these discoveries provide	1	1	10.1038/s41467-023-36118-7
introduction	at the same	1	1	10.1038/s41467-022-29702-w
introduction	however this performance	1	1	10.1038/s41377-026-02231-7
introduction	however the valence	1	1	10.1038/s41467-024-50432-8
introduction	additionally precise control	1	1	10.1038/s41467-025-57200-2
methods	after vacuum annealing	1	1	10.1038/s41467-023-40746-4
abstract	these results indicate	1	1	10.1038/s41467-022-31478-y
introduction	a detailed mechanistic	1	1	10.1038/s41467-024-52401-7
discussion	as a good	1	1	10.1038/s41467-024-46243-6
methods	a green single	1	1	10.1038/s41467-025-56815-9
results	after validating the	1	1	10.1038/s41563-024-01812-4
abstract	both ligands enhance	1	1	10.1038/s41467-024-50022-8
introduction	and different from	1	1	10.1038/s41467-021-20970-6
abstract	hybrid perovskite semiconductors	1	1	10.1038/s41467-018-07383-8
discussion	device stability is	1	1	10.1038/s41467-018-02978-7
abstract	herein we establish	1	1	10.1038/s41467-025-64596-4
abstract	however transitioning to	1	1	10.1038/s43246-024-00576-3
discussion	both modified devices	1	1	10.1038/s41467-025-59515-6
introduction	a recent report	1	1	10.1038/s41467-021-24616-5
abstract	2)(0 being <0.05	1	1	10.1038/s41467-017-01379-6
methods	a shimadzu uv-3600	1	1	10.1038/s41566-024-01458-3
discussion	in the nio:moo3-complex	1	1	10.1038/s41467-021-27652-3
introduction	additionally xps investigations	1	1	10.1038/s41467-024-45944-2
discussion	future research should	1	1	10.1038/s43246-024-00576-3
discussion	the strategy was	1	1	10.1038/s41467-018-07099-9
methods	a bruker dektakxt	1	1	10.1038/s41467-024-52521-0
abstract	optical patterning of	1	1	10.1038/s41467-025-64696-1
introduction	although an average	1	1	10.1038/s41467-023-36118-7
abstract	our results establish	1	1	10.1038/s41467-026-75756-5
methods	single-crystal fcgt was	1	1	10.1038/s41467-025-66981-5
methods	a positive photoresist	1	1	10.1038/s41467-023-36773-w
methods	after realizing the	1	1	10.1038/s41467-026-74151-4
introduction	however uncoordinated sn4+	1	1	10.1038/s41467-018-07099-9
introduction	based on 30	1	1	10.1038/s43246-021-00203-5
introduction	alternatively mixed passivation	1	1	10.1038/s41467-020-15481-9
methods	afterwards the substrates	1	1	10.1038/s41467-024-49574-6
discussion	furthermore our detailed	1	1	10.1038/s41467-024-52401-7
introduction	however an atomistic	1	1	10.1038/s41467-023-40746-4
introduction	among these phosphine	1	1	10.1038/s41377-025-01740-1
discussion	cross-sectional multislice electron	1	1	10.1038/s41467-026-69200-x
abstract	here a strategy	1	1	10.1038/s43246-020-00084-0
discussion	the as-fabricated full-color	1	1	10.1038/s41377-025-02000-y
discussion	our results clearly	1	1	10.1038/s41467-019-13951-3
discussion	as for a	1	1	10.1038/s41467-023-43340-w
introduction	here we employed	1	1	10.1038/s41467-024-50893-x
discussion	by taking advantage	1	1	10.1038/s41467-018-05760-x
methods	actually 0.35 g	1	1	10.1038/s41467-025-63653-2
discussion	characters of each	1	1	10.1038/s41467-020-16855-9
abstract	fluorescent carbon dots	1	1	10.1038/s41467-025-63653-2
abstract	although various solution-processed	1	1	10.1038/s41467-021-24931-x
introduction	analysis of the	1	1	10.1038/s41467-023-43472-z
methods	a 40-nm-thick zno	1	1	qc_2015_wearable-rgb-qled-array
results	a feasible approach	1	1	10.1038/s41467-018-03049-7
abstract	using parallelized miniaturized	1	1	10.1038/s41467-025-63209-4
abstract	however their intrinsic	1	1	10.1038/s41467-022-29812-5
abstract	this demonstration is	1	1	10.1038/s41467-022-31189-4
introduction	for most leds	1	1	10.1038/s41467-018-03049-7
introduction	another negative evidence	1	1	10.1038/s41467-022-28037-w
introduction	among different perovskite	1	1	10.1038/s41928-024-01181-5
discussion	the structural advantages	1	1	10.1038/s41377-026-02184-x
abstract	inorganic all-solid-state electrochromic	1	1	10.1038/s41467-026-71949-0
introduction	among many qd	1	1	10.1038/s43246-026-01177-y
discussion	catp offers large-area	1	1	10.1038/s41928-026-01670-9
introduction	a high-quality mhp	1	1	10.1038/s41467-025-63209-4
abstract	furthermore the short	1	1	10.1038/s41377-024-01704-x
results	all these photoluminescence	1	1	10.1038/s41467-024-50432-8
discussion	it boosts plqy	1	1	10.1038/s41377-022-00992-5
results	a prototype red	1	1	10.1038/s41467-025-58471-5
discussion	solvents with moderate	1	1	10.1038/s41467-024-53221-5
introduction	among the etls	1	1	10.1038/s41467-019-13437-2
abstract	the above results	1	1	10.1038/s41377-026-02246-0
methods	[material and device	1	1	10.1038/s41467-018-02978-7
methods	a photoluminescence decay	1	1	10.1038/s41467-024-45944-2
discussion	concurrently the charge-transporting	1	1	10.1038/s41467-025-67737-x
abstract	achieving high efficiency	1	1	10.1038/s41377-022-00992-5
discussion	the tdfa method	1	1	10.1038/s41467-025-65871-0
methods	a shimadzu dsc-60a	1	1	10.1038/s41467-025-67737-x
abstract	inp/znse/zns quantum dots	1	1	10.1038/s41467-024-45944-2
introduction	alternative patterning methods	1	1	10.1038/s41467-020-16652-4
discussion	taking advantage of	1	1	10.1038/s41467-023-40150-y
abstract	in addition converting	1	1	10.1038/s41467-018-02978-7
introduction	by designing the	1	1	10.1038/s41377-026-02184-x
abstract	raman scattering disclosed	1	1	10.1038/s41467-022-35731-2
discussion	the flexible oscs	1	1	10.1038/s41467-024-46243-6
introduction	additionally through precise	1	1	10.1038/s41467-024-52401-7
results	after reaching 10	1	1	10.1038/s41467-024-52208-6
methods	a cl2 gas	1	1	10.1038/s41467-023-43472-z
introduction	however in peleds	1	1	10.1038/s41467-023-41929-9
discussion	although bulky long-chain	1	1	10.1038/s41467-024-55619-7
discussion	however the 3d	1	1	10.1038/s41467-026-71292-4
abstract	we capitalize on	1	1	10.1038/s41467-024-49791-z
results	facet engineering and	1	1	10.1038/s41377-025-01987-8
abstract	we posit that	1	1	10.1038/s41467-024-55619-7
results	apparently no significant	1	1	10.1038/s41467-020-16652-4
abstract	the in situ	1	1	10.1038/s41377-026-02184-x
introduction	however these additional	1	1	10.1038/s41928-024-01151-x
introduction	emission quenching of	1	1	10.1038/s41467-024-45944-2
discussion	this strategy enabled	1	1	10.1038/s41377-024-01704-x
abstract	next-generation light-emitting applications	1	1	10.1038/s41467-024-49838-1
methods	after many attempts	1	1	10.1038/s41467-025-56987-4
discussion	moreover efficient large-area	1	1	10.1038/s41377-026-02237-1
discussion	our strategy provides	1	1	10.1038/s41377-024-01727-4
introduction	adachi and co-workers	1	1	10.1038/s41467-025-56987-4
results	a neat film	1	1	10.1038/s41563-024-01812-4
abstract	moreover the combination	1	1	10.1038/s41467-026-72733-w
introduction	conventional ligand exchange	1	1	10.1038/s41377-026-02237-1
discussion	capitalizing on the	1	1	10.1038/s41467-024-52401-7
methods	evaporation rates were	1	1	10.1038/s41377-025-01817-x
methods	a cut-off energy	1	1	10.1038/s41563-025-02123-y
methods	after a while	1	1	10.1038/s41467-024-45945-1
introduction	currently some researchers	1	1	10.1038/s41467-025-63653-2
introduction	compared with all-inorganic	1	1	10.1038/s41377-022-00992-5
introduction	ligand exchange employing	1	1	10.1038/s41377-024-01704-x
abstract	both detrimental effects	1	1	10.1038/s41467-020-20582-6
abstract	our results show	1	1	10.1038/s41377-020-0328-6
discussion	because the cbm	1	1	10.1038/s41467-025-65695-y
introduction	for a peled	1	1	10.1038/s41377-020-0328-6
abstract	achieving perovskite light-emitting	1	1	10.1038/s41467-026-72733-w
discussion	hence molecular passivation	1	1	10.1038/s41467-020-20555-9
results	a ge–pb peled	1	1	10.1038/s41467-021-24616-5
abstract	hole transfer from	1	1	10.1038/s41467-019-13951-3
introduction	however emission quenching	1	1	10.1038/s41467-024-45944-2
results	a 30 nm-thick	1	1	10.1038/s41467-020-16652-4
methods	cesium carbonate cs2co3	1	1	10.1038/s43246-026-01177-y
discussion	for example we	1	1	10.1038/s41928-024-01151-x
methods	a value of	1	1	10.1038/s41563-025-02123-y
discussion	both f408-inp:zn mscs	1	1	10.1038/s41467-020-16855-9
discussion	for the most	1	1	10.1038/s41467-022-35731-2
results	a magnified view	1	1	10.1038/s41467-024-45944-2
methods	a caf2 lens	1	1	10.1038/s41377-025-01972-1
abstract	metal oxides are	1	1	10.1038/s41467-021-27652-3
discussion	the principle is	1	1	10.1038/s41566-024-01458-3
abstract	and the device	1	1	10.1038/s41467-026-72115-2
introduction	apparently at both	1	1	10.1038/s41467-024-52521-0
discussion	theoretical calculations and	1	1	10.1038/s41377-026-02247-z
introduction	additionally the air-processed	1	1	10.1038/s41467-025-63684-9
introduction	compared to si	1	1	10.1038/s41467-023-40194-0
methods	[electrochemical impedance spectroscopy	1	1	10.1038/s41467-023-36118-7
abstract	the impact can	1	1	10.1038/s41467-024-49791-z
introduction	electrochromic devices ecds	1	1	10.1038/s41467-026-71949-0
abstract	we further synthesize	1	1	qdp_2016_inas-qd-size-tunable-nir-emission
introduction	as illustrated in	1	1	10.1038/s41467-023-43340-w
abstract	a monolithically integrated	1	1	10.1038/s41467-025-67347-7
discussion	along the one-dimensional	1	1	10.1038/s41467-023-40746-4
introduction	from the materials	1	1	10.1038/s41467-020-14747-6
discussion	however the high-mobility	1	1	10.1038/s41467-020-18006-6
abstract	colloidal quantum dot	1	1	10.1038/s41467-021-24931-x
introduction	herein we demonstrate	1	1	10.1038/s41467-026-75756-5
abstract	such highly emissive	1	1	10.1038/s43246-026-01136-7
abstract	this work offers	1	1	10.1038/s41467-025-64696-1
abstract	establishing multi-colour patterning	1	1	10.1038/s41467-020-16652-4
methods	all reagents are	1	1	10.1038/s41377-024-01727-4
results	a video clearly	1	1	10.1038/s41467-025-59527-2
introduction	impressively they demonstrate	1	1	10.1038/s41467-026-72733-w
abstract	to pinpoint the	1	1	10.1038/s41467-019-08749-2
abstract	stability tests under	1	1	10.1038/s43246-026-01177-y
introduction	although in standard	1	1	qdp_2012_lifetime-blinking-nonblinking-qd
methods	after baking the	1	1	10.1038/s41467-018-07383-8
introduction	in particular perovskites	1	1	10.1038/s41467-018-07383-8
introduction	finally we find	1	1	10.1038/s41467-021-22864-z
methods	after blade-coating the	1	1	10.1038/s41467-020-20433-4
abstract	for a 2	1	1	10.1038/s41467-025-59527-2
introduction	during air processing	1	1	10.1038/s41377-026-02247-z
abstract	all the mscs	1	1	10.1038/s41467-020-16855-9
abstract	the resulting near-infrared	1	1	10.1038/s41467-025-57746-1
results	as the variation	1	1	qdp_2013_carrier-multiplication-qd-films
methods	after the squeezing	1	1	10.1038/s41467-025-57200-2
abstract	here we find	1	1	qdp_2012_lifetime-blinking-nonblinking-qd
discussion	our devices offer	1	1	10.1038/s41928-024-01205-0
discussion	simultaneously the first-principle	1	1	10.1038/s41377-022-00992-5
discussion	consequently the cdznse-based	1	1	10.1038/s41377-024-01727-4
introduction	however such architectures	1	1	10.1038/s41467-025-56557-8
methods	during tem analysis	1	1	10.1038/s41467-025-57200-2
abstract	metal nanoclusters as	1	1	10.1038/s41467-025-67737-x
abstract	this strategy offers	1	1	10.1038/s41467-025-64546-0
discussion	high triplet energy	1	1	10.1038/s41563-024-01812-4
results	additionally t₅₀ operational	1	1	10.1038/s41467-025-62345-1
abstract	accordingly green leds	1	1	10.1038/s41467-018-02978-7
methods	for the kcl	1	1	10.1038/s41467-018-07099-9
introduction	by further incorporating	1	1	10.1038/s41467-026-74198-3
discussion	the adoption of	1	1	10.1038/s41467-026-73911-6
methods	after solvent evaporation	1	1	10.1038/s41467-022-29702-w
abstract	interfacial trap-assisted nonradiative	1	1	10.1038/s41467-025-56068-6
introduction	although this strategy	1	1	10.1038/s41467-021-20970-6
results	additionally the carrier	1	1	10.1038/s41377-022-00992-5
abstract	deep-blue perovskite light-emitting	1	1	10.1038/s41377-025-01768-3
introduction	after incorporating the	1	1	10.1038/s41467-020-20433-4
methods	absolute ethanol were	1	1	10.1038/s41467-022-28037-w
discussion	such integration of	1	1	10.1038/s41928-024-01151-x
abstract	the self-assembled molecules	1	1	10.1038/s41467-025-63389-z
discussion	the presented growth	1	1	10.1038/s41467-025-57200-2
abstract	our studies reveal	1	1	10.1038/s41467-019-13909-5
methods	a small fluence-independent	1	1	qdp_2014_carrier-multiplication-quasi-type-ii
discussion	more specifically we	1	1	10.1038/s41467-022-32010-y
abstract	primary challenges towards	1	1	10.1038/s41467-022-31189-4
discussion	as previously discussed	1	1	10.1038/s41467-020-16560-7
abstract	negative charging results	1	1	qdp_2012_lifetime-blinking-nonblinking-qd
abstract	although film quantum	1	1	10.1038/s41467-025-62345-1
introduction	beyond defect passivation	1	1	10.1038/s41467-026-69198-2
discussion	the individual-particle passivation	1	1	10.1038/s41928-024-01181-5
methods	el spectra and	1	1	10.1038/s41467-021-24762-w
abstract	our control experiments	1	1	10.1038/s41467-023-43408-7
results	all performance parameters	1	1	10.1038/s41467-026-68315-5
discussion	as trapping occurs	1	1	10.1038/s41467-025-61511-9
abstract	despite the development	1	1	10.1038/s41377-024-01601-3
introduction	during a-type intensity	1	1	qdp_2012_lifetime-blinking-nonblinking-qd
abstract	this transistor achieves	1	1	10.1038/s41467-025-67347-7
introduction	a natural route	1	1	10.1038/s41467-026-75756-5
abstract	in a planar	1	1	10.1038/s41467-019-13437-2
introduction	achieving pce >	1	1	10.1038/s43246-024-00576-3
discussion	at this early	1	1	10.1038/s42005-021-00742-w
introduction	however the rt	1	1	10.1038/s41467-024-45945-1
abstract	although super-hydrophilic effect	1	1	10.1038/s41467-025-64546-0
abstract	herein we implement	1	1	10.1038/s41467-025-58047-3
methods	a periodic slab	1	1	10.1038/s41928-024-01181-5
methods	all solvents were	1	1	10.1038/s41467-018-07099-9
introduction	such a broad	1	1	10.1038/s41467-023-36118-7
introduction	although significant progress	1	1	10.1038/s41467-025-59527-2
abstract	here we study	1	1	10.1038/s41467-022-28037-w
discussion	notably the emergence	1	1	10.1038/s41467-026-69200-x
discussion	effective exciton management	1	1	10.1038/s41377-025-01817-x
abstract	due to minimized	1	1	10.1038/s41467-025-56068-6
abstract	interfacial polarization –	1	1	10.1038/s41467-026-69200-x
introduction	as crucial components	1	1	10.1038/s41377-025-02000-y
abstract	inorganic perovskites such	1	1	alhtl_2017_cspbbr3-moo3-hil-peled
discussion	it was revealed	1	1	10.1038/s41467-026-73911-6
introduction	first perfluoro-2-propoxypropanoic acid	1	1	10.1038/s41467-026-72115-2
introduction	as for phosphorescent	1	1	10.1038/s41377-025-01817-x
introduction	however multicomponent oxides	1	1	10.1038/s41467-022-28480-9
methods	1.66 ev-wbg cs₀.₀₅ma₀.₁₅fa₀.₈pb(i₀.₇₆br₀.₂₄)₃	1	1	10.1038/s41467-025-56068-6
introduction	for conventional amorphous	1	1	10.1038/s41467-025-56815-9
abstract	these observations and	1	1	10.1038/s41467-022-31478-y
results	dmso a lewis-base	1	1	10.1038/s41377-025-01987-8
abstract	the qd patterns	1	1	10.1038/s41467-021-24931-x
introduction	for example sargent	1	1	10.1038/s41467-025-56068-6
abstract	however their widespread	1	1	10.1038/s41467-024-53965-0
abstract	more importantly the	1	1	10.1038/s41467-023-41929-9
abstract	combined with the	1	1	10.1038/s41467-024-50634-0
introduction	almost 100% internal	1	1	10.1038/s41566-024-01458-3
abstract	however current patterning	1	1	10.1038/s41467-025-64696-1
introduction	a collinear afmtj	1	1	10.1038/s41467-025-66981-5
introduction	conventional tp supports	1	1	10.1038/s41928-026-01670-9
methods	a fls980 with	1	1	10.1038/s41566-024-01458-3
abstract	both factors limit	1	1	10.1038/s41467-018-02978-7
discussion	it is found	1	1	10.1038/s41467-026-71301-6
discussion	acting simultaneously as	1	1	10.1038/s41467-025-64696-1
discussion	in addition using	1	1	10.1038/s41467-026-73911-6
methods	dimethylformamide dmf and	1	1	10.1038/s41467-019-13437-2
abstract	in color-tunable mode	1	1	10.1038/s41377-025-01835-9
introduction	efforts to tackle	1	1	10.1038/s41377-026-02231-7
methods	among these δef	1	1	10.1038/s41467-026-71949-0
abstract	consequently optimized p-o-tscs	1	1	10.1038/s41467-024-55376-7
introduction	dual-function devices usually	1	1	10.1038/s41377-022-01036-8
introduction	as the wavefunction	1	1	10.1038/s41467-019-09737-2
discussion	catp should provide	1	1	10.1038/s41928-026-01670-9
abstract	notably universal improvements	1	1	10.1038/s41467-024-51760-5
abstract	when applied to	1	1	10.1038/s41467-025-60886-z
introduction	by further fine-tuning	1	1	10.1038/s41467-025-65135-x
introduction	both improvements together	1	1	10.1038/s41467-024-55376-7
introduction	computational studies using	1	1	10.1038/s41467-023-43408-7
abstract	our results point	1	1	10.1038/s41467-019-12558-y
introduction	here the term	1	1	10.1038/s41467-018-03049-7
discussion	qleds based on	1	1	10.1038/s41467-018-04986-z
abstract	among several methods	1	1	10.1038/s41467-025-57200-2
discussion	efficient carrier utilization	1	1	10.1038/s41467-025-65135-x
results	as schematically illustrated	1	1	10.1038/s41377-024-01500-7
discussion	resulting sg-qds feature	1	1	10.1038/s41467-024-49791-z
introduction	besides these methods	1	1	10.1038/s43246-020-00084-0
abstract	specifically chiral perovskite	1	1	10.1038/s41467-025-57472-8
introduction	combining highly color-purity	1	1	10.1038/s41377-024-01500-7
abstract	eventually the passivated	1	1	10.1038/s41467-020-17633-3
results	any time-average joule	1	1	10.1038/s41467-018-07383-8
abstract	moreover the unsealed	1	1	10.1038/s41467-018-05760-x
introduction	a substantial slowing	1	1	10.1038/s41467-024-53221-5
abstract	the corresponding planar	1	1	10.1038/s41467-018-07099-9
discussion	additionally different from	1	1	10.1038/s41467-024-55376-7
discussion	first the improvement	1	1	alhtl_2017_cspbbr3-moo3-hil-peled
abstract	additive manufacturing enables	1	1	10.1038/s41467-025-64596-4
discussion	the results presented	1	1	10.1038/s41467-025-56987-4
methods	a ×60 water	1	1	10.1038/s41467-020-15944-z
abstract	in-situ characterizations and	1	1	10.1038/s41467-026-71949-0
introduction	here we overcome	1	1	10.1038/s41377-026-02237-1
abstract	we expect this	1	1	10.1038/s41467-025-63684-9
abstract	ingan-based micro-light-emitting diodes	1	1	10.1038/s41467-023-36773-w
methods	a non-bonded interaction	1	1	10.1038/s41467-025-59515-6
discussion	also different metal	1	1	10.1038/s41467-025-56815-9
methods	a 10 cm	1	1	10.1038/s41467-022-31189-4
abstract	the ccto-gated mos₂	1	1	10.1038/s41467-025-56815-9
discussion	notably encapsulated devices	1	1	10.1038/s41467-026-69198-2
abstract	by exploring the	1	1	10.1038/s41467-025-58047-3
abstract	the state-of-the-art synthesis	1	1	10.1038/s41467-024-50022-8
abstract	by introducing a	1	1	10.1038/s41467-026-72625-z
methods	fabrication of in₂o₃:h	1	1	10.1038/s41467-022-28480-9
abstract	however when the	1	1	10.1038/s43246-024-00645-7
abstract	the champion inverted	1	1	10.1038/s41467-024-55653-5
abstract	our findings offer	1	1	10.1038/s41467-021-24616-5
abstract	moreover the defect	1	1	10.1038/s41467-025-56068-6
discussion	the improved wetting	1	1	10.1038/s41467-025-64546-0
methods	a home-build system	1	1	10.1038/s41467-023-43340-w
abstract	despite extensive efforts	1	1	10.1038/s41467-024-46243-6
methods	0.2 g pbbr₂	1	1	10.1038/s41467-020-17633-3
abstract	although perovskite light-emitting	1	1	10.1038/s41467-020-14747-6
methods	a high-speed photomultiplier	1	1	10.1038/s41467-025-59527-2
discussion	these films exhibited	1	1	10.1038/s41467-025-56557-8
discussion	the understanding gained	1	1	10.1038/s41467-021-22864-z
abstract	here a rationally	1	1	10.1038/s41377-025-01740-1
introduction	for conventional leds	1	1	10.1038/s41563-025-02123-y
discussion	the preferred facet	1	1	10.1038/s41377-025-01987-8
discussion	achieving low ron	1	1	10.1038/s41467-023-40194-0
results	additionally two other	1	1	10.1038/s41377-026-02184-x
abstract	by monolithically integrating	1	1	10.1038/s41928-024-01205-0
abstract	current display screens	1	1	10.1038/s41928-024-01151-x
abstract	second the conjugated	1	1	10.1038/s41467-019-13437-2
methods	an o2+ primary	1	1	10.1038/s42005-021-00742-w
discussion	thus the ids	1	1	10.1038/s41467-025-67347-7
discussion	importantly the demonstration	1	1	10.1038/s41377-020-0328-6
introduction	but fully passivating	1	1	10.1038/s41467-024-55619-7
discussion	using the strategy	1	1	10.1038/s41467-024-52401-7
introduction	and a nanophotonic	1	1	10.1038/s41467-019-08561-y
abstract	the reorganized energy	1	1	10.1038/s41467-021-25955-z
discussion	meanwhile the nanocomposite	1	1	10.1038/s41467-024-46243-6
abstract	here we investigated	1	1	10.1038/s41467-024-45944-2
discussion	benefitting from the	1	1	10.1038/s41467-023-40194-0
results	appropriate coupling is	1	1	10.1038/s41377-026-02231-7
discussion	in addition no	1	1	10.1038/s41467-020-20433-4
abstract	however the intrinsic	1	1	10.1038/s41467-024-47184-w
discussion	as the gate	1	1	10.1038/s41467-023-38216-y
methods	at a base	1	1	10.1038/s41467-022-28037-w
introduction	however a previously	1	1	10.1038/s41377-025-01867-1
discussion	the patterned blue	1	1	10.1038/s41377-025-02000-y
abstract	it leads to	1	1	10.1038/s41928-024-01181-5
abstract	blue perovskite quantum	1	1	10.1038/s41377-026-02231-7
abstract	multiple defects including	1	1	10.1038/s41377-025-01768-3
results	[optical properties of	1	1	10.1038/s41467-026-72733-w
introduction	additionally it relies	1	1	10.1038/s41467-024-53965-0
abstract	in our initial	1	1	10.1038/s41467-021-24616-5
introduction	among these interfaces	1	1	10.1038/s41467-026-69198-2
abstract	more importantly we	1	1	10.1038/s41377-022-00855-z
introduction	additionally zno is	1	1	10.1038/s41467-024-45944-2
results	all the perovskite	1	1	10.1038/s41467-026-68315-5
introduction	for example memristive	1	1	10.1038/s41467-023-40746-4
results	a thin ~3	1	1	10.1038/s41563-025-02123-y
abstract	here we prepare	1	1	10.1038/s43246-021-00203-5
introduction	heteroepitaxy involves structural	1	1	10.1038/s41467-024-49791-z
discussion	in the first	1	1	10.1038/s41467-024-53221-5
results	a gate voltage	1	1	10.1038/s41467-023-41041-y
introduction	absorption features persistently	1	1	10.1038/s41467-020-16855-9
abstract	the performance is	1	1	10.1038/s41467-024-50022-8
abstract	the corresponding peleds	1	1	10.1038/s41467-018-05909-8
discussion	however effectively controlling	1	1	10.1038/s41467-025-58470-6
abstract	precise facet orientation	1	1	10.1038/s41467-023-38216-y
introduction	a fraction of	1	1	10.1038/s41467-024-52401-7
methods	a fiber spectrophotometer	1	1	10.1038/s41377-026-02237-1
abstract	still top-emitting quantum-dot	1	1	10.1038/s41467-024-49574-6
introduction	combined with an	1	1	10.1038/s41467-017-01379-6
introduction	cds/cdox qds furthermore	1	1	10.1038/s41467-018-06294-y
introduction	as the electron	1	1	10.1038/s41467-019-08749-2
introduction	due to their	1	1	10.1038/s41467-023-39488-0
discussion	the fa cation	1	1	10.1038/s41377-022-00992-5
methods	[where p_\mboxe→ \mboxq	1	1	10.1038/s41467-025-65135-x
introduction	a mid-shell znse	1	1	10.1038/s41467-024-45944-2
introduction	a few recent	1	1	10.1038/s41467-023-36118-7
introduction	as such we	1	1	10.1038/s41467-024-50432-8
discussion	it was also	1	1	10.1038/s43246-024-00645-7
methods	afm was captured	1	1	10.1038/s41467-026-71301-6
abstract	despite the significant	1	1	10.1038/s41467-025-56001-x
discussion	in conclusion it	1	1	10.1038/s41467-020-14756-5
abstract	the as-constructed air-processed	1	1	10.1038/s41377-026-02247-z
results	additionally both tin	1	1	10.1038/s41467-024-45945-1
introduction	leds employing pqds	1	1	10.1038/s41377-024-01704-x
abstract	the developed devices	1	1	10.1038/s41586-023-05855-6
introduction	both issues are	1	1	10.1038/s41467-020-20582-6
introduction	haxpes analyses revealed	1	1	10.1038/s41467-024-50893-x
results	a quasi-2d pea)2(cspbbr3)n−1pbbr4	1	1	10.1038/s41467-024-49838-1
introduction	being different from	1	1	10.1038/s41377-024-01601-3
introduction	core/shell qds are	1	1	10.1038/s41467-021-25955-z
discussion	achieving insulator-to-metal transition	1	1	10.1038/s41467-023-38216-y
discussion	a potential avenue	1	1	10.1038/s41467-025-61511-9
discussion	by accounting for	1	1	10.1038/s41467-026-69200-x
abstract	despite being grown	1	1	10.1038/s42005-021-00742-w
discussion	as only mixing	1	1	10.1038/s41467-020-16652-4
results	besides such low	1	1	10.1038/s41467-024-50432-8
methods	all images were	1	1	10.1038/s41467-022-29702-w
methods	a field emission	1	1	alhtl_2017_cspbbr3-moo3-hil-peled
introduction	as widely recognized	1	1	10.1038/s41467-024-52401-7
abstract	flexible devices retain	1	1	10.1038/s41467-026-74198-3
discussion	dft analysis and	1	1	10.1038/s41467-026-71949-0
abstract	2)(0 limit of	1	1	10.1038/s41467-017-01379-6
introduction	further many sams	1	1	10.1038/s43246-024-00645-7
methods	a nicolet 6700	1	1	10.1038/s41377-022-00992-5
discussion	also to control	1	1	10.1038/s41467-020-16865-7
abstract	due to their	1	1	10.1038/s41467-018-06294-y
introduction	although nanosecond transient	1	1	10.1038/s41377-025-01959-y
abstract	moreover sam aggregation	1	1	10.1038/s41467-025-59515-6
introduction	at a large	1	1	10.1038/s41467-024-52521-0
abstract	the excellent luminescence	1	1	10.1038/s41377-022-01036-8
introduction	as an optoelectronic	1	1	10.1038/s41467-024-52521-0
abstract	these findings offer	1	1	10.1038/s41377-025-01867-1
discussion	furthermore the operational	1	1	10.1038/s41377-025-01867-1
methods	[grazing incidence small	1	1	10.1038/s41467-023-36118-7
abstract	however the weak	1	1	10.1038/s41377-025-02019-1
discussion	the current progress	1	1	qc_2015_wearable-rgb-qled-array
introduction	conventional device design	1	1	10.1038/s41467-021-27652-3
abstract	by varying the	1	1	10.1038/s41467-019-09737-2
abstract	the creation of	1	1	10.1038/s41586-024-07360-w
discussion	alternatively the introduction	1	1	10.1038/s41467-018-06294-y
methods	all calculations allowed	1	1	10.1038/s41467-018-05909-8
discussion	as proof of	1	1	10.1038/s41377-022-00855-z
introduction	hybrid organicinorganic halide	1	1	10.1038/s41467-018-07383-8
results	after optimizing the	1	1	10.1038/s41467-026-75756-5
methods	a 100 nm-thick	1	1	10.1038/s41467-025-59527-2
discussion	furthermore blue phosphorescent	1	1	10.1038/s41467-021-27652-3
abstract	the shapes of	1	1	10.1038/s41467-026-70555-4
abstract	consequently the interfacial	1	1	10.1038/s41467-025-57304-9
results	after turn-on of	1	1	10.1038/s41377-020-0328-6
introduction	an in-depth understanding	1	1	10.1038/s41377-022-00855-z
introduction	by employing 1,3-di(9h-carbazol-9-yl)benzene	1	1	10.1038/s41467-025-67737-x
abstract	avalanche and surge	1	1	10.1038/s41467-023-40194-0
methods	a low power	1	1	10.1038/s41467-025-60886-z
introduction	another major source	1	1	qdp_2014_carrier-multiplication-quasi-type-ii
abstract	however this energy	1	1	10.1038/s41467-018-06425-5
introduction	among the photovoltaic	1	1	10.1038/s43246-024-00576-3
introduction	a recent large	1	1	qdp_2013_carrier-multiplication-qd-films
abstract	additionally alumina particles	1	1	10.1038/s41467-025-64546-0
discussion	in conclusion the	1	1	10.1038/s41467-022-31853-9
results	a standard htl	1	1	10.1038/s41467-025-57746-1
introduction	crucially how ligand	1	1	10.1038/s41467-026-74198-3
methods	[atomic layer deposition	1	1	10.1038/s41467-025-56557-8
methods	films of tfb	1	1	10.1038/s41377-025-01867-1
discussion	importantly optical gain	1	1	10.1038/s41467-022-31189-4
methods	a solvent exchange	1	1	10.1038/s41467-018-07383-8
introduction	however achieving efficient	1	1	10.1038/s41377-026-02237-1
abstract	despite tremendous efforts	1	1	10.1038/s41467-023-40194-0
discussion	the obtained peqw	1	1	10.1038/s41467-023-40150-y
discussion	furthermore exploring broader	1	1	10.1038/s41467-025-64696-1
abstract	interactive display devices	1	1	10.1038/s41377-022-01036-8
abstract	later stage mscs	1	1	10.1038/s41467-020-16855-9
introduction	explanations for such	1	1	10.1038/s41467-021-25955-z
discussion	these observations were	1	1	10.1038/s43246-026-01136-7
discussion	moreover the incorporation	1	1	10.1038/s41467-025-64546-0
results	a similar quadratic	1	1	10.1038/s41467-025-56987-4
methods	a single charge	1	1	10.1038/s41467-020-16560-7
abstract	the spectral characterization	1	1	10.1038/s41467-025-63653-2
discussion	this observation can	1	1	10.1038/s41467-025-56987-4
discussion	the above results	1	1	10.1038/s41467-020-18006-6
introduction	colloidal perovskite nanosheets	1	1	10.1038/s41377-026-02184-x
methods	a manual-type mask	1	1	qc_2015_wearable-rgb-qled-array
discussion	theoretically we demonstrate	1	1	10.1038/s43246-020-00084-0
introduction	accordingly the development	1	1	10.1038/s41467-026-74583-y
abstract	chemical-treatment-induced contraction and	1	1	10.1038/s41467-025-64596-4
results	at 160 °c	1	1	10.1038/s41467-023-39531-0
discussion	this performance is	1	1	10.1038/s41467-024-50508-5
introduction	a third strategy	1	1	10.1038/s41467-025-64546-0
discussion	this advancement allows	1	1	10.1038/s41467-025-62345-1
discussion	qd films with	1	1	10.1038/s41467-020-16652-4
introduction	alternatively inorganic semiconductors	1	1	10.1038/s41467-019-13951-3
introduction	a commonly employed	1	1	10.1038/s41467-025-59515-6
discussion	as ag has	1	1	10.1038/s41467-024-49838-1
introduction	avalanche is the	1	1	10.1038/s41467-023-40194-0
discussion	moreover we achieve	1	1	10.1038/s41377-026-02246-0
discussion	these results motivated	1	1	10.1038/s41467-024-50893-x
introduction	compared to red	1	1	10.1038/s41467-025-62345-1
abstract	rapid auger recombination	1	1	10.1038/s41467-020-20555-9
introduction	finally we further	1	1	10.1038/s41467-025-67347-7
methods	1.53 ev-cs₀.₀₅ma₀.₀₅fa₀.₉pbi₃ the	1	1	10.1038/s41467-025-56068-6
introduction	in the previous	1	1	10.1038/s41377-025-02000-y
discussion	tas further elaborates	1	1	10.1038/s41377-022-00992-5
discussion	by employing a	1	1	10.1038/s41467-025-56557-8
introduction	down to a	1	1	10.1038/s41467-025-60886-z
introduction	by integrating the	1	1	10.1038/s41377-025-02000-y
discussion	here we demonstrate	1	1	10.1038/s41467-024-47184-w
introduction	among them copper(i	1	1	10.1038/s41467-020-18006-6
abstract	these changes in	1	1	10.1038/s41467-024-45944-2
results	a recent work	1	1	10.1038/s41467-024-55812-8
abstract	furthermore we carried	1	1	10.1038/s41467-023-43340-w
methods	a band-pass filter	1	1	10.1038/s41467-020-15944-z
abstract	this roll-off arises	1	1	10.1038/s41377-026-02231-7
introduction	furthermore high-efficiency deformable	1	1	qc_2015_wearable-rgb-qled-array
introduction	a positive dipole	1	1	10.1038/s41467-024-55653-5
discussion	the hybrid-phase strategy	1	1	10.1038/s41586-024-07360-w
discussion	intriguingly systematic modeling	1	1	10.1038/s41467-019-08561-y
discussion	here we newly	1	1	10.1038/s41467-023-43408-7
abstract	however the further	1	1	10.1038/s41467-023-41929-9
abstract	using this icl	1	1	10.1038/s41467-026-75756-5
methods	distributed bragg reflector	1	1	10.1038/s41467-022-29538-4
introduction	electrons and holes	1	1	10.1038/s41467-018-02978-7
results	a high ratio	1	1	alhtl_2017_cspbbr3-moo3-hil-peled
methods	all materials in	1	1	10.1038/s41467-026-72625-z
methods	a bottle with	1	1	10.1038/s41467-024-54160-x
results	a systematic analysis	1	1	10.1038/s41467-024-53965-0
abstract	the devices also	1	1	10.1038/s41377-025-01817-x
abstract	the energy level	1	1	10.1038/s41467-021-25955-z
abstract	moreover pfa molecules	1	1	10.1038/s41467-026-72115-2
discussion	thanks to the	1	1	10.1038/s41467-024-50508-5
results	additionally the coverage	1	1	10.1038/s41467-026-72115-2
discussion	a relaxation to	1	1	10.1038/s41467-024-55812-8
discussion	our results show	1	1	10.1038/s41467-022-28037-w
abstract	notably we further	1	1	10.1038/s41377-024-01601-3
discussion	in consequence the	1	1	10.1038/s41377-022-01036-8
abstract	surprisingly all devices	1	1	10.1038/s41467-025-61085-6
discussion	a clever solution	1	1	10.1038/s41467-025-61511-9
discussion	a conductance value	1	1	10.1038/s41467-023-38216-y
abstract	the device performance	1	1	qc_2015_wearable-rgb-qled-array
introduction	by interface engineering	1	1	alhtl_2017_cspbbr3-moo3-hil-peled
introduction	a white lighting	1	1	10.1038/s41467-022-31853-9
abstract	however the thermal	1	1	10.1038/s41467-024-50432-8
introduction	at sub-bandgap bias	1	1	10.1038/s41467-022-28037-w
abstract	versatile scalable and	1	1	10.1038/s41467-023-39488-0
introduction	assembly of colloidal	1	1	10.1038/s41467-020-16560-7
abstract	the abundant carbonyl	1	1	10.1038/s41467-026-74583-y
introduction	although mature short-wavelength	1	1	10.1038/s41467-026-74151-4
results	a practical consequence	1	1	10.1038/s41467-018-07383-8
introduction	although constructing sam/niox	1	1	10.1038/s41467-025-63389-z
abstract	the results show	1	1	10.1038/s41467-024-52521-0
abstract	our results highlight	1	1	10.1038/s41467-024-50893-x
introduction	as pscs consist	1	1	10.1038/s41467-026-69198-2
abstract	quantum-dot optoelectronics pivotal	1	1	10.1038/s41467-025-58471-5
introduction	among emerging light	1	1	10.1038/s41467-026-74151-4
discussion	the passivated cspbbr3	1	1	10.1038/s41377-025-02019-1
abstract	the process is	1	1	10.1038/s41467-020-16652-4
introduction	recently an operating	1	1	10.1038/s41467-022-31478-y
introduction	by further utilizing	1	1	10.1038/s41467-025-63653-2
discussion	considering that coulomb	1	1	10.1038/s41467-020-15944-z
methods	after heated and	1	1	10.1038/s41467-025-63653-2
abstract	concurrently the peak	1	1	10.1038/s41377-026-02184-x
methods	all commercially available	1	1	10.1038/s41377-025-01817-x
discussion	although the results	1	1	10.1038/s41467-019-09737-2
results	as we further	1	1	10.1038/s41467-024-50432-8
discussion	the pl peak	1	1	10.1038/s41467-024-50022-8
introduction	furthermore the energy	1	1	10.1038/s41467-018-07099-9
abstract	however practical applications	1	1	10.1038/s41467-025-57304-9
introduction	in insulating or	1	1	10.1038/s41467-026-69200-x
introduction	employing these qds	1	1	10.1038/s41467-025-57746-1
discussion	although this is	1	1	10.1038/s41467-022-29538-4
introduction	accordingly methods such	1	1	10.1038/s41467-024-49751-7
methods	a direct-voltage source	1	1	10.1038/s41467-020-15944-z
abstract	dual hole transport	1	1	10.1038/s41467-026-73911-6
abstract	on the contrary	1	1	10.1038/s41467-025-56987-4
introduction	among them synthesizing	1	1	10.1038/s41467-026-74198-3
discussion	by achieving one-step	1	1	10.1038/s41467-025-64111-9
abstract	the quantum confinement	1	1	10.1038/s41467-023-40150-y
methods	before deposing the	1	1	10.1038/s41467-020-17633-3
abstract	the target quantum	1	1	10.1038/s41467-025-63684-9
abstract	furthermore large-area devices	1	1	10.1038/s41377-026-02237-1
abstract	the layout of	1	1	10.1038/s41467-022-31853-9
methods	ellipsometry measurements were	1	1	10.1038/s41377-020-0328-6
introduction	also park et	1	1	10.1038/s41467-023-36773-w
methods	about 300 μl	1	1	10.1038/s41467-020-20433-4
abstract	herein an in	1	1	10.1038/s41377-025-01768-3
abstract	here we perform	1	1	10.1038/s41467-020-16560-7
abstract	moreover this technique	1	1	10.1038/s41467-025-65871-0
introduction	as expected auger	1	1	10.1038/s41467-020-20555-9
methods	for te-peleds a	1	1	10.1038/s41377-020-0328-6
introduction	hence developing blue	1	1	10.1038/s41467-025-62345-1
abstract	especially in n-i-p	1	1	10.1038/s41467-024-55376-7
abstract	further theoretical deduction	1	1	10.1038/s41467-022-28037-w
discussion	as illustrated in	1	1	10.1038/s41467-025-58047-3
discussion	the haxpes analyses	1	1	10.1038/s41467-024-50893-x
discussion	although it is	1	1	10.1038/s41467-018-07383-8
discussion	the n-channel tfts	1	1	10.1038/s41467-025-57200-2
introduction	bg⁺ vbe⁺ and	1	1	10.1038/s41467-025-56068-6
discussion	hence the enhanced	1	1	10.1038/s41467-022-29702-w
introduction	by exploiting nano-cracks	1	1	10.1038/s41928-026-01670-9
methods	a different white	1	1	10.1038/s41467-019-13951-3
discussion	thus triplet harvesting	1	1	10.1038/s41467-025-56987-4
discussion	mo doping also	1	1	10.1038/s41467-026-71949-0
discussion	in fact the	1	1	alhtl_2017_cspbbr3-moo3-hil-peled
introduction	emerging led technologies	1	1	10.1038/s41467-022-31478-y
introduction	among them cssni	1	1	10.1038/s41467-026-72625-z
abstract	precise characterization of	1	1	10.1038/s41467-024-50893-x
introduction	a dual-ligand strategy	1	1	10.1038/s43246-026-01177-y
methods	a 15-å vacuum	1	1	10.1038/s41467-025-58047-3
discussion	moreover composition control	1	1	10.1038/s41467-022-28480-9
introduction	especially the rigid	1	1	10.1038/s41467-024-47184-w
methods	afm-based infrared spectroscopy	1	1	10.1038/s41467-026-71301-6
results	a useful outcome	1	1	10.1038/s41467-022-31478-y
introduction	all modern technology	1	1	10.1038/s41467-026-70555-4
discussion	then the crystallization	1	1	10.1038/s41377-025-01740-1
introduction	by investigating the	1	1	10.1038/s41467-022-28037-w
discussion	the dipole-induced energy-level	1	1	10.1038/s41467-026-69198-2
discussion	bsa and m-bsa	1	1	10.1038/s41467-026-72733-w
introduction	deeply engineering the	1	1	10.1038/s41467-025-56815-9
abstract	the white lighting	1	1	10.1038/s41467-022-31853-9
abstract	field-induced ionic motions	1	1	10.1038/s41467-021-24762-w
introduction	conversely the hole	1	1	10.1038/s43246-021-00203-5
abstract	the external quantum	1	1	10.1038/s41467-020-20433-4
discussion	the air-processed device	1	1	10.1038/s41377-026-02247-z
discussion	encouragingly we have	1	1	10.1038/s41467-026-71292-4
abstract	achieving uniform and	1	1	10.1038/s41467-025-64111-9
discussion	apart from its	1	1	10.1038/s41467-025-56815-9
abstract	rare earth ions	1	1	10.1038/s41467-024-50508-5
results	after establishing the	1	1	10.1038/s41467-026-75756-5
methods	characterization the angular	1	1	10.1038/s41377-020-0328-6
abstract	specifically we report	1	1	10.1038/s41467-023-39531-0
abstract	these results establish	1	1	10.1038/s41467-026-69200-x
abstract	perovskite led and	1	1	10.1038/s41377-024-01500-7
abstract	it will help	1	1	10.1038/s41586-024-07149-x
introduction	this tunability is	1	1	10.1038/s41467-020-16560-7
introduction	especially in recently	1	1	10.1038/s41467-025-63653-2
methods	a custom-designed temperature-controllable	1	1	10.1038/s41467-024-52521-0
results	additionally the pb/sr	1	1	10.1038/s41467-025-58470-6
introduction	despite being excellent	1	1	10.1038/s41467-021-24616-5
methods	a digital oscilloscope	1	1	10.1038/s41467-019-13909-5
introduction	achieving precise control	1	1	10.1038/s41377-026-02184-x
abstract	evident by charge-modulated	1	1	10.1038/s41467-019-08749-2
methods	a si-apd thorlabs	1	1	10.1038/s41377-025-01972-1
discussion	however because of	1	1	qdp_2012_lifetime-blinking-nonblinking-qd
introduction	although approaches including	1	1	10.1038/s41467-025-65135-x
methods	a continuous-wave 405-nm	1	1	10.1038/s41467-021-24616-5
abstract	atomic layer deposition	1	1	10.1038/s41467-023-41868-5
introduction	first-principles calculations of	1	1	10.1038/s42005-021-00742-w
discussion	however the prospects	1	1	10.1038/s41467-023-39488-0
abstract	resultantly the wbg	1	1	10.1038/s41467-025-59515-6
introduction	among various photovoltaic	1	1	10.1038/s41467-024-55653-5
methods	after full fabrication	1	1	10.1038/s41467-024-47184-w
abstract	however a key	1	1	10.1038/s41467-023-43408-7
introduction	among them me-4pacz	1	1	10.1038/s43246-024-00645-7
abstract	one impediment to	1	1	qdp_2012_lifetime-blinking-nonblinking-qd
introduction	however as a	1	1	10.1038/s41467-023-35954-x
results	a comparative analysis	1	1	10.1038/s41467-025-67737-x
introduction	as for nc-naphthalene	1	1	10.1038/s41467-019-13951-3
introduction	crystal facet engineering	1	1	10.1038/s41377-025-01987-8
discussion	a promising avenue	1	1	10.1038/s41467-025-66981-5
abstract	moreover both series	1	1	10.1038/s41377-025-01835-9
introduction	among them tin-lead	1	1	10.1038/s41377-025-01987-8
introduction	another issue is	1	1	10.1038/s41377-025-01768-3
introduction	among these htls	1	1	10.1038/s41467-025-66421-4
introduction	atomistic electronic structure	1	1	10.1038/s42005-023-01169-1
discussion	furthermore the qds	1	1	10.1038/s41467-024-55619-7
discussion	our study further	1	1	10.1038/s41467-020-14756-5
methods	a 0.45 m	1	1	10.1038/s41467-023-39488-0
introduction	among these potential	1	1	qdp_2013_auger-control-carrier-kinetics
introduction	based on a	1	1	10.1038/s41467-022-35731-2
introduction	a slow electron–hole	1	1	10.1038/s41467-021-21522-8
introduction	as of today	1	1	10.1038/s41467-018-05760-x
abstract	herein by utilizing	1	1	10.1038/s41467-023-40150-y
discussion	in color-tunable mode	1	1	10.1038/s41377-025-01835-9
abstract	to the best	1	1	alhtl_2017_cspbbr3-moo3-hil-peled
methods	all time-resolved data	1	1	qdp_2014_carrier-multiplication-quasi-type-ii
results	and they achieve	1	1	10.1038/s41467-025-65135-x
results	additionally the meniscus	1	1	10.1038/s41467-025-59527-2
discussion	according to our	1	1	10.1038/s41467-023-40746-4
abstract	the interfacial contact	1	1	10.1038/s41467-025-59515-6
introduction	hence simply structured	1	1	10.1038/s41563-024-01812-4
methods	based on this	1	1	10.1038/s43246-021-00203-5
methods	after 15 min	1	1	10.1038/s43246-026-01136-7
methods	a continuous-wave 450	1	1	10.1038/s41467-020-14747-6
discussion	the uniaxial pressure-assisted	1	1	10.1038/s41467-025-57200-2
methods	all the fabrication	1	1	10.1038/s41928-026-01670-9
introduction	alternatively the selective	1	1	10.1038/s41377-024-01601-3
results	additionally the conductive	1	1	10.1038/s41467-025-66421-4
discussion	notably while moisture	1	1	10.1038/s41467-024-54160-x
methods	a small unit	1	1	10.1038/s43246-024-00645-7
methods	afm is characterized	1	1	10.1038/s41467-026-68315-5
abstract	as an intrinsically	1	1	10.1038/s41467-024-47891-4
methods	ag nc films	1	1	10.1038/s41467-025-64596-4
introduction	from this we	1	1	10.1038/s43246-024-00645-7
abstract	in contrast the	1	1	10.1038/s41377-026-02356-9
abstract	carrier multiplication the	1	1	qdp_2013_carrier-multiplication-qd-films
results	a high isc	1	1	10.1038/s41467-025-56987-4
introduction	additionally the introduction	1	1	10.1038/s41467-025-56557-8
introduction	heat accumulation would	1	1	10.1038/s41467-024-50634-0
introduction	an impressive result	1	1	qdp_2013_auger-control-carrier-kinetics
results	additionally their current	1	1	10.1038/s41377-025-01817-x
abstract	colloidal quantum well-based	1	1	10.1038/s41467-025-65871-0
methods	device fabrication was	1	1	10.1038/s41377-025-01817-x
methods	a spectroscopic ellipsometer	1	1	10.1038/s41467-024-49574-6
abstract	nd interacts with	1	1	10.1038/s41467-026-71301-6
abstract	different architectures—including bottom-	1	1	10.1038/s41928-024-01205-0
abstract	our work represents	1	1	10.1038/s41377-025-01959-y
discussion	we expect this	1	1	10.1038/s41586-024-07360-w
results	as an initial	1	1	10.1038/s41467-021-24616-5
methods	after deoxygenation with	1	1	10.1038/s41467-018-06294-y
discussion	our findings establish	1	1	10.1038/s41467-025-65871-0
introduction	additive manufacturing also	1	1	10.1038/s41467-025-64596-4
results	additionally even compared	1	1	10.1038/s41563-024-01812-4
introduction	anchoring groups with	1	1	10.1038/s41467-025-66421-4
introduction	figure 1a shows	1	1	10.1038/s41586-024-07149-x
discussion	by exploring the	1	1	10.1038/s41467-025-59515-6
discussion	furthermore the ne	1	1	10.1038/s41467-022-28480-9
results	a voltage of	1	1	10.1038/s41467-024-53965-0
introduction	besides the pscs	1	1	10.1038/s41467-018-05760-x
introduction	encouragingly the halide	1	1	10.1038/s41467-026-71292-4
introduction	flexible light-emitting diodes	1	1	10.1038/s41467-025-67737-x
introduction	additionally β-ga₂o₃ is	1	1	10.1038/s41467-025-57200-2
abstract	herein we fabricate	1	1	10.1038/s41467-019-08561-y
results	additionally the triple-attached	1	1	10.1038/s41467-025-63684-9
abstract	anisotropic and efficient	1	1	10.1038/s41467-023-40746-4
introduction	however the migs	1	1	10.1038/s41467-025-65695-y
discussion	besides inserting an	1	1	10.1038/s41467-025-65695-y
discussion	the proportion of	1	1	10.1038/s41467-021-21522-8
introduction	currently the certificated	1	1	10.1038/s41467-019-13909-5
methods	the corresponding strained-metal	1	1	10.1038/s41467-025-65695-y
introduction	an explanation for	1	1	qdp_2013_carrier-multiplication-qd-films
abstract	in contrast charge	1	1	10.1038/s41467-019-13951-3
introduction	additionally self-assembled au	1	1	10.1038/s41467-025-67737-x
abstract	when used as	1	1	10.1038/s41377-025-01867-1
results	[device structure and	1	1	10.1038/s41467-018-02978-7
abstract	here we deduce	1	1	10.1038/s41467-024-53221-5
discussion	however they were	1	1	10.1038/s41467-022-31189-4
results	after removing the	1	1	10.1038/s41377-022-01036-8
introduction	an ideal candidate	1	1	10.1038/s41467-022-29812-5
abstract	diphenylphosphoryl azide-mediated regulation	1	1	10.1038/s41467-024-50634-0
discussion	by rationally tuning	1	1	10.1038/s41467-025-64696-1
discussion	for example our	1	1	10.1038/s41467-021-25955-z
discussion	after that the	1	1	10.1038/s41467-018-02978-7
discussion	planar imagers built	1	1	10.1038/s41377-025-01987-8
introduction	consequently despite these	1	1	10.1038/s41467-026-72625-z
discussion	this novel pixel-defining	1	1	qc_2015_wearable-rgb-qled-array
discussion	for the efficient	1	1	10.1038/s41467-021-25955-z
introduction	another effective strategy	1	1	10.1038/s41467-025-56001-x
results	additionally the lattice	1	1	10.1038/s41467-025-57304-9
abstract	herein a low-temperature	1	1	10.1038/s41467-026-73911-6
discussion	at the current	1	1	10.1038/s41467-024-47184-w
introduction	additionally we elucidate	1	1	10.1038/s41467-025-59515-6
abstract	consequently deep-blue peleds	1	1	10.1038/s41377-025-01768-3
abstract	the interfacial driving	1	1	10.1038/s41467-025-65871-0
introduction	additionally inp has	1	1	10.1038/s41467-025-57304-9
abstract	in films with	1	1	10.1038/s41467-018-06425-5
introduction	a transformative yet	1	1	10.1038/s41377-026-02184-x
introduction	considering the huge	1	1	10.1038/s41467-020-14747-6
introduction	compared with other	1	1	10.1038/s41467-025-56068-6
results	although both 2-nma	1	1	10.1038/s41377-026-02184-x
discussion	preventing one process	1	1	10.1038/s41467-023-43408-7
discussion	this improvement is	1	1	10.1038/s41467-024-51760-5
discussion	multilateral nmr analysis	1	1	10.1038/s41467-022-35731-2
methods	cadmium oxide 1.28	1	1	qdp_2014_carrier-multiplication-quasi-type-ii
introduction	another important advantage	1	1	10.1038/s41377-024-01500-7
methods	a <100> oriented	1	1	10.1038/s41467-025-62345-1
methods	after low-power o2-plasma	1	1	10.1038/s41467-025-67347-7
introduction	this predictive model	1	1	10.1038/s41467-020-16560-7
discussion	more importantly we	1	1	10.1038/s41377-024-01601-3
discussion	the graded thick	1	1	10.1038/s41467-026-73298-4
abstract	perovskite solar cells	1	1	10.1038/s43246-024-00576-3
introduction	as another vital	1	1	10.1038/s41467-020-17633-3
methods	a time-correlated single-phono	1	1	10.1038/s41467-020-20555-9
introduction	a fourth approach	1	1	10.1038/s41467-025-64546-0
introduction	during spin coating	1	1	10.1038/s41377-026-02247-z
methods	after completing the	1	1	10.1038/s41467-025-63209-4
discussion	itc experiments revealed	1	1	10.1038/s41467-023-39531-0
abstract	current devices rely	1	1	10.1038/s41563-024-01812-4
discussion	remarkably sg-qds show	1	1	10.1038/s41467-024-49791-z
discussion	our experiments and	1	1	10.1038/s41467-022-31478-y
abstract	the zno tft	1	1	10.1038/s41467-023-41868-5
methods	afterwards the solution	1	1	10.1038/s41467-018-06294-y
introduction	considerable research efforts	1	1	10.1038/s41467-022-29812-5
introduction	for example highly	1	1	10.1038/s41928-024-01151-x
discussion	for the influence	1	1	10.1038/s41377-025-01867-1
introduction	among them quantum	1	1	10.1038/s41377-026-02356-9
abstract	by exploiting ag	1	1	10.1038/s41467-025-64596-4
abstract	the mechanisms of	1	1	10.1038/s41467-019-13951-3
methods	binding energy calculations	1	1	10.1038/s41467-026-72625-z
discussion	over the past	1	1	10.1038/s41467-020-18006-6
discussion	the significant performance	1	1	10.1038/s41467-018-05760-x
abstract	near-eye display technology	1	1	10.1038/s41467-022-29538-4
discussion	after the transfer	1	1	10.1038/s41467-025-56815-9
abstract	however the rapid	1	1	10.1038/s41467-024-53221-5
abstract	quantum dot light-emitting	1	1	10.1038/s41467-025-62345-1
discussion	besides the perovskite	1	1	10.1038/s41467-019-08561-y
discussion	these advancements lead	1	1	10.1038/s41467-020-14756-5
introduction	bilayer architectures combining	1	1	10.1038/s41467-026-71301-6
abstract	self-assembled molecule sam	1	1	10.1038/s41467-026-72115-2
methods	a rotating frame	1	1	10.1038/s42005-023-01169-1
abstract	however variations in	1	1	10.1038/s41467-025-66421-4
abstract	furthermore the popular	1	1	10.1038/s41467-023-41929-9
results	as elemental te	1	1	10.1038/s41586-024-07360-w
methods	1.58 ev-cs₀.₀₅(fa₀.₉₅ma₀.₀₅)₀.₉₅pb(i₀.₉₅br₀.₀₅)₃ 718.335	1	1	10.1038/s41467-025-56068-6
introduction	in modern circuits	1	1	10.1038/s41467-023-41041-y
discussion	besides establishing a	1	1	10.1038/s41467-022-31478-y
discussion	leveraging these advances	1	1	10.1038/s41377-026-02237-1
introduction	achieving efficient and	1	1	10.1038/s41467-026-74583-y
introduction	additionally we employ	1	1	10.1038/s41467-026-69198-2
abstract	at 7 k	1	1	10.1038/s41467-024-55812-8
introduction	according to previous	1	1	10.1038/s41377-025-01959-y
methods	a cl mapping	1	1	10.1038/s41467-023-43472-z
introduction	atomically thin semiconductors	1	1	10.1038/s41467-023-41041-y
abstract	the vl shifts	1	1	10.1038/s41467-022-29702-w
introduction	at current densities	1	1	10.1038/s41467-018-07383-8
abstract	developing proper hole	1	1	10.1038/s41467-018-04986-z
abstract	thus a driver	1	1	10.1038/s41467-024-47891-4
abstract	then the conductivity	1	1	10.1038/s41467-022-32010-y
introduction	after a decade	1	1	10.1038/s41377-025-02000-y
introduction	according to isos	1	1	10.1038/s41467-025-64111-9
discussion	these results underscore	1	1	10.1038/s43246-024-00576-3
introduction	accordingly we realize	1	1	10.1038/s41467-022-32010-y
results	benchmarking against literature	1	1	10.1038/s41377-026-02231-7
results	a 40-nm layer	1	1	10.1038/s41467-024-49838-1
introduction	although the previous	1	1	10.1038/s41467-024-47184-w
abstract	perovskite solar modules	1	1	10.1038/s43246-024-00576-3
introduction	abo3-type perovskite-structured transition	1	1	10.1038/s41467-023-40746-4
introduction	however the space	1	1	10.1038/s41467-023-35954-x
abstract	here we investigate	1	1	10.1038/s41467-018-07383-8
discussion	the electrically driven	1	1	10.1038/s41467-021-24762-w
abstract	the scalable and	1	1	10.1038/s41467-024-45945-1
introduction	antiferromagnets afms have	1	1	10.1038/s41467-024-52208-6
abstract	our results connect	1	1	10.1038/s41467-024-55812-8
methods	a linear background	1	1	10.1038/s41467-024-52208-6
introduction	although the behavior	1	1	10.1038/s41467-024-52521-0
results	both phenomena indicate	1	1	10.1038/s41377-020-0328-6
methods	afm height images	1	1	10.1038/s41467-018-05760-x
abstract	nanocrystal quantum dots	1	1	qdp_2012_lifetime-blinking-nonblinking-qd
abstract	selenium alloying suppresses	1	1	10.1038/s41586-024-07360-w
abstract	however near-infrared nir	1	1	10.1038/s41377-024-01704-x
introduction	here we resolve	1	1	10.1038/s41586-023-05855-6
introduction	despite a decade	1	1	10.1038/s41467-025-58471-5
discussion	meanwhile the n2-processed	1	1	10.1038/s41377-026-02247-z
abstract	the resulting light-emitting	1	1	10.1038/s41467-026-72733-w
abstract	for stable operation	1	1	10.1038/s41467-024-46243-6
discussion	in parallel mode	1	1	10.1038/s41377-025-01835-9
methods	a gallium ion	1	1	10.1038/s41467-025-56815-9
discussion	additionally alumina particles	1	1	10.1038/s41467-025-64546-0
methods	calculations the resonant	1	1	10.1038/s41377-020-0328-6
discussion	theoretical investigations reveal	1	1	10.1038/s41467-024-51760-5
results	a smaller incident	1	1	10.1038/s41467-025-64546-0
introduction	cui also shows	1	1	10.1038/s41467-020-18006-6
introduction	besides advancing their	1	1	10.1038/s41467-023-38216-y
abstract	semiconducting colloidal quantum	1	1	10.1038/s41467-023-38216-y
introduction	besides unidirectional injection	1	1	10.1038/s41467-025-57472-8
introduction	given the advantages	1	1	10.1038/s41467-026-72733-w
introduction	furthermore the cost	1	1	10.1038/s41467-020-20433-4
methods	a gamma k-point	1	1	10.1038/s41377-025-01768-3
introduction	besides photovoltaics hybrid	1	1	10.1038/s41467-019-08561-y
abstract	here we make	1	1	10.1038/s41467-021-21522-8
results	a high voltage	1	1	10.1038/s41586-024-07360-w
introduction	besides the relatively	1	1	10.1038/s41467-026-73911-6
results	after 25 days	1	1	10.1038/s41467-024-50022-8
introduction	in 2017 holloway	1	1	10.1038/s41377-025-01867-1
abstract	2)(0 from single-dot	1	1	10.1038/s41467-017-01379-6
abstract	despite efforts to	1	1	10.1038/s41467-024-55619-7
introduction	by optimizing the	1	1	10.1038/s41377-025-01740-1
discussion	besides simulations also	1	1	10.1038/s41467-024-49838-1
abstract	charge transfer at	1	1	10.1038/s41467-021-27652-3
abstract	the machine learning	1	1	10.1038/s41467-025-63653-2
methods	a tfb:pvk layer	1	1	10.1038/s41467-021-21522-8
methods	a concentration of	1	1	10.1038/s41467-025-58047-3
introduction	besides the optical	1	1	10.1038/s41467-024-49574-6
discussion	p = o	1	1	10.1038/s41467-020-17633-3
discussion	the micro-led exhibited	1	1	10.1038/s41467-023-43472-z
introduction	furthermore direct spatially	1	1	10.1038/s41467-026-69200-x
discussion	besides the blocking	1	1	10.1038/s41467-021-21522-8
discussion	the as-prepared ssf	1	1	10.1038/s41467-025-63653-2
introduction	by boosting electron	1	1	10.1038/s41467-025-58471-5
abstract	the electron injection	1	1	10.1038/s41467-024-52521-0
introduction	as a proof-of-concept	1	1	10.1038/s41467-025-57472-8
introduction	at the system	1	1	10.1038/s41467-026-74151-4
abstract	this together with	1	1	10.1038/s43246-021-00203-5
results	additionally the meta-substituted	1	1	10.1038/s41377-025-01817-x
abstract	furthermore the devices	1	1	10.1038/s41467-026-72625-z
abstract	our finding elucidates	1	1	10.1038/s41467-021-25955-z
methods	a 407 nm	1	1	10.1038/s41467-020-14747-6
methods	a cary eclipse	1	1	10.1038/s41377-022-00992-5
introduction	following this work	1	1	10.1038/s41467-023-39531-0
abstract	however iiiv quantum	1	1	qdp_2016_inas-qd-size-tunable-nir-emission
introduction	a direct approach	1	1	10.1038/s41377-025-02019-1
introduction	impressive progresses have	1	1	10.1038/s41467-023-36118-7
discussion	moreover the high	1	1	10.1038/s41928-024-01151-x
discussion	for comparison we	1	1	10.1038/s42005-021-00742-w
results	because the lattice	1	1	10.1038/s41467-025-65695-y
abstract	perovskite light emitting	1	1	10.1038/s41467-021-20970-6
abstract	additionally their luminescence	1	1	10.1038/s43246-026-01177-y
abstract	perovskite/silicon tandem solar	1	1	10.1038/s41467-025-64546-0
abstract	by optimizing the	1	1	10.1038/s41467-023-39531-0
discussion	from the slope	1	1	10.1038/s41467-019-12558-y
abstract	the alloyed cssn0.09pb0.91i3	1	1	10.1038/s41467-024-45945-1
abstract	meanwhile the proposed	1	1	10.1038/s41377-024-01601-3
methods	after the dft	1	1	10.1038/s41566-024-01458-3
methods	a direct-current source	1	1	10.1038/s41467-017-01379-6
methods	a 25-nm-thick nissan	1	1	10.1038/s41467-020-15481-9
methods	after annealing when	1	1	10.1038/s41377-026-02237-1
results	after the pbs	1	1	10.1038/s41467-023-38216-y
abstract	photocatalytic hydrogen evolution	1	1	10.1038/s41467-018-06294-y
introduction	compared to isotropic	1	1	10.1038/s41467-026-73298-4
results	additionally atomic force	1	1	10.1038/s41377-026-02237-1
abstract	herein sol-gel-grown zinc	1	1	10.1038/s41467-022-32010-y
abstract	the phase regulation	1	1	10.1038/s41377-025-01768-3
methods	6.0 ml of	1	1	10.1038/s41467-025-57746-1
discussion	here we consider	1	1	10.1038/s41467-020-16560-7
introduction	among these successive	1	1	10.1038/s41467-022-35731-2
methods	after the perovskite	1	1	10.1038/s43246-024-00645-7
discussion	the multifunctional p-fcacl	1	1	10.1038/s41377-025-01768-3
methods	a single-pass scan	1	1	10.1038/s41467-023-43340-w
introduction	kasha’s rule holds	1	1	10.1038/s41467-024-50432-8
results	2d grazing incidence	1	1	10.1038/s41377-026-02184-x
results	as expected by	1	1	10.1038/s41467-018-03049-7
methods	all qds were	1	1	qdp_2013_auger-control-carrier-kinetics
introduction	however both the	1	1	10.1038/s41467-018-06425-5
methods	a 385 nm	1	1	10.1038/s41467-024-53221-5
abstract	the quantum dot	1	1	10.1038/s41467-022-31853-9
abstract	the demonstrated hybrid	1	1	10.1038/s41467-020-16659-x
abstract	the nanocrystal-based pn	1	1	10.1038/s41377-026-02356-9
introduction	at present a	1	1	10.1038/s41467-023-43340-w
discussion	meanwhile our proposed	1	1	10.1038/s41377-024-01601-3
abstract	in addition to	1	1	10.1038/s41467-018-06294-y
introduction	however rt synthesis	1	1	10.1038/s41467-024-45945-1
results	as the pixel	1	1	qc_2015_wearable-rgb-qled-array
methods	characterization and device	1	1	10.1038/s41377-022-01036-8
introduction	among the diverse	1	1	10.1038/s41467-026-71949-0
introduction	besides microwave measurements	1	1	10.1038/s41467-025-67347-7
abstract	comparison with other	1	1	10.1038/s41467-025-61511-9
discussion	the proposed rt	1	1	10.1038/s41467-024-45945-1
discussion	specifically we anticipate	1	1	qdp_2014_carrier-multiplication-quasi-type-ii
discussion	furthermore the ca	1	1	10.1038/s41467-024-51760-5
introduction	as we indicated	1	1	10.1038/s41467-022-31189-4
abstract	the cui:zn semiconductors	1	1	10.1038/s41467-020-18006-6
discussion	the cdznse-based qds	1	1	10.1038/s41377-024-01727-4
introduction	active-matrix am displays	1	1	10.1038/s41928-024-01181-5
introduction	however in the	1	1	10.1038/s41377-024-01704-x
abstract	however previously reported	1	1	10.1038/s41467-020-16865-7
results	a hetero-plane oriented	1	1	10.1038/s41467-026-70555-4
results	a single gaussian	1	1	alhtl_2017_cspbbr3-moo3-hil-peled
methods	al anodes were	1	1	10.1038/s41467-022-28037-w
discussion	reducing the natural	1	1	10.1038/s41467-024-49574-6
discussion	figure 5b benchmarks	1	1	10.1038/s41467-023-40194-0
introduction	additionally sdc technology	1	1	10.1038/s43246-024-00645-7
abstract	quantum-dot light-emitting diodes	1	1	10.1038/s41467-023-43340-w
introduction	colloidal qds are	1	1	10.1038/s41467-021-24931-x
introduction	chiral perovskites possessing	1	1	10.1038/s41467-025-57472-8
discussion	even if auger	1	1	qdp_2012_lifetime-blinking-nonblinking-qd
abstract	pre-patterned templates were	1	1	10.1038/s41377-025-02000-y
abstract	in the past	1	1	10.1038/s41467-019-08561-y
methods	a femtosecond oscillator	1	1	10.1038/s41467-020-20582-6
methods	as described in	1	1	10.1038/s41377-026-02356-9
methods	after the sample	1	1	10.1038/s41467-019-13951-3
discussion	an adapted hot-carrier-trapping	1	1	10.1038/s41467-025-61511-9
abstract	here tri-octyl-phosphine top	1	1	10.1038/s43246-026-01136-7
abstract	notably the lithography-level	1	1	10.1038/s41467-022-29538-4
introduction	by utilizing sam	1	1	10.1038/s41467-025-64111-9
abstract	the metal-induced gap	1	1	10.1038/s41467-025-65695-y
discussion	our findings are	1	1	10.1038/s41467-020-20582-6
abstract	moreover by suppressing	1	1	10.1038/s41467-025-56068-6
abstract	in comparison the	1	1	10.1038/s43246-021-00203-5
discussion	the contribution of	1	1	10.1038/s42005-023-01169-1
methods	absorptance of the	1	1	10.1038/s41467-023-41041-y
results	[phase distribution control	1	1	10.1038/s41467-023-36118-7
methods	1h and 31p{1h}	1	1	10.1038/s41467-023-39531-0
introduction	electrodes that exhibit	1	1	10.1038/s41467-025-66981-5
introduction	however the operating	1	1	10.1038/s41467-025-63684-9
abstract	this strategy leads	1	1	10.1038/s41467-025-63389-z
abstract	furthermore the perovskite	1	1	10.1038/s41467-025-56557-8
abstract	perovskite stability is	1	1	10.1038/s41467-021-22864-z
abstract	vacuum-deposited perovskite light-emitting	1	1	10.1038/s41377-025-01740-1
discussion	emission of f360-inp:zn	1	1	10.1038/s41467-020-16855-9
discussion	further theoretical deduction	1	1	10.1038/s41467-022-28037-w
introduction	for instance state-of-the-art	1	1	10.1038/s41467-025-58471-5
introduction	a long-ranged and	1	1	10.1038/s41467-024-49838-1
results	a scherrer analysis	1	1	10.1038/s41467-024-53221-5
introduction	as for the	1	1	10.1038/s41467-024-52401-7
discussion	a pixelated cd-free	1	1	10.1038/s41928-026-01670-9
abstract	self-assembled molecules are	1	1	10.1038/s41467-026-69198-2
introduction	even though the	1	1	10.1038/s41467-023-41041-y
introduction	furthermore collapse of	1	1	10.1038/s41377-026-02247-z
introduction	because the photons	1	1	10.1038/s41467-022-28037-w
methods	geometry optimization enthalpy	1	1	10.1038/s41467-023-43408-7
abstract	high-voltage operation enhances	1	1	10.1038/s41467-026-71949-0
discussion	since most antiferromagnets	1	1	10.1038/s41467-025-66981-5
discussion	bromide and phenylammonium	1	1	10.1038/s41467-019-13437-2
abstract	realizing of full-color	1	1	10.1038/s41467-020-16659-x
introduction	composition engineering and	1	1	10.1038/s41467-019-09794-7
abstract	despite the commercial	1	1	10.1038/s41467-020-16560-7
introduction	creating high-mobility amorphous	1	1	10.1038/s41586-024-07360-w
abstract	consequently cdznse-based device	1	1	10.1038/s41377-024-01727-4
methods	acquisition of the	1	1	10.1038/s41377-022-00855-z
abstract	consequently blue sky-blue	1	1	10.1038/s41467-023-40150-y
introduction	however although perovskite	1	1	10.1038/s41377-020-0328-6
methods	a homogeneous colorless	1	1	10.1038/s41467-025-56815-9
results	accordingly we conclude	1	1	10.1038/s41467-018-06294-y
methods	a current amplifier	1	1	10.1038/s41467-019-08749-2
abstract	electroluminescence efficiencies and	1	1	10.1038/s41467-023-36118-7
abstract	we further show	1	1	10.1038/s41467-021-24762-w
discussion	moreover we expect	1	1	10.1038/s41467-020-16865-7
introduction	experiments show that	1	1	10.1038/s41467-025-65695-y
abstract	even though the	1	1	10.1038/s41467-018-05760-x
introduction	building on this	1	1	10.1038/s41467-023-39531-0
introduction	eventually peleds that	1	1	10.1038/s41467-019-09794-7
discussion	as the trap	1	1	10.1038/s41467-025-61511-9
discussion	at low voltages	1	1	10.1038/s41467-024-52521-0
introduction	although the μfe	1	1	10.1038/s41467-022-28480-9
abstract	composition engineering and	1	1	10.1038/s41467-019-09794-7
introduction	after continuous operation	1	1	10.1038/s41467-025-63389-z
results	a high-resolution ptychographic	1	1	10.1038/s41467-026-69200-x
introduction	additionally the easy	1	1	10.1038/s41467-025-59515-6
abstract	the modulation of	1	1	10.1038/s41467-023-41041-y
introduction	by immersing the	1	1	10.1038/s41467-024-55619-7
introduction	addressing these intertwined	1	1	10.1038/s41467-025-67737-x
abstract	an optimized ald	1	1	10.1038/s41467-023-41868-5
introduction	however miniaturization to	1	1	10.1038/s41467-023-39488-0
introduction	core-shell heterostructuring in	1	1	10.1038/s41467-024-49791-z
introduction	in contrast excitons	1	1	10.1038/s41467-022-29812-5
introduction	additionally studies have	1	1	10.1038/s41467-026-69198-2
introduction	although these efforts	1	1	10.1038/s41467-023-43408-7
methods	a probe current	1	1	10.1038/s41467-024-52208-6
results	additionally the differential	1	1	10.1038/s41377-026-02237-1
abstract	our work highlights	1	1	10.1038/s41467-024-55653-5
discussion	importantly for 17	1	1	10.1038/s41467-022-31478-y
methods	after the substrates	1	1	10.1038/s41467-018-05909-8
abstract	aiming to achieve	1	1	10.1038/s41377-025-02000-y
abstract	this detrimental effect	1	1	10.1038/s41467-018-03049-7
introduction	blue light-emitting diodes	1	1	10.1038/s41467-020-20582-6
discussion	in addition since	1	1	10.1038/s41563-025-02123-y
discussion	while in the	1	1	10.1038/s41467-018-03049-7
abstract	it is found	1	1	10.1038/s41467-024-50893-x
introduction	despite their importance	1	1	10.1038/s41467-026-75756-5
methods	band structures were	1	1	10.1038/s41467-025-65695-y
abstract	interfacial energy loss	1	1	10.1038/s41467-019-13437-2
discussion	the tmeoppo-p could	1	1	10.1038/s41467-025-63684-9
methods	absorbance was determined	1	1	alhtl_2017_cspbbr3-moo3-hil-peled
abstract	resulting qds tolerate	1	1	10.1038/s41467-024-49791-z
introduction	antisolvent treatment has	1	1	10.1038/s41467-023-40150-y
introduction	besides wang et	1	1	10.1038/s43246-020-00084-0
introduction	for mobilities in	1	1	qdp_2013_carrier-multiplication-qd-films
methods	all the tests	1	1	10.1038/s43246-020-00084-0
abstract	further a sam/moo₃/sam	1	1	10.1038/s41467-025-58047-3
introduction	comparing to organic	1	1	10.1038/s41467-018-02978-7
methods	accordingly veff =	1	1	10.1038/s41467-024-51760-5
abstract	for further improving	1	1	10.1038/s41467-018-07099-9
abstract	one of the	1	1	10.1038/s41467-025-56987-4
introduction	contrary to this	1	1	10.1038/s41467-022-29702-w
abstract	meanwhile the low-temperature	1	1	10.1038/s41467-018-05760-x
abstract	the resulting blue	1	1	10.1038/s41467-026-68315-5
abstract	the developed plug-and-play	1	1	10.1038/s41467-024-47891-4
introduction	besides a high	1	1	10.1038/s41467-026-68315-5
introduction	however further improvements	1	1	10.1038/s41467-025-57746-1
discussion	the ijp qled	1	1	10.1038/s41467-020-15481-9
methods	a 20 nm	1	1	10.1038/s41467-025-58047-3
abstract	consequently optimal devices	1	1	10.1038/s41467-026-72625-z
results	after 240 min	1	1	10.1038/s41467-026-68315-5
methods	a spiro-ometad solution	1	1	10.1038/s41467-019-13437-2
introduction	a fundamental source	1	1	qdp_2014_carrier-multiplication-quasi-type-ii
methods	after growth the	1	1	10.1038/s41467-023-40746-4
introduction	conversion of solar	1	1	10.1038/s41467-018-06294-y
abstract	slowing the hot-carrier	1	1	10.1038/s41467-019-12558-y
abstract	blue light-emitting diodes	1	1	10.1038/s41467-026-68315-5
methods	0.384 g cesium	1	1	10.1038/s41467-024-45945-1
methods	a bab₂o₄ bbo	1	1	10.1038/s41467-025-61085-6
abstract	this implies the	1	1	10.1038/s41467-022-31189-4
results	a treatment of	1	1	10.1038/s41467-024-55812-8
methods	calibrated silicon and	1	1	10.1038/s41467-019-08749-2
abstract	materials engineering for	1	1	10.1038/s41467-019-08749-2
methods	atomically thin ga₂o₃	1	1	10.1038/s41467-025-57200-2
abstract	eco-friendly sn-based perovskites	1	1	10.1038/s41467-024-54160-x
methods	after 2 minutes	1	1	10.1038/s41377-025-01959-y
abstract	the stabilization effect	1	1	10.1038/s41467-021-20970-6
methods	a class aaa	1	1	10.1038/s41467-024-50893-x
discussion	based on a	1	1	10.1038/s41467-022-35731-2
abstract	this approach enables	1	1	10.1038/s41467-025-67737-x
introduction	we use these	1	1	10.1038/s41467-020-16560-7
abstract	based on this	1	1	10.1038/s41467-024-50893-x
introduction	by showing excellent	1	1	10.1038/s42005-021-00742-w
discussion	our work represents	1	1	10.1038/s41377-025-01959-y
introduction	although the result	1	1	10.1038/s41467-019-08749-2
introduction	el qd-led devices	1	1	10.1038/s41928-026-01670-9
methods	a constant bias	1	1	10.1038/s41467-026-68315-5
methods	a 200 nm	1	1	10.1038/s41467-023-36773-w
discussion	the 2des experiments	1	1	10.1038/s42005-023-01169-1
abstract	high-brightness long-lifetime blue	1	1	10.1038/s41377-025-01817-x
introduction	batch reactors are	1	1	10.1038/s41467-025-63209-4
introduction	for ar displays	1	1	10.1038/s41467-023-43472-z
abstract	the perovskite-molecule composite	1	1	10.1038/s41467-020-14747-6
introduction	central to these	1	1	10.1038/s41467-025-64596-4
introduction	a near-eye device	1	1	10.1038/s41467-022-29538-4
results	[passivation of quasi-2d	1	1	10.1038/s41467-018-02978-7
introduction	for example researchers	1	1	10.1038/s41467-019-13951-3
discussion	particularly for the	1	1	10.1038/s41467-020-20582-6
results	both mobility and	1	1	10.1038/s41467-020-18006-6
methods	additional details for	1	1	10.1038/s41467-023-40194-0
methods	after annealing a	1	1	10.1038/s41467-022-28480-9
discussion	the revealed tet	1	1	10.1038/s41467-019-13951-3
methods	a lambertian profile	1	1	alhtl_2017_cspbbr3-moo3-hil-peled
methods	all el tests	1	1	10.1038/s41467-024-50508-5
abstract	slot-die coating sdc	1	1	10.1038/s43246-024-00645-7
abstract	self-assembled monolayers were	1	1	10.1038/s41467-022-29538-4
introduction	combined with nanocrystal	1	1	alhtl_2017_cspbbr3-moo3-hil-peled
results	a 100 ×	1	1	10.1038/s41467-025-65135-x
discussion	current blue hyperfluorescence	1	1	10.1038/s41563-024-01812-4
discussion	finally we successfully	1	1	10.1038/s41467-024-53965-0
discussion	overall the synthesized	1	1	10.1038/s43246-026-01136-7
discussion	furthermore the electrically	1	1	10.1038/s41467-020-15944-z
discussion	the itp elqled	1	1	10.1038/s41467-020-16865-7
methods	atomic charges were	1	1	10.1038/s41467-023-40746-4
methods	a single-emitting nanorod	1	1	10.1038/s41467-024-53965-0
discussion	moreover we also	1	1	10.1038/s41377-025-01959-y
abstract	the industrialization of	1	1	10.1038/s43246-021-00203-5
introduction	a hot electron	1	1	10.1038/s41467-019-12558-y
methods	in bulk hse	1	1	10.1038/s41467-025-65695-y
results	a key question	1	1	10.1038/s41467-019-12558-y
results	a larger radiance	1	1	10.1038/s41467-026-75756-5
methods	colloidal znmgo nanoparticles	1	1	10.1038/s43246-021-00203-5
methods	a bottom-gate top-contact	1	1	10.1038/s41467-020-18006-6
methods	add 20 ml	1	1	10.1038/s41377-022-00855-z
introduction	although most ac-dc	1	1	10.1038/s41467-024-47891-4
introduction	designing an ideal	1	1	10.1038/s41467-024-50893-x
discussion	the broad applicability	1	1	10.1038/s41467-026-71301-6
abstract	moreover encapsulated modules	1	1	10.1038/s43246-024-00576-3
discussion	high-efficiency true-white qled	1	1	qc_2015_wearable-rgb-qled-array
introduction	for next-generation high-resolution	1	1	10.1038/s41467-026-72733-w
abstract	however these materials	1	1	10.1038/s41467-018-02978-7
abstract	severe hole accumulation	1	1	10.1038/s41467-024-44894-z
discussion	in gan-based leds	1	1	10.1038/s41467-018-03049-7
introduction	compared with monovalent	1	1	alhtl_2017_cspbbr3-moo3-hil-peled
results	a blue-shifted pl	1	1	10.1038/s41467-024-53221-5
methods	all above operations	1	1	10.1038/s41467-019-09737-2
methods	a high ratio	1	1	alhtl_2017_cspbbr3-moo3-hil-peled
abstract	contrastingly nanoplatelets grow	1	1	10.1038/s41467-024-53221-5
introduction	exploring this solvent	1	1	10.1038/s41467-024-53221-5
introduction	as the neighboring	1	1	10.1038/s41467-025-61085-6
introduction	furthermore employing small	1	1	10.1038/s41467-024-51760-5
introduction	a common approach	1	1	10.1038/s41467-025-56987-4
introduction	as spontaneous emission	1	1	10.1038/s41467-026-74151-4
methods	a nd filter	1	1	10.1038/s41467-020-20582-6
discussion	herein despite the	1	1	10.1038/s41467-020-18006-6
discussion	furthermore the pfa-based	1	1	10.1038/s41467-026-72115-2
abstract	these merits inhibit	1	1	10.1038/s41467-024-50634-0
discussion	compared with other	1	1	10.1038/s41928-026-01670-9
abstract	the first-principles calculations	1	1	10.1038/s41467-025-65695-y
introduction	additionally they must	1	1	10.1038/s41467-025-64696-1
discussion	an excellent fit	1	1	qdp_2013_carrier-multiplication-qd-films
abstract	herein an ionic	1	1	10.1038/s41377-025-01959-y
discussion	efficient and color-stable	1	1	10.1038/s41467-018-05909-8
introduction	although flexible organic	1	1	10.1038/s41467-025-67737-x
methods	a 485-nm laser	1	1	10.1038/s41467-020-20433-4
methods	a scanning electron	1	1	10.1038/s41467-020-16865-7
abstract	it is directly	1	1	10.1038/s41563-024-01812-4
introduction	a majority of	1	1	qdp_2012_lifetime-blinking-nonblinking-qd
abstract	for a light-emitting	1	1	10.1038/s41467-022-31478-y
results	although high thermal	1	1	10.1038/s41467-022-35731-2
discussion	these particles are	1	1	qdp_2016_inas-qd-size-tunable-nir-emission
introduction	as well known	1	1	10.1038/s41467-020-20555-9
abstract	pscs with this	1	1	10.1038/s41467-025-64111-9
abstract	furthermore an interfacial	1	1	10.1038/s41467-026-74583-y
abstract	moreover leveraging its	1	1	10.1038/s41467-025-56815-9
discussion	in conclusion combining	1	1	10.1038/s41467-024-53221-5
abstract	structural defects play	1	1	10.1038/s41467-024-45944-2
results	a potential problem	1	1	10.1038/s41586-023-05855-6
discussion	moreover charge transfer	1	1	10.1038/s41467-026-74583-y
abstract	owing to their	1	1	10.1038/s41467-023-39488-0
results	a reasonably low	1	1	10.1038/s41586-024-07360-w
abstract	here we systematically	1	1	10.1038/s41467-022-29702-w
abstract	a current obstacle	1	1	qdp_2013_auger-control-carrier-kinetics
discussion	by contrast in	1	1	10.1038/s41563-025-02123-y
discussion	specifically our modelling	1	1	qdp_2014_carrier-multiplication-quasi-type-ii
abstract	at low current	1	1	10.1038/s41467-018-07383-8
abstract	photo-responsive light-emitting diodes	1	1	10.1038/s41928-024-01151-x
methods	a focused ion	1	1	10.1038/s41467-023-41041-y
introduction	consequently we report	1	1	10.1038/s41467-026-71292-4
discussion	in this case	1	1	10.1038/s41467-024-50508-5
results	a high eqe	1	1	10.1038/s41467-025-57746-1
abstract	however their practical	1	1	10.1038/s41467-022-35731-2
methods	a glass/znmgo substrate	1	1	10.1038/s41467-022-31189-4
methods	both are given	1	1	10.1038/s41586-024-07149-x
introduction	by spray-coating alumina	1	1	10.1038/s41467-025-64546-0
results	additionally in)pox and	1	1	10.1038/s41467-022-35731-2
introduction	correspondingly high-resolution peleds	1	1	10.1038/s41377-025-01959-y
abstract	consequently pure blue	1	1	10.1038/s41377-022-00992-5
abstract	our experimental and	1	1	10.1038/s41467-024-49751-7
abstract	however absonant bilateral	1	1	10.1038/s41467-025-63389-z
discussion	fin-leds inherently exhibit	1	1	10.1038/s41467-024-53965-0
abstract	achieving fewer smaller	1	1	10.1038/s41467-024-55376-7
introduction	additionally at a	1	1	10.1038/s41467-025-65871-0
methods	a beam splitter	1	1	10.1038/s41467-018-03049-7
abstract	for such denser	1	1	10.1038/s41467-020-16865-7
discussion	additives with reduced	1	1	10.1038/s41467-026-72733-w
abstract	realizing high electroluminescence	1	1	10.1038/s41467-025-57472-8
introduction	both experimental and	1	1	10.1038/s41467-025-61085-6
introduction	following the pioneering	1	1	10.1038/s41586-024-07149-x
discussion	it is believed	1	1	10.1038/s41377-022-00855-z
discussion	by integrating these	1	1	10.1038/s41467-025-62345-1
abstract	although the unpaired	1	1	10.1038/s41566-024-01458-3
abstract	inspired by this	1	1	10.1038/s41467-023-35954-x
methods	all the qleds	1	1	10.1038/s41377-026-02356-9
abstract	deformable full-colour light-emitting	1	1	qc_2015_wearable-rgb-qled-array
methods	for the dopants	1	1	10.1038/s41467-020-18006-6
methods	after a fixed	1	1	10.1038/s41467-021-24931-x
introduction	assembling colloidal quantum	1	1	10.1038/s41467-023-38216-y
discussion	the target qds	1	1	10.1038/s41467-025-63684-9
abstract	however a fundamental	1	1	10.1038/s41467-020-15944-z
introduction	however exploration beyond	1	1	10.1038/s41467-026-69200-x
discussion	the superiority of	1	1	10.1038/s41467-025-63684-9
abstract	quantum dots are	1	1	10.1038/s41467-025-65135-x
methods	after separation of	1	1	10.1038/s41467-020-15481-9
introduction	following numerous optically	1	1	10.1038/s41467-018-07383-8
abstract	however the electroluminescence	1	1	alhtl_2017_cspbbr3-moo3-hil-peled
discussion	this work represents	1	1	10.1038/s41467-025-57304-9
introduction	despite peak eqes	1	1	10.1038/s41467-024-50634-0
introduction	however pea-based quasi-2d	1	1	10.1038/s41467-018-05909-8
introduction	for instance red	1	1	10.1038/s41467-025-57304-9
methods	a 0.25 m	1	1	10.1038/s41467-024-50893-x
methods	ef is the	1	1	10.1038/s41377-025-01867-1
methods	a 2 ×	1	1	10.1038/s42005-023-01169-1
results	ab initio calculations	1	1	10.1038/s41467-020-16560-7
introduction	further they can	1	1	qdp_2013_auger-control-carrier-kinetics
introduction	benefiting from these	1	1	10.1038/s41377-022-00992-5
results	additionally our inas	1	1	qdp_2016_inas-qd-size-tunable-nir-emission
introduction	aoss in particular	1	1	10.1038/s41928-024-01205-0
introduction	a similar variation	1	1	qdp_2013_carrier-multiplication-qd-films
abstract	organometal halide perovskites	1	1	10.1038/s41467-018-06425-5
introduction	however the development	1	1	10.1038/s41467-026-68315-5
introduction	consequently fabricating high-quality	1	1	10.1038/s41377-026-02247-z
methods	following the organic	1	1	10.1038/s41467-024-52401-7
methods	a round-bottom flask	1	1	10.1038/s41467-024-47184-w
introduction	another reason is	1	1	10.1038/s41467-020-16659-x
methods	a 405 nm-cw	1	1	10.1038/s41467-026-68315-5
results	a linear combination	1	1	10.1038/s41586-024-07360-w
results	a double-lorentzian fitting	1	1	10.1038/s41467-024-49791-z
introduction	furthermore probes should	1	1	qdp_2016_inas-qd-size-tunable-nir-emission
introduction	here we seek	1	1	10.1038/s41467-021-21522-8
abstract	meanwhile our design	1	1	10.1038/s41467-024-49574-6
abstract	the enhanced microcavity	1	1	10.1038/s41377-020-0328-6
introduction	a significant concern	1	1	10.1038/s41467-024-53965-0
methods	after izo fabrication	1	1	10.1038/s41467-020-16659-x
abstract	here we discover	1	1	10.1038/s41467-025-58471-5
discussion	first through the	1	1	10.1038/s41467-019-08749-2
discussion	importantly the devices	1	1	10.1038/s41377-026-02231-7
results	above experimental data	1	1	10.1038/s41467-024-49791-z
introduction	both methods are	1	1	10.1038/s43246-024-00576-3
methods	a large-area 613	1	1	10.1038/s41467-020-16659-x
methods	after a few	1	1	10.1038/s41467-019-09737-2
discussion	comparative analyses between	1	1	10.1038/s41467-025-59527-2
introduction	finally we reveal	1	1	10.1038/s41467-024-49791-z
abstract	the pn junction	1	1	10.1038/s41377-026-02356-9
abstract	however massive defects	1	1	10.1038/s41467-020-17633-3
introduction	additionally the π-π	1	1	10.1038/s41467-025-62345-1
methods	a rw =	1	1	10.1038/s41467-020-16560-7
discussion	the durations of	1	1	10.1038/s41467-020-20433-4
introduction	auger recombination is	1	1	10.1038/s41467-019-09737-2
methods	a voltage pulse	1	1	10.1038/s41467-018-07383-8
discussion	overall this work	1	1	10.1038/s41467-025-59527-2
introduction	excitons only form	1	1	10.1038/s41467-025-65135-x
methods	4,4-bis(n-carbazolyl)-1,1-biphenyl cbp 99.9%	1	1	10.1038/s41467-020-16652-4
abstract	the crosslinker with	1	1	10.1038/s41467-020-16652-4
introduction	by utilizing these	1	1	10.1038/s41467-023-36773-w
discussion	specifically we show	1	1	10.1038/s41467-021-22864-z
discussion	the luminescent nir	1	1	10.1038/s41566-024-01458-3
methods	after the voltage	1	1	10.1038/s41928-024-01151-x
abstract	exploiting the light-driven	1	1	10.1038/s41467-020-16652-4
abstract	their large molecular	1	1	10.1038/s41467-026-69198-2
introduction	additionally reliable structures	1	1	10.1038/s41467-024-47184-w
results	a subsequent water-vapor	1	1	10.1038/s41467-025-58471-5
introduction	although high annealing	1	1	10.1038/s41467-022-28480-9
discussion	in reality most	1	1	10.1038/s41563-025-02123-y
discussion	importantly the hole	1	1	10.1038/s41467-019-12558-y
abstract	moreover we develop	1	1	10.1038/s41467-025-57746-1
abstract	oscs employing the	1	1	10.1038/s41467-024-51760-5
methods	either constant or	1	1	10.1038/s43246-020-00084-0
discussion	the proposed ipg	1	1	10.1038/s41467-025-57304-9
introduction	dry transfer printing	1	1	qc_2015_wearable-rgb-qled-array
methods	1 narrow-bandgap perovskite	1	1	10.1038/s41467-024-55653-5
abstract	meanwhile these leds	1	1	10.1038/s41377-024-01727-4
abstract	tin perovskites have	1	1	10.1038/s41467-021-22864-z
abstract	microdisplay panels are	1	1	10.1038/s41377-025-02000-y
introduction	however the thick	1	1	10.1038/s41467-020-20433-4
abstract	auger recombination is	1	1	10.1038/s41467-019-09737-2
introduction	although the iv	1	1	10.1038/s41377-026-02356-9
discussion	the x-ray diffraction	1	1	10.1038/s41377-022-00855-z
abstract	our finding unveils	1	1	10.1038/s41467-024-46243-6
methods	all oled devices	1	1	10.1038/s41467-023-43408-7
abstract	however finding comparable	1	1	10.1038/s41586-024-07360-w
abstract	our finding underscores	1	1	10.1038/s41377-022-00992-5
methods	afterward znmgo etls	1	1	10.1038/s41467-022-28037-w
abstract	combining experimental characterization	1	1	10.1038/s41467-021-20970-6
methods	a hole transporting	1	1	10.1038/s41467-022-29812-5
abstract	a heavily n-doped	1	1	10.1038/s41467-025-58471-5
introduction	as is known	1	1	10.1038/s41467-020-17633-3
results	afm images demonstrate	1	1	10.1038/s41467-026-74583-y
discussion	by employing perovskite	1	1	10.1038/s41467-024-55812-8
results	and within the	1	1	10.1038/s41377-026-02231-7
discussion	phcz-based emitters on	1	1	10.1038/s41467-025-56987-4
introduction	however these strategies	1	1	10.1038/s41467-026-72115-2
introduction	several challenges complicate	1	1	10.1038/s41586-023-05855-6
discussion	all the d–a	1	1	10.1038/s41467-022-29702-w
introduction	aos-based thin-film transistors	1	1	10.1038/s41928-024-01205-0
methods	after another round	1	1	10.1038/s41467-024-50634-0
abstract	the scaling of	1	1	10.1038/s41467-023-41041-y
methods	[fabrication of perovskite	1	1	10.1038/s41467-023-36118-7
discussion	our research thus	1	1	10.1038/s41467-020-20582-6
results	additionally this device	1	1	10.1038/s41467-025-59527-2
introduction	atomic-resolution imaging corroborates	1	1	10.1038/s41467-026-70555-4
introduction	however prone to	1	1	10.1038/s41467-023-39488-0
abstract	however modulating the	1	1	10.1038/s41467-023-41041-y
abstract	and the performance	1	1	10.1038/s41467-020-15481-9
abstract	however the hindered	1	1	10.1038/s41377-025-01959-y
abstract	this dual-modulation approach	1	1	10.1038/s41377-025-01987-8
abstract	passivating the trap	1	1	10.1038/s41467-020-15481-9
methods	a lock-in amplifier	1	1	10.1038/s41467-018-03049-7
introduction	few materials reach	1	1	10.1038/s42005-021-00742-w
introduction	all such linkages	1	1	10.1038/s41467-026-70555-4
results	another important aspect	1	1	qdp_2014_carrier-multiplication-quasi-type-ii
methods	additional details regarding	1	1	10.1038/s41467-026-71949-0
methods	after centrifuging at	1	1	10.1038/s41377-025-01959-y
introduction	during the past	1	1	10.1038/s41563-025-02123-y
methods	a 10 μl	1	1	10.1038/s41467-025-62345-1
discussion	the feed ratio	1	1	10.1038/s41467-024-45945-1
abstract	mes additives also	1	1	10.1038/s41467-021-21522-8
discussion	consequently at a	1	1	10.1038/s41467-023-43340-w
abstract	hyperfluorescence shows great	1	1	10.1038/s41563-024-01812-4
introduction	among the three	1	1	10.1038/s41377-026-02231-7
discussion	crucially the design	1	1	10.1038/s41467-025-65695-y
abstract	the self-passivation of	1	1	10.1038/s41467-025-65695-y
introduction	in addition considering	1	1	10.1038/s41467-023-41929-9
introduction	collinear antiferromagnets with	1	1	10.1038/s41467-025-66981-5
discussion	the excellent performance	1	1	10.1038/s41467-017-01379-6
abstract	we find that	1	1	qdp_2013_auger-control-carrier-kinetics
results	as plotted in	1	1	10.1038/s41467-018-04986-z
methods	all alkylamine bromides	1	1	10.1038/s41467-018-05909-8
discussion	this molecular confinement	1	1	10.1038/s41467-026-72115-2
introduction	although we did	1	1	10.1038/s41928-024-01205-0
results	additionally electrochemical impedance	1	1	10.1038/s41467-018-06294-y
discussion	the thin films	1	1	10.1038/s41467-020-18006-6
discussion	the key to	1	1	10.1038/s41467-024-55376-7
methods	after about 30	1	1	10.1038/s41467-021-24931-x
methods	angular emission profiles	1	1	10.1038/s41467-026-74151-4
discussion	considering the packing	1	1	10.1038/s41467-024-55619-7
abstract	by developing a	1	1	10.1038/s41377-025-01972-1
abstract	however current self-assembled	1	1	10.1038/s41467-025-64111-9
results	additionally we also	1	1	10.1038/s41467-023-41041-y
abstract	however the large	1	1	10.1038/s41467-019-08561-y
results	a full rgb	1	1	10.1038/s41467-022-29538-4
introduction	although inkjet printing	1	1	10.1038/s41467-025-65871-0
methods	a supercontinuum white	1	1	10.1038/s41467-025-65135-x
introduction	consequently when the	1	1	10.1038/s41467-024-55619-7
methods	deposition of ag	1	1	10.1038/s41467-021-24762-w
abstract	notably the patterned	1	1	10.1038/s41377-025-02000-y
abstract	furthermore we introduce	1	1	10.1038/s41377-025-01987-8
introduction	conventional displays—including liquid	1	1	10.1038/s41928-024-01151-x
introduction	additionally we successfully	1	1	10.1038/s41467-025-57200-2
methods	a vibrational analysis	1	1	10.1038/s41566-024-01458-3
methods	after carving the	1	1	10.1038/s41467-024-53965-0
abstract	the hydrogen introduced	1	1	10.1038/s41467-022-28480-9
discussion	cf3-bsa exhibits the	1	1	10.1038/s41467-026-72733-w
discussion	operational lifetime particularly	1	1	10.1038/s41377-025-01817-x
abstract	a quantitative model	1	1	10.1038/s41467-017-01379-6
introduction	furthermore we designed	1	1	10.1038/s41467-025-56557-8
introduction	alternatively quasi-2d chiral	1	1	10.1038/s41467-025-57472-8
abstract	its electron mobility	1	1	10.1038/s41467-018-05760-x
discussion	consequently the buried	1	1	10.1038/s41467-026-74583-y
discussion	as pointed out	1	1	10.1038/s41467-019-09737-2
abstract	here we achieve	1	1	10.1038/s41377-025-01867-1
introduction	ce-based metal halide	1	1	10.1038/s41467-024-50508-5
introduction	critically their large	1	1	10.1038/s41467-024-55812-8
introduction	extending their operation	1	1	10.1038/s41377-026-02237-1
discussion	in conclusion a	1	1	10.1038/s41467-021-24762-w
abstract	by designing and	1	1	10.1038/s41377-026-02184-x
introduction	an ideal energy	1	1	10.1038/s41467-024-50508-5
introduction	recently the external	1	1	10.1038/s41467-024-44894-z
discussion	composition engineering and	1	1	10.1038/s41467-019-09794-7
introduction	first their discrete	1	1	10.1038/s41467-019-12558-y
introduction	2)(0 vanishes for	1	1	10.1038/s41467-017-01379-6
methods	a sinusoidal dither	1	1	10.1038/s41467-018-07383-8
methods	first-principles calculations of	1	1	10.1038/s41467-025-66981-5
introduction	among potential emitters	1	1	10.1038/s41467-025-57746-1
abstract	in contrast to	1	1	10.1038/s41467-022-29702-w
introduction	although effective vacuum	1	1	10.1038/s41467-025-64546-0
introduction	a rigid cubic	1	1	10.1038/s43246-026-01177-y
abstract	furthermore by connecting	1	1	10.1038/s41467-024-47891-4
abstract	another group of	1	1	10.1038/s41467-024-52401-7
discussion	the proposed se-alloyed	1	1	10.1038/s41586-024-07360-w
abstract	the heavy metal	1	1	10.1038/s43246-026-01136-7
methods	cscl pbbr₂ peabr	1	1	10.1038/s41377-025-01768-3
discussion	as far as	1	1	10.1038/s41467-020-20555-9
abstract	this strategy enables	1	1	10.1038/s41467-026-71292-4
methods	a pulse energy	1	1	10.1038/s42005-023-01169-1
methods	after 2 hours	1	1	10.1038/s41467-023-39531-0
methods	5 nm cr	1	1	10.1038/s41467-023-36118-7
discussion	although at this	1	1	10.1038/s41467-024-53965-0
discussion	the treated nanocrystal	1	1	10.1038/s41928-024-01181-5
results	a low current	1	1	10.1038/s41467-020-18006-6
results	a low-concentration of	1	1	10.1038/s41467-025-64546-0
methods	atomistic electronic structure	1	1	10.1038/s42005-023-01169-1
discussion	applied together these	1	1	qdp_2014_carrier-multiplication-quasi-type-ii
introduction	besides their non-flexible	1	1	10.1038/s41467-024-46243-6
discussion	in analogy with	1	1	qdp_2012_lifetime-blinking-nonblinking-qd
introduction	consequently the as-optimized	1	1	10.1038/s41467-019-13909-5
discussion	specifically leds based	1	1	qdp_2013_auger-control-carrier-kinetics
discussion	the mos2 source-gated	1	1	10.1038/s41467-025-67347-7
introduction	electron microscopy electron	1	1	10.1038/s41467-023-38216-y
abstract	our study provides	1	1	10.1038/s41467-020-14756-5
results	achieving gsheet above	1	1	10.1038/s41467-023-38216-y
abstract	the [pf₆]− anions	1	1	10.1038/s41377-026-02231-7
discussion	the display can	1	1	10.1038/s41928-024-01151-x
results	among the cui	1	1	10.1038/s41467-020-18006-6
discussion	another desirable quality	1	1	10.1038/s42005-021-00742-w
abstract	nevertheless it is	1	1	10.1038/s41467-020-20433-4
abstract	the light-to-electricity conversion	1	1	10.1038/s41928-024-01151-x
methods	a thermo fisher	1	1	10.1038/s41467-026-69200-x
introduction	exciton transport in	1	1	10.1038/s41467-024-55812-8
discussion	these heterostructures act	1	1	10.1038/s41467-026-71949-0
methods	differential scanning calorimetry	1	1	10.1038/s41467-026-74198-3
results	additionally deep electronic	1	1	10.1038/s41467-020-16560-7
methods	a programming function	1	1	10.1038/s41467-022-31853-9
methods	synthesis of cu-doped	1	1	10.1038/s41467-019-12558-y
abstract	in-situ/operando spectroscopy on	1	1	10.1038/s41467-020-15944-z
abstract	encouraged by these	1	1	10.1038/s41467-019-09794-7
introduction	electron transport layers	1	1	10.1038/s41467-019-13437-2
introduction	first due to	1	1	10.1038/s41563-024-01812-4
methods	blue absorption =	1	1	10.1038/s41467-022-29538-4
introduction	a simple estimation	1	1	10.1038/s41467-023-43472-z
introduction	a larger exciton	1	1	10.1038/s41467-018-06425-5
introduction	department of energy	1	1	10.1038/s41467-025-58471-5
results	all values are	1	1	10.1038/s41377-025-02000-y
introduction	additives such as	1	1	10.1038/s41467-022-35731-2
abstract	emission polarization in	1	1	10.1038/s41467-022-29812-5
abstract	meanwhile the inserted	1	1	10.1038/s41467-024-44894-z
methods	a hydrogen peroxide	1	1	10.1038/s41467-025-63684-9
abstract	a theoretical maximum	1	1	10.1038/s41467-022-31853-9
abstract	in₂o₃:h tfts fabricated	1	1	10.1038/s41467-022-28480-9
methods	a single k-point	1	1	10.1038/s41586-024-07360-w
discussion	importantly the resulting	1	1	10.1038/s43246-026-01136-7
results	all the two	1	1	10.1038/s41377-024-01727-4
discussion	a straightforward water-vapor	1	1	10.1038/s41467-025-58471-5
abstract	furthermore the continuously	1	1	10.1038/s41467-023-38216-y
abstract	heavy-metal-free quantum dot	1	1	10.1038/s41467-025-59527-2
results	[growth of the	1	1	10.1038/s41467-026-72733-w
introduction	although the gap	1	1	10.1038/s41377-022-00855-z
abstract	the icl is	1	1	10.1038/s41467-026-75756-5
introduction	although stable white	1	1	10.1038/s41377-025-01835-9
introduction	beyond integrating the	1	1	10.1038/s41467-026-71301-6
introduction	although the relatively	1	1	10.1038/s41566-024-01458-3
discussion	however we suspect	1	1	10.1038/s41467-019-13951-3
introduction	a schematic comparison	1	1	10.1038/s41467-024-53965-0
discussion	consequently peleds based	1	1	10.1038/s41467-020-14747-6
methods	a is the	1	1	10.1038/s41467-025-57746-1
methods	al 150 nm	1	1	10.1038/s41928-026-01670-9
introduction	a key development	1	1	qdp_2014_carrier-multiplication-quasi-type-ii
introduction	additionally surface treatments	1	1	10.1038/s41467-024-55619-7
results	additionally the vt	1	1	10.1038/s41467-023-41041-y
methods	a uniphase hene	1	1	10.1038/s41467-023-41929-9
methods	modelling of auger-assisted	1	1	qdp_2012_lifetime-blinking-nonblinking-qd
introduction	all three molecules	1	1	10.1038/s41467-025-63389-z
introduction	currently solution-processed nir-ii	1	1	10.1038/s41467-026-72625-z
discussion	based on this	1	1	10.1038/s41467-025-58470-6
results	a quasi-2d/3d mixed-dimensional	1	1	10.1038/s41467-021-24616-5
introduction	as blue qds	1	1	10.1038/s41467-019-08749-2
discussion	the −sh-functionalized sam	1	1	10.1038/s41467-025-66421-4
discussion	the resultant films	1	1	10.1038/s41467-018-05909-8
introduction	alternatively zno nanowire	1	1	10.1038/s41928-024-01205-0
introduction	by exploring an	1	1	10.1038/s41467-022-29702-w
methods	a dual-beam non-interlaced	1	1	10.1038/s41467-023-40746-4
abstract	here we incorporated	1	1	alhtl_2017_cspbbr3-moo3-hil-peled
results	above photophysical findings	1	1	10.1038/s41377-025-01768-3
abstract	our work points	1	1	10.1038/s41377-024-01727-4
abstract	while individual perovskite	1	1	10.1038/s41467-025-58047-3
introduction	building on efforts	1	1	10.1038/s41467-025-61511-9
methods	adiabatic ad triplet	1	1	10.1038/s41467-025-56987-4
results	additionally the theoretically	1	1	10.1038/s41377-025-01817-x
discussion	assuming a typical	1	1	10.1038/s41467-018-07383-8
introduction	ar glasses require	1	1	10.1038/s41467-025-60886-z
discussion	it is also	1	1	10.1038/s41586-024-07149-x
abstract	amorphous indium-gallium-zinc-oxide transistor	1	1	10.1038/s41467-024-47184-w
introduction	besides the progress	1	1	10.1038/s41377-026-02246-0
discussion	hrtem analysis of	1	1	10.1038/s41467-022-28480-9
methods	all tft electrical	1	1	10.1038/s41586-024-07360-w
abstract	above a mobility	1	1	qdp_2013_carrier-multiplication-qd-films
introduction	and by combining	1	1	10.1038/s41377-024-01500-7
discussion	consequently spectrally stable	1	1	10.1038/s41377-025-01768-3
introduction	given the similarities	1	1	10.1038/s41467-025-65695-y
introduction	by applying a	1	1	10.1038/s41467-022-28037-w
abstract	red-green-blue quantum dot	1	1	10.1038/s41467-020-16865-7
results	additionally the electron-withdrawing	1	1	10.1038/s41377-025-01740-1
discussion	beyond that stabilized	1	1	10.1038/s41467-020-20582-6
introduction	from a technological	1	1	10.1038/s41467-025-66981-5
methods	afterword aluminum was	1	1	10.1038/s41467-019-08561-y
abstract	as the conversion	1	1	10.1038/s41467-020-16855-9
methods	a bruker d8	1	1	10.1038/s41377-022-00992-5
methods	au source and	1	1	10.1038/s41467-020-18006-6
results	additionally the passivation	1	1	10.1038/s41467-023-40150-y
introduction	among these gain	1	1	10.1038/s41377-025-01972-1
introduction	as such the	1	1	10.1038/s41467-023-40150-y
introduction	among them the	1	1	10.1038/s41467-021-24762-w
methods	2.00 g sodium	1	1	10.1038/s41467-025-63653-2
abstract	the resulting ecd	1	1	10.1038/s41467-026-71949-0
introduction	currently the external	1	1	10.1038/s41377-025-01959-y
introduction	however experimental observations	1	1	10.1038/s41377-026-02184-x
discussion	the constructed qleds	1	1	10.1038/s41377-024-01601-3
introduction	consequently further investigation	1	1	10.1038/s41467-024-49751-7
abstract	the perovskite light-emitting	1	1	10.1038/s41467-025-61085-6
introduction	quasi-2d green peleds	1	1	10.1038/s41467-021-21522-8
abstract	the high-energy electroluminescence	1	1	10.1038/s41467-024-50432-8
introduction	a notable improvement	1	1	10.1038/s41467-025-65871-0
discussion	during the moisture	1	1	10.1038/s41467-024-54160-x
discussion	full-colour rgb pixels	1	1	10.1038/s41928-026-01670-9
introduction	in contrast few	1	1	10.1038/s41467-020-15944-z
abstract	in principle auger	1	1	10.1038/s41467-020-20555-9
introduction	a theoretical prediction	1	1	10.1038/s41467-025-58047-3
introduction	however improving operational	1	1	10.1038/s41467-020-14747-6
abstract	addressing these challenges	1	1	10.1038/s41467-024-53965-0
abstract	hot carrier cooling	1	1	10.1038/s41467-019-12558-y
introduction	among them enhancing	1	1	10.1038/s41467-024-50634-0
methods	a compensating dipole	1	1	10.1038/s41467-023-41929-9
introduction	adjusting the ratio	1	1	10.1038/s41467-024-50022-8
introduction	by analysing the	1	1	10.1038/s41467-025-64596-4
methods	achiral cspbbr3 pqds	1	1	10.1038/s41467-025-57472-8
introduction	a suitable etl	1	1	10.1038/s41467-018-05760-x
discussion	in principle this	1	1	10.1038/s41467-017-01379-6
introduction	bm-sfo is a	1	1	10.1038/s41467-023-40746-4
results	furthermore a flexible	1	1	10.1038/s41467-018-07099-9
discussion	the blue micro-qled	1	1	10.1038/s41377-025-02000-y
results	a significant out-of-plane	1	1	10.1038/s41467-026-69200-x
abstract	the devices can	1	1	10.1038/s41377-022-01036-8
discussion	the present work	1	1	10.1038/s41467-018-04986-z
abstract	the devices retain	1	1	10.1038/s41467-026-73911-6
introduction	however distinctive from	1	1	10.1038/s41467-020-15944-z
abstract	further oxidation leads	1	1	10.1038/s41467-024-45944-2
discussion	here we developed	1	1	10.1038/s41563-024-01812-4
methods	absorption and emission	1	1	10.1038/s41563-024-01812-4
introduction	additionally aggregation and	1	1	10.1038/s41467-026-73298-4
results	although the shifts	1	1	10.1038/s41467-020-16560-7
introduction	furthermore inp is	1	1	10.1038/s41467-018-06294-y
discussion	owing to their	1	1	10.1038/s41467-026-73298-4
methods	a custom-built reaction	1	1	10.1038/s41467-024-53221-5
methods	a thin pfn-br-ma	1	1	10.1038/s41467-024-51760-5
discussion	we demonstrate the	1	1	10.1038/s41467-026-68315-5
abstract	furthermore energy transfer	1	1	10.1038/s41467-024-50508-5
results	a slab model	1	1	10.1038/s41467-025-57746-1
introduction	as a key	1	1	10.1038/s41467-023-40194-0
results	although both core	1	1	qdp_2014_carrier-multiplication-quasi-type-ii
introduction	alternatively it may	1	1	10.1038/s43246-021-00203-5
results	an individual nc	1	1	10.1038/s41467-020-16560-7
introduction	at present incorporating	1	1	10.1038/s41467-026-68315-5
abstract	by exploiting the	1	1	10.1038/s41467-024-49838-1
methods	during the whole	1	1	10.1038/s41467-022-29538-4
abstract	perovskite quantum-dot-based light-emitting	1	1	10.1038/s41467-020-17633-3
results	aharoni et al.	1	1	qdp_2016_inas-qd-size-tunable-nir-emission
introduction	conjugated diphenylphosphoryl azide	1	1	10.1038/s41467-024-50634-0
results	after choosing an	1	1	qdp_2012_lifetime-blinking-nonblinking-qd
discussion	deposition patterning and	1	1	10.1038/s41467-020-16865-7
introduction	as the solubility	1	1	10.1038/s41467-020-16652-4
introduction	exploiting the spatial	1	1	10.1038/s41467-023-41041-y
abstract	moreover the irradiation	1	1	10.1038/s41467-025-64111-9
discussion	this work also	1	1	10.1038/s41467-023-36118-7
abstract	we demonstrate strategies	1	1	10.1038/s41467-023-36773-w
introduction	as the central	1	1	10.1038/s41467-020-17633-3
discussion	while further optimization	1	1	10.1038/s41467-021-24616-5
abstract	in parallel mode	1	1	10.1038/s41377-025-01835-9
abstract	in the odd-layer	1	1	10.1038/s41467-025-66981-5
introduction	a problem in	1	1	10.1038/s41586-024-07149-x
introduction	for perovskite qds	1	1	10.1038/s41467-025-63684-9
discussion	correlation between qd	1	1	10.1038/s41467-024-55619-7
results	although the photoluminescence	1	1	10.1038/s41467-023-39531-0
introduction	among the issues	1	1	10.1038/s41467-020-16652-4
discussion	for a green	1	1	10.1038/s41586-024-07149-x
abstract	for 17 types	1	1	10.1038/s41467-022-31478-y
abstract	the diffusion steps	1	1	10.1038/s41467-023-40746-4
abstract	even though lead	1	1	10.1038/s41467-024-50022-8
discussion	furthermore this sam	1	1	10.1038/s41467-026-69198-2
introduction	a maximum eqe	1	1	10.1038/s41566-024-01458-3
discussion	by spray-coating alumina	1	1	10.1038/s41467-025-64546-0
results	among the many	1	1	10.1038/s41467-022-31478-y
results	a single trapping	1	1	10.1038/s41467-025-61511-9
introduction	by systematically varying	1	1	10.1038/s41467-021-20970-6
abstract	herein we present	1	1	10.1038/s41467-025-57304-9
abstract	inverted perovskite solar	1	1	10.1038/s41467-025-66421-4
methods	a desired amount	1	1	10.1038/s41467-024-50432-8
introduction	advances in the	1	1	10.1038/s41467-024-55619-7
results	a tapc htl	1	1	10.1038/s41467-021-27652-3
methods	after the solution	1	1	10.1038/s41467-019-13951-3
results	a pump wavelength	1	1	10.1038/s41467-025-66421-4
abstract	as temperature increases	1	1	10.1038/s41467-024-55812-8
introduction	although an external	1	1	10.1038/s41566-024-01458-3
discussion	therefore our strategy	1	1	10.1038/s41377-026-02246-0
methods	after centrifugation the	1	1	10.1038/s41467-018-06294-y
discussion	furthermore 749.276 cm2	1	1	10.1038/s41467-025-64111-9
abstract	our strategy can	1	1	10.1038/s41928-024-01181-5
introduction	caf₂ epitaxially grown	1	1	10.1038/s41467-025-56815-9
introduction	during just 5	1	1	10.1038/s41377-020-0328-6
abstract	in perovskite leds	1	1	10.1038/s41467-023-41929-9
methods	a keithley 2612	1	1	10.1038/s41377-022-00992-5
introduction	2)(0 is considered	1	1	10.1038/s41467-017-01379-6
results	although the simulation	1	1	10.1038/s41467-025-65695-y
discussion	from the macroscopic	1	1	10.1038/s41467-021-25955-z
results	a distinction is	1	1	10.1038/s41467-024-55812-8
discussion	the resulting device	1	1	10.1038/s41467-026-71949-0
methods	a dipole light	1	1	10.1038/s41467-025-62345-1
abstract	it remains unclear	1	1	10.1038/s41467-024-52208-6
discussion	we have presented	1	1	10.1038/s41467-024-52401-7
methods	additionally a flood	1	1	10.1038/s41467-025-59515-6
discussion	additionally the ideality	1	1	10.1038/s41467-025-58047-3
methods	a 40-nm-thick tfb	1	1	10.1038/s41467-020-15481-9
introduction	here we realize	1	1	10.1038/s41467-026-68315-5
introduction	among various ligand	1	1	10.1038/s41467-025-64696-1
abstract	the n-channel oxide	1	1	10.1038/s41467-025-57200-2
introduction	consequently the efficiency	1	1	10.1038/s41467-025-56557-8
methods	a performance characterization	1	1	10.1038/s41467-024-52521-0
introduction	however the competitive	1	1	10.1038/s41467-025-58470-6
methods	and the tested	1	1	10.1038/s41467-021-20970-6
results	as an ultimate	1	1	10.1038/s41467-020-16652-4
introduction	additionally molybdenum oxide	1	1	10.1038/s41467-024-55376-7
discussion	in summary a	1	1	10.1038/s41467-020-16659-x
methods	afterwards 3 ml	1	1	10.1038/s43246-026-01136-7
methods	as tmah can	1	1	10.1038/s41467-023-41868-5
discussion	the nrs exhibit	1	1	10.1038/s41467-026-73298-4
abstract	lastly an angular	1	1	10.1038/s41467-024-49574-6
abstract	by reducing the	1	1	10.1038/s41467-024-52521-0
abstract	as next-generation display	1	1	10.1038/s41467-025-57304-9
results	additionally the linewidth	1	1	10.1038/s41467-025-57304-9
introduction	beyond-si devices that	1	1	10.1038/s41467-023-41868-5
methods	afterward the bottom	1	1	10.1038/s41467-024-53965-0
introduction	besides controlling the	1	1	10.1038/s41467-026-73298-4
results	although those two	1	1	10.1038/s41467-024-44894-z
discussion	consequently the strategic	1	1	10.1038/s41467-024-46243-6
discussion	all of these	1	1	10.1038/s41467-020-16855-9
abstract	moreover the asymmetric	1	1	10.1038/s41467-023-40194-0
methods	all transport data	1	1	10.1038/s42005-021-00742-w
introduction	among these ligand	1	1	10.1038/s43246-026-01177-y
introduction	besides revealing the	1	1	10.1038/s41467-024-52208-6
discussion	the proposed photosensitive/display	1	1	10.1038/s41377-022-01036-8
methods	a transimpedance amplifier	1	1	10.1038/s41467-024-44894-z
introduction	although cspbi3 qds	1	1	10.1038/s41467-024-50022-8
discussion	lowering the mirror’s	1	1	10.1038/s41467-024-49574-6
discussion	although in the	1	1	qdp_2014_carrier-multiplication-quasi-type-ii
methods	a 15 nm	1	1	10.1038/s41467-021-24931-x
introduction	however producing color-stable	1	1	10.1038/s41467-018-05909-8
abstract	alternatively each series	1	1	10.1038/s41467-020-16855-9
introduction	consequently they added	1	1	10.1038/s41467-024-54160-x
methods	a custom-designed pressure	1	1	10.1038/s41467-025-62345-1
abstract	moreover a ring	1	1	10.1038/s41467-024-47184-w
introduction	confined growth has	1	1	10.1038/s41467-023-39488-0
methods	an 8 nm	1	1	10.1038/s41467-026-74198-3
discussion	enaqt has been	1	1	10.1038/s41467-024-55812-8
abstract	inorganic colloidal quantum	1	1	10.1038/s41928-026-01670-9
abstract	department of energy's	1	1	10.1038/s41467-025-58471-5
introduction	in a led	1	1	10.1038/s41467-018-06425-5
abstract	the optimization of	1	1	10.1038/s41467-025-67347-7
abstract	spectrally pure color	1	1	10.1038/s41467-022-29538-4
introduction	however for blue	1	1	10.1038/s41467-024-44894-z
introduction	although recent research	1	1	10.1038/s41467-026-74583-y
discussion	furthermore infrared thermal	1	1	10.1038/s41467-025-59527-2
methods	a 300 nm	1	1	10.1038/s41467-026-74151-4
results	a 4 inch	1	1	10.1038/s41467-022-29538-4
methods	a modification in	1	1	10.1038/s41467-023-36773-w
introduction	all these benefits	1	1	10.1038/s41467-023-41868-5
abstract	besides the air-processed	1	1	10.1038/s41467-025-63684-9
introduction	additionally to avoid	1	1	10.1038/s41377-025-01835-9
methods	a full cycle	1	1	10.1038/s41467-025-65135-x
introduction	firstly we optimize	1	1	10.1038/s41467-018-02978-7
discussion	alternatively we can	1	1	10.1038/s41467-019-09737-2
abstract	iminodi(methylphosphonic acid ligand	1	1	10.1038/s41467-026-68315-5
methods	a 1.7 m	1	1	10.1038/s41467-025-64546-0
introduction	even for a	1	1	10.1038/s41586-024-07149-x
introduction	although impressive progress	1	1	10.1038/s41467-020-20582-6
discussion	compared with cspbbr3	1	1	10.1038/s43246-026-01177-y
discussion	furthermore the long-term	1	1	10.1038/s41467-018-05760-x
abstract	thus our approach	1	1	10.1038/s41467-025-56557-8
discussion	combining experimental characterization	1	1	10.1038/s41467-021-20970-6
abstract	the niox/perovskite interface	1	1	10.1038/s41467-025-63389-z
abstract	capacitance-voltage analyses further	1	1	10.1038/s43246-020-00084-0
abstract	many seemingly contradictory	1	1	10.1038/s41467-019-13951-3
discussion	meanwhile a good	1	1	10.1038/s41467-026-71292-4
discussion	interestingly the passivation	1	1	10.1038/s41467-020-17633-3
abstract	herein an organic	1	1	10.1038/s41377-022-00992-5
abstract	although modifying bromide/chloride	1	1	10.1038/s41467-020-20582-6
introduction	among these parameters	1	1	10.1038/s41377-026-02356-9
abstract	moreover blue fin-light-emitting	1	1	10.1038/s41467-024-53965-0
abstract	here we provide	1	1	10.1038/s41467-025-61085-6
introduction	besides the niox	1	1	10.1038/s41467-026-73911-6
discussion	overall our research	1	1	10.1038/s41467-025-59515-6
introduction	efficient luminance also	1	1	10.1038/s41467-025-65135-x
introduction	applying a simple	1	1	10.1038/s43246-024-00645-7
discussion	additionally we highlight	1	1	10.1038/s41467-024-55812-8
methods	exciton generation is	1	1	10.1038/s43246-020-00084-0
discussion	the next important	1	1	10.1038/s41586-023-05855-6
methods	films were spin-coated	1	1	10.1038/s41377-025-01987-8
abstract	energy level alignment	1	1	10.1038/s41467-022-29702-w
introduction	blade-coating at high	1	1	10.1038/s41467-020-20433-4
results	first the impact	1	1	10.1038/s41377-020-0328-6
discussion	this chemical treatment	1	1	10.1038/s41377-024-01704-x
discussion	furthermore charge carrier	1	1	10.1038/s43246-024-00645-7
discussion	it is indeed	1	1	10.1038/s41467-020-15944-z
discussion	this work achieved	1	1	10.1038/s41377-026-02184-x
discussion	by successfully suppressing	1	1	10.1038/s41467-020-15481-9
abstract	therefore a full	1	1	10.1038/s41467-021-22864-z
abstract	this material-design principle	1	1	10.1038/s41467-020-14756-5
introduction	batch reactors possess	1	1	10.1038/s41467-025-63209-4
methods	fai and mabr	1	1	10.1038/s41467-018-07099-9
methods	a cs₅₆pb₂₇i₁₀₈ cluster	1	1	10.1038/s41467-019-13909-5
introduction	although the efficiency	1	1	10.1038/s41467-020-16659-x
introduction	finally record-breaking t₉₅	1	1	10.1038/s41467-023-35954-x
results	a fit to	1	1	10.1038/s41467-024-53221-5
discussion	as expected the	1	1	10.1038/s41467-019-09794-7
introduction	beyond the flexible	1	1	10.1038/s41467-024-47184-w
abstract	our findings represent	1	1	10.1038/s41467-023-43472-z
results	a critical innovation	1	1	10.1038/s41467-026-73298-4
introduction	a stable and	1	1	10.1038/s41377-025-01835-9
abstract	the chelation-based pechini	1	1	10.1038/s41467-025-56815-9
results	a detailed treatment	1	1	10.1038/s41467-026-69200-x
methods	aam substrates with	1	1	10.1038/s41467-019-08561-y
abstract	however directly injecting	1	1	10.1038/s41467-024-50508-5
abstract	however conventional methods	1	1	10.1038/s41467-021-27652-3
abstract	comprehensively kilogram-scale solid-state	1	1	10.1038/s41467-025-63653-2
introduction	as the resulting	1	1	10.1038/s41467-020-16652-4
abstract	consequently this work	1	1	10.1038/s41377-024-01601-3
methods	in the deposition	1	1	10.1038/s41467-024-52401-7
abstract	in addition a	1	1	10.1038/s43246-024-00645-7
abstract	for decades it	1	1	10.1038/s42005-023-01169-1
abstract	nevertheless achieving efficient	1	1	10.1038/s41467-024-54160-x
introduction	at large size	1	1	10.1038/s41467-025-60886-z
methods	all the organic	1	1	10.1038/s41467-021-27652-3
discussion	by capitalizing on	1	1	10.1038/s41467-024-49791-z
introduction	alloy formation at	1	1	10.1038/s41467-020-16855-9
abstract	using multislice electron	1	1	10.1038/s41467-026-69200-x
introduction	however these qds	1	1	10.1038/s41377-022-01036-8
discussion	the research achieved	1	1	10.1038/s41377-026-02184-x
abstract	by integrating a	1	1	10.1038/s41377-025-02000-y
introduction	among different strategies	1	1	10.1038/s41377-025-01768-3
introduction	at this interface	1	1	10.1038/s41467-025-56068-6
discussion	as we see	1	1	10.1038/s41467-022-29702-w
results	after that we	1	1	10.1038/s41377-025-02000-y
results	a pronounced difference	1	1	qdp_2012_lifetime-blinking-nonblinking-qd
abstract	the passivation also	1	1	10.1038/s41467-021-20970-6
introduction	a typical sam	1	1	10.1038/s41467-025-66421-4
abstract	efficient detection of	1	1	10.1038/s41467-024-52208-6
discussion	the highly-efficient optical	1	1	10.1038/s41467-021-24762-w
abstract	however fabricating the	1	1	10.1038/s41377-026-02247-z
methods	a solution prepared	1	1	qdp_2014_carrier-multiplication-quasi-type-ii
abstract	the flexible form	1	1	10.1038/s41467-025-60886-z
abstract	an ideal electron	1	1	10.1038/s41377-025-01867-1
results	additionally if the	1	1	qdp_2016_inas-qd-size-tunable-nir-emission
methods	a 300-nm-thick batio₃	1	1	10.1038/s41467-023-40194-0
discussion	these state-of-art devices	1	1	qc_2015_wearable-rgb-qled-array
discussion	our approach was	1	1	10.1038/s41467-018-05909-8
abstract	the past decade	1	1	10.1038/s41467-021-25955-z
methods	a 60-nm hole	1	1	10.1038/s41467-022-31189-4
introduction	an ideal icl	1	1	10.1038/s41467-025-58047-3
discussion	hereby this work	1	1	10.1038/s41467-017-01379-6
abstract	micro-light-emitting diode displays	1	1	10.1038/s41467-023-43472-z
abstract	colloidal lead halide	1	1	10.1038/s41467-024-53221-5
discussion	the achievable brightness	1	1	10.1038/s41467-020-16659-x
introduction	despite significant advancements	1	1	10.1038/s41377-025-02019-1
methods	after argon bubbling	1	1	10.1038/s41467-017-01379-6
introduction	as expected these	1	1	10.1038/s41467-022-31189-4
discussion	furthermore we also	1	1	10.1038/s41467-019-09794-7
methods	a nova spectrometer	1	1	10.1038/s41377-022-00992-5
introduction	in addition sno2	1	1	10.1038/s41467-019-13437-2
methods	alternatively if only	1	1	10.1038/s43246-021-00203-5
discussion	our findings uncover	1	1	10.1038/s41467-022-28037-w
introduction	among them quantum-dot	1	1	10.1038/s41467-023-35954-x
introduction	although the proposed	1	1	10.1038/s41467-023-36773-w
abstract	however the ela	1	1	10.1038/s41467-022-29702-w
introduction	for example poly(3,4-ethylenedioxythiophene	1	1	10.1038/s41467-025-56001-x
introduction	by using acid-free	1	1	10.1038/s41467-023-43340-w
introduction	dilution into a	1	1	10.1038/s41563-024-01812-4
methods	geometries were optimized	1	1	10.1038/s41467-025-65695-y
methods	dft calculations were	1	1	10.1038/s41467-021-20970-6
abstract	herein a bilateral	1	1	10.1038/s41467-025-63389-z
introduction	a t₉₅ operation	1	1	10.1038/s41467-018-04986-z
methods	afterward the aluminum	1	1	10.1038/s41467-025-61085-6
abstract	inverted flexible organic	1	1	10.1038/s41467-026-74198-3
abstract	herein an interfacial	1	1	10.1038/s41467-024-55653-5
methods	after 60 s	1	1	10.1038/s41467-025-64596-4
abstract	the passivation effects	1	1	10.1038/s41467-018-07099-9
abstract	herein we elucidate	1	1	10.1038/s41467-021-22864-z
results	an inverter incorporating	1	1	10.1038/s41586-024-07360-w
methods	characterization of zno	1	1	10.1038/s41377-025-01867-1
methods	additionally we analyzed	1	1	10.1038/s41467-024-53965-0
discussion	despite the recent	1	1	10.1038/s41467-026-71292-4
discussion	consequently the new	1	1	10.1038/s41563-024-01812-4
introduction	a promising candidate	1	1	10.1038/s41467-022-32010-y
discussion	rainbow unraveled the	1	1	10.1038/s41467-025-63209-4
introduction	ch₃nh₃⁺ in the	1	1	10.1038/s41467-019-13909-5
results	accordingly we consider	1	1	qdp_2016_inas-qd-size-tunable-nir-emission
abstract	blue phosphorescent oleds	1	1	10.1038/s41377-025-01817-x
abstract	'ideal' transparent p-type	1	1	10.1038/s41467-020-18006-6
discussion	consequently phonon-mediated cooling	1	1	10.1038/s41467-019-12558-y
results	a clue to	1	1	10.1038/s41467-022-35731-2
introduction	furthermore we fabricate	1	1	10.1038/s41467-024-50508-5
introduction	an example of	1	1	10.1038/s41467-023-41929-9
discussion	more broadly it	1	1	10.1038/s41563-024-01812-4
introduction	despite the most	1	1	10.1038/s41467-022-35731-2
discussion	encouraged by these	1	1	10.1038/s41467-019-09794-7
abstract	the operating lifetime	1	1	10.1038/s41467-019-08749-2
abstract	however the realization	1	1	10.1038/s41467-026-71292-4
introduction	among the wide	1	1	10.1038/s41467-018-06294-y
results	a double-patterned qd	1	1	10.1038/s41467-022-29538-4
abstract	based on a	1	1	10.1038/s42005-023-01169-1
discussion	the best blue	1	1	10.1038/s41467-023-41929-9
results	additive-induced hole concentration	1	1	10.1038/s41563-025-02123-y
abstract	the technology uses	1	1	10.1038/s41928-026-01670-9
methods	100-nm patterned ito	1	1	10.1038/s41467-025-57472-8
discussion	the alkyl diamines	1	1	10.1038/s43246-021-00203-5
abstract	these molecules optimize	1	1	10.1038/s41467-026-69198-2
results	accordingly the madn:ttm-tpa	1	1	10.1038/s41566-024-01458-3
abstract	simultaneously epitaxial growth	1	1	10.1038/s41467-026-73298-4
methods	all perovskite precursors	1	1	10.1038/s41467-023-40150-y
introduction	compared with room	1	1	10.1038/s41467-026-73911-6
discussion	accordingly a polar	1	1	10.1038/s41467-020-20555-9
discussion	in addition they	1	1	10.1038/s41467-024-47891-4
discussion	under parallel connection	1	1	10.1038/s41467-020-16659-x
abstract	the cmm treatment	1	1	10.1038/s41467-024-49751-7
abstract	highly efficient ultrahigh-density	1	1	10.1038/s41467-025-60886-z
discussion	this work broadens	1	1	10.1038/s41467-026-68315-5
introduction	after the monomer	1	1	10.1038/s41467-024-50022-8
introduction	currently all-inorganic metal	1	1	10.1038/s41467-024-45945-1
methods	in a separate	1	1	10.1038/s41467-019-12558-y
introduction	conventional metal halide	1	1	10.1038/s41467-018-05909-8
abstract	consequently we get	1	1	10.1038/s41467-019-09794-7
introduction	although previous reports	1	1	qc_2015_wearable-rgb-qled-array
discussion	cf3-bsa combines large	1	1	10.1038/s41467-026-72733-w
abstract	superstructure with emitting	1	1	10.1038/s43246-026-01136-7
discussion	by constructing compact	1	1	10.1038/s41467-025-65871-0
abstract	here we rationalize	1	1	10.1038/s41563-025-02123-y
results	additionally the energy	1	1	10.1038/s41377-026-02237-1
abstract	these quantum dot	1	1	10.1038/s41467-025-62345-1
introduction	ethylene diamine tetraacetic	1	1	10.1038/s41467-018-05760-x
discussion	this fundamental progress	1	1	10.1038/s41467-025-61085-6
discussion	it is worth	1	1	10.1038/s41467-024-50508-5
abstract	importantly we find	1	1	10.1038/s41467-019-12558-y
discussion	from the microscopic	1	1	10.1038/s41467-021-25955-z
methods	a pulse generator	1	1	10.1038/s41928-024-01181-5
introduction	crucially we observe	1	1	10.1038/s41467-021-22864-z
discussion	although the surface	1	1	10.1038/s41467-018-06294-y
results	a time-resolved photoluminescence	1	1	10.1038/s41467-025-61085-6
abstract	our findings show	1	1	10.1038/s41467-025-57304-9
discussion	further improvement of	1	1	10.1038/s41467-018-02978-7
methods	full details can	1	1	10.1038/s41467-025-66981-5
abstract	our devices also	1	1	10.1038/s41467-023-36118-7
introduction	aggregation of sams	1	1	10.1038/s41467-026-72115-2
introduction	benefiting from its	1	1	10.1038/s41467-025-56815-9
abstract	they are also	1	1	10.1038/s41467-023-40194-0
discussion	we are thus	1	1	10.1038/s41467-026-68315-5
introduction	although the concept	1	1	10.1038/s41467-020-18006-6
introduction	despite extensive efforts	1	1	10.1038/s41467-020-14756-5
methods	a dipole correction	1	1	10.1038/s41467-021-20970-6
abstract	the origin of	1	1	10.1038/s41467-022-32010-y
methods	additionally crystal properties	1	1	10.1038/s43246-026-01177-y
methods	additionally a bias	1	1	10.1038/s41467-023-43472-z
discussion	the el spectra	1	1	10.1038/s41467-023-40150-y
methods	all the cluster	1	1	10.1038/s41467-019-13909-5
introduction	a simple and	1	1	10.1038/s41563-024-01812-4
introduction	besides tailoring the	1	1	10.1038/s41467-020-15481-9
methods	abbreviation zmo_b =	1	1	10.1038/s41467-024-47891-4
discussion	our work not	1	1	10.1038/s41467-024-50893-x
methods	a colloidal qd	1	1	10.1038/s41467-020-16865-7
discussion	rapid nonradiative auger	1	1	10.1038/s41467-020-20555-9
discussion	as the examples	1	1	10.1038/s41467-025-56815-9
methods	a polyimide pi	1	1	10.1038/s41467-020-16865-7
discussion	specifically we have	1	1	10.1038/s41467-024-49791-z
discussion	a nio matrix	1	1	10.1038/s41467-021-27652-3
abstract	low-temperature solution processed	1	1	10.1038/s41467-025-56001-x
abstract	by tuning the	1	1	10.1038/s41467-024-45945-1
abstract	furthermore optical modelling	1	1	10.1038/s41467-019-08561-y
introduction	as an experimental	1	1	10.1038/s41467-021-27652-3
introduction	a breakthrough in	1	1	alhtl_2017_cspbbr3-moo3-hil-peled
introduction	combined with a	1	1	10.1038/s41467-024-50634-0
discussion	by using the	1	1	10.1038/s41467-024-47891-4
methods	a cs⁺ ion	1	1	10.1038/s41467-023-43340-w
introduction	although using different	1	1	10.1038/s41377-024-01727-4
introduction	among these deposition	1	1	10.1038/s43246-024-00576-3
abstract	achieving high-efficiency indium	1	1	10.1038/s41467-022-32010-y
introduction	a key requirement	1	1	10.1038/s41467-024-47184-w
results	absorption spectra of	1	1	10.1038/s41467-024-53221-5
introduction	although ge possesses	1	1	10.1038/s41467-025-65695-y
abstract	this work expands	1	1	10.1038/s41467-023-39531-0
discussion	the cleds exhibit	1	1	10.1038/s41467-025-67737-x
results	a b schematic	1	1	10.1038/s41467-024-53965-0
abstract	finally the stacked	1	1	10.1038/s41467-022-32010-y
abstract	magnetic tunnel junctions	1	1	10.1038/s41467-025-66981-5
discussion	the maximal current	1	1	10.1038/s41467-022-31189-4
discussion	from a technological	1	1	10.1038/s41467-025-66981-5
introduction	achieving high epe	1	1	10.1038/s41467-025-58471-5
abstract	however the extensively	1	1	10.1038/s41377-026-02246-0
methods	0.8 m or	1	1	10.1038/s41467-024-55376-7
results	as a state-of-the-art	1	1	10.1038/s41377-025-02000-y
abstract	here we clarify	1	1	10.1038/s41467-019-13951-3
introduction	colloidal nanocrystals ncs	1	1	10.1038/s41467-025-64596-4
methods	an overlapping area	1	1	10.1038/s41467-024-50634-0
introduction	but materials discovery	1	1	10.1038/s42005-021-00742-w
discussion	in summary these	1	1	10.1038/s41377-025-01817-x
abstract	our findings lay	1	1	10.1038/s41377-025-01740-1
introduction	although this approach	1	1	10.1038/s41467-026-72625-z
methods	after the qd-sl	1	1	10.1038/s41467-023-38216-y
introduction	an additional energetic	1	1	10.1038/s41467-024-51760-5
introduction	a modified rram	1	1	10.1038/s41467-021-24762-w
introduction	a primary obstacle	1	1	10.1038/s41467-022-31189-4
methods	a moo3 np	1	1	10.1038/s41467-021-27652-3
discussion	further in the	1	1	10.1038/s41467-022-31189-4
introduction	for cdse nc-anthracene	1	1	10.1038/s41467-019-13951-3
discussion	at present many	1	1	10.1038/s41586-024-07149-x
results	a similar understanding	1	1	10.1038/s41586-024-07149-x
methods	a mask with	1	1	10.1038/s41467-019-13909-5
methods	1h-nmr 13c-nmr and	1	1	10.1038/s41467-020-16652-4
methods	cv measurements were	1	1	10.1038/s41467-026-71301-6
results	also the reduction	1	1	10.1038/s41467-021-21522-8
introduction	concurrently a record	1	1	10.1038/s41467-024-55376-7
abstract	however achieving both	1	1	10.1038/s41467-025-56987-4
discussion	this is achieved	1	1	10.1038/s41467-018-04986-z
discussion	consequently charge transfer	1	1	10.1038/s41467-021-27652-3
introduction	by emitting the	1	1	10.1038/s41467-020-16659-x
introduction	efficient cm has	1	1	qdp_2013_carrier-multiplication-qd-films
abstract	although cui has	1	1	10.1038/s41467-020-18006-6
abstract	meanwhile these devices	1	1	10.1038/s41467-024-52401-7
discussion	moreover the top	1	1	10.1038/s41377-025-01835-9
results	angular-dependent el measurement	1	1	10.1038/s41467-026-75756-5
methods	a thick 2	1	1	10.1038/s41928-024-01205-0
methods	a glass substrate	1	1	qdp_2013_carrier-multiplication-qd-films
discussion	here we introduce	1	1	10.1038/s41377-022-01036-8
introduction	besides doping of	1	1	10.1038/s43246-020-00084-0
abstract	however printable opto)electronic	1	1	10.1038/s41467-025-64596-4
introduction	although flow reactors	1	1	10.1038/s41467-025-63209-4
introduction	consequently cdznse-based qleds	1	1	10.1038/s41377-024-01727-4
abstract	heteroepitaxy on colloidal	1	1	10.1038/s41467-022-35731-2
methods	a thin layer	1	1	10.1038/s41467-024-50893-x
introduction	by keeping the	1	1	10.1038/s41467-019-09794-7
abstract	these findings provide	1	1	10.1038/s41467-024-45945-1
abstract	more importantly devices	1	1	10.1038/s41467-020-20555-9
methods	all other transport	1	1	10.1038/s41928-026-01670-9
discussion	rainbow was able	1	1	10.1038/s41467-025-63209-4
introduction	furthermore the argument	1	1	10.1038/s42005-023-01169-1
discussion	furthermore numerical simulations	1	1	10.1038/s41377-026-02356-9
discussion	these inverters showed	1	1	10.1038/s41467-025-57200-2
abstract	at 153 k	1	1	10.1038/s41377-025-01972-1
abstract	we anticipate that	1	1	qdp_2016_inas-qd-size-tunable-nir-emission
abstract	by building the	1	1	10.1038/s41377-025-01972-1
results	a layer of	1	1	10.1038/s41467-023-40150-y
abstract	the optimised tfts	1	1	10.1038/s41467-020-18006-6
discussion	furthermore the qleds	1	1	10.1038/s41467-025-57304-9
abstract	the potential of	1	1	10.1038/s41467-020-16560-7
abstract	here firstly through	1	1	10.1038/s41467-018-02978-7
introduction	both the fast	1	1	10.1038/s42005-023-01169-1
results	a single qd	1	1	10.1038/s41467-020-15944-z
abstract	inp-based quantum dot	1	1	10.1038/s41377-022-00855-z
results	control devices based	1	1	10.1038/s41377-025-01987-8
introduction	during solution processing	1	1	10.1038/s41377-025-02019-1
discussion	due to the	1	1	10.1038/s41377-022-01036-8
abstract	despite the large	1	1	10.1038/s41467-022-35731-2
introduction	accordingly shallow defects	1	1	10.1038/s41467-020-20555-9
abstract	compared with the	1	1	10.1038/s41467-026-73911-6
introduction	for oleds a	1	1	10.1038/s41467-022-31478-y
introduction	although stereolithography and	1	1	10.1038/s41467-025-64596-4
discussion	both theoretical calculations	1	1	10.1038/s41377-025-02019-1
abstract	furthermore the champion	1	1	10.1038/s41377-024-01704-x
abstract	enhanced hole injection	1	1	10.1038/s43246-020-00084-0
results	finally we calculated	1	1	10.1038/s41377-020-0328-6
abstract	however it does	1	1	10.1038/s41467-025-61511-9
introduction	as discussed earlier	1	1	10.1038/s41467-025-67347-7
discussion	furthermore the successful	1	1	10.1038/s41467-024-47184-w
abstract	rainbow provides a	1	1	10.1038/s41467-025-63209-4
introduction	it also facilitates	1	1	10.1038/s41586-023-05855-6
abstract	one fundamental issue	1	1	10.1038/s41377-024-01704-x
discussion	for large fields	1	1	10.1038/s41467-020-16560-7
discussion	after the deposition	1	1	10.1038/s41467-023-43340-w
results	after ptabr treatment	1	1	10.1038/s41467-019-13437-2
abstract	incorporating the multifunctional	1	1	10.1038/s41377-026-02237-1
methods	pre-patterned 150 nm-thick	1	1	10.1038/s41467-023-43408-7
methods	afterward znmgo nps	1	1	10.1038/s41377-025-01972-1
abstract	enhanced exciton recombination	1	1	10.1038/s41377-025-02019-1
introduction	conventional fröhlich-type models	1	1	10.1038/s41467-024-49751-7
abstract	up-conversion electroluminescence in	1	1	10.1038/s41467-022-28037-w
introduction	auger decay suppression	1	1	qdp_2012_lifetime-blinking-nonblinking-qd
discussion	the fluorescence lifetime	1	1	10.1038/s41377-022-00992-5
introduction	based on existing	1	1	10.1038/s41467-019-09737-2
discussion	as mentioned above	1	1	10.1038/s41467-019-09794-7
abstract	the enhanced or	1	1	10.1038/s41467-026-70555-4
abstract	our simulation and	1	1	10.1038/s41467-024-50432-8
discussion	at high voltages	1	1	10.1038/s41467-024-52521-0
discussion	the lt-niox films	1	1	10.1038/s41467-026-73911-6
abstract	additionally benefitting from	1	1	10.1038/s41467-025-67347-7
discussion	first the reduced	1	1	10.1038/s41467-023-39531-0
introduction	furthermore a timely	1	1	10.1038/s41467-024-53221-5
discussion	our strategy can	1	1	10.1038/s41467-018-06425-5
abstract	tandem light-emitting diodes	1	1	10.1038/s41467-026-75756-5
methods	a 50-nm-thick lithiumaluminium	1	1	qc_2015_wearable-rgb-qled-array
discussion	accordingly the out-of-plane	1	1	10.1038/s41467-023-40746-4
discussion	this work shows	1	1	10.1038/s41377-024-01500-7
discussion	better heat sinking	1	1	10.1038/s41467-018-07383-8
introduction	among them doped	1	1	10.1038/s41467-022-32010-y
introduction	and the optimized	1	1	10.1038/s41377-022-00992-5
discussion	the k+ ions	1	1	10.1038/s41467-018-07099-9
introduction	among these options	1	1	10.1038/s41467-021-22864-z
methods	chlorobenzene 150 μl	1	1	10.1038/s41467-019-13437-2
abstract	after effective passivation	1	1	10.1038/s41467-020-20555-9
discussion	a key feature	1	1	qdp_2013_auger-control-carrier-kinetics
methods	abbreviations izo =	1	1	10.1038/s41377-025-01972-1
methods	for the controlled	1	1	10.1038/s41377-025-01987-8
introduction	for example semiconductor	1	1	10.1038/s41467-026-70555-4
methods	a mzo and	1	1	10.1038/s41467-022-31853-9
abstract	mass spectrometric analysis	1	1	10.1038/s41467-023-43408-7
results	above experimental results	1	1	10.1038/s41467-024-49791-z
discussion	by combining the	1	1	10.1038/s41467-026-73298-4
abstract	these key insights	1	1	10.1038/s41467-021-22864-z
discussion	combining composition/phase engineering	1	1	10.1038/s41467-018-02978-7
discussion	plus benefitted from	1	1	10.1038/s41467-024-49791-z
methods	0.5 m cadmium	1	1	10.1038/s41467-022-31189-4
discussion	meanwhile it was	1	1	10.1038/s41377-022-00855-z
introduction	apart from ito	1	1	10.1038/s41467-022-32010-y
introduction	here we construct	1	1	10.1038/s41467-026-72115-2
abstract	here using the	1	1	10.1038/s41467-022-29812-5
abstract	however the serious	1	1	10.1038/s41377-024-01727-4
discussion	the formation of	1	1	10.1038/s43246-026-01136-7
results	after clarifying the	1	1	10.1038/s41467-026-74583-y
introduction	however some fundamental	1	1	10.1038/s41377-025-01867-1
abstract	recent progress in	1	1	qdp_2012_lifetime-blinking-nonblinking-qd
discussion	moreover the formed	1	1	10.1038/s41467-024-54160-x
introduction	and the eqe	1	1	10.1038/s41467-019-08561-y
discussion	the discovery of	1	1	10.1038/s41467-024-52208-6
discussion	our goal is	1	1	10.1038/s43246-021-00203-5
abstract	this work addresses	1	1	10.1038/s41467-025-67737-x
introduction	2)(0 of any	1	1	10.1038/s41467-017-01379-6
methods	additionally 2,7-bis diphenyl	1	1	10.1038/s41467-026-72625-z
methods	at low excitations	1	1	10.1038/s41467-018-03049-7
methods	a 35 nm	1	1	10.1038/s41467-018-04986-z
abstract	the adjustable surface	1	1	10.1038/s41467-021-24931-x
discussion	by reducing the	1	1	10.1038/s41467-024-52521-0
abstract	reducing the size	1	1	10.1038/s41467-024-49751-7
introduction	compared to other	1	1	10.1038/s41467-018-03049-7
discussion	to summarize in	1	1	10.1038/s41467-019-13951-3
introduction	additionally we conducted	1	1	10.1038/s41467-025-58047-3
methods	a recorded video	1	1	10.1038/s41467-024-46243-6
results	as is well	1	1	10.1038/s41467-024-52208-6
discussion	in support of	1	1	qdp_2013_auger-control-carrier-kinetics
discussion	in comparison with	1	1	10.1038/s41467-018-06294-y
discussion	using a continuous	1	1	qdp_2016_inas-qd-size-tunable-nir-emission
abstract	the principles of	1	1	10.1038/s41467-023-40746-4
methods	all the experiments	1	1	10.1038/s41563-024-01812-4
methods	all blade-coated perovskite	1	1	10.1038/s41467-020-20433-4
discussion	the sams particularly	1	1	10.1038/s41467-026-69198-2
abstract	the efficiency and	1	1	10.1038/s41467-024-44894-z
introduction	by correlating device	1	1	qdp_2013_auger-control-carrier-kinetics
abstract	here we construct	1	1	10.1038/s41467-026-74583-y
abstract	here by using	1	1	10.1038/s41467-024-47891-4
introduction	although several methods	1	1	10.1038/s41467-026-73298-4
discussion	figure 6 compares	1	1	10.1038/s41928-024-01205-0
discussion	the exceptional conductivity	1	1	10.1038/s41467-025-58471-5
abstract	electroluminescent quantum dot	1	1	10.1038/s41467-020-16865-7
introduction	consequently perovskite light-emitting	1	1	10.1038/s41467-025-61085-6
abstract	quasi-two-dimensional quasi-2d ruddlesden–popper	1	1	10.1038/s41467-021-21522-8
introduction	among these cation	1	1	10.1038/s41467-022-28480-9
introduction	besides although the	1	1	10.1038/s41467-024-46243-6
results	although both dbss	1	1	10.1038/s41467-025-65695-y
methods	additionally 12.4 mol%	1	1	10.1038/s41467-026-72115-2
introduction	for example tao	1	1	10.1038/s41467-026-71292-4
introduction	besides the aggregated	1	1	10.1038/s41467-023-40150-y
discussion	for these studies	1	1	qdp_2013_auger-control-carrier-kinetics
results	additionally the half-lifetime	1	1	10.1038/s41377-025-01817-x
abstract	crucially the resulting	1	1	10.1038/s41377-026-02231-7
methods	device fabrication a	1	1	10.1038/s41377-020-0328-6
abstract	in all this	1	1	10.1038/s41377-026-02356-9
discussion	in the second	1	1	10.1038/s41467-024-53221-5
discussion	overall the approach	1	1	10.1038/s41467-020-16652-4
methods	a custom-made transfer	1	1	qc_2015_wearable-rgb-qled-array
methods	a plane-wave cutoff	1	1	10.1038/s41467-026-71949-0
results	adding a 2.5	1	1	10.1038/s41467-018-07383-8
discussion	the fabrication procedures	1	1	10.1038/s41586-024-07360-w
abstract	this work uncovers	1	1	10.1038/s41467-022-28037-w
introduction	at the fundamental	1	1	10.1038/s41467-023-43340-w
discussion	moreover the high-resolution	1	1	10.1038/s41467-025-62345-1
introduction	also none of	1	1	10.1038/s41467-021-24762-w
introduction	among the various	1	1	10.1038/s41467-022-29538-4
introduction	besides wbg perovskite	1	1	10.1038/s41467-025-59515-6
abstract	however sam aggregation	1	1	10.1038/s41467-026-72115-2
results	apart from changes	1	1	10.1038/s41467-018-07383-8
discussion	moreover due to	1	1	10.1038/s41467-020-20555-9
methods	additionally the impacts	1	1	10.1038/s41467-026-69200-x
results	after incorporating mabr	1	1	alhtl_2017_cspbbr3-moo3-hil-peled
abstract	we then realize	1	1	10.1038/s41467-021-24762-w
results	although the formation	1	1	10.1038/s41467-020-16652-4
methods	after 1 h	1	1	10.1038/s41467-025-61511-9
introduction	cubic phase α	1	1	10.1038/s41467-024-50022-8
introduction	basic forms of	1	1	10.1038/s41467-019-09737-2
discussion	the higher electron	1	1	10.1038/s41467-018-05760-x
abstract	a combination of	1	1	10.1038/s41467-025-61511-9
introduction	antiferromagnetic afm materials	1	1	10.1038/s41467-025-66981-5
discussion	another challenge can	1	1	10.1038/s41467-024-47184-w
methods	as described before	1	1	10.1038/s41377-026-02356-9
abstract	bright and efficient	1	1	10.1038/s41467-020-20582-6
abstract	despite remarkable progress	1	1	10.1038/s41467-023-39488-0
abstract	designing robust blue	1	1	10.1038/s41467-023-43408-7
methods	device static electrical	1	1	10.1038/s41467-023-40194-0
methods	after curing at	1	1	10.1038/s41467-025-63653-2
abstract	in the present	1	1	10.1038/s41467-018-06294-y
results	all samples show	1	1	10.1038/s41377-022-00992-5
discussion	the bond-first pattern-later	1	1	10.1038/s41467-022-29538-4
introduction	conventional photon management	1	1	10.1038/s41467-024-49838-1
discussion	the main achievement	1	1	10.1038/s41467-022-29538-4
discussion	the resultant devices	1	1	10.1038/s41467-025-56557-8
abstract	however to create	1	1	10.1038/s41928-026-01670-9
results	additionally we analyze	1	1	10.1038/s41467-025-57746-1
results	a clear additional	1	1	qdp_2013_auger-control-carrier-kinetics
introduction	dirac cones and	1	1	10.1038/s41467-023-38216-y
introduction	a stable gan	1	1	10.1038/s41467-022-29538-4
discussion	therefore htl is	1	1	10.1038/s41467-019-08749-2
introduction	accurately modulating the	1	1	10.1038/s41467-024-49574-6
results	a electric field	1	1	10.1038/s41467-024-53965-0
introduction	however as consumer	1	1	10.1038/s41467-025-61511-9
discussion	the integration of	1	1	10.1038/s41467-025-64696-1
methods	after tio 2	1	1	10.1038/s41467-019-08561-y
introduction	consequently the turn-on	1	1	10.1038/s41467-023-41929-9
introduction	for example alkali	1	1	10.1038/s41467-019-13437-2
introduction	cspbi3 qds that	1	1	10.1038/s41467-024-50022-8
methods	during the plqy	1	1	10.1038/s41467-024-52401-7
introduction	confining excitons in	1	1	10.1038/s41467-024-49751-7
introduction	in addition films	1	1	10.1038/s41467-023-36118-7
abstract	these self-healing quantum	1	1	10.1038/s43246-026-01177-y
results	a similar set	1	1	10.1038/s41467-022-29702-w
methods	a detailed description	1	1	10.1038/s41467-020-16560-7
introduction	a range of	1	1	10.1038/s41563-025-02123-y
discussion	we synthesized green	1	1	10.1038/s41467-025-65135-x
results	a low-temperature low-stress	1	1	10.1038/s41467-022-29538-4
discussion	an extended investigation	1	1	10.1038/s41467-022-29702-w
methods	a pad ligand	1	1	10.1038/s41467-022-31189-4
abstract	surface defect-induced photoluminescence	1	1	10.1038/s41467-024-55619-7
discussion	our microscopic approach	1	1	10.1038/s41467-022-35731-2
discussion	the individual-particle-passivated nanocrystal	1	1	10.1038/s41928-024-01181-5
introduction	although qleds produce	1	1	10.1038/s41377-024-01727-4
abstract	importantly substrate-integrated uftes	1	1	10.1038/s41467-024-46243-6
methods	absorption spectra are	1	1	10.1038/s41467-026-68315-5
abstract	yet the employment	1	1	10.1038/s41467-026-68315-5
abstract	early stage mscs	1	1	10.1038/s41467-020-16855-9
discussion	in conclusion this	1	1	10.1038/s41467-026-74198-3
methods	all kpfm measurements	1	1	10.1038/s41467-026-69200-x
results	a photographs of	1	1	10.1038/s41467-024-53965-0
discussion	finally capacitance–voltage characteristics	1	1	10.1038/s41467-019-08749-2
discussion	finally we note	1	1	10.1038/s41467-020-16560-7
abstract	these colloidal qd	1	1	10.1038/s41586-023-05855-6
introduction	any deficiency in	1	1	10.1038/s41377-025-01817-x
discussion	this efficiency droop	1	1	10.1038/s41467-023-43472-z
discussion	through simulation we	1	1	10.1038/s41467-020-15481-9
results	a faster response	1	1	10.1038/s41377-026-02184-x
introduction	among oss amorphous	1	1	10.1038/s41467-022-28480-9
introduction	combining both strategies	1	1	10.1038/s41377-025-01987-8
introduction	additional advantages include	1	1	qc_2015_wearable-rgb-qled-array
abstract	our work eliminates	1	1	10.1038/s41377-026-02247-z
introduction	however with the	1	1	qdp_2016_inas-qd-size-tunable-nir-emission
discussion	by adapting the	1	1	10.1038/s41377-026-02356-9
introduction	a high-quality colloidal	1	1	10.1038/s41467-018-04986-z
introduction	even with significant	1	1	10.1038/s43246-026-01136-7
methods	a 150 nm-thick	1	1	10.1038/s41467-021-25955-z
introduction	accordingly the peleds	1	1	10.1038/s41467-018-02978-7
abstract	in series mode	1	1	10.1038/s41377-025-01835-9
abstract	however although perovskite	1	1	10.1038/s41377-020-0328-6
discussion	to pinpoint the	1	1	10.1038/s41467-019-08749-2
results	another striking observation	1	1	qdp_2013_carrier-multiplication-qd-films
introduction	direct nanofabrication via	1	1	10.1038/s41467-026-70555-4
methods	all test circuits	1	1	10.1038/s41467-023-40194-0
introduction	furthermore pfa molecules	1	1	10.1038/s41467-026-72115-2
discussion	rainbow's efficient navigation	1	1	10.1038/s41467-025-63209-4
introduction	for mqw perovskites	1	1	10.1038/s41377-020-0328-6
discussion	furthermore the non-radiative	1	1	alhtl_2017_cspbbr3-moo3-hil-peled
introduction	accordingly qds have	1	1	10.1038/s41467-021-24931-x
introduction	consequently the electroluminescence	1	1	10.1038/s41467-019-09794-7
discussion	an essential reason	1	1	10.1038/s41467-023-43340-w
results	a higher switching	1	1	10.1038/s41928-024-01151-x
abstract	hot-carrier trapping thus	1	1	10.1038/s41467-025-61511-9
abstract	structural deformation modifies	1	1	10.1038/s41467-024-49791-z
abstract	however intrinsic self-p-doping	1	1	10.1038/s41467-026-72625-z
introduction	by employing the	1	1	10.1038/s41467-020-14747-6
introduction	accordingly we observe	1	1	10.1038/s41467-024-53221-5
abstract	the low efficiency	1	1	10.1038/s41467-020-15481-9
abstract	our optimized single-junction	1	1	10.1038/s41467-022-29812-5
methods	d18 and btp-ec9	1	1	10.1038/s41467-026-74198-3
abstract	white organic light-emitting	1	1	10.1038/s41467-024-52401-7
results	a recently proposed	1	1	qdp_2014_carrier-multiplication-quasi-type-ii
introduction	although dexter transfer	1	1	10.1038/s41563-024-01812-4
introduction	among micro-displays for	1	1	10.1038/s41467-023-36773-w
introduction	colloidal inas qds	1	1	10.1038/s41467-025-57746-1
methods	a e-aln passivation	1	1	10.1038/s41467-025-60886-z
introduction	even though all	1	1	10.1038/s41467-018-04986-z
introduction	among various solution-processable	1	1	10.1038/s41467-024-46243-6
methods	6tic-4f was synthesized	1	1	10.1038/s41467-019-13909-5
methods	a quadrant cell	1	1	10.1038/s41467-023-41929-9
abstract	compared to cspbbr3	1	1	10.1038/s43246-026-01177-y
introduction	assembling nanoparticles into	1	1	10.1038/s43246-026-01136-7
introduction	electrically pumped lasers	1	1	10.1038/s41586-023-05855-6
introduction	formamidinium lead bromide	1	1	10.1038/s41377-026-02247-z
methods	a sample protection	1	1	10.1038/s41467-024-54160-x
abstract	our study proposes	1	1	10.1038/s41467-025-64111-9
abstract	nd is used	1	1	10.1038/s42005-021-00742-w
results	additionally although the	1	1	10.1038/s41563-024-01812-4
methods	a sinusoidal voltage	1	1	10.1038/s41467-024-44894-z
methods	a dual beam	1	1	10.1038/s41467-025-61085-6
introduction	here to construct	1	1	10.1038/s41467-023-41929-9
results	above data confirm	1	1	10.1038/s41377-022-00992-5
introduction	driven by technology	1	1	10.1038/s41467-022-31853-9
introduction	deviating from the	1	1	10.1038/s41467-024-49574-6
introduction	a similar approach	1	1	10.1038/s41467-020-16652-4
discussion	this integrated htl	1	1	10.1038/s41467-025-64111-9
results	a combination of	1	1	10.1038/s41467-022-29702-w
discussion	consequently the crystal	1	1	10.1038/s41467-024-54160-x
abstract	by overcoming the	1	1	10.1038/s41467-025-60886-z
discussion	beyond the specific	1	1	10.1038/s41467-026-73298-4
discussion	first we use	1	1	10.1038/s41377-025-01740-1
introduction	both factors can	1	1	10.1038/s41467-020-20582-6
abstract	oxide semiconductors have	1	1	10.1038/s41467-022-28480-9
discussion	by minimizing the	1	1	10.1038/s41467-023-39531-0
abstract	by considering the	1	1	10.1038/s41586-024-07149-x
methods	a shimadzu uv-1800	1	1	10.1038/s41467-021-27652-3
abstract	recently finite tunneling	1	1	10.1038/s41467-024-52208-6
discussion	here the handling	1	1	10.1038/s41566-024-01458-3
introduction	here we expand	1	1	10.1038/s41467-023-39531-0
results	a novel “giant”	1	1	10.1038/s41377-024-01727-4
discussion	for the system-level	1	1	10.1038/s41467-022-31853-9
abstract	to date ligand	1	1	10.1038/s41467-024-55619-7
results	a decreased pl	1	1	10.1038/s41467-023-41929-9
introduction	by contrast intaglio	1	1	10.1038/s41928-026-01670-9
methods	applying these criteria	1	1	10.1038/s41586-024-07149-x
abstract	colloidally quantum-confined cspbbr3	1	1	10.1038/s41377-025-02019-1
abstract	here we unravel	1	1	10.1038/s41467-021-25955-z
introduction	for instance vacuum-deposited	1	1	10.1038/s41467-026-71301-6
discussion	consequently the nanosheet	1	1	10.1038/s41377-026-02184-x
abstract	furthermore benefitting from	1	1	10.1038/s41467-020-20433-4
introduction	for instance single-crystal	1	1	10.1038/s41467-025-56815-9
methods	all chemical materials	1	1	10.1038/s41467-026-71301-6
abstract	these deformable device	1	1	qc_2015_wearable-rgb-qled-array
abstract	tin-lead sn-pb mixed	1	1	10.1038/s41377-025-01987-8
methods	all optical measurements	1	1	10.1038/s41467-019-09737-2
discussion	crucially flexible devices	1	1	10.1038/s41467-026-74198-3
results	a clear image	1	1	10.1038/s41928-024-01151-x
methods	finally the functional	1	1	10.1038/s41467-026-71292-4
abstract	herein we successfully	1	1	10.1038/s41467-019-13909-5
introduction	by optimising the	1	1	10.1038/s41467-022-31853-9
introduction	after achieving more	1	1	10.1038/s41467-025-58047-3
discussion	according to the	1	1	qdp_2013_carrier-multiplication-qd-films
discussion	thus the highest	1	1	10.1038/s41467-020-16652-4
discussion	furthermore we fabricate	1	1	10.1038/s41467-024-50022-8
discussion	our advances in	1	1	10.1038/s41467-025-58470-6
abstract	based on these	1	1	qdp_2016_inas-qd-size-tunable-nir-emission
introduction	display screens are	1	1	10.1038/s41928-024-01151-x
abstract	large-area light-emitting diodes	1	1	10.1038/s41467-020-20433-4
discussion	we have described	1	1	10.1038/s41928-024-01205-0
introduction	apart from those	1	1	10.1038/s41377-022-00992-5
introduction	for pscs the	1	1	10.1038/s41467-024-51760-5
abstract	the rapid growth	1	1	10.1038/s41467-026-74151-4
introduction	a strong and	1	1	10.1038/s41467-022-29538-4
discussion	a cvd monolayer	1	1	10.1038/s41467-025-67347-7
introduction	currently the eqes	1	1	10.1038/s41467-025-59527-2
results	additionally the el	1	1	10.1038/s41377-025-01740-1
introduction	besides full-color-tunability the	1	1	10.1038/s41467-020-16659-x
methods	a 2-dimensional frequency-domain	1	1	10.1038/s41467-024-49838-1
introduction	however a large	1	1	10.1038/s41467-021-25955-z
introduction	however in state-of-the-art	1	1	10.1038/s41467-026-75756-5
abstract	elucidating the population	1	1	10.1038/s42005-023-01169-1
introduction	as first suggested	1	1	qdp_2014_carrier-multiplication-quasi-type-ii
introduction	however the current	1	1	10.1038/s41586-024-07360-w
discussion	formation of nanorods	1	1	10.1038/s41467-024-53221-5
discussion	consequently optimized p-o-tscs	1	1	10.1038/s41467-024-55376-7
discussion	our findings show	1	1	10.1038/s43246-024-00576-3
introduction	addressing this fundamental	1	1	10.1038/s41467-024-52521-0
introduction	despite these promising	1	1	10.1038/s41467-024-54160-x
methods	a random initial	1	1	10.1038/s41586-024-07360-w
discussion	for a conventional	1	1	10.1038/s41563-025-02123-y
discussion	however the el	1	1	10.1038/s41467-020-14747-6
methods	afterwards 150 μl	1	1	10.1038/s41467-024-55653-5
abstract	solution-processed metal halide	1	1	10.1038/s41467-025-56557-8
abstract	efficiency roll-off is	1	1	10.1038/s41467-018-03049-7
methods	a thin pfn-br	1	1	10.1038/s41467-020-20555-9
discussion	accordingly in the	1	1	10.1038/s41467-022-32010-y
abstract	it is widely	1	1	10.1038/s41563-025-02123-y
discussion	first a wafer-scale	1	1	10.1038/s41467-022-29538-4
methods	a small time-dependent	1	1	10.1038/s41467-024-52208-6
introduction	meanwhile thanks to	1	1	10.1038/s41467-024-44894-z
discussion	at zero bias	1	1	10.1038/s41467-018-07383-8
discussion	moreover iscl allows	1	1	10.1038/s41377-025-01768-3
discussion	different from the	1	1	10.1038/s41467-025-65695-y
discussion	using a combination	1	1	10.1038/s41467-021-22864-z
methods	aliquots were withdrawn	1	1	10.1038/s43246-026-01136-7
abstract	during the moisture	1	1	10.1038/s41467-024-54160-x
introduction	in blue qd-leds	1	1	10.1038/s41467-024-44894-z
methods	as the gate	1	1	10.1038/s41467-024-47184-w
results	a complete set	1	1	10.1038/s41467-020-16865-7
abstract	this technique enables	1	1	10.1038/s41467-024-52521-0
abstract	despite the rapid	1	1	10.1038/s41377-025-01740-1
abstract	the application of	1	1	10.1038/s41467-025-66421-4
abstract	surface chemical analysis	1	1	10.1038/s41377-025-02019-1
discussion	hence the cu	1	1	10.1038/s41467-019-12558-y
discussion	as the electron-injection	1	1	10.1038/s41467-023-43340-w
discussion	leveraging these combined	1	1	10.1038/s41467-026-74583-y
abstract	notably they shown	1	1	10.1038/s41377-025-01817-x
methods	finally devices were	1	1	10.1038/s41467-025-66981-5
introduction	as a widely	1	1	10.1038/s41467-026-74583-y
introduction	as a matter	1	1	10.1038/s41467-019-13909-5
methods	a selenium precursor	1	1	qdp_2014_carrier-multiplication-quasi-type-ii
methods	an amplified ti	1	1	10.1038/s41467-024-50508-5
introduction	controlling the defect	1	1	10.1038/s41377-025-01987-8
methods	afterwards a standard	1	1	10.1038/s41467-023-38216-y
methods	after eml fabrication	1	1	10.1038/s41467-020-16659-x
discussion	using the optimized	1	1	10.1038/s41467-021-20970-6
results	film morphology and	1	1	10.1038/s41467-018-07099-9
discussion	the established “ligand-directed”	1	1	10.1038/s41467-026-74198-3
results	although 2 was	1	1	10.1038/s41467-022-35731-2
discussion	additionally the sdc	1	1	10.1038/s43246-024-00645-7
abstract	electroluminescence of colloidal	1	1	10.1038/s41467-020-15944-z
discussion	meanwhile the byproduct	1	1	10.1038/s41377-025-01768-3
