section	opener_template	total_occurrences	paper_count	top_papers
results	as shown in supplementary fig.	62	34	10.1038/s41467-026-72625-z;10.1038/s41467-021-24931-x;10.1038/s41467-025-64696-1;10.1038/s41467-026-74583-y;10.1038/s41467-024-47891-4
results	on the other hand the	25	21	10.1038/s41467-020-16855-9;10.1038/s41467-023-41868-5;10.1038/s41467-024-45944-2;10.1038/s41467-024-46243-6;10.1038/s41377-025-01972-1
results	it is worth noting that	20	19	10.1038/s41467-021-20970-6;10.1038/s41377-022-01036-8;10.1038/s41377-025-01959-y;10.1038/s41467-019-08561-y;10.1038/s41467-019-13909-5
results	it should be noted that	17	12	10.1038/s41467-022-28037-w;10.1038/s41467-019-09737-2;10.1038/s41467-026-74151-4;10.1038/s41467-020-20433-4;10.1038/s41467-022-29812-5
results	the results show that the	15	13	10.1038/s41377-025-01959-y;10.1038/s41467-024-50508-5;10.1038/s41377-022-00992-5;10.1038/s41377-022-01036-8;10.1038/s41377-026-02237-1
results	it can be seen that	14	9	10.1038/s41467-019-08561-y;10.1038/s41377-025-01768-3;10.1038/s41467-021-20970-6;10.1038/s41467-025-60886-z;10.1038/s41377-025-01959-y
results	this is consistent with the	14	12	10.1038/s41467-018-05909-8;10.1038/s41467-018-06425-5;10.1038/s41377-020-0328-6;10.1038/s41467-019-08749-2;10.1038/s41467-020-15481-9
results	to the best of our	13	13	10.1038/s41377-025-01817-x;10.1038/s41377-025-01867-1;10.1038/s41467-018-06425-5;10.1038/s41467-020-16659-x;10.1038/s41467-020-16865-7
results	as shown in fig. 4a	12	12	10.1038/s41377-025-02019-1;10.1038/s41467-020-15481-9;10.1038/s41467-020-16659-x;10.1038/s41467-024-49574-6;10.1038/s41467-025-56815-9
results	as shown in fig. 2a	12	12	10.1038/s41377-022-00855-z;10.1038/s41377-025-01835-9;10.1038/s41467-017-01379-6;10.1038/s41467-019-08749-2;10.1038/s41467-019-09794-7
results	as shown in fig. 3c	11	10	10.1038/s41467-020-20555-9;10.1038/s41377-022-00855-z;10.1038/s41377-025-01768-3;10.1038/s41377-025-01835-9;10.1038/s41467-021-24931-x
results	on the basis of the	11	8	10.1038/s41467-019-13951-3;10.1038/s41586-023-05855-6;qdp_2012_lifetime-blinking-nonblinking-qd;10.1038/s41377-025-01867-1;10.1038/s41467-025-57472-8
results	as shown in fig. 2b	10	9	10.1038/s41467-020-16659-x;10.1038/s41377-026-02237-1;10.1038/s41377-026-02246-0;10.1038/s41467-019-13909-5;10.1038/s41467-020-14747-6
results	as shown in fig. 3a	10	10	10.1038/s41377-022-00855-z;10.1038/s41377-024-01500-7;10.1038/s41467-020-16659-x;10.1038/s41467-020-20433-4;10.1038/s41467-021-27652-3
results	as shown in fig. 4b	9	9	10.1038/s41377-022-01036-8;10.1038/s41377-025-01835-9;10.1038/s41467-017-01379-6;10.1038/s41467-019-13909-5;10.1038/s41467-024-47891-4
results	as shown in fig. 1b	9	9	10.1038/s41377-025-02019-1;10.1038/s41467-018-02978-7;10.1038/s41467-018-04986-z;10.1038/s41467-019-13909-5;10.1038/s41467-020-14747-6
results	it is found that the	8	3	10.1038/s41467-018-02978-7;10.1038/s41467-018-05760-x;10.1038/s41377-024-01601-3
results	these results indicate that the	8	8	10.1038/s41377-025-02019-1;10.1038/s41467-020-20582-6;10.1038/s41467-023-36773-w;10.1038/s41467-025-58470-6;10.1038/s41467-025-59527-2
results	as shown in fig. 2e	8	8	10.1038/s41467-019-13909-5;10.1038/s41467-020-14747-6;10.1038/s41467-020-15944-z;10.1038/s41467-020-20555-9;10.1038/s41467-021-24931-x
results	as shown in fig. 3d	8	8	10.1038/s41377-024-01601-3;10.1038/s41377-025-01867-1;10.1038/s41377-025-01972-1;10.1038/s41377-026-02246-0;10.1038/s41467-020-14747-6
results	these results are consistent with	8	7	10.1038/s42005-023-01169-1;10.1038/s41467-022-31478-y;10.1038/s41467-024-50893-x;10.1038/s41467-025-58047-3;10.1038/s41467-025-64111-9
results	it is worth mentioning that	8	6	10.1038/s41467-020-20555-9;10.1038/s41467-024-49574-6;10.1038/s41467-023-35954-x;10.1038/s41467-024-50432-8;10.1038/s41467-024-50508-5
results	as shown in fig. 2d	8	8	10.1038/s41377-024-01500-7;10.1038/s41467-021-24616-5;10.1038/s41467-022-32010-y;10.1038/s41467-023-40150-y;10.1038/s41467-024-47891-4
results	kelvin probe force microscopy kpfm	8	8	10.1038/s41377-025-01768-3;10.1038/s41467-019-13437-2;10.1038/s41467-024-54160-x;10.1038/s41467-025-56068-6;10.1038/s41467-025-66421-4
results	as shown in fig. 4c	8	7	10.1038/s41467-025-56815-9;10.1038/s41377-022-00855-z;10.1038/s41377-026-02231-7;10.1038/s41467-024-47184-w;10.1038/s41467-024-50893-x
results	as shown in fig. 3b	7	6	10.1038/s41467-024-47184-w;10.1038/s41467-022-28037-w;10.1038/s41467-024-50893-x;10.1038/s41467-025-56068-6;10.1038/s41467-025-63389-z
results	this result is consistent with	7	7	10.1038/s41377-026-02237-1;10.1038/s41467-018-06425-5;10.1038/s41467-022-28480-9;10.1038/s41467-023-43408-7;10.1038/s41467-025-61085-6
results	as shown in fig. 1a	7	7	10.1038/s41377-025-02019-1;10.1038/s41467-021-24931-x;10.1038/s41467-024-44894-z;10.1038/s41467-025-64596-4;10.1038/s41467-026-71301-6
results	this is due to the	7	6	10.1038/s41467-018-02978-7;10.1038/s41467-024-47184-w;10.1038/s41467-024-49574-6;10.1038/s41467-024-55812-8;10.1038/s41467-025-62345-1
results	based on the above results	7	7	10.1038/s41377-025-01768-3;10.1038/s41377-026-02356-9;10.1038/s41467-021-24931-x;10.1038/s41467-023-43340-w;10.1038/s41467-024-54160-x
results	density functional theory dft calculations	7	7	10.1038/s41377-025-01817-x;10.1038/s41377-026-02184-x;10.1038/s41467-021-21522-8;10.1038/s41467-025-62345-1;10.1038/s41467-025-64111-9
results	this can be attributed to	7	7	10.1038/s41377-025-01740-1;10.1038/s41377-026-02237-1;10.1038/s41467-019-08561-y;10.1038/s41467-023-41868-5;10.1038/s41467-024-50022-8
results	as shown in fig. 2c	7	7	10.1038/s41377-025-01835-9;10.1038/s41377-025-02000-y;10.1038/s41467-018-03049-7;10.1038/s41467-022-28037-w;10.1038/s41467-024-47891-4
results	as shown in fig. 4d	7	6	10.1038/s41377-025-01959-y;10.1038/s41377-025-01835-9;10.1038/s41377-025-02000-y;10.1038/s41467-018-03049-7;10.1038/s41467-019-13909-5
results	these results demonstrate that the	6	5	10.1038/s41467-025-57304-9;10.1038/s41377-024-01727-4;10.1038/s41377-025-02019-1;10.1038/s43246-026-01177-y;qc_2015_wearable-rgb-qled-array
results	this is attributed to the	6	6	10.1038/s41467-020-18006-6;10.1038/s41467-024-54160-x;10.1038/s41467-024-55376-7;10.1038/s41467-025-57200-2;10.1038/s41467-025-58047-3
results	atomic force microscopy afm images	6	6	10.1038/s41467-018-02978-7;10.1038/s41467-018-05760-x;10.1038/s41467-019-13437-2;10.1038/s41467-025-59527-2;10.1038/s41467-025-62345-1
results	these results suggest that the	6	6	10.1038/s41467-023-41929-9;10.1038/s41467-025-57200-2;10.1038/s41467-025-62345-1;10.1038/s41467-026-69198-2;10.1038/s41563-025-02123-y
discussion	in summary we have demonstrated	6	6	10.1038/s41377-025-01867-1;10.1038/s41467-020-20582-6;10.1038/s41467-022-31478-y;10.1038/s41467-023-36118-7;10.1038/s41467-025-56001-x
results	in the case of the	6	5	10.1038/s41467-023-43408-7;10.1038/s41467-022-31853-9;10.1038/s41467-024-46243-6;10.1038/s41467-025-57200-2;10.1038/s42005-023-01169-1
results	as shown in fig. 4f	6	6	10.1038/s41467-020-14747-6;10.1038/s41467-020-16659-x;10.1038/s41467-024-47184-w;10.1038/s41467-024-47891-4;10.1038/s41467-025-63653-2
results	it was found that the	6	5	10.1038/s41467-025-56068-6;10.1038/s41377-022-00855-z;10.1038/s41467-023-36118-7;10.1038/s41467-024-46243-6;10.1038/s43246-026-01177-y
results	the x-ray photoelectron spectroscopy xps	6	6	10.1038/s41377-022-00855-z;10.1038/s41377-026-02231-7;10.1038/s41467-020-18006-6;10.1038/s41467-022-32010-y;10.1038/s41467-024-50022-8
results	it is well known that	6	6	10.1038/s41467-018-05760-x;10.1038/s41467-024-45944-2;10.1038/s41467-024-49791-z;10.1038/s41467-025-59527-2;10.1038/s41467-025-63389-z
results	it is important to note	6	6	10.1038/s41467-018-06425-5;10.1038/s41467-022-31478-y;10.1038/s41467-023-41041-y;10.1038/s41467-024-52521-0;10.1038/s41467-024-55812-8
results	this observation is consistent with	6	5	10.1038/s41467-019-12558-y;10.1038/s41467-018-06425-5;10.1038/s41467-021-22864-z;10.1038/s41467-026-72625-z;qdp_2012_lifetime-blinking-nonblinking-qd
results	at a sub-bandgap voltage of	6	1	10.1038/s41467-024-52521-0
results	as shown in fig. 2f	5	5	10.1038/s41377-025-01835-9;10.1038/s41467-020-14747-6;10.1038/s41467-021-24931-x;10.1038/s41467-023-40194-0;10.1038/s41467-025-57746-1
results	compared with the control device	5	4	10.1038/s41467-024-55653-5;10.1038/s41467-019-13909-5;10.1038/s41467-025-63389-z;10.1038/s41467-026-72625-z
results	it has been reported that	5	5	10.1038/s41467-019-13909-5;10.1038/s41467-023-40150-y;10.1038/s41467-023-40746-4;10.1038/s41467-025-57304-9;10.1038/s41467-026-72733-w
results	these results confirm that the	5	5	10.1038/s41377-025-02019-1;10.1038/s41467-023-43340-w;10.1038/s41467-025-57304-9;10.1038/s41467-026-69198-2;10.1038/s41467-026-73911-6
results	we also note that the	5	5	10.1038/s41467-020-14747-6;10.1038/s41467-021-20970-6;10.1038/s41467-025-56815-9;10.1038/s41467-025-57472-8;10.1038/s41586-024-07149-x
results	to evaluate the effect of	5	5	10.1038/s41377-025-01972-1;10.1038/s41467-021-24931-x;10.1038/s41467-023-36773-w;10.1038/s41467-023-41929-9;10.1038/s41467-026-69198-2
results	high-resolution transmission electron microscopy hrtem	5	4	10.1038/s41467-021-27652-3;10.1038/s41467-025-57746-1;10.1038/s41467-026-72115-2;10.1038/s41586-024-07360-w
results	to investigate the influence of	5	5	10.1038/s41377-025-02000-y;10.1038/s41377-025-02019-1;10.1038/s41467-025-59527-2;10.1038/s41467-026-74198-3;10.1038/s41928-026-01670-9
results	this is further confirmed by	5	5	10.1038/s41467-018-07099-9;10.1038/s41467-019-09737-2;10.1038/s41467-021-21522-8;10.1038/s41467-025-59515-6;10.1038/s41467-026-69198-2
results	when the applied voltage is	5	4	10.1038/s41467-022-28037-w;10.1038/s41467-021-24762-w;10.1038/s41467-023-36773-w;10.1038/s43246-020-00084-0
results	to address this issue we	5	4	10.1038/s41467-025-56557-8;10.1038/s41467-024-50634-0;10.1038/s41467-025-57304-9;10.1038/s41467-025-60886-z
results	it should be mentioned that	5	3	10.1038/s41467-025-60886-z;10.1038/s41563-025-02123-y;10.1038/s43246-026-01136-7
results	the el spectra of the	5	5	10.1038/s41377-026-02231-7;10.1038/s41377-026-02247-z;10.1038/s41467-018-05909-8;10.1038/s41467-022-31189-4;10.1038/s41467-025-56001-x
results	as can be seen in	5	4	10.1038/s41467-021-22864-z;10.1038/s41467-021-24762-w;10.1038/s41467-022-29702-w;10.1038/s43246-026-01177-y
results	the results are consistent with	5	3	10.1038/s41467-025-59515-6;10.1038/s41467-025-64696-1;10.1038/s41467-026-75756-5
results	it is apparent that the	5	1	10.1038/s41467-018-05760-x
results	to investigate the effect of	5	5	10.1038/s41467-018-05909-8;10.1038/s41467-023-39488-0;10.1038/s41467-025-58047-3;10.1038/s41467-025-64596-4;10.1038/s41467-025-65135-x
results	it is evident that the	4	3	10.1038/s43246-026-01177-y;10.1038/s41467-025-59515-6;qdp_2013_carrier-multiplication-qd-films
discussion	in conclusion we have demonstrated	4	4	10.1038/s41467-023-39488-0;10.1038/s41467-023-40150-y;10.1038/s41467-024-55619-7;10.1038/s41586-024-07360-w
results	this phenomenon is attributed to	4	3	10.1038/s41467-024-50634-0;10.1038/s41377-025-02000-y;10.1038/s41467-021-27652-3
results	based on the above analysis	4	4	10.1038/s41377-025-01835-9;10.1038/s41377-025-01959-y;10.1038/s41467-018-03049-7;10.1038/s41467-026-72733-w
results	the results indicate that the	4	4	10.1038/s41467-024-52521-0;10.1038/s41467-025-65871-0;10.1038/s41467-026-73298-4;10.1038/s41928-024-01181-5
results	transmission electron microscopy tem images	4	4	10.1038/s41377-024-01727-4;10.1038/s41467-024-49751-7;10.1038/s41467-025-57304-9;10.1038/s41467-025-64111-9
results	this is likely due to	4	4	10.1038/s41467-019-13951-3;10.1038/s41467-025-57304-9;10.1038/s41467-025-59515-6;10.1038/s41467-025-62345-1
results	as shown in fig. 2g	4	4	10.1038/s41377-024-01601-3;10.1038/s41467-024-55619-7;10.1038/s41467-025-56068-6;10.1038/s41467-025-65135-x
results	to elucidate the origin of	4	4	10.1038/s41377-025-01867-1;10.1038/s41467-022-35731-2;10.1038/s41467-025-57746-1;10.1038/s41467-026-71949-0
results	it can be observed that	4	4	10.1038/s41377-025-01835-9;10.1038/s41467-019-13909-5;10.1038/s41467-021-24931-x;10.1038/s41467-025-56068-6
results	to understand the effect of	4	4	10.1038/s41467-024-55619-7;10.1038/s41467-025-56987-4;10.1038/s43246-020-00084-0;10.1038/s43246-026-01136-7
discussion	in summary we develop a	4	4	10.1038/s41467-024-54160-x;10.1038/s41467-024-55376-7;10.1038/s41467-025-64696-1;10.1038/s41467-026-71949-0
results	the unit kcps represents kilo-counts	4	1	10.1038/s41467-024-55619-7
results	on the other hand for	4	4	10.1038/s41467-020-16855-9;10.1038/s41467-021-25955-z;10.1038/s41467-024-49751-7;10.1038/s41467-025-60886-z
results	as can be seen from	4	3	10.1038/s43246-026-01177-y;10.1038/s41377-022-01036-8;10.1038/s41467-023-40150-y
results	the x-ray diffraction xrd patterns	4	4	10.1038/s41377-026-02231-7;10.1038/s41467-024-45945-1;10.1038/s41467-025-56001-x;10.1038/s41586-024-07360-w
results	these findings suggest that the	4	3	10.1038/s41377-025-01867-1;10.1038/s41467-025-57304-9;10.1038/s41467-026-69200-x
results	this result indicates that the	4	4	10.1038/s41377-026-02237-1;10.1038/s41467-023-41929-9;10.1038/s41467-025-56987-4;10.1038/s41467-026-73911-6
results	this phenomenon can be attributed	4	4	10.1038/s41467-025-57472-8;10.1038/s41467-025-58471-5;10.1038/s41467-025-67737-x;10.1038/s43246-026-01177-y
results	the experimental results are in	4	2	10.1038/s41928-024-01205-0;10.1038/s41467-024-49791-z
results	in addition due to the	4	4	10.1038/s41467-018-03049-7;10.1038/s41467-019-13909-5;10.1038/s41467-023-41929-9;10.1038/s41467-024-50508-5
results	to test this hypothesis we	4	4	10.1038/s41467-019-12558-y;10.1038/s41467-025-64696-1;10.1038/s41467-026-69200-x;qdp_2016_inas-qd-size-tunable-nir-emission
results	it is known that the	4	4	10.1038/s41467-018-05760-x;10.1038/s41467-019-13909-5;10.1038/s41467-023-43340-w;10.1038/s41928-024-01181-5
results	to further investigate the impact	4	4	10.1038/s41467-023-41929-9;10.1038/s41467-025-65135-x;10.1038/s41467-026-69198-2;10.1038/s41467-026-74583-y
results	as shown in fig. 3h	4	4	10.1038/s41467-023-40194-0;10.1038/s41467-025-57304-9;10.1038/s41467-025-63653-2;10.1038/s41467-026-74583-y
results	the full width at half	4	4	10.1038/s41377-024-01704-x;10.1038/s41467-020-14747-6;10.1038/s41467-025-67737-x;10.1038/s43246-020-00084-0
results	the above results indicate that	4	4	10.1038/s41467-024-44894-z;10.1038/s41467-024-50634-0;10.1038/s41467-025-63389-z;10.1038/s41928-024-01181-5
results	to gain more insight into	4	3	10.1038/s43246-026-01136-7;10.1038/s41467-022-29702-w;10.1038/s41467-024-51760-5
results	the projected density of states	4	4	10.1038/s41467-023-41929-9;10.1038/s41467-024-45945-1;10.1038/s41467-025-65695-y;10.1038/s41563-025-02123-y
results	as shown in fig. 1i	3	2	10.1038/s41467-024-47891-4;10.1038/s41467-025-57304-9
results	these observations suggest that the	3	3	10.1038/s41467-025-58471-5;10.1038/s41467-025-64596-4;10.1038/s42005-023-01169-1
results	both the control and target	3	2	10.1038/s41467-026-71292-4;10.1038/s41377-025-02019-1
results	this enhancement is attributed to	3	3	10.1038/s41467-025-63209-4;10.1038/s41467-026-71949-0;10.1038/s43246-024-00645-7
results	the device structure of the	3	3	10.1038/s41467-020-14747-6;10.1038/s41467-025-66421-4;10.1038/s41566-024-01458-3
results	as a result of the	3	3	10.1038/s41467-022-31853-9;10.1038/s41467-024-55812-8;10.1038/s41467-025-64596-4
results	the scanning electron microscope sem	3	3	10.1038/s41377-026-02231-7;10.1038/s41467-023-36118-7;10.1038/s41467-025-56557-8
results	this could be due to	3	2	10.1038/s41467-022-32010-y;10.1038/s41467-018-02978-7
results	we attribute this to the	3	3	10.1038/s41467-018-06425-5;10.1038/s41467-023-40746-4;10.1038/s41928-024-01205-0
results	as illustrated in fig. 3a	3	3	10.1038/s41377-026-02237-1;10.1038/s41467-025-64596-4;10.1038/s41467-026-72625-z
results	full size image a –	3	2	10.1038/s41467-024-55619-7;10.1038/s41928-024-01181-5
discussion	in summary we have developed	3	3	10.1038/s41377-025-02019-1;10.1038/s41467-021-24616-5;10.1038/s41467-024-47891-4
results	as illustrated in supplementary fig.	3	3	10.1038/s41467-024-47891-4;10.1038/s41467-025-56068-6;10.1038/s41467-025-63389-z
results	figure 1b shows the cross-sectional	3	3	10.1038/s41467-019-08561-y;10.1038/s41467-023-36773-w;10.1038/s41467-023-40194-0
results	for the 40 μm device	3	1	10.1038/s41467-026-74151-4
results	due to the presence of	3	2	10.1038/s41467-024-52521-0;10.1038/s41377-025-01835-9
results	at the same time the	3	3	10.1038/s41467-023-38216-y;10.1038/s41467-024-44894-z;10.1038/s41467-024-53221-5
results	it is known that in	3	3	10.1038/s41467-018-05760-x;10.1038/s41467-020-14756-5;10.1038/s41467-024-52208-6
results	previous studies have shown that	3	3	10.1038/s41467-023-40746-4;10.1038/s41467-024-54160-x;10.1038/s41467-025-57304-9
results	as shown in fig. 2h	3	3	10.1038/s41377-025-01959-y;10.1038/s41467-025-64596-4;10.1038/s41928-024-01181-5
results	the perovskite film deposited on	3	2	10.1038/s41467-026-71301-6;10.1038/s41467-018-07099-9
results	it has been established that	3	3	10.1038/s41467-019-09737-2;10.1038/s41467-023-38216-y;10.1038/s43246-026-01177-y
results	this is evidenced by the	3	2	10.1038/s41467-025-59515-6;10.1038/s41377-025-01817-x
results	we can see that when	3	2	10.1038/s43246-026-01177-y;10.1038/s41467-025-67347-7
results	this result indicated that the	3	1	10.1038/s41467-024-55653-5
results	as the applied voltage increases	3	3	10.1038/s41467-023-40150-y;10.1038/s41467-024-44894-z;10.1038/s41467-025-57304-9
results	the results showed that the	3	3	10.1038/s41377-025-02019-1;10.1038/s41467-021-24931-x;10.1038/s41467-026-72115-2
results	in order to verify the	3	3	10.1038/s41467-019-13909-5;10.1038/s41467-021-22864-z;10.1038/s41467-023-36773-w
results	as shown in fig. 3g	3	3	10.1038/s41377-025-01959-y;10.1038/s41467-024-47184-w;10.1038/s41467-026-72625-z
results	it could be seen that	3	1	10.1038/s41467-020-17633-3
results	in contrast the regulated film	3	1	10.1038/s41467-026-72625-z
results	to investigate the impact of	3	3	10.1038/s41467-023-41929-9;10.1038/s41467-024-51760-5;10.1038/s41467-025-62345-1
results	it is noteworthy that the	3	3	10.1038/s41377-024-01500-7;10.1038/s41467-019-13909-5;10.1038/s41467-024-55812-8
results	to verify the effect of	3	3	10.1038/s41377-024-01727-4;10.1038/s41467-023-35954-x;10.1038/s41467-024-55653-5
results	as shown in fig. 3f	3	3	10.1038/s41377-025-01867-1;10.1038/s41377-025-01959-y;10.1038/s41377-025-01972-1
results	figure 3a shows the transfer	3	3	10.1038/s41467-023-41868-5;10.1038/s41467-025-67347-7;10.1038/s41928-024-01205-0
results	it can be clearly seen	3	3	10.1038/s41467-019-08561-y;10.1038/s41467-024-46243-6;10.1038/s41467-026-73911-6
results	in our previous work we	3	2	10.1038/s41467-024-50508-5;10.1038/s41467-025-56068-6
results	as illustrated in fig. 1b	3	3	10.1038/s41377-026-02231-7;10.1038/s41377-026-02246-0;10.1038/s41467-025-56068-6
results	the scanning electron microscopy sem	3	3	10.1038/s41467-023-40150-y;10.1038/s41467-025-56001-x;10.1038/s41467-025-62345-1
results	it needs to be pointed	3	2	10.1038/s41467-019-13909-5;10.1038/s41467-025-56068-6
results	the pl lifetimes of the	3	3	10.1038/s41467-023-41929-9;10.1038/s41467-024-55653-5;10.1038/s41563-025-02123-y
results	for both driver and load	3	1	10.1038/s41928-024-01205-0
results	the exciton binding energy eb	3	3	10.1038/s41377-025-01740-1;10.1038/s41377-026-02247-z;10.1038/s41467-025-61085-6
results	to further understand the effect	3	3	10.1038/s41377-022-00855-z;10.1038/s41377-026-02237-1;10.1038/s41467-024-55619-7
results	it is observed that the	3	3	10.1038/s41467-024-45945-1;10.1038/s41467-025-67347-7;10.1038/s41467-026-71292-4
results	the absorption and photoluminescence pl	3	3	10.1038/s41377-025-01740-1;10.1038/s41467-025-64696-1;10.1038/s43246-026-01136-7
results	it is interesting to note	3	2	10.1038/s41467-018-06425-5;10.1038/s41467-020-14756-5
results	for the as-deposited films fig.	3	1	10.1038/s41467-022-28480-9
results	to investigate the effects of	3	3	10.1038/s41377-024-01500-7;10.1038/s41467-025-57304-9;10.1038/s41467-026-68315-5
results	this is supported by the	3	2	10.1038/s41467-024-55619-7;10.1038/s41467-024-53221-5
results	in contrast the incorporation of	3	2	10.1038/s41467-024-51760-5;10.1038/s41467-025-64546-0
results	as shown in fig. 3e	3	3	10.1038/s41377-025-02000-y;10.1038/s41467-025-57746-1;10.1038/s41467-025-63389-z
results	the x1 and x2 transitions	3	1	10.1038/s42005-023-01169-1
results	the energy levels of the	3	3	10.1038/s41377-026-02247-z;10.1038/s41467-021-24616-5;10.1038/s41467-026-71292-4
results	in the absence of top	3	1	10.1038/s43246-026-01136-7
results	it can be found that	3	2	10.1038/s41377-025-01768-3;10.1038/s41467-020-17633-3
results	therefore it can be seen	3	2	10.1038/s43246-024-00645-7;10.1038/s41467-025-64696-1
results	fourier transform infrared ftir spectroscopy	3	3	10.1038/s41377-025-01867-1;10.1038/s41377-026-02237-1;10.1038/s41467-024-47184-w
results	as shown in fig. 5i	3	3	10.1038/s41377-025-01959-y;10.1038/s41467-020-20433-4;10.1038/s41467-025-63653-2
results	after the improvement when the	3	1	10.1038/s43246-026-01177-y
results	this indicates that the modification	3	1	10.1038/s41467-025-63389-z
results	on the one hand the	3	3	10.1038/s41377-025-01817-x;10.1038/s41377-025-01972-1;10.1038/s41467-025-67347-7
results	scanning electron microscopy sem images	3	3	10.1038/s41467-019-13437-2;10.1038/s41467-025-59527-2;10.1038/s41467-026-74151-4
results	we also found that the	3	3	10.1038/s41467-021-22864-z;10.1038/s41467-025-56987-4;10.1038/s41467-025-57200-2
results	the results indicated that the	3	1	10.1038/s41467-024-55653-5
results	as shown in fig. 1d	3	3	10.1038/s41377-025-01740-1;10.1038/s41467-022-28037-w;10.1038/s41467-023-40194-0
results	as shown in fig. 1e	3	3	10.1038/s41377-024-01704-x;10.1038/s41467-022-28037-w;10.1038/s41467-024-49574-6
results	in order to examine the	3	3	10.1038/s41467-018-05760-x;10.1038/s41467-020-14747-6;10.1038/s41467-021-20970-6
results	in summary we have demonstrated	2	2	10.1038/s41467-021-24931-x;10.1038/s41467-026-70555-4
results	the highest occupied molecular orbital	2	2	10.1038/s41467-025-67737-x;10.1038/s41467-026-71301-6
results	this might be attributed to	2	1	10.1038/s41467-025-59515-6
results	in the positive driving cycles	2	1	10.1038/s41467-024-47891-4
results	on the other hand after	2	2	10.1038/s41467-022-28480-9;10.1038/s41467-025-63653-2
results	a logarithmic j-v characteristic of	2	1	10.1038/s41467-023-36773-w
results	the trap state density of	2	2	10.1038/s41377-026-02247-z;10.1038/s41467-025-56001-x
discussion	as shown in supplementary fig.	2	2	10.1038/s41467-020-14747-6;10.1038/s41467-022-29702-w
results	in contrast the tdfa sample	2	1	10.1038/s41467-025-65871-0
results	to gain further insights into	2	2	10.1038/s41467-018-05909-8;10.1038/s41467-021-24616-5
results	the ne of the in₂o₃:h	2	1	10.1038/s41467-022-28480-9
results	the contact potential difference cpd	2	2	10.1038/s41467-024-51760-5;10.1038/s41467-025-59515-6
results	however it is worth noting	2	2	10.1038/s41467-024-52401-7;10.1038/s41467-024-55376-7
results	the target device exhibited a	2	2	10.1038/s41377-026-02247-z;10.1038/s41467-026-72115-2
results	the qleds using the as-synthesized	2	1	10.1038/s41467-020-14756-5
results	the transient absorption spectra of	2	2	10.1038/s41377-022-00992-5;10.1038/s41467-019-12558-y
results	however due to the presence	2	2	10.1038/s41467-024-52521-0;10.1038/s41467-026-70555-4
results	a similar trend was also	2	2	10.1038/s41377-025-01959-y;10.1038/s41467-025-59515-6
results	in summary we have developed	2	2	10.1038/s41467-025-56068-6;10.1038/s41467-026-75756-5
results	the 150 °c deposited zno	2	1	10.1038/s41467-023-41868-5
results	device based on chiral pqds	2	1	10.1038/s41467-025-57472-8
discussion	by simultaneously measuring the el	2	2	10.1038/s41467-018-03049-7;10.1038/s41467-024-52521-0
results	the fast fourier transform fft	2	2	10.1038/s41467-023-40746-4;10.1038/s41467-025-61085-6
results	the current density-voltage-luminance j-v-l characteristics	2	2	10.1038/s41467-024-52401-7;10.1038/s41467-025-57304-9
results	the pec performance of the	2	1	10.1038/s41467-024-50893-x
results	all blinking traces were built	2	1	10.1038/s41467-024-55619-7
results	the corresponding emission spectra are	2	2	10.1038/s41467-020-16659-x;10.1038/s41467-025-56987-4
results	the wch and lch of	2	1	10.1038/s41467-023-41868-5
results	this may be due to	2	2	10.1038/s41467-018-05909-8;10.1038/s41467-023-36773-w
results	the el spectrum of cdse/zns	2	1	10.1038/s41377-026-02246-0
results	this reduction in leakage current	2	2	10.1038/s41467-024-54160-x;10.1038/s41467-026-72625-z
results	the average voltage gain of	2	1	10.1038/s41467-025-57200-2
results	in contrast the perovskite film	2	2	10.1038/s41467-025-56001-x;10.1038/s43246-024-00576-3
results	the average pl decay lifetime	2	2	10.1038/s41467-024-49751-7;10.1038/s41467-024-55653-5
results	the transient absorption ta spectra	2	2	10.1038/s41467-020-16855-9;10.1038/s41467-025-61085-6
results	as far as we know	2	2	10.1038/s41467-019-09794-7;10.1038/s41467-020-15481-9
results	as shown in the cross-sectional	2	2	10.1038/s41467-024-49838-1;10.1038/s41928-026-01670-9
results	as shown in fig. 1c	2	2	10.1038/s41467-021-24616-5;10.1038/s41467-024-55619-7
results	thus it can be inferred	2	2	10.1038/s41467-026-73911-6;10.1038/s43246-024-00645-7
results	as illustrated in fig. 1a	2	2	10.1038/s41467-019-13909-5;10.1038/s41467-025-63653-2
results	additionally the series resistance of	2	2	10.1038/s41467-024-54160-x;10.1038/s41467-025-58047-3
results	in addition according to the	2	2	10.1038/s41467-023-40746-4;10.1038/s41467-025-64111-9
discussion	as a result the optimized	2	2	10.1038/s41377-025-02019-1;10.1038/s41467-024-49574-6
results	these effects are consistent with	2	2	10.1038/s41467-022-31478-y;10.1038/s41467-025-58471-5
results	as shown in the atomic	2	2	10.1038/s41467-018-05909-8;10.1038/s41467-019-09794-7
results	where vtfl is the trap-filled	2	2	10.1038/s41377-024-01704-x;10.1038/s41377-026-02237-1
results	in contrast the zno nps	2	1	10.1038/s41377-025-01867-1
results	the absorption and pl spectra	2	2	10.1038/s41467-019-13951-3;10.1038/s41467-021-24616-5
results	figure 2a shows the current	2	2	10.1038/s41467-018-07383-8;10.1038/s41467-026-74151-4
results	when the temperature is elevated	2	2	10.1038/s41467-022-28037-w;10.1038/s41467-024-52521-0
results	these values are consistent with	2	2	10.1038/s41467-025-57200-2;10.1038/s41467-025-59515-6
results	due to the particle nature	2	1	10.1038/s41377-025-01972-1
results	the average grain size of	2	1	10.1038/s41467-026-73911-6
results	as a demonstration we show	2	2	10.1038/s41377-025-01835-9;10.1038/s41467-024-47891-4
results	x-ray diffraction xrd patterns supplementary	2	2	10.1038/s41467-025-56557-8;10.1038/s41467-025-62345-1
results	the giwaxs results show that	2	2	10.1038/s41467-025-56001-x;10.1038/s41467-025-65871-0
results	as the amount of added	2	2	10.1038/s41467-020-16855-9;10.1038/s43246-026-01177-y
results	the photolithography template assisted processing	2	1	10.1038/s41377-025-02000-y
results	however as shown in fig.	2	2	10.1038/s41467-022-28037-w;10.1038/s43246-026-01177-y
results	the static currents vin =	2	2	10.1038/s41467-020-18006-6;10.1038/s41467-025-57200-2
results	after annealing at 250 °c	2	1	10.1038/s41467-022-28480-9
results	this is in contrast to	2	2	10.1038/s41467-024-53221-5;10.1038/s41467-025-66981-5
results	this could be attributed to	2	2	10.1038/s41377-026-02247-z;10.1038/s41467-022-31478-y
results	the conduction and valence band	2	2	10.1038/s41467-018-06294-y;alhtl_2017_cspbbr3-moo3-hil-peled
results	the x-ray diffraction xrd pattern	2	2	10.1038/s41467-019-08561-y;10.1038/s41467-021-24762-w
results	the tem images of the	2	2	10.1038/s41467-021-27652-3;10.1038/s41467-025-63653-2
results	as the annealing time increases	2	1	10.1038/s41467-025-58470-6
results	the steady-state pl spectra and	2	2	10.1038/s41467-020-20433-4;10.1038/s41467-021-21522-8
results	the characteristic peak of p	2	1	10.1038/s41467-024-55653-5
results	in addition the i 3d	2	2	10.1038/s41377-024-01704-x;10.1038/s41467-020-14747-6
results	the bf 4 − -treated	2	1	10.1038/s41928-024-01181-5
results	the above results show that	2	2	10.1038/s41467-024-50893-x;10.1038/s41467-025-57472-8
results	according to eq. 2 the	2	1	10.1038/s41377-026-02356-9
results	on the other hand hole	2	2	10.1038/s41467-019-13951-3;qdp_2013_auger-control-carrier-kinetics
results	x-ray photoelectron spectroscopy xps confirms	2	2	10.1038/s41377-025-01987-8;10.1038/s41467-026-72115-2
results	to investigate the interaction between	2	2	10.1038/s41467-024-49751-7;10.1038/s41467-025-66421-4
results	a cross-sectional sem image of	2	2	10.1038/s41467-018-06425-5;alhtl_2017_cspbbr3-moo3-hil-peled
results	the dc bias of the	2	1	10.1038/s41467-025-67347-7
results	as shown in fig. 5g	2	2	10.1038/s41467-020-16865-7;10.1038/s41467-025-63653-2
results	only at very high excitation	2	1	10.1038/s41467-018-06425-5
results	from the transfer curves in	2	2	10.1038/s41467-025-67347-7;10.1038/s41928-024-01205-0
results	where i₀ is the integrated	2	2	10.1038/s41377-024-01704-x;10.1038/s41377-026-02237-1
results	figure 2a and supplementary fig.	2	2	10.1038/s41377-025-02000-y;10.1038/s41467-023-35954-x
results	the peak eqe of the	2	2	10.1038/s41467-023-43472-z;qdp_2013_auger-control-carrier-kinetics
results	the in situ transformation of	2	1	10.1038/s41467-024-50893-x
results	the second derivative of the	2	2	10.1038/s41377-025-01972-1;10.1038/s41467-024-49751-7
results	before improvement when the carrier	2	1	10.1038/s43246-026-01177-y
results	given the critical role of	2	2	10.1038/s41467-020-20582-6;10.1038/s41467-025-66981-5
results	details are shown in the	2	1	10.1038/s41377-024-01601-3
results	on the other side the	2	2	10.1038/s41467-024-55653-5;10.1038/s41467-025-63653-2
discussion	in conclusion we have shown	2	2	10.1038/s41467-019-12558-y;10.1038/s41467-020-20433-4
results	to evaluate the reproducibility of	2	2	10.1038/s41467-022-31189-4;10.1038/s41467-024-50508-5
results	in order to explain the	2	2	10.1038/s41467-019-08561-y;10.1038/s41467-023-36773-w
results	it is seen that the	2	2	10.1038/s41467-024-49838-1;10.1038/s41467-025-59515-6
results	as shown in fig. 5e	2	2	10.1038/s41467-018-06294-y;10.1038/s41467-025-65871-0
discussion	in this work we have	2	2	10.1038/s41467-019-08561-y;10.1038/s41467-023-39531-0
results	to further confirm the interaction	2	2	10.1038/s41467-024-51760-5;10.1038/s41467-026-71292-4
results	in contrast f408-inp:zn mscs and	2	1	10.1038/s41467-020-16855-9
results	it was obvious that the	2	1	10.1038/s41467-024-55653-5
results	these findings are consistent with	2	2	10.1038/s41467-026-69198-2;10.1038/s41467-026-71949-0
results	as a result the obtained	2	1	10.1038/s41467-025-63653-2
discussion	this work provides an effective	2	2	10.1038/s41467-025-56001-x;10.1038/s41467-026-71949-0
results	these observations indicate that the	2	2	10.1038/s41467-024-45944-2;10.1038/s43246-026-01177-y
results	as presented in fig. 4i	2	1	10.1038/s41467-022-29538-4
results	the density of states dos	2	2	10.1038/s43246-026-01136-7;10.1038/s43246-026-01177-y
results	as shown in fig. 4e	2	2	10.1038/s41467-021-24762-w;10.1038/s43246-026-01177-y
results	in addition in order to	2	1	10.1038/s41377-025-01959-y
results	the effect of [bmim]otf on	2	1	10.1038/s41377-025-01959-y
results	at the initial stage of	2	2	10.1038/s41467-023-43340-w;10.1038/s41467-026-71949-0
results	compared to the control film	2	2	10.1038/s41467-019-13909-5;10.1038/s41467-025-65871-0
results	in contrast the device based	2	2	10.1038/s41467-018-07099-9;10.1038/s41467-024-51760-5
results	as shown in fig. 3i	2	2	10.1038/s41377-025-01959-y;10.1038/s41467-026-72625-z
results	it is well established that	2	2	10.1038/s41467-019-09737-2;10.1038/s41467-023-43472-z
results	as illustrated in fig. 4g	2	2	10.1038/s41377-024-01601-3;10.1038/s41467-024-50634-0
results	the gradient distribution of quasi-2d	2	1	10.1038/s41467-025-56001-x
results	this stage starts at around	2	1	10.1038/s41467-020-20433-4
discussion	we envision that this versatile	2	1	10.1038/s41467-024-47184-w
results	as shown in fig. 5a	2	2	10.1038/s41467-019-09794-7;10.1038/s41467-020-15481-9
results	for the 3- 4- 5-	2	1	10.1038/s41467-022-31853-9
results	this finding suggests that the	2	2	10.1038/s41467-023-41929-9;10.1038/s41467-025-58470-6
results	to simplify the calculation we	2	1	10.1038/s41377-026-02356-9
results	on the other hand we	2	2	10.1038/s41467-025-66981-5;10.1038/s43246-026-01177-y
results	as illustrated in fig. 5	2	2	10.1038/s41467-024-50893-x;10.1038/s41467-024-55376-7
results	this can be explained by	2	2	10.1038/s41467-018-03049-7;10.1038/s41467-024-46243-6
results	taken together the data presented	2	1	10.1038/s41467-021-22864-z
results	therefore we conclude that the	2	2	10.1038/s41467-025-56557-8;10.1038/s41467-025-57746-1
results	the threshold voltages of the	2	1	10.1038/s41467-022-31853-9
results	collectively these results demonstrate that	2	1	10.1038/s41377-025-02019-1
results	the driving method is similar	2	1	10.1038/s41467-020-16659-x
results	the transfer characteristics of the	2	2	10.1038/s41467-023-38216-y;10.1038/s41467-023-41041-y
results	the flat-band energy level diagram	2	2	10.1038/s41377-020-0328-6;10.1038/s41467-024-50634-0
results	in order to investigate the	2	2	10.1038/s41377-025-01959-y;10.1038/s41467-024-49751-7
results	as illustrated in fig. 4b	2	2	10.1038/s41467-024-52401-7;10.1038/s41467-025-64696-1
results	the electroluminescence el spectra of	2	2	10.1038/s41377-024-01704-x;10.1038/s41467-020-20433-4
results	full size image a device	2	2	10.1038/s41467-024-52401-7;10.1038/s41566-024-01458-3
results	it can be seen from	2	2	10.1038/s41377-022-01036-8;10.1038/s41467-021-24931-x
results	in order to understand the	2	2	10.1038/s41467-020-14747-6;10.1038/s41467-024-55376-7
results	to demonstrate the universality of	2	2	10.1038/s41467-018-07099-9;10.1038/s41467-022-32010-y
results	the presence of al2o3 particles	2	1	10.1038/s41467-025-64546-0
results	simulation and experimental demonstration of	2	1	10.1038/s41467-023-41868-5
results	the average size of the	2	2	10.1038/s41467-024-45945-1;10.1038/s43246-026-01136-7
results	consequently we have demonstrated the	2	2	10.1038/s41377-026-02246-0;10.1038/s41467-026-71292-4
results	the degree of polarization dop	2	2	10.1038/s41467-024-49791-z;10.1038/s41467-025-65871-0
results	in addition as shown in	2	2	10.1038/s41467-019-13909-5;10.1038/s41467-025-64696-1
results	the el spectra as a	2	2	10.1038/s41467-019-09794-7;10.1038/s41467-024-49838-1
results	electro-optical characteristics of cspbbr₃ qd-based	2	1	10.1038/s41467-021-24762-w
results	in the 1h nmr spectra	2	2	10.1038/s41467-025-63684-9;10.1038/s41467-026-71301-6
results	based on these results the	2	2	10.1038/s41467-024-47184-w;10.1038/s43246-026-01177-y
results	figure 3b shows the energy	2	2	10.1038/s41467-021-24616-5;10.1038/s41467-023-36773-w
results	as a result the eqe	2	2	10.1038/s41377-025-01817-x;10.1038/s41467-024-47891-4
discussion	in this work we demonstrated	2	2	10.1038/s41467-022-32010-y;10.1038/s41467-025-65871-0
results	in our studies we use	2	2	qdp_2012_lifetime-blinking-nonblinking-qd;qdp_2013_auger-control-carrier-kinetics
results	density functional theory dft simulations	2	2	10.1038/s41467-018-05909-8;10.1038/s41467-026-71949-0
discussion	as shown in fig. 5a	2	2	10.1038/s41467-020-14747-6;10.1038/s41467-023-40194-0
results	these results also indicate that	2	2	10.1038/s41467-020-16560-7;10.1038/s41467-025-58471-5
results	figure 1c shows the cross-sectional	2	2	10.1038/s41467-019-08561-y;10.1038/s41467-024-49574-6
results	the effect of ase is	2	1	10.1038/s41586-023-05855-6
results	as seen in fig. 3c	2	2	10.1038/s41467-023-35954-x;10.1038/s41928-024-01205-0
results	x-ray photoelectron spectroscopy xps analysis	2	2	10.1038/s41467-024-49751-7;10.1038/s41467-026-69198-2
results	as illustrated in fig. 1g	2	2	10.1038/s41377-025-01835-9;10.1038/s41467-019-13909-5
results	rainbow's digital twin is a	2	1	10.1038/s41467-025-63209-4
results	the cie coordinates of the	2	2	10.1038/s41377-025-02019-1;10.1038/s41377-026-02184-x
results	to exclude the effect of	2	2	10.1038/s41377-026-02246-0;10.1038/s41467-024-55653-5
results	when the thickness of moo₃	2	1	10.1038/s43246-020-00084-0
results	based on these findings we	2	2	10.1038/s41467-024-54160-x;10.1038/s41467-025-64696-1
results	it is reported that the	2	2	10.1038/s41467-023-40150-y;10.1038/s41467-025-60886-z
results	on the other hand when	2	2	10.1038/s41467-020-20555-9;10.1038/s41467-024-49751-7
results	figure 1b shows the absorption	2	2	10.1038/s41377-025-01959-y;10.1038/s41467-025-57746-1
results	in addition the electron mobility	2	1	10.1038/s41467-018-05760-x
results	excitingly the blade-coated film is	2	1	10.1038/s41467-020-20433-4
results	the corresponding tft performances for	2	1	10.1038/s41467-025-57200-2
results	where nt is the trap	2	2	10.1038/s41377-026-02247-z;10.1038/s41467-025-61085-6
results	these results clearly demonstrate that	2	2	10.1038/s41467-025-64696-1;10.1038/s41467-026-74583-y
results	the relative photoluminescence efficiency of	2	1	10.1038/s41467-020-14756-5
results	the absorption spectra of the	2	2	10.1038/s41467-020-14747-6;10.1038/s41467-025-56557-8
results	as bias voltage increased from	2	2	10.1038/s41467-018-05909-8;10.1038/s41467-019-09794-7
results	kelvin probe force microscope kpfm	2	2	10.1038/s41467-025-63389-z;10.1038/s41467-026-73911-6
results	therefore we infer that tpp	2	1	10.1038/s41467-025-64696-1
discussion	in addition we find that	2	2	10.1038/s41467-020-14747-6;10.1038/s41467-024-52208-6
results	to evaluate the impact of	2	2	10.1038/s41377-025-02019-1;10.1038/s41467-026-71301-6
results	the atomic force microscopy afm	2	2	10.1038/s41377-024-01704-x;10.1038/s41467-025-56001-x
results	the pl qys of the	2	2	10.1038/s41467-022-35731-2;10.1038/s41467-025-63653-2
results	in addition to the improvement	2	2	10.1038/s41467-024-49751-7;10.1038/s41467-024-50508-5
results	similar results were observed for	2	2	10.1038/s41467-022-28480-9;10.1038/s41467-023-41929-9
results	transient photocurrent tpc and transient	2	2	10.1038/s41467-026-69198-2;10.1038/s41467-026-71301-6
results	the fourier transform infrared ftir	2	2	10.1038/s41377-026-02231-7;10.1038/s41928-024-01181-5
results	the detailed performances of the	2	1	10.1038/s41467-020-16659-x
results	steady-state photoluminescence pl measurements show	2	2	10.1038/s41377-025-01987-8;10.1038/s41467-018-07099-9
results	in addition grazing-incidence wide-angle x-ray	2	2	10.1038/s41467-019-09794-7;10.1038/s41467-020-14747-6
results	x-ray diffraction xrd measurements are	2	2	10.1038/s41467-018-02978-7;10.1038/s41467-022-32010-y
results	this in turn leads to	2	2	10.1038/s41467-018-07383-8;10.1038/s41467-022-31189-4
results	as schematically shown in fig.	2	2	10.1038/s41377-025-01835-9;10.1038/s41467-024-47891-4
results	the qled with long-range ordered	2	1	10.1038/s41467-025-62345-1
results	it has been observed from	2	1	10.1038/s43246-026-01136-7
results	transmission electron microscope tem images	2	2	10.1038/s41467-020-16652-4;10.1038/s41467-025-62345-1
results	it is also noteworthy that	2	2	10.1038/s41467-023-43340-w;10.1038/s43246-021-00203-5
results	as shown in fig. 4g	2	2	10.1038/s41467-020-16659-x;10.1038/s41467-026-72115-2
results	full size imagea energy level	2	1	10.1038/s41467-021-27652-3
results	supplementary fig. 12 shows the	2	2	10.1038/s41467-024-47184-w;10.1038/s41467-025-64111-9
discussion	in conclusion we have developed	2	2	10.1038/s41467-020-14747-6;10.1038/s41467-024-50022-8
discussion	in summary we have successfully	2	2	10.1038/s41377-025-02000-y;10.1038/s41467-018-06294-y
results	the intensity distribution histograms of	2	1	10.1038/s41467-024-55619-7
results	in addition x-ray photoelectron spectroscopy	2	2	10.1038/s41467-020-17633-3;10.1038/s41467-024-45945-1
results	similar results were also obtained	2	1	10.1038/s41467-024-55653-5
results	this value is higher than	2	2	10.1038/s41467-020-16652-4;10.1038/s41467-022-31189-4
results	as shown in supplementary figure	2	1	10.1038/s41467-019-08561-y
discussion	to the best of our	2	2	10.1038/s41467-023-36118-7;10.1038/s41467-025-58047-3
results	the inset image in d	2	1	10.1038/s41467-021-27652-3
results	the corresponding evolution of pl	2	1	10.1038/s41467-026-72625-z
results	this discrepancy may be attributed	2	2	10.1038/s41467-025-65871-0;10.1038/s41467-025-66981-5
results	the density functional theory dft	2	2	10.1038/s41467-025-63653-2;10.1038/s41467-025-67737-x
results	compared with the peled without	2	1	10.1038/s43246-020-00084-0
results	to investigate this effect we	2	1	10.1038/s41467-026-69198-2
results	the increased eb of the	2	2	10.1038/s41377-026-02247-z;10.1038/s41467-026-71292-4
results	the pl intensity of the	2	2	10.1038/s41467-024-54160-x;10.1038/s41467-025-60886-z
results	in the cu-doped qds the	2	1	10.1038/s41467-019-12558-y
results	figure 4a shows the schematic	2	2	10.1038/s41467-024-47891-4;10.1038/s43246-021-00203-5
results	the grain size of perovskite	2	2	10.1038/s41377-025-01740-1;10.1038/s41467-025-56001-x
results	the eqe of the leds	2	2	10.1038/s41467-025-65871-0;alhtl_2017_cspbbr3-moo3-hil-peled
results	full size image a absorption	2	2	10.1038/s41467-024-52401-7;10.1038/s41928-024-01181-5
results	so far we have shown	2	2	10.1038/s41467-018-03049-7;10.1038/s41467-021-22864-z
results	the estimated trap density of	2	2	10.1038/s41377-024-01704-x;10.1038/s41377-026-02237-1
results	transient absorption ta spectroscopy measurements	2	2	10.1038/s41377-025-01740-1;10.1038/s41467-023-36118-7
results	figure 1a illustrates the schematic	2	2	10.1038/s41467-021-20970-6;10.1038/s41467-023-43472-z
results	scanning electron microscopy sem and	2	2	10.1038/s41377-025-01768-3;10.1038/s41467-026-68315-5
results	the root mean square rms	2	2	10.1038/s41467-021-27652-3;10.1038/s41467-025-64111-9
results	the cross-section scanning electron microscopy	2	2	10.1038/s41467-018-02978-7;10.1038/s41467-019-09794-7
results	the j-v curve of the	2	2	10.1038/s41467-026-69198-2;10.1038/s43246-024-00645-7
results	as the driving voltage is	2	2	10.1038/s41467-024-47891-4;10.1038/s41467-024-52521-0
results	as shown in fig. 5d	2	2	10.1038/s41377-025-01959-y;10.1038/s41467-021-27652-3
results	the above results demonstrate the	2	2	10.1038/s41467-025-64696-1;10.1038/s41928-024-01181-5
results	it has been observed that	2	2	10.1038/s41467-024-51760-5;10.1038/s41467-026-71949-0
results	it is pertinent to note	2	1	10.1038/s41467-021-22864-z
results	the simulated hole and electron	2	1	10.1038/s41467-022-31853-9
results	the corresponding cie coordinates are	2	1	10.1038/s41467-020-20582-6
results	in addition to the high	2	2	10.1038/s41467-018-06425-5;10.1038/s41467-025-64111-9
results	the perovskite film on m-pedot	2	1	10.1038/s41467-025-56001-x
results	there is no change in	2	1	10.1038/s41467-022-29702-w
results	the pl spectra of the	2	2	10.1038/s41467-018-05909-8;10.1038/s41566-024-01458-3
results	as demonstrated in fig. 3d	2	2	10.1038/s41377-026-02356-9;10.1038/s41467-023-40150-y
results	this phenomenon is similar to	2	2	10.1038/s41467-024-46243-6;10.1038/s41467-025-59527-2
results	grazing incidence wide-angle x-ray scattering	2	2	10.1038/s41467-019-13909-5;10.1038/s41467-025-64111-9
results	x-ray photoelectron spectroscopy xps was	2	2	10.1038/s41467-019-13437-2;10.1038/s41467-024-55653-5
results	figure 4c shows the el	2	2	10.1038/s41467-021-24931-x;10.1038/s43246-020-00084-0
results	the corresponding normalized s21 frequency	2	1	10.1038/s41467-026-74151-4
results	for a direct comparison with	2	2	10.1038/s41467-018-04986-z;10.1038/s41467-020-15481-9
results	these results further indicate that	2	2	10.1038/s41467-018-05760-x;10.1038/s41467-024-45945-1
results	full size imagea schematic diagram	2	2	10.1038/s41467-025-63389-z;10.1038/s41467-025-64111-9
results	the ta results show that	2	1	10.1038/s41467-025-56001-x
results	this is significantly higher than	2	2	10.1038/s41377-025-02019-1;alhtl_2017_cspbbr3-moo3-hil-peled
results	this observation contrasts with the	2	2	10.1038/s41467-018-07383-8;10.1038/s41467-023-43472-z
results	these results also confirm that	2	2	10.1038/s41377-026-02356-9;10.1038/s41467-025-66421-4
results	the data were analyzed using	2	1	10.1038/s41467-025-57200-2
results	as shown in fig. 5b	2	2	10.1038/s41377-026-02246-0;10.1038/s41467-020-20433-4
results	it should also be noted	2	2	10.1038/s41467-020-20433-4;10.1038/s41586-024-07149-x
results	on the other hand in	2	2	10.1038/s41467-021-25955-z;10.1038/s41467-025-56987-4
results	as shown in the confocal	2	2	10.1038/s41377-026-02247-z;10.1038/s41467-020-16865-7
results	on the basis of this	2	2	10.1038/s41467-026-72733-w;10.1038/s41928-026-01670-9
results	full size image a b	2	1	10.1038/s41467-024-55619-7
results	taken together the data in	2	2	10.1038/s41467-018-07383-8;10.1038/s41467-021-22864-z
results	throughout the figure yellow and	2	1	10.1038/s41467-026-74151-4
results	compared to the control the	2	2	10.1038/s41377-026-02237-1;10.1038/s41467-025-63389-z
results	to gain insight into the	2	2	10.1038/s41467-024-50893-x;10.1038/s41467-026-72625-z
results	the quasi-2d perovskite films were	2	2	10.1038/s41467-025-56001-x;10.1038/s41467-026-72733-w
results	as shown in fig. 1g	2	2	10.1038/s41467-020-20555-9;10.1038/s41467-025-59515-6
results	this could result from a	2	1	10.1038/s43246-024-00576-3
results	to assess the impact of	2	2	10.1038/s41377-026-02231-7;10.1038/s41467-023-36118-7
discussion	in summary we have investigated	2	2	10.1038/s41377-020-0328-6;10.1038/s41467-018-07383-8
results	atomic force microscope afm measurements	2	2	10.1038/s41467-023-36118-7;10.1038/s41467-025-56557-8
results	the average values of μsat	2	1	10.1038/s41467-025-57200-2
results	the results are summarized and	2	1	10.1038/s43246-026-01177-y
results	the control film displays a	2	2	10.1038/s41467-020-20582-6;10.1038/s41467-026-72625-z
results	on the contrary reducing the	2	1	10.1038/s43246-026-01136-7
results	the small-signal current gain h21	2	1	10.1038/s41467-025-67347-7
results	figure 1a shows the chemical	2	2	10.1038/s41467-025-56068-6;10.1038/s41467-025-63389-z
results	full size image a plots	2	1	10.1038/s41467-025-56987-4
results	in addition benefiting from the	2	2	10.1038/s41467-020-18006-6;10.1038/s41467-026-74198-3
results	encouraged by the above results	2	2	10.1038/s41467-018-05909-8;10.1038/s41467-025-64596-4
results	x-ray photoelectron spectroscopy xps is	2	2	10.1038/s41377-022-01036-8;10.1038/s41467-025-57472-8
results	the current density-voltage-luminance j-v-l curves	2	2	10.1038/s41377-025-01817-x;10.1038/s41467-025-56001-x
results	the pulse voltage is 4.0	2	1	10.1038/s41928-024-01181-5
discussion	these results suggest that the	2	2	10.1038/s41467-020-14747-6;10.1038/s41467-025-58047-3
results	to understand the origin of	2	2	10.1038/s41467-017-01379-6;10.1038/s41467-026-69200-x
results	although a small decrease in	2	1	10.1038/s41467-024-47184-w
results	the transmission electron microscopy tem	2	2	10.1038/s41377-022-00992-5;10.1038/s41467-024-55812-8
results	as shown in fig. 1f	2	2	10.1038/s41377-025-01972-1;10.1038/s41467-020-20555-9
results	in the control film the	2	1	10.1038/s41467-026-72625-z
results	as depicted in fig. 2c	2	2	10.1038/s41467-025-64596-4;10.1038/s41467-026-74583-y
results	the green and orange colors	2	1	10.1038/s43246-026-01136-7
results	compared to the pristine film	2	2	10.1038/s41377-025-01740-1;10.1038/s41467-026-74583-y
results	the control device based on	2	2	10.1038/s41467-018-07099-9;10.1038/s41467-020-14747-6
results	in contrast it is evident	2	1	10.1038/s41467-021-22864-z
results	we therefore conclude that the	2	2	10.1038/s41467-023-41929-9;10.1038/s41467-025-57746-1
results	to gain deeper insights into	2	2	10.1038/s41467-024-51760-5;10.1038/s41467-026-74583-y
results	to further investigate the effect	2	2	10.1038/s41377-025-01817-x;10.1038/s41377-026-02246-0
results	grazing-incidence wide-angle x-ray scattering giwaxs	2	2	10.1038/s41377-025-01768-3;10.1038/s41467-026-74583-y
results	where j d and v	2	2	10.1038/s41377-024-01704-x;10.1038/s41377-026-02237-1
results	as reported in previous studies	2	2	10.1038/s41467-020-16865-7;10.1038/s41467-024-49791-z
results	cracks of the qd layer	2	1	qc_2015_wearable-rgb-qled-array
results	one is to optimise the	2	1	10.1038/s41467-022-31853-9
results	this suggests that the presence	2	2	10.1038/s41467-018-06425-5;10.1038/s41467-025-64696-1
results	in addition to the patterns	2	2	10.1038/s41467-020-16652-4;10.1038/s41467-021-24931-x
results	further increasing the voltage the	2	1	10.1038/s41467-024-52521-0
results	electrical generation of single excitons	2	1	10.1038/s41467-020-15944-z
results	indeed as shown in fig.	2	2	10.1038/s41377-025-01835-9;10.1038/s41467-022-32010-y
results	electrospray ionization mass spectrometry esi-ms	2	2	10.1038/s41467-023-39531-0;10.1038/s41467-026-74198-3
results	moreover as shown in supplementary	2	2	10.1038/s41467-024-47184-w;qc_2015_wearable-rgb-qled-array
results	the corresponding steady state pl	2	2	10.1038/s41467-023-40150-y;10.1038/s41467-025-61085-6
results	x-ray photoelectron spectroscopy xps and	2	2	10.1038/s41467-026-68315-5;10.1038/s43246-024-00576-3
results	cross-sectional sem images of the	2	2	10.1038/s41467-026-69198-2;10.1038/s41467-026-73911-6
results	for the target qd film	2	1	10.1038/s41377-026-02247-z
discussion	in summary we developed an	2	2	10.1038/s41377-026-02247-z;10.1038/s41467-019-09794-7
results	the measured frequency of the	2	1	10.1038/s41467-023-41868-5
results	to explore the effect of	2	2	10.1038/s41467-018-05909-8;10.1038/s41467-026-73911-6
results	the stabilized power output of	2	2	10.1038/s41467-019-13437-2;10.1038/s41467-019-13909-5
results	x-ray diffraction xrd patterns show	2	2	10.1038/s41467-018-07099-9;10.1038/s41467-019-13437-2
results	the steady-state absorption and emission	2	2	10.1038/s41467-019-12558-y;10.1038/s41467-025-56987-4
results	interestingly the hydrogen evolution efficiency	2	1	10.1038/s41467-018-06294-y
results	except that the vy is	2	1	10.1038/s41467-020-16659-x
results	as is shown in the	2	1	10.1038/s43246-020-00084-0
results	this is in agreement with	2	2	10.1038/s41467-020-16560-7;10.1038/s41467-021-22864-z
results	it was revealed that the	2	1	10.1038/s41467-025-56068-6
results	open access funding provided by	2	2	10.1038/s41467-026-75756-5;10.1038/s41928-024-01151-x
results	the results demonstrate that the	2	2	10.1038/s41467-023-41041-y;10.1038/s41467-025-58470-6
results	in order to further understand	2	2	10.1038/s41467-020-14747-6;10.1038/s43246-026-01136-7
results	the comparison of luminance vs.	2	2	10.1038/s41467-018-04986-z;10.1038/s41467-020-15481-9
results	from the above results we	2	2	10.1038/s41377-026-02247-z;10.1038/s41467-020-17633-3
results	we also notice that the	2	2	10.1038/s41467-018-03049-7;10.1038/s41467-020-20582-6
results	the cross-sectional sem image of	2	2	10.1038/s41377-025-01768-3;10.1038/s41467-025-56068-6
results	the reason for the improved	2	1	10.1038/s41467-022-32010-y
discussion	in summary we address a	2	2	10.1038/s41467-022-28037-w;10.1038/s41467-024-52521-0
results	this result suggests that the	2	2	10.1038/s41467-022-28480-9;10.1038/s41467-022-29538-4
results	in contrast the pl peak	2	2	10.1038/s41467-018-05909-8;10.1038/s41467-025-58470-6
results	it is also found that	2	2	10.1038/s41467-018-04986-z;10.1038/s41467-024-45945-1
results	as depicted in fig. 4a	2	2	10.1038/s41467-024-47184-w;10.1038/s41467-024-52401-7
results	this results in a high	2	2	10.1038/s41467-020-20433-4;10.1038/s41467-022-32010-y
results	this is similar to the	2	2	10.1038/s41467-022-31189-4;10.1038/s41467-023-40746-4
results	in addition we measured the	2	2	10.1038/s41377-020-0328-6;10.1038/s41467-020-16855-9
results	this should be due to	2	1	10.1038/s41467-020-20433-4
results	these findings collectively demonstrate that	2	2	10.1038/s41467-024-54160-x;10.1038/s41467-026-74583-y
results	based on these measurements we	2	2	10.1038/s41377-025-01817-x;qdp_2014_carrier-multiplication-quasi-type-ii
results	the operational lifetime of the	2	2	10.1038/s41467-020-14756-5;10.1038/s41467-024-49574-6
results	compared to the pristine qd	2	1	10.1038/s41377-026-02247-z
results	furthermore as shown in supplementary	2	2	10.1038/s41377-026-02231-7;10.1038/s41467-024-47891-4
results	in this case the voltage	2	2	10.1038/s41377-026-02356-9;10.1038/s41928-024-01205-0
results	the calculation results show that	2	2	10.1038/s41377-022-00992-5;10.1038/s41467-026-70555-4
results	in contrast the target qd	2	1	10.1038/s41377-026-02247-z
discussion	further theoretical deduction and experimental	1	1	10.1038/s41467-022-28037-w
results	although few empty holes are	1	1	10.1038/s41467-023-40150-y
discussion	the 1.55 ev target pscs	1	1	10.1038/s41467-026-73911-6
results	although each device has a	1	1	10.1038/s41467-023-43408-7
discussion	the understanding gained from these	1	1	10.1038/s41467-021-22864-z
discussion	as a result cf3-bsa enhances	1	1	10.1038/s41467-026-72733-w
results	additionally the thermal stability of	1	1	10.1038/s41467-025-63389-z
results	as a result the exciton	1	1	10.1038/s41377-025-02019-1
results	a similar mechanism for the	1	1	qdp_2013_auger-control-carrier-kinetics
discussion	since most antiferromagnets exhibit uncompensated	1	1	10.1038/s41467-025-66981-5
discussion	also to control the position	1	1	10.1038/s41467-020-16865-7
results	accordingly we conclude that holes	1	1	10.1038/s41467-018-06294-y
discussion	as a good ufte candidate	1	1	10.1038/s41467-024-46243-6
discussion	specifically we show that i₂	1	1	10.1038/s41467-021-22864-z
discussion	our advances in crystallization control	1	1	10.1038/s41467-025-58470-6
discussion	it was revealed that the	1	1	10.1038/s41467-026-73911-6
discussion	the bond-first pattern-later technology and	1	1	10.1038/s41467-022-29538-4
discussion	these experiments and calculations in	1	1	10.1038/s42005-023-01169-1
results	after calculation the concentration ratio	1	1	10.1038/s41467-020-15481-9
discussion	as a result a high	1	1	10.1038/s41467-022-28480-9
results	a full rgb profile was	1	1	10.1038/s41467-022-29538-4
results	a voltage of 3.5 v	1	1	10.1038/s41467-024-53965-0
discussion	in conclusion we present a	1	1	10.1038/s41467-025-66421-4
results	additionally the fa-rich perovskite can	1	1	10.1038/s41467-025-58470-6
discussion	as a result the rise	1	1	10.1038/s41377-025-01959-y
discussion	psc devices with this integrated	1	1	10.1038/s41467-025-64111-9
results	as a result using l/t-qds	1	1	10.1038/s41467-025-65135-x
results	after cycling the devices showed	1	1	10.1038/s41467-026-73298-4
discussion	leveraging these combined advantages the	1	1	10.1038/s41467-026-74583-y
discussion	our work demonstrates a single-photon	1	1	10.1038/s41467-017-01379-6
discussion	after the deposition of the	1	1	10.1038/s41467-023-43340-w
discussion	dft analysis and in situ	1	1	10.1038/s41467-026-71949-0
discussion	specifically we anticipate that a	1	1	qdp_2014_carrier-multiplication-quasi-type-ii
discussion	based on the spc results	1	1	10.1038/s41467-024-52521-0
results	2(0 of <0.1 could only	1	1	10.1038/s41467-017-01379-6
results	absorption and pl spectra highlight	1	1	10.1038/s41467-026-73298-4
discussion	moreover charge transfer between pvk	1	1	10.1038/s41467-026-74583-y
results	2)(0 for photoluminescence reached a	1	1	10.1038/s41467-017-01379-6
results	accordingly the nonradiative decay rates	1	1	10.1038/s41467-024-49751-7
results	anyhow the low plqy and	1	1	10.1038/s41467-019-09794-7
results	additionally catp exhibits approximately twice	1	1	10.1038/s41928-026-01670-9
discussion	the itp elqled records a	1	1	10.1038/s41467-020-16865-7
discussion	moreover beyond providing a low-temperature	1	1	10.1038/s41467-026-74198-3
results	as a note the carrier	1	1	10.1038/s41467-024-45945-1
discussion	in summary our study demonstrates	1	1	10.1038/s41467-026-69200-x
discussion	however they were not sufficient	1	1	10.1038/s41467-022-31189-4
discussion	the maximal current densities realized	1	1	10.1038/s41467-022-31189-4
results	according to the additional xrd	1	1	10.1038/s41467-024-54160-x
results	additionally deep electronic trap states	1	1	10.1038/s41467-020-16560-7
discussion	even if auger decay for	1	1	qdp_2012_lifetime-blinking-nonblinking-qd
results	a similar understanding is developing	1	1	10.1038/s41586-024-07149-x
results	for our half-wave microcavity peleds	1	1	10.1038/s41377-020-0328-6
results	all detailed parameters are shown	1	1	10.1038/s41377-022-00992-5
results	after introducing stannous atom sn	1	1	10.1038/s41467-024-45945-1
discussion	the next important milestone—the realization	1	1	10.1038/s41586-023-05855-6
discussion	all of these mscs could	1	1	10.1038/s41467-020-16855-9
results	additionally the electron-withdrawing f atoms	1	1	10.1038/s41377-025-01740-1
results	a space-charge-limited current sclc technique	1	1	10.1038/s41467-025-67737-x
results	additionally atomic force microscopy afm	1	1	10.1038/s41377-026-02237-1
discussion	in this study we report	1	1	10.1038/s41467-018-05909-8
results	as commonly used silicon integrated	1	1	10.1038/s41467-022-31478-y
results	and they achieve a luminance	1	1	10.1038/s41467-025-65135-x
discussion	the experiments reveal complex quantum	1	1	10.1038/s42005-023-01169-1
results	by contrast energy-transfer-based el processes	1	1	10.1038/s41566-024-01458-3
results	according to our recently reported	1	1	10.1038/s41377-025-01867-1
results	an optical simulation of the	1	1	10.1038/s41377-026-02184-x
results	according to afm in fig.	1	1	10.1038/s41467-026-73911-6
discussion	compared with other qd patterning	1	1	10.1038/s41928-026-01670-9
discussion	further in the previously reported	1	1	10.1038/s41467-022-31189-4
results	a significant out-of-plane polar displacement	1	1	10.1038/s41467-026-69200-x
discussion	the high uniformity of the	1	1	10.1038/s41377-025-01740-1
results	additional evidence for these operando	1	1	10.1038/s41377-025-01867-1
discussion	in parallel mode it can	1	1	10.1038/s41377-025-01835-9
discussion	theoretical investigations reveal that pyca-3f	1	1	10.1038/s41467-024-51760-5
results	[improved optoelectronic properties by phase	1	1	10.1038/s41467-023-36118-7
discussion	although it is difficult to	1	1	10.1038/s41467-018-07383-8
discussion	as a result for type-i—bottom	1	1	10.1038/s41467-019-09737-2
discussion	in support of this latter	1	1	qdp_2013_auger-control-carrier-kinetics
discussion	crucially the design principle governing	1	1	10.1038/s41467-025-65695-y
results	according to eq. 1 the	1	1	10.1038/s41467-020-20555-9
discussion	taking advantage of ultrahigh density	1	1	10.1038/s41467-023-40150-y
discussion	the above results demonstrate a	1	1	10.1038/s41467-020-18006-6
discussion	the pedot:pss htl was modified	1	1	10.1038/s41467-025-56001-x
discussion	efficient and color-stable sky-blue peleds	1	1	10.1038/s41467-018-05909-8
results	a in situ xanes spectra	1	1	10.1038/s41467-026-71949-0
results	after the pbs qds suspension	1	1	10.1038/s41467-023-38216-y
results	as a comparison the pbs	1	1	10.1038/s41377-026-02246-0
results	after confirming the superior activity	1	1	10.1038/s41467-018-06294-y
results	according to eq. 14 a	1	1	10.1038/s41377-026-02356-9
discussion	we anticipate that this dual-modulation	1	1	10.1038/s41377-025-01987-8
discussion	in series mode it demonstrates	1	1	10.1038/s41377-025-01835-9
discussion	full-colour rgb pixels on an	1	1	10.1038/s41928-026-01670-9
discussion	considering the packing effect of	1	1	10.1038/s41467-024-55619-7
discussion	consequently the nanosheet film showed	1	1	10.1038/s41377-026-02184-x
discussion	consequently unparalleled performance is achieved	1	1	10.1038/s41467-024-49574-6
results	additionally the energy level diagram	1	1	10.1038/s41377-026-02237-1
results	after determining the appropriate thicknesses	1	1	10.1038/s41928-024-01205-0
discussion	the micro-led exhibited an eqe	1	1	10.1038/s41467-023-43472-z
results	after exposing the load transistor	1	1	10.1038/s41467-023-41041-y
results	[optical properties of the perovskite	1	1	10.1038/s41467-026-72733-w
discussion	for the system-level design the	1	1	10.1038/s41467-022-31853-9
discussion	adjusting the time-dependent precursor concentrations	1	1	qdp_2016_inas-qd-size-tunable-nir-emission
discussion	by introducing a multifunctional ionic	1	1	10.1038/s41377-026-02237-1
discussion	the 1.55 ev inverted pscs	1	1	10.1038/s41467-026-73911-6
discussion	in this work we presented	1	1	10.1038/s41467-024-55653-5
discussion	in summary we develop an	1	1	10.1038/s41467-025-62345-1
results	and the trapping time became	1	1	10.1038/s41377-022-00855-z
results	a similar set of interfaces	1	1	10.1038/s41467-022-29702-w
results	although reducing the mr-y concentration	1	1	10.1038/s41467-024-52401-7
discussion	although the results here are	1	1	10.1038/s41467-019-09737-2
discussion	in summary the bright yellow	1	1	10.1038/s41467-024-45945-1
discussion	future work will focus on	1	1	10.1038/s41467-023-39531-0
results	also we studied devices with	1	1	10.1038/s41467-024-50508-5
results	additionally dilution causes the need	1	1	10.1038/s43246-024-00576-3
discussion	by tailoring energy band structure	1	1	10.1038/s41467-018-04986-z
discussion	more importantly the stabilization effect	1	1	10.1038/s41467-021-20970-6
discussion	despite the recent progress in	1	1	10.1038/s41467-026-71292-4
results	according to the analysis shown	1	1	10.1038/s41467-018-02978-7
discussion	as a result high-quality doctor-bladed	1	1	10.1038/s41467-020-20433-4
results	according to the density functional	1	1	10.1038/s41467-026-68315-5
results	according to the wenzel model	1	1	10.1038/s41467-025-64546-0
discussion	however the 3d perovskite-based pure-blue	1	1	10.1038/s41467-026-71292-4
discussion	moreover we expect that this	1	1	10.1038/s41467-020-16865-7
discussion	moreover we achieve high-performance electroluminescent	1	1	10.1038/s41377-026-02246-0
discussion	in conclusion a fast all-perovskite-based	1	1	10.1038/s41467-021-24762-w
results	a neat film of dmac-dps	1	1	10.1038/s41563-024-01812-4
discussion	atomistic calculations reveal qualitative differences	1	1	10.1038/s42005-023-01169-1
discussion	importantly optical gain is maintained	1	1	10.1038/s41467-022-31189-4
discussion	additionally different from the p-i-n	1	1	10.1038/s41467-024-55376-7
discussion	mo doping also suppresses detrimental	1	1	10.1038/s41467-026-71949-0
results	a layer of 20 nm	1	1	10.1038/s41467-023-40150-y
discussion	additionally the ideality factor of	1	1	10.1038/s41467-025-58047-3
discussion	by combining the dual-ligand strategy	1	1	10.1038/s41467-026-73298-4
discussion	another challenge can arise from	1	1	10.1038/s41467-024-47184-w
results	after saturation the remaining pl	1	1	10.1038/s41467-023-35954-x
discussion	additives with reduced dipole moments	1	1	10.1038/s41467-026-72733-w
results	as a result auger ionization	1	1	qdp_2012_lifetime-blinking-nonblinking-qd
results	as the variation of φmaxσμ	1	1	qdp_2013_carrier-multiplication-qd-films
results	a fresh red device has	1	1	10.1038/s41467-019-08749-2
results	a decreased pl lifetime was	1	1	10.1038/s41467-023-41929-9
results	all qd diameters always form	1	1	10.1038/s41467-023-38216-y
results	2)(0 for single-dot electroluminescence could	1	1	10.1038/s41467-017-01379-6
discussion	in summary we introduce the	1	1	10.1038/s41377-024-01727-4
discussion	as ag has the lowest	1	1	10.1038/s41467-024-49838-1
discussion	additionally the sdc nio/sdc me-4pacz-based	1	1	10.1038/s43246-024-00645-7
results	accordingly the minority carrier diffusion	1	1	10.1038/s41467-023-40194-0
results	a quasi-2d/3d mixed-dimensional perovskite composition	1	1	10.1038/s41467-021-24616-5
discussion	the improved wetting ensured completely	1	1	10.1038/s41467-025-64546-0
results	a similar quadratic dependence was	1	1	10.1038/s41467-025-56987-4
results	although substantial works have reported	1	1	10.1038/s41377-026-02246-0
results	and yet these atoms are	1	1	10.1038/s41467-025-61085-6
results	a number of the better	1	1	10.1038/s41467-024-46243-6
discussion	in summary we have carried	1	1	10.1038/s43246-021-00203-5
results	additionally we analyze the binding	1	1	10.1038/s41467-025-57746-1
discussion	in summary we report a	1	1	10.1038/s43246-020-00084-0
discussion	the formation of these superstructures	1	1	10.1038/s43246-026-01136-7
discussion	in summary this work demonstrates	1	1	10.1038/s41467-023-40194-0
results	adding a cds shell to	1	1	10.1038/s42005-023-01169-1
results	according to the established theories	1	1	10.1038/s41467-023-35954-x
discussion	for the influence of charge	1	1	10.1038/s41377-025-01867-1
discussion	furthermore the pfa-based confinement interface	1	1	10.1038/s41467-026-72115-2
discussion	the proposed photosensitive/display dual-function device	1	1	10.1038/s41377-022-01036-8
discussion	notably while moisture treatment achieves	1	1	10.1038/s41467-024-54160-x
discussion	the resultant films display highly	1	1	10.1038/s41467-018-05909-8
results	afm-ir was further employed to	1	1	10.1038/s41467-026-72115-2
discussion	a cvd monolayer mos2-based source-gated	1	1	10.1038/s41467-025-67347-7
results	after shell coating the 1lo	1	1	10.1038/s41467-025-57304-9
discussion	moreover the formed sn(oh)4 can	1	1	10.1038/s41467-024-54160-x
discussion	future studies that continue to	1	1	10.1038/s41467-024-52208-6
discussion	the alkyl diamines ligation provides	1	1	10.1038/s43246-021-00203-5
results	afm images of bottom surface	1	1	10.1038/s41467-026-73911-6
discussion	encouragingly we have demonstrated an	1	1	10.1038/s41467-026-71292-4
discussion	as proof of concept these	1	1	10.1038/s41377-022-00855-z
discussion	therefore our strategy serves as	1	1	10.1038/s41377-026-02246-0
results	a distinct crystalline interfacial layer	1	1	10.1038/s41467-026-71949-0
discussion	the tdfa method further exhibited	1	1	10.1038/s41467-025-65871-0
discussion	the cdznse-based qds reveal a	1	1	10.1038/s41377-024-01727-4
results	a transparent znmgo nanoparticle layer	1	1	10.1038/s41467-025-64696-1
discussion	by employing an evaporation-driven qd	1	1	10.1038/s41467-025-59527-2
discussion	consequently the strategic design for	1	1	10.1038/s41467-024-46243-6
results	a qled with as-synthesized cdse/cds-cd(rcoo)2	1	1	10.1038/s41467-020-14756-5
results	a similar efficiency was maintained	1	1	10.1038/s41467-026-74198-3
discussion	these films exhibited a low	1	1	10.1038/s41467-025-56557-8
discussion	additionally we highlight that exciton	1	1	10.1038/s41467-024-55812-8
results	after determining the attribution of	1	1	10.1038/s41467-024-50508-5
discussion	finding an alternative transparent electrode	1	1	10.1038/s41467-022-32010-y
results	because of the different element	1	1	10.1038/s41377-024-01727-4
results	a key signature of in-plane	1	1	10.1038/s41467-025-65871-0
discussion	the introduction and in situ	1	1	10.1038/s41467-024-50893-x
discussion	due to the latest development	1	1	10.1038/s41377-022-01036-8
discussion	this efficiency droop is approximately	1	1	10.1038/s41467-023-43472-z
discussion	besides the perovskite deposition and	1	1	10.1038/s41467-019-08561-y
results	a further increase in core	1	1	10.1038/s41467-023-35954-x
discussion	however effectively controlling the rapid	1	1	10.1038/s41467-025-58470-6
discussion	more broadly it has been	1	1	10.1038/s41563-024-01812-4
discussion	in addition to improvement of	1	1	alhtl_2017_cspbbr3-moo3-hil-peled
results	a prototype red βqled utilizing	1	1	10.1038/s41467-025-58471-5
discussion	in addition we demonstrate the	1	1	10.1038/s41377-024-01601-3
results	although the shifts in bond	1	1	10.1038/s41467-020-16560-7
results	additionally afm-based infrared spectroscopy afm-ir	1	1	10.1038/s41467-026-71301-6
results	a more detailed view of	1	1	10.1038/s42005-023-01169-1
discussion	in addition the peleds constructed	1	1	10.1038/s41467-023-41929-9
discussion	phcz-based emitters on the contrary	1	1	10.1038/s41467-025-56987-4
discussion	an additional oxygen in the	1	1	10.1038/s41467-023-40746-4
results	at a high current density	1	1	10.1038/s41467-025-56001-x
results	after bda/zni_2_ modification t_50_ at	1	1	10.1038/s43246-021-00203-5
results	although the efficiencies of these	1	1	10.1038/s41467-024-52401-7
discussion	in contrast the electron wavefunction	1	1	qdp_2012_lifetime-blinking-nonblinking-qd
results	a distinct raman peak located	1	1	10.1038/s41467-026-71292-4
results	a hard master template is	1	1	10.1038/s41467-020-16865-7
results	a blue-shifted pl peak emerges	1	1	10.1038/s41467-024-53221-5
discussion	to summarize in order to	1	1	10.1038/s41467-019-13951-3
results	although measuring τ df would	1	1	10.1038/s41586-024-07149-x
results	accordingly the fitting analysis reveals	1	1	10.1038/s41467-026-71292-4
results	accordingly the time-resolved pl spectroscopy	1	1	10.1038/s41377-022-00855-z
results	at low temperatures <100 k	1	1	10.1038/s41377-024-01704-x
results	a clear image fig. 4c	1	1	10.1038/s41928-024-01151-x
results	absorption spectra of the pbbr2	1	1	10.1038/s41467-024-53221-5
results	after the trapped hole recombines	1	1	10.1038/s41467-019-12558-y
discussion	the contribution of holes to	1	1	10.1038/s42005-023-01169-1
results	a low-temperature low-stress bonding technique	1	1	10.1038/s41467-022-29538-4
results	among the main features peak	1	1	10.1038/s41467-024-50893-x
results	additionally fe-sem images of the	1	1	10.1038/s43246-024-00645-7
results	all qds show two distinct	1	1	10.1038/s41467-024-49791-z
discussion	with these results we anticipate	1	1	10.1038/s41467-023-43472-z
discussion	this improvement is effectively translated	1	1	10.1038/s41467-024-51760-5
results	additionally in the mixed sample	1	1	10.1038/s41467-024-51760-5
discussion	it is worth mentioning that	1	1	10.1038/s41467-024-50508-5
results	according to the circuit model	1	1	10.1038/s41467-023-41929-9
results	although both dbss and migs	1	1	10.1038/s41467-025-65695-y
discussion	complementary kpfm measurements show a	1	1	10.1038/s41467-026-69200-x
results	a pump wavelength of 488	1	1	10.1038/s41467-025-66421-4
discussion	bromide and phenylammonium moieties passivate	1	1	10.1038/s41467-019-13437-2
discussion	our study unravels a nanoscopic	1	1	10.1038/s41467-020-15944-z
discussion	furthermore the ca approach flattens	1	1	10.1038/s41467-024-51760-5
discussion	as a result of these	1	1	alhtl_2017_cspbbr3-moo3-hil-peled
discussion	the strategy was further applied	1	1	10.1038/s41467-018-07099-9
results	a possible explanation of the	1	1	qdp_2012_lifetime-blinking-nonblinking-qd
discussion	in addition they can be	1	1	10.1038/s41467-024-47891-4
results	as a result the total	1	1	10.1038/s41467-025-66981-5
results	additionally the p-orbital energies of	1	1	10.1038/s41467-023-41929-9
discussion	an essential reason that the	1	1	10.1038/s41467-023-43340-w
discussion	compared with cspbbr3 the pl	1	1	10.1038/s43246-026-01177-y
discussion	the proposed ipg structure design	1	1	10.1038/s41467-025-57304-9
discussion	in this work we introduce	1	1	10.1038/s41377-025-01768-3
results	as we further increase the	1	1	10.1038/s41467-024-50432-8
discussion	acting simultaneously as a surface	1	1	10.1038/s41467-025-64696-1
discussion	by constructing compact cqw films	1	1	10.1038/s41467-025-65871-0
results	all of the films before	1	1	10.1038/s41467-020-14747-6
results	after continuous operation for 10	1	1	10.1038/s41467-025-62345-1
discussion	in summary we have proposed	1	1	10.1038/s41467-025-63684-9
discussion	a cut-off frequency of 208	1	1	10.1038/s41467-025-67347-7
discussion	as previously discussed we should	1	1	10.1038/s41467-020-16560-7
results	also since space charges cannot	1	1	10.1038/s41467-019-08749-2
discussion	as the concentration of the	1	1	10.1038/s41467-023-40746-4
discussion	next evident by the results	1	1	10.1038/s41467-019-08749-2
results	as an ultimate achievement we	1	1	10.1038/s41467-020-16652-4
results	additionally a number of the	1	1	10.1038/s41467-024-46243-6
results	a further increase in up	1	1	qdp_2013_auger-control-carrier-kinetics
results	flexible perovskite solar cells and	1	1	10.1038/s41467-018-07099-9
discussion	capitalizing on the advantageous combination	1	1	10.1038/s41467-024-52401-7
results	afm images further corroborate these	1	1	10.1038/s41467-026-72115-2
results	after removing the external light	1	1	10.1038/s41377-022-01036-8
results	and within the luminance range	1	1	10.1038/s41377-026-02231-7
discussion	from the slope we determine	1	1	10.1038/s41467-019-12558-y
discussion	in contrast to sn-based perovskite	1	1	10.1038/s41467-021-24616-5
results	additionally sfx-p1 modification increases the	1	1	10.1038/s41467-026-69198-2
discussion	the blue micro-qled device was	1	1	10.1038/s41377-025-02000-y
results	also the processing to align	1	1	10.1038/s41467-024-49791-z
results	according to the transmission electron	1	1	10.1038/s41377-022-01036-8
discussion	in summary we demonstrated a	1	1	10.1038/s43246-024-00645-7
results	a lower surface potential typically	1	1	10.1038/s41467-024-54160-x
results	a longer carrier lifetime generally	1	1	10.1038/s41467-024-54160-x
results	additionally in terms of the	1	1	10.1038/s41467-024-55376-7
discussion	these observations were further supported	1	1	10.1038/s43246-026-01136-7
discussion	the champion module with an	1	1	10.1038/s43246-024-00576-3
discussion	as a result it was	1	1	10.1038/s41467-022-31189-4
results	a tapc htl with high	1	1	10.1038/s41467-021-27652-3
discussion	multilateral nmr analysis elucidated the	1	1	10.1038/s41467-022-35731-2
results	accordingly the schematic of band	1	1	10.1038/s41467-023-40194-0
results	although high spectral stability has	1	1	10.1038/s41467-023-40150-y
results	accordingly with this practical proof-of-concept	1	1	10.1038/s41928-024-01151-x
results	after optimizing the icl thickness	1	1	10.1038/s41467-026-75756-5
results	accordingly the nonradiative recombination rate	1	1	10.1038/s41377-025-01768-3
discussion	in conclusion it is indeed	1	1	10.1038/s41467-020-14756-5
discussion	our study demonstrates a successful	1	1	10.1038/s41467-024-51760-5
discussion	another desirable quality for uwbg	1	1	10.1038/s42005-021-00742-w
results	although the simulation timescale is	1	1	10.1038/s41467-025-65695-y
results	a pronounced difference between the	1	1	qdp_2012_lifetime-blinking-nonblinking-qd
results	amorphous barium titanate batio₃ a	1	1	10.1038/s41467-023-40194-0
discussion	as mentioned above the ratio	1	1	10.1038/s41467-019-09794-7
discussion	by successfully suppressing the mid-gap	1	1	10.1038/s41467-020-15481-9
results	4 ± 1 ns and	1	1	10.1038/s41467-018-05909-8
results	according to the formula of	1	1	10.1038/s41467-025-56068-6
discussion	effective exciton management dispersing excitons	1	1	10.1038/s41377-025-01817-x
results	after the introduction of 2pacz	1	1	10.1038/s41467-025-64111-9
results	a dc electric field in	1	1	10.1038/s41467-021-24931-x
results	additionally by modifying the sequence	1	1	10.1038/s41467-024-52401-7
results	analysis of the mo 3d	1	1	10.1038/s41467-025-58047-3
discussion	as far as we know	1	1	10.1038/s41467-020-20555-9
discussion	in conclusion we have successfully	1	1	10.1038/s41467-025-57304-9
results	an individual nc is doped	1	1	10.1038/s41467-020-16560-7
discussion	our results demonstrate that incorporating	1	1	10.1038/s41467-025-67737-x
discussion	by replacing conventional ea with	1	1	10.1038/s41467-026-74198-3
results	at low temperatures there is	1	1	10.1038/s42005-021-00742-w
results	a great improvement while the	1	1	10.1038/s41377-022-00855-z
results	after choosing an appropriate bin	1	1	qdp_2012_lifetime-blinking-nonblinking-qd
results	after hbr etching the cspbbr3	1	1	10.1038/s41377-025-02019-1
discussion	this performance is encouraging for	1	1	10.1038/s41467-024-50508-5
discussion	the fluorescence lifetime increases 1.6	1	1	10.1038/s41377-022-00992-5
results	as a result the injection	1	1	10.1038/s41467-022-31189-4
discussion	a relaxation to the dark	1	1	10.1038/s41467-024-55812-8
discussion	we believe this molecular engineering	1	1	10.1038/s41467-023-36118-7
discussion	by introducing a dual-functional small	1	1	10.1038/s41467-023-40150-y
discussion	from a technological point of	1	1	10.1038/s41467-025-66981-5
results	analysis of electrical properties of	1	1	10.1038/s41467-026-68315-5
results	another notable point from the	1	1	10.1038/s41467-021-27652-3
discussion	thanks to the high energy	1	1	10.1038/s41467-024-50508-5
results	both mobility and ion/ioff are	1	1	10.1038/s41467-020-18006-6
discussion	the improved perovskite quality enables	1	1	10.1038/s41467-025-61085-6
results	according to the absorption band	1	1	10.1038/s41377-022-01036-8
discussion	compared to conventional ac-el devices	1	1	10.1038/s41467-024-47891-4
discussion	meanwhile our proposed strategy has	1	1	10.1038/s41377-024-01601-3
discussion	hrtem analysis of the tft	1	1	10.1038/s41467-022-28480-9
discussion	evolutions of mscs are typically	1	1	10.1038/s41467-020-16855-9
discussion	in conclusion we demonstrate 1s	1	1	10.1038/s41586-023-05855-6
discussion	by introducing a 2pacz sam	1	1	10.1038/s41467-023-41929-9
discussion	accommodation of the hole trapping	1	1	10.1038/s43246-021-00203-5
results	a similar finding was also	1	1	10.1038/s41467-023-36773-w
results	although the 1s peak redshift	1	1	10.1038/s41467-022-35731-2
results	all these results illustrate that	1	1	10.1038/s41467-024-50634-0
results	facet engineering and enhanced photoluminescence	1	1	10.1038/s41377-025-01987-8
discussion	during the moisture treatment process	1	1	10.1038/s41467-024-54160-x
results	all these photoluminescence spectra exhibit	1	1	10.1038/s41467-024-50432-8
results	after the electron recombines with	1	1	10.1038/s41467-019-12558-y
results	[phase distribution control and mechanistic	1	1	10.1038/s41467-023-36118-7
discussion	in reality most additive engineering	1	1	10.1038/s41563-025-02123-y
results	although the target qds showed	1	1	10.1038/s41467-025-63684-9
discussion	as the trap emission observed	1	1	10.1038/s41467-025-61511-9
results	a high ratio of csbr:pbbr₂	1	1	alhtl_2017_cspbbr3-moo3-hil-peled
results	after calibration using an acceleration	1	1	10.1038/s41377-025-01835-9
results	addition of tpbi caused decrease	1	1	10.1038/s41467-024-49751-7
results	after laser exposure the surface	1	1	10.1038/s41467-024-45944-2
results	additionally the lattice mismatch between	1	1	10.1038/s41467-025-57304-9
discussion	crucially flexible devices retain >96%	1	1	10.1038/s41467-026-74198-3
results	a multi-exponential function fit yielded	1	1	10.1038/s41467-026-70555-4
results	additionally we have demonstrated a	1	1	10.1038/s41467-023-41041-y
discussion	as a result planar pscs	1	1	10.1038/s41467-018-07099-9
discussion	by capitalizing on the asymmetric	1	1	10.1038/s41467-024-49791-z
results	after introducing the nsa and	1	1	10.1038/s41467-024-50022-8
results	again these effects are only	1	1	10.1038/s41467-019-08749-2
discussion	by integrating these long-range ordered	1	1	10.1038/s41467-025-62345-1
results	a linear cascaded drop from	1	1	10.1038/s41467-022-29702-w
results	a key scientific question is	1	1	10.1038/s41467-022-31478-y
results	a similar phenomenon can consistently	1	1	10.1038/s41467-024-46243-6
discussion	most important after 30 days	1	1	10.1038/s43246-026-01177-y
discussion	combined with precise control of	1	1	10.1038/s41467-025-65135-x
discussion	specifically we have devised heteroepitaxy	1	1	10.1038/s41467-024-49791-z
discussion	in conclusion we obtained the	1	1	10.1038/s41377-022-00855-z
discussion	furthermore the qleds based on	1	1	10.1038/s41467-025-57304-9
discussion	besides inserting an ultrathin insulator	1	1	10.1038/s41467-025-65695-y
discussion	catp should provide opportunities for	1	1	10.1038/s41928-026-01670-9
discussion	the proposed rt synthesis of	1	1	10.1038/s41467-024-45945-1
discussion	apart from its generality the	1	1	10.1038/s41467-025-56815-9
results	a high-resolution ptychographic reconstruction of	1	1	10.1038/s41467-026-69200-x
results	a standard htl material poly(9,9-dioctylfluorene-alt-n-(4-s-butylphenyl)-diphenylamine	1	1	10.1038/s41467-025-57746-1
discussion	as a result this work	1	1	10.1038/s41467-024-45945-1
discussion	as a result we achieve	1	1	10.1038/s41467-026-71292-4
results	as compared in the capacitance-voltage	1	1	10.1038/s41467-018-04986-z
discussion	rainbow's efficient navigation through the	1	1	10.1038/s41467-025-63209-4
results	additionally quantum chemical calculations based	1	1	10.1038/s41467-025-67737-x
results	as a direct comparison spin-leds	1	1	10.1038/s41467-025-57472-8
results	a 4 inch gan on	1	1	10.1038/s41467-022-29538-4
results	an example array of 400	1	1	10.1038/s41467-023-39488-0
results	alternative explanations based on the	1	1	10.1038/s41467-025-61511-9
discussion	but success in p-type doping	1	1	10.1038/s42005-021-00742-w
discussion	the 2des experiments on core-only	1	1	10.1038/s42005-023-01169-1
results	as the voltage increases the	1	1	10.1038/s41377-024-01727-4
discussion	as a result the 2dpaa-treated	1	1	10.1038/s41467-024-55653-5
results	as is well known tmr	1	1	10.1038/s41467-024-52208-6
results	after 10 min colloidal pencs	1	1	10.1038/s41467-024-49751-7
results	according to the optimised simulation	1	1	10.1038/s41467-024-49838-1
discussion	according to the fit 85%	1	1	qdp_2013_carrier-multiplication-qd-films
discussion	a clever solution to circumvent	1	1	10.1038/s41467-025-61511-9
results	a detailed discussion is included	1	1	10.1038/s41467-023-39488-0
discussion	this work provides an important	1	1	10.1038/s41377-025-01740-1
discussion	by employing perovskite nc superlattices	1	1	10.1038/s41467-024-55812-8
discussion	our study further suggests that	1	1	10.1038/s41467-020-14756-5
results	both phenomena indicate that the	1	1	10.1038/s41377-020-0328-6
discussion	from the microscopic perspective the	1	1	10.1038/s41467-021-25955-z
results	an example current–voltage characteristic of	1	1	10.1038/s41467-023-39488-0
results	a cross-sectional schematic illustration of	1	1	10.1038/s41467-023-43472-z
discussion	we have developed a bifunctional	1	1	10.1038/s41467-019-13437-2
results	after ptabr treatment both sn	1	1	10.1038/s41467-019-13437-2
discussion	the designed photolithography pre-patterned template	1	1	10.1038/s41377-025-02000-y
discussion	the dipole-induced energy-level modulation minimizes	1	1	10.1038/s41467-026-69198-2
discussion	along the one-dimensional 1d feo4	1	1	10.1038/s41467-023-40746-4
results	all emitters have similar peak	1	1	10.1038/s41467-023-43408-7
results	based on the empirical sizing	1	1	10.1038/s41467-023-39531-0
discussion	in conclusion we reveal concrete	1	1	10.1038/s41467-025-61085-6
results	a time-resolved photoluminescence trpl measurement	1	1	10.1038/s41467-025-61085-6
discussion	this work provides a perspective	1	1	10.1038/s41467-025-63653-2
discussion	by reducing the amount of	1	1	10.1038/s41467-024-52521-0
results	a considerable amount of ni	1	1	10.1038/s41467-025-59515-6
discussion	we synthesized green qds with	1	1	10.1038/s41467-025-65135-x
results	additionally the theoretically achievable values	1	1	10.1038/s41377-025-01817-x
results	a precursor solution 9 wt.%	1	1	10.1038/s41467-025-56557-8
results	additionally the perovskite films deposited	1	1	10.1038/s41467-026-73911-6
results	1 0 < v <	1	1	10.1038/s41467-024-52521-0
results	and the lattice spacing of	1	1	10.1038/s41377-022-00855-z
results	a slight broadening is still	1	1	10.1038/s41467-024-50634-0
results	additionally even compared with contemporary	1	1	10.1038/s41563-024-01812-4
results	as the angle increases the	1	1	10.1038/s41467-024-49838-1
results	a cross-section scanning electron microscope	1	1	10.1038/s41467-020-20555-9
discussion	the durations of the various	1	1	10.1038/s41467-020-20433-4
discussion	furthermore the electrically pumped single-nanocrystal	1	1	10.1038/s41467-020-15944-z
discussion	accordingly in the sol-gel-grown zno	1	1	10.1038/s41467-022-32010-y
discussion	the luminescent nir radical system	1	1	10.1038/s41566-024-01458-3
discussion	this is achieved through solving	1	1	10.1038/s41467-018-04986-z
results	accordingly the electron transport characteristic	1	1	10.1038/s41467-025-58471-5
results	a 6 nm zncdse core	1	1	10.1038/s41467-024-49574-6
discussion	in summary we successfully demonstrated	1	1	10.1038/s41467-023-43472-z
results	above experimental data coherently attest	1	1	10.1038/s41467-024-49791-z
discussion	the partially removed pvk molecules	1	1	10.1038/s41467-023-41929-9
results	additionally the negative δg of	1	1	10.1038/s41467-025-63653-2
discussion	in addition to enabling high-throughput	1	1	10.1038/s41467-023-39488-0
discussion	owing to their optimized aspect	1	1	10.1038/s41467-026-73298-4
results	a typical qled structure of	1	1	10.1038/s41377-026-02356-9
results	all the transfer curves were	1	1	10.1038/s41467-023-38216-y
discussion	the structural advantages contributed to	1	1	10.1038/s41377-026-02184-x
discussion	a conductance value below e/h	1	1	10.1038/s41467-023-38216-y
discussion	the haxpes analyses revealed the	1	1	10.1038/s41467-024-50893-x
discussion	this strategy provides a facile	1	1	10.1038/s41467-025-66421-4
discussion	although bulky long-chain ligand tails	1	1	10.1038/s41467-024-55619-7
results	accordingly maximizing \({k}_{\text{r}}^{\text{s}}{k}_{\text{eq}}\ and thus	1	1	10.1038/s41586-024-07149-x
discussion	better heat sinking is essential	1	1	10.1038/s41467-018-07383-8
discussion	our findings are also applicable	1	1	10.1038/s41467-020-20582-6
results	acid-free epoxy resin is used	1	1	10.1038/s41467-023-43340-w
discussion	reducing the natural emission linewidth	1	1	10.1038/s41467-024-49574-6
discussion	the k+ ions effectively passivate	1	1	10.1038/s41467-018-07099-9
discussion	in conclusion combining in situ	1	1	10.1038/s41467-024-53221-5
results	after purification the characteristic signals	1	1	10.1038/s41467-020-15481-9
discussion	alternatively we can state that	1	1	10.1038/s41467-019-09737-2
results	a 100 × 100 matrix	1	1	10.1038/s41467-025-65135-x
discussion	in addition to efficiency and	1	1	10.1038/s41377-026-02246-0
discussion	our work demonstrates the high	1	1	10.1038/s41467-025-57200-2
results	as the contacted structure stamp	1	1	qc_2015_wearable-rgb-qled-array
results	a 40-nm layer of thermally	1	1	10.1038/s41467-024-49838-1
discussion	the use of the brw	1	1	10.1038/s41586-023-05855-6
discussion	this work also suggests that	1	1	10.1038/s41467-023-36118-7
discussion	this observation can further be	1	1	10.1038/s41467-025-56987-4
discussion	this fundamental progress represents a	1	1	10.1038/s41467-025-61085-6
results	additionally the simulated angular radiation	1	1	10.1038/s41467-025-65871-0
discussion	the principle is demonstrated using	1	1	10.1038/s41566-024-01458-3
discussion	by controlling the precursor solution	1	1	10.1038/s41467-023-39488-0
results	also the nir organic light	1	1	10.1038/s41467-022-32010-y
results	all the n-(ch₃)₂- based zno	1	1	10.1038/s41467-026-74198-3
discussion	accordingly a polar molecule p-fpea	1	1	10.1038/s41467-020-20555-9
results	control devices based on pristine	1	1	10.1038/s41377-025-01987-8
discussion	our results illustrate the scalability	1	1	10.1038/s41928-024-01205-0
discussion	our findings uncover the charge	1	1	10.1038/s41467-022-28037-w
discussion	both f408-inp:zn mscs and f393-inp:zn	1	1	10.1038/s41467-020-16855-9
results	as mentioned above the 2-f-tppo	1	1	10.1038/s41377-025-01740-1
results	apparently the ppeta-based device maintains	1	1	10.1038/s41467-026-74583-y
results	a 475 nm laser excition	1	1	10.1038/s41467-025-56068-6
results	a cross-sectional sem and 3d	1	1	10.1038/s41467-021-24931-x
results	a 3 × 3 μm2	1	1	10.1038/s41467-023-43472-z
results	a comparative analysis of transition	1	1	10.1038/s41467-025-67737-x
results	a tentative mechanism is schematically	1	1	10.1038/s41467-025-61511-9
discussion	in summary we demonstrate that	1	1	10.1038/s41467-025-66981-5
results	an inverter incorporating n-channel in2o3	1	1	10.1038/s41586-024-07360-w
results	as we see from single-carrier	1	1	10.1038/s41566-024-01458-3
discussion	an adapted hot-carrier-trapping model supplementary	1	1	10.1038/s41467-025-61511-9
discussion	it was also found that	1	1	10.1038/s43246-024-00645-7
results	2)\(\0 \ < \ v\le	1	1	10.1038/s41467-022-28037-w
results	according to the established model	1	1	10.1038/s41467-018-05760-x
results	a a microscopic photograph of	1	1	10.1038/s41467-023-43472-z
discussion	therefore htl is responsible the	1	1	10.1038/s41467-019-08749-2
discussion	consequently the crystal quality of	1	1	10.1038/s41467-024-54160-x
results	all the cdse/zns alloyed qds	1	1	qc_2015_wearable-rgb-qled-array
results	additionally the shared positions of	1	1	10.1038/s41467-024-51760-5
discussion	more specifically we demonstrated that	1	1	10.1038/s41467-022-32010-y
discussion	hereby this work accompanied with	1	1	10.1038/s41467-017-01379-6
results	band alignments and efficient electron	1	1	qc_2015_wearable-rgb-qled-array
results	almost linear l–j relationship above	1	1	10.1038/s41467-021-25955-z
results	a lower value corresponds to	1	1	10.1038/s41467-025-63653-2
results	additionally a peak centered at	1	1	10.1038/s41467-024-54160-x
discussion	in conclusion we demonstrate ultra-thin	1	1	qc_2015_wearable-rgb-qled-array
results	additionally transmission electron microscopy tem	1	1	10.1038/s41467-025-61085-6
results	a substantial role in the	1	1	10.1038/s41586-023-05855-6
results	apparently the first two processes	1	1	10.1038/s41467-020-17633-3
results	accordingly we demonstrate a good	1	1	10.1038/s41377-026-02246-0
results	and this kind of trap	1	1	10.1038/s41377-022-00855-z
results	[growth of the perovskite films]	1	1	10.1038/s41467-026-72733-w
results	although 2 was synthesised its	1	1	10.1038/s41467-022-35731-2
results	among the cui tfts with	1	1	10.1038/s41467-020-18006-6
discussion	importantly the resulting superstructures display	1	1	10.1038/s43246-026-01136-7
discussion	mn3sn-based afmtjs also serve as	1	1	10.1038/s41467-024-52208-6
discussion	furthermore the thin noa63 substrate	1	1	10.1038/s41467-025-67737-x
discussion	the synergistic action of [pf6]−	1	1	10.1038/s41377-026-02231-7
results	another important aspect of these	1	1	qdp_2014_carrier-multiplication-quasi-type-ii
discussion	in the nio:moo3-complex the energy	1	1	10.1038/s41467-021-27652-3
results	according to the statistics these	1	1	10.1038/s41467-025-56068-6
discussion	the main achievement of this	1	1	10.1038/s41467-022-29538-4
discussion	for a conventional led both	1	1	10.1038/s41563-025-02123-y
discussion	we have demonstrated our approach	1	1	10.1038/s41377-026-02246-0
results	as a result a nearly	1	1	10.1038/s41467-023-40194-0
results	both theoretical calculations see supplementary	1	1	10.1038/s41467-025-65695-y
discussion	under parallel connection the tandem	1	1	10.1038/s41467-020-16659-x
results	achieving gsheet above gq value	1	1	10.1038/s41467-023-38216-y
discussion	the application of peripheral technologies	1	1	10.1038/s41467-022-29538-4
results	after adding ethylene glycol and	1	1	10.1038/s41467-025-56815-9
discussion	by spray-coating alumina particles we	1	1	10.1038/s41467-025-64546-0
results	a schematic of epitaxy structure	1	1	10.1038/s41467-023-36773-w
discussion	first the reduced reaction temperature	1	1	10.1038/s41467-023-39531-0
results	although the two lightest-doped samples	1	1	10.1038/s42005-021-00742-w
results	as a result the peak	1	1	10.1038/s41377-025-01835-9
results	all of these considerations along	1	1	qdp_2013_auger-control-carrier-kinetics
discussion	we expect this study can	1	1	10.1038/s41586-024-07360-w
results	accordingly to realize a more	1	1	10.1038/s43246-024-00645-7
results	a double-lorentzian fitting is performed	1	1	10.1038/s41467-024-49791-z
discussion	we demonstrate the high-performance blue	1	1	10.1038/s41467-026-68315-5
discussion	bsa and m-bsa exhibit relatively	1	1	10.1038/s41467-026-72733-w
results	again there is no evidence	1	1	10.1038/s41467-022-29702-w
results	electrochemical impedance spectroscopy eis was	1	1	10.1038/s41467-019-13437-2
discussion	simultaneously the first-principle demonstrates that	1	1	10.1038/s41377-022-00992-5
discussion	here we consider how to	1	1	10.1038/s41467-020-16560-7
results	a systematic analysis enabled meticulous	1	1	10.1038/s41467-024-53965-0
discussion	while in the solution-processed mqw	1	1	10.1038/s41467-018-03049-7
results	all-printed multi-layer pbs nc ir	1	1	10.1038/s41467-025-64596-4
results	additionally this optimized geometry is	1	1	10.1038/s41467-019-08561-y
discussion	benefiting from the strong interaction	1	1	10.1038/s41467-026-68315-5
discussion	a considerable slowing down of	1	1	qdp_2014_carrier-multiplication-quasi-type-ii
discussion	in summary the bilateral passivation	1	1	10.1038/s41467-020-17633-3
discussion	in addition fdtd simulations also	1	1	10.1038/s41467-019-08561-y
discussion	our findings provide a promising	1	1	10.1038/s41377-026-02231-7
discussion	at zero bias the built-in	1	1	10.1038/s41467-018-07383-8
results	a large-area 225 mm² device	1	1	10.1038/s41467-022-29812-5
results	an additional electron in an	1	1	10.1038/s41467-023-43408-7
results	after that the perovskites were	1	1	10.1038/s41467-026-71292-4
results	a quasi-2d pea)2(cspbbr3)n−1pbbr4 perovskite pea	1	1	10.1038/s41467-024-49838-1
discussion	qleds with the heavily n-doped	1	1	10.1038/s41467-025-58471-5
discussion	it is indeed interesting to	1	1	10.1038/s41467-020-15944-z
discussion	for comparison we include the	1	1	10.1038/s42005-021-00742-w
results	additionally electrochemical impedance spectroscopy eis	1	1	10.1038/s41467-018-06294-y
results	a single gaussian emission peak	1	1	alhtl_2017_cspbbr3-moo3-hil-peled
discussion	the decreased defects of the	1	1	10.1038/s41467-020-17633-3
discussion	comparative analyses between self-assembled and	1	1	10.1038/s41467-025-59527-2
discussion	theoretically we demonstrate that the	1	1	10.1038/s43246-020-00084-0
discussion	the −sh-functionalized sam molecule meof-4shcz	1	1	10.1038/s41467-025-66421-4
results	all these details together confirm	1	1	10.1038/s41467-019-09794-7
results	additionally the differential charge density	1	1	10.1038/s41377-026-02237-1
results	an enhanced ligand exchange strategy	1	1	10.1038/s41467-025-57472-8
results	as a result photons are	1	1	10.1038/s41467-025-65871-0
discussion	the revealed tet mechanisms not	1	1	10.1038/s41467-019-13951-3
discussion	as a result the el	1	1	10.1038/s41467-021-25955-z
discussion	a potential avenue lies in	1	1	10.1038/s41467-025-61511-9
discussion	a promising avenue for future	1	1	10.1038/s41467-025-66981-5
discussion	although at this early stage	1	1	10.1038/s41467-024-53965-0
results	additionally the shoulder at 566	1	1	10.1038/s41467-026-72733-w
discussion	moreover this strategy can be	1	1	10.1038/s41467-025-58470-6
results	a high isc rate can	1	1	10.1038/s41467-025-56987-4
discussion	the resultant devices not only	1	1	10.1038/s41467-025-56557-8
discussion	in addition no obvious gelation	1	1	10.1038/s41467-020-20433-4
results	a trend of sequential quantum	1	1	10.1038/s41467-024-46243-6
discussion	in gan-based leds they usually	1	1	10.1038/s41467-018-03049-7
discussion	this optimized tdms distribution enabled	1	1	10.1038/s41467-025-65871-0
results	although the operational lifetime is	1	1	10.1038/s41467-020-20582-6
results	after that we employed direct	1	1	10.1038/s41377-025-02000-y
results	\(i-v\ a \(p-i\ b and	1	1	10.1038/s41467-026-74151-4
discussion	importantly the hole trapping by	1	1	10.1038/s41467-019-12558-y
discussion	based on this all-site alloy	1	1	10.1038/s41467-025-58470-6
discussion	we are thus able to	1	1	10.1038/s41467-026-68315-5
results	at 160 °c the reaction	1	1	10.1038/s41467-023-39531-0
results	a distinct shift of the	1	1	10.1038/s41467-026-71292-4
results	a key distinction is that	1	1	10.1038/s41467-026-74198-3
results	all these results suggest the	1	1	10.1038/s41467-024-50893-x
results	all these results above indicate	1	1	10.1038/s41467-025-63684-9
results	a feasible approach is to	1	1	10.1038/s41467-018-03049-7
results	a comparison of the core	1	1	10.1038/s41467-024-53221-5
discussion	apparently the calculated \({\\delta v}_{3}^{icl}\	1	1	10.1038/s41467-025-58047-3
discussion	the display can work as	1	1	10.1038/s41928-024-01151-x
discussion	for example our explanation offers	1	1	10.1038/s41467-021-25955-z
results	a detailed comparison of qleds	1	1	10.1038/s41467-025-64696-1
results	additionally for high-resolution pixel patterning	1	1	10.1038/s41928-026-01670-9
results	after further treatment see materials	1	1	10.1038/s41467-020-15481-9
discussion	these advancements lead us to	1	1	10.1038/s41467-020-14756-5
results	as a result we are	1	1	10.1038/s41467-022-31189-4
discussion	this advancement allows for the	1	1	10.1038/s41467-025-62345-1
discussion	furthermore the non-radiative recombination centres	1	1	alhtl_2017_cspbbr3-moo3-hil-peled
discussion	furthermore the operational stability of	1	1	10.1038/s41377-025-01867-1
discussion	as a result electron injection	1	1	10.1038/s41377-025-01867-1
results	according to the formula l0nt95	1	1	10.1038/s41467-025-63653-2
results	after 60 min the pl	1	1	10.1038/s41377-026-02247-z
results	a modified helmholtz equation yields	1	1	10.1038/s41467-021-25955-z
discussion	meanwhile a good applicability of	1	1	10.1038/s41467-026-71292-4
results	additionally water contact angle measurements	1	1	10.1038/s41467-026-72115-2
discussion	in summary we introduced the	1	1	10.1038/s41467-021-27652-3
discussion	furthermore we have shown that	1	1	10.1038/s41467-023-36118-7
results	another peak emerged at 532.58	1	1	10.1038/s41467-025-58047-3
results	a high voltage gain of	1	1	10.1038/s41586-024-07360-w
results	calculating from the i-v slope	1	1	10.1038/s41377-024-01704-x
discussion	cf3-bsa exhibits the weakest interaction	1	1	10.1038/s41467-026-72733-w
discussion	this advance has been enabled	1	1	10.1038/s41586-023-05855-6
discussion	furthermore the ne of the	1	1	10.1038/s41467-022-28480-9
results	afterward steady-state photoluminescence and time-resolved	1	1	10.1038/s41467-019-13909-5
results	all tfts were fabricated using	1	1	10.1038/s41467-022-28480-9
results	according to the previously reported	1	1	10.1038/s41467-020-16855-9
results	a high-resolution sem image shows	1	1	10.1038/s41467-020-20433-4
results	a systematic temperature-dependent study of	1	1	10.1038/s41467-025-56987-4
discussion	the hybrid-phase strategy introduces a	1	1	10.1038/s41586-024-07360-w
results	1 improving γ by enhancing	1	1	10.1038/s41467-024-52521-0
results	additionally li+ diffusion from the	1	1	10.1038/s41467-026-69198-2
discussion	however the el intensities of	1	1	10.1038/s41467-020-14747-6
discussion	this novel pixel-defining technique achieves	1	1	qc_2015_wearable-rgb-qled-array
discussion	an excellent fit is obtained	1	1	qdp_2013_carrier-multiplication-qd-films
discussion	this work presents a novel	1	1	10.1038/s41467-025-65135-x
results	a a tilted sem image	1	1	10.1038/s41467-023-43472-z
results	a comprehensive comparison with vdd	1	1	10.1038/s41467-025-67347-7
results	after 2000 bending cycles noa63	1	1	10.1038/s41467-025-67737-x
discussion	concurrently the charge-transporting material oxd-7	1	1	10.1038/s41467-025-67737-x
discussion	the feed ratio of cs/pb	1	1	10.1038/s41467-024-45945-1
discussion	consequently spectrally stable deep-blue peleds	1	1	10.1038/s41377-025-01768-3
results	a series of experiments are	1	1	10.1038/s41467-020-14756-5
discussion	thus triplet harvesting through tadf	1	1	10.1038/s41467-025-56987-4
results	additionally by controlling the nanocrystal	1	1	10.1038/s41467-023-39488-0
results	additionally the carrier transport properties	1	1	10.1038/s41377-022-00992-5
results	as compared to a similarly-rated	1	1	10.1038/s41467-023-40194-0
results	accounting for this factor the	1	1	10.1038/s41467-019-13951-3
discussion	in summary a multifunctional hybrid	1	1	10.1038/s41467-020-16659-x
discussion	however the high-mobility devices were	1	1	10.1038/s41467-020-18006-6
results	according to the diagram electron	1	1	10.1038/s41467-019-13951-3
discussion	hence the cu dopant only	1	1	10.1038/s41467-019-12558-y
discussion	consequently the estimated critical carrier	1	1	10.1038/s41467-023-38216-y
discussion	in summary we introduced a	1	1	10.1038/s41467-025-56557-8
results	across 50 single core/shell nrs	1	1	10.1038/s41467-026-73298-4
discussion	in the first case nanoclusters	1	1	10.1038/s41467-024-53221-5
discussion	as shown in fig. 4e	1	1	10.1038/s41467-025-58047-3
results	afm images demonstrate that the	1	1	10.1038/s41467-026-74583-y
results	420 ± 10 ps and	1	1	10.1038/s41467-018-05909-8
results	and thereby extract vct and	1	1	10.1038/s41467-020-16560-7
results	analysis of the gisaxs azimuthal	1	1	10.1038/s41467-025-62345-1
discussion	the excellent performance relies on	1	1	10.1038/s41467-017-01379-6
results	additionally sam@cb devices also show	1	1	10.1038/s41467-026-69198-2
discussion	by varying the number of	1	1	10.1038/s41467-024-47891-4
results	additional characterizations of q4’s c/s/s/s	1	1	10.1038/s41467-023-35954-x
discussion	additionally the tpc lifetime in	1	1	10.1038/s41467-025-58047-3
discussion	the presented growth method successfully	1	1	10.1038/s41467-025-57200-2
results	a low current modulation with	1	1	10.1038/s41467-020-18006-6
results	at the same time their	1	1	10.1038/s41467-025-65695-y
discussion	our results illustrate the unique	1	1	10.1038/s41928-024-01151-x
results	after introducing meof-4shcz with thiol	1	1	10.1038/s41467-025-66421-4
results	after clarifying the interfacial carrier	1	1	10.1038/s41467-026-74583-y
discussion	after the transfer these resulting	1	1	10.1038/s41467-025-56815-9
results	another striking observation is that	1	1	qdp_2013_carrier-multiplication-qd-films
results	a clear additional step for	1	1	qdp_2013_auger-control-carrier-kinetics
discussion	thus the highest quality qds	1	1	10.1038/s41467-020-16652-4
discussion	the nrs exhibit 98% plqy	1	1	10.1038/s41467-026-73298-4
discussion	furthermore 749.276 cm2 encapsulated modules	1	1	10.1038/s41467-025-64111-9
results	after 25 days the oa/oam	1	1	10.1038/s41467-024-50022-8
discussion	this was achieved through an	1	1	10.1038/s41467-023-43472-z
discussion	the best blue and green	1	1	10.1038/s41467-023-41929-9
results	a novel “giant” full alloy	1	1	10.1038/s41377-024-01727-4
results	additionally the presence of te	1	1	10.1038/s41467-025-57304-9
results	additionally field-emission scanning electron microscopy	1	1	10.1038/s43246-024-00645-7
discussion	as a result the ipg	1	1	10.1038/s41467-025-57304-9
discussion	importantly the devices also achieve	1	1	10.1038/s41377-026-02231-7
results	a cross-sectional tem and b	1	1	10.1038/s41467-026-71949-0
discussion	we have reported microsecond-response and	1	1	10.1038/s41928-024-01181-5
discussion	specifically our modelling indicates that	1	1	qdp_2014_carrier-multiplication-quasi-type-ii
results	additionally both tin and iodine	1	1	10.1038/s41467-024-45945-1
results	although being short compared with	1	1	qdp_2014_carrier-multiplication-quasi-type-ii
discussion	as the charge generation yields	1	1	qdp_2013_carrier-multiplication-qd-films
results	according to eq. 1 when	1	1	10.1038/s41467-020-20555-9
discussion	remarkably sg-qds show suppressed exciton-phonon	1	1	10.1038/s41467-024-49791-z
discussion	at low voltages due to	1	1	10.1038/s41467-024-52521-0
results	a mid-well 96-well plate is	1	1	10.1038/s41467-025-63209-4
discussion	alternatively the introduction of s2−	1	1	10.1038/s41467-018-06294-y
results	a clear lattice image was	1	1	10.1038/s41467-022-28480-9
results	a detailed description of the	1	1	10.1038/s41467-021-22864-z
results	[all-inorganic architecture perovskite light-emitting diodes]	1	1	10.1038/s41467-025-56557-8
discussion	beyond the specific cdse/cdznse/znses system	1	1	10.1038/s41467-026-73298-4
results	according to eq. 1 it	1	1	10.1038/s43246-020-00084-0
results	a smaller blue shift of	1	1	10.1038/s41467-023-36773-w
discussion	figure 5b benchmarks the eava	1	1	10.1038/s41467-023-40194-0
results	all icls demonstrate linear current-voltage	1	1	10.1038/s41467-025-58047-3
discussion	moreover the optimized perovskite films	1	1	10.1038/s41467-025-56557-8
results	besides such low injection also	1	1	10.1038/s41467-024-50432-8
discussion	by contrast the electric field	1	1	10.1038/s41467-024-49838-1
results	a thin ~3 nm insulating	1	1	10.1038/s41563-025-02123-y
results	after sepd all qds were	1	1	10.1038/s41467-021-24931-x
results	after validating the potential of	1	1	10.1038/s41563-024-01812-4
discussion	efficiency and operational lifetime are	1	1	10.1038/s41377-025-01817-x
results	a proper description for spontaneous	1	1	10.1038/s41467-022-29812-5
results	after 30 min the control	1	1	10.1038/s41377-024-01704-x
results	an optical distance longer or	1	1	10.1038/s41467-024-49574-6
results	additionally the pb/sr led exhibits	1	1	10.1038/s41467-025-58470-6
discussion	in summary we have prepared	1	1	10.1038/s41377-022-01036-8
results	according to the amount of	1	1	10.1038/s41467-025-64596-4
results	at high temperatures all samples	1	1	10.1038/s42005-021-00742-w
results	a schematic diagram summarizes this	1	1	10.1038/s41467-026-71949-0
results	after reaching 10 k the	1	1	10.1038/s41467-024-52208-6
results	above experimental results signify that	1	1	10.1038/s41467-024-49791-z
discussion	benefitting from the asymmetric minority	1	1	10.1038/s41467-023-40194-0
results	as a result css qds	1	1	qdp_2016_inas-qd-size-tunable-nir-emission
results	additionally the high \({\gamma }_{s}^{p}\	1	1	10.1038/s41467-024-55376-7
results	although 1.5 t exceeds the	1	1	10.1038/s41467-025-66981-5
results	according to fig. 4d e	1	1	10.1038/s41467-024-50022-8
discussion	in summary we demonstrated highly	1	1	10.1038/s41377-024-01500-7
results	a ge–pb peled with 10	1	1	10.1038/s41467-021-24616-5
results	additionally although the shielding of	1	1	10.1038/s41563-024-01812-4
discussion	consequently phonon-mediated cooling is slow	1	1	10.1038/s41467-019-12558-y
results	according to current polaronic and	1	1	10.1038/s41467-020-20582-6
discussion	in our initial demonstration of	1	1	10.1038/s41467-021-24616-5
results	a comparable trend is observed	1	1	10.1038/s41467-026-71949-0
discussion	using a topographical template with	1	1	10.1038/s41467-023-39488-0
discussion	beyond that stabilized mixed halide	1	1	10.1038/s41467-020-20582-6
results	according to our dft modeling	1	1	10.1038/s41467-023-40746-4
discussion	as we see no significant	1	1	10.1038/s41467-022-29702-w
discussion	using the strategy we have	1	1	10.1038/s41467-024-52401-7
results	dmso a lewis-base solvent capable	1	1	10.1038/s41377-025-01987-8
discussion	thus the ids is immune	1	1	10.1038/s41467-025-67347-7
discussion	the use of 2-nma optimized	1	1	10.1038/s41377-026-02184-x
discussion	cf3-bsa combines large steric hindrance	1	1	10.1038/s41467-026-72733-w
discussion	our microscopic approach to the	1	1	10.1038/s41467-022-35731-2
results	a summary of the vtc	1	1	10.1038/s41928-024-01205-0
results	as shown by the temperature-dependent	1	1	10.1038/s41563-025-02123-y
results	although the flat stamp used	1	1	10.1038/s41928-026-01670-9
discussion	furthermore we also fabricated a	1	1	10.1038/s41467-019-09794-7
discussion	in summary this study sheds	1	1	10.1038/s41467-021-22864-z
results	after the fitting of nyquist	1	1	10.1038/s41467-026-71301-6
discussion	more importantly we achieve a	1	1	10.1038/s41377-024-01601-3
discussion	the integration of patterned rgb	1	1	10.1038/s41467-025-64696-1
results	furthermore a flexible perovskite module	1	1	10.1038/s41467-018-07099-9
discussion	first we use theoretical calculations	1	1	10.1038/s41377-025-01740-1
results	benchmarking against literature our device	1	1	10.1038/s41377-026-02231-7
results	additionally the coverage factors of	1	1	10.1038/s41467-026-72115-2
discussion	furthermore we fabricate pure red	1	1	10.1038/s41467-024-50022-8
results	accordingly rb0.6cs0.4pbbr3 is the only	1	1	10.1038/s41467-019-09794-7
results	a moderate excess of lead	1	1	10.1038/s41467-025-63209-4
results	[blocking ionic transport by ligand	1	1	10.1038/s41467-023-36118-7
discussion	last but not least although	1	1	10.1038/s41467-019-08561-y
discussion	hence the enhanced vl shifts	1	1	10.1038/s41467-022-29702-w
discussion	achieving low ron high current	1	1	10.1038/s41467-023-40194-0
discussion	consequently peleds based on the	1	1	10.1038/s41467-020-14747-6
results	all devices demonstrated ambipolar transport	1	1	10.1038/s41467-023-38216-y
discussion	the superiority of the lattice-matched	1	1	10.1038/s41467-025-63684-9
results	a hexagonal pentile qd pixel	1	1	10.1038/s41467-020-16865-7
results	as compared with po-t2t zadn	1	1	10.1038/s41563-025-02123-y
discussion	however the cssn0.09pb0.91i3 qds exhibited	1	1	10.1038/s41467-024-45945-1
results	additional details on dipolar coupling	1	1	10.1038/s41467-024-55812-8
results	as plotted in fig. 3a	1	1	10.1038/s41467-018-04986-z
discussion	by rationally tuning molecular structures	1	1	10.1038/s41467-025-64696-1
results	as shown in the corresponding	1	1	10.1038/s41467-021-21522-8
results	as expected from the full	1	1	10.1038/s41566-024-01458-3
results	2)(0 of 0.45 which was	1	1	10.1038/s41467-017-01379-6
discussion	high triplet energy matrices have	1	1	10.1038/s41563-024-01812-4
discussion	more importantly the shortened channel	1	1	10.1038/s41467-025-67347-7
discussion	the decrease in the average	1	1	10.1038/s41467-026-68315-5
results	after incorporating mabr into the	1	1	alhtl_2017_cspbbr3-moo3-hil-peled
results	a faster response was observed	1	1	10.1038/s41377-026-02184-x
results	a video clearly demonstrates that	1	1	10.1038/s41467-025-59527-2
discussion	the cleds exhibit exceptional flexibility	1	1	10.1038/s41467-025-67737-x
results	a schematic illustration is provided	1	1	10.1038/s41467-026-72625-z
results	an isolated cdse-cdzns core–shell qd	1	1	10.1038/s41467-020-15944-z
results	a combination of surface pressure	1	1	10.1038/s41467-022-29702-w
results	additionally the moox-based stacks exhibit	1	1	10.1038/s41467-024-55376-7
discussion	consequently charge transfer between nio	1	1	10.1038/s41467-021-27652-3
discussion	as a result significant improvements	1	1	10.1038/s41467-025-59515-6
discussion	consequently the buried grain-growth and	1	1	10.1038/s41467-026-74583-y
discussion	in addition the ambient environment	1	1	10.1038/s41467-025-63209-4
results	additionally t₅₀ operational lifetime measurements	1	1	10.1038/s41467-025-62345-1
results	although the tdfa film exhibits	1	1	10.1038/s41467-025-65871-0
discussion	fin-leds inherently exhibit promising optical	1	1	10.1038/s41467-024-53965-0
discussion	the flexible oscs on the	1	1	10.1038/s41467-024-46243-6
results	after 72 h of storage	1	1	10.1038/s41467-026-71301-6
discussion	this strategy enabled us to	1	1	10.1038/s41377-024-01704-x
results	and our experiments show precisely	1	1	10.1038/s41467-025-56815-9
results	as a result psc modules	1	1	10.1038/s41467-025-64111-9
results	additionally their fwhm values were	1	1	10.1038/s41377-025-01817-x
results	a scherrer analysis of the	1	1	10.1038/s41467-024-53221-5
results	additionally our inas qds show	1	1	qdp_2016_inas-qd-size-tunable-nir-emission
results	according to eqs. 4 5	1	1	10.1038/s41377-026-02356-9
results	although both 2-nma and the	1	1	10.1038/s41377-026-02184-x
discussion	by employing a straightforward interfacial	1	1	10.1038/s41467-025-56557-8
results	although rb+ addition significantly improves	1	1	10.1038/s41467-020-20582-6
discussion	to pinpoint the mechanism of	1	1	10.1038/s41467-019-08749-2
discussion	the constructed qleds exhibit impressive	1	1	10.1038/s41377-024-01601-3
discussion	consequently at a constant total	1	1	10.1038/s41467-023-43340-w
results	after laser exposure the fft	1	1	10.1038/s41467-024-45944-2
discussion	in summary we developed a	1	1	10.1038/s41467-025-63653-2
discussion	the significantly reduced optical losses	1	1	10.1038/s41467-024-55376-7
discussion	we have demonstrated that the	1	1	10.1038/s41467-026-72115-2
discussion	as shown in fig. 5c	1	1	10.1038/s41467-020-14747-6
results	according to the previous studies	1	1	10.1038/s41467-023-43340-w
discussion	in summary the present study	1	1	10.1038/s43246-026-01177-y
results	all of them showed the	1	1	10.1038/s41586-023-05855-6
discussion	solvents with moderate dipole moment	1	1	10.1038/s41467-024-53221-5
results	a device with the best	1	1	10.1038/s41467-020-14756-5
results	additionally the conductive atomic force	1	1	10.1038/s41467-025-66421-4
results	finally we calculated the device	1	1	10.1038/s41377-020-0328-6
discussion	most previous studies mainly focused	1	1	10.1038/s41467-023-43408-7
discussion	the established “ligand-directed” design paradigm	1	1	10.1038/s41467-026-74198-3
results	a ni vacancy on the	1	1	10.1038/s41467-023-41929-9
discussion	furthermore numerical simulations were applied	1	1	10.1038/s41377-026-02356-9
discussion	these results suggest that further	1	1	qdp_2013_auger-control-carrier-kinetics
discussion	the resulting films exhibit a	1	1	10.1038/s41377-025-01987-8
results	a set of two devices	1	1	10.1038/s41467-021-24762-w
discussion	in summary we employed a	1	1	10.1038/s41377-024-01704-x
discussion	the patterned blue devices achieve	1	1	10.1038/s41377-025-02000-y
discussion	interestingly the passivation approach makes	1	1	10.1038/s41467-020-17633-3
discussion	as a result simultaneously ultrapure	1	1	10.1038/s41467-025-61085-6
results	a highly rigid and planar	1	1	10.1038/s41563-024-01812-4
results	all these bleaching signal values	1	1	10.1038/s41377-024-01727-4
discussion	resulting sg-qds feature degeneracy lift	1	1	10.1038/s41467-024-49791-z
discussion	in contrast to the recent	1	1	qdp_2016_inas-qd-size-tunable-nir-emission
results	according to the trap-filled limit	1	1	10.1038/s41377-026-02237-1
results	a clue to interpreting this	1	1	10.1038/s41467-022-35731-2
discussion	in summary we demonstrate the	1	1	10.1038/s41377-025-01740-1
results	accordingly the calculated n for	1	1	10.1038/s41467-019-13909-5
discussion	the fa cation doping manipulate	1	1	10.1038/s41377-022-00992-5
results	accordingly residence times of the	1	1	10.1038/s41467-020-15944-z
results	after 2000 bending cycles at	1	1	10.1038/s41467-025-67737-x
discussion	we developed a passivant that	1	1	10.1038/s41928-024-01181-5
discussion	this integrated htl strategy effectively	1	1	10.1038/s41467-025-64111-9
discussion	the tmeoppo-p could match the	1	1	10.1038/s41467-025-63684-9
discussion	specifically leds based on c/a/s	1	1	qdp_2013_auger-control-carrier-kinetics
results	after completing the systematic optimization	1	1	10.1038/s41467-026-74198-3
results	additionally two other wavelength-specific peleds	1	1	10.1038/s41377-026-02184-x
results	accordingly the bond order is	1	1	10.1038/s41467-021-20970-6
results	advanced isos stability tests isos-l-3	1	1	10.1038/s41467-025-64111-9
discussion	moreover we also show our	1	1	10.1038/s41377-025-01959-y
discussion	in this work a computational	1	1	10.1038/s41467-022-31853-9
results	additionally distributed power-law decay dynamics	1	1	10.1038/s41467-025-61511-9
discussion	the mos2 source-gated transistor reported	1	1	10.1038/s41467-025-67347-7
discussion	our results demonstrate the potential	1	1	10.1038/s41467-020-20433-4
results	as well known joule heating	1	1	10.1038/s41377-024-01500-7
discussion	we have described an approach	1	1	10.1038/s41928-024-01205-0
discussion	deposition patterning and delivering tasks	1	1	10.1038/s41467-020-16865-7
discussion	for large fields and/or weak	1	1	10.1038/s41467-020-16560-7
results	a −3 db frequency of	1	1	10.1038/s41928-024-01151-x
results	after uv stimulation the el	1	1	10.1038/s41377-022-01036-8
results	a scale bar 2 µm	1	1	10.1038/s41467-025-60886-z
discussion	above a σμ value of	1	1	qdp_2013_carrier-multiplication-qd-films
results	accordingly the champion r- and	1	1	10.1038/s41467-025-57472-8
results	both pb and pb/sr films	1	1	10.1038/s41467-025-58470-6
discussion	the el spectra from peqws-based	1	1	10.1038/s41467-023-40150-y
discussion	this work provides possibilities for	1	1	10.1038/s41467-025-62345-1
discussion	consequently the new molecular design	1	1	10.1038/s41563-024-01812-4
results	a satisfactory qd pattern can	1	1	10.1038/s41377-024-01601-3
results	as expected by distributing the	1	1	10.1038/s41467-018-03049-7
results	a similar phenomenon has also	1	1	10.1038/s41563-025-02123-y
results	all subsequent deposition and processing	1	1	10.1038/s41467-026-74198-3
results	a slab model of an	1	1	10.1038/s41467-025-57746-1
results	above tc the formation of	1	1	10.1038/s41467-026-69200-x
discussion	p = o s =	1	1	10.1038/s41467-020-17633-3
discussion	in this case we further	1	1	10.1038/s41467-024-50508-5
results	additionally the half-lifetime lt50 values	1	1	10.1038/s41377-025-01817-x
discussion	the as-prepared ssf cds can	1	1	10.1038/s41467-025-63653-2
discussion	in conclusion we report an	1	1	10.1038/s41467-018-06425-5
discussion	the absorption spectrum showed that	1	1	10.1038/s43246-026-01177-y
discussion	qleds based on the znse-qds	1	1	10.1038/s41467-018-04986-z
discussion	we believe that such concepts	1	1	10.1038/s41467-018-04986-z
results	according to our calculations supplementary	1	1	10.1038/s41467-022-31189-4
results	apart from the structural reconstruction	1	1	10.1038/s41467-021-21522-8
results	all of these observations suggest	1	1	qdp_2013_auger-control-carrier-kinetics
results	a reduced cm threshold energy	1	1	qdp_2013_carrier-multiplication-qd-films
results	a recently proposed phenomenological window-of-opportunity	1	1	qdp_2014_carrier-multiplication-quasi-type-ii
discussion	for a green emitter λ	1	1	10.1038/s41586-024-07149-x
results	after a fixed time the	1	1	10.1038/s41467-021-24931-x
discussion	plus benefitted from the structural	1	1	10.1038/s41467-024-49791-z
discussion	the significant performance of the	1	1	10.1038/s41467-018-05760-x
discussion	intriguingly systematic modeling shows that	1	1	10.1038/s41467-019-08561-y
discussion	as for a hypothetical device	1	1	10.1038/s41467-023-43340-w
discussion	high-efficiency true-white qled arrays as	1	1	qc_2015_wearable-rgb-qled-array
discussion	the computational design framework consists	1	1	10.1038/s41467-022-31853-9
results	13 ± 0.1 ps and	1	1	10.1038/s41467-018-05909-8
results	arrhenius analysis reveals an activation	1	1	10.1038/s41566-024-01458-3
discussion	electrical excitation with a fast	1	1	10.1038/s41566-024-01458-3
results	appropriate coupling is conducive to	1	1	10.1038/s41377-026-02231-7
results	according to the model v	1	1	10.1038/s41467-021-25955-z
discussion	from the macroscopic viewpoint the	1	1	10.1038/s41467-021-25955-z
discussion	enaqt has been predicted to	1	1	10.1038/s41467-024-55812-8
discussion	acting as a buried interfacial	1	1	10.1038/s41467-026-74583-y
discussion	based on the experimental results	1	1	10.1038/s41467-022-28037-w
discussion	the adoption of lt-niox resulted	1	1	10.1038/s41467-026-73911-6
discussion	at the current research stage	1	1	10.1038/s41467-024-47184-w
results	accordingly we can infer that	1	1	10.1038/s41467-024-52401-7
discussion	for example a t₅₀ operational	1	1	10.1038/s41467-020-17633-3
results	a large eb should result	1	1	10.1038/s41467-018-06425-5
discussion	the pl peak is 623	1	1	10.1038/s41467-024-50022-8
results	a reasonably low contact resistance	1	1	10.1038/s41586-024-07360-w
discussion	both theoretical calculations and experimental	1	1	10.1038/s41377-025-02019-1
discussion	in this study we addressed	1	1	10.1038/s41467-025-64546-0
discussion	in summary we propose a	1	1	10.1038/s41467-025-65135-x
results	according to an accelerated lifetime	1	1	10.1038/s41467-023-43340-w
discussion	in this work we unexpectedly	1	1	10.1038/s41467-023-41929-9
results	across all cases the introduction	1	1	10.1038/s41467-025-64546-0
results	all h nmr signals from	1	1	10.1038/s41467-024-50634-0
results	a long-term stability test under	1	1	10.1038/s41467-021-20970-6
discussion	however because of the slow	1	1	qdp_2012_lifetime-blinking-nonblinking-qd
results	accordingly we use 3d cspbi₃₋xbrx	1	1	10.1038/s41928-024-01151-x
discussion	we believe that this work	1	1	10.1038/s41467-021-24762-w
discussion	in summary these ir(iii carbene	1	1	10.1038/s41377-025-01817-x
discussion	as the examples thin films	1	1	10.1038/s41467-025-56815-9
discussion	notably encapsulated devices retain 89.6%	1	1	10.1038/s41467-026-69198-2
discussion	our results show that at	1	1	10.1038/s41467-022-28037-w
discussion	for the efficient operation of	1	1	10.1038/s41467-021-25955-z
discussion	in summary we successfully fabricated	1	1	10.1038/s41467-025-67737-x
discussion	using a continuous injection approach	1	1	qdp_2016_inas-qd-size-tunable-nir-emission
results	a large vacuum space of	1	1	10.1038/s41467-024-49751-7
discussion	operational lifetime particularly under high	1	1	10.1038/s41377-025-01817-x
results	although some researchers also claim	1	1	10.1038/s41467-025-61085-6
discussion	more importantly the efficiency roll-off	1	1	10.1038/s41467-025-56001-x
results	additionally the simulated far-field patterns	1	1	10.1038/s41467-019-08561-y
results	according to fig. 3d the	1	1	10.1038/s43246-020-00084-0
results	as a result of improved	1	1	10.1038/s41467-020-14747-6
discussion	importantly the model emphasizes the	1	1	10.1038/s41377-026-02356-9
discussion	in this work by employing	1	1	10.1038/s41377-020-0328-6
results	among these four devices the	1	1	10.1038/s41377-025-01972-1
discussion	by exploring the interaction between	1	1	10.1038/s41467-025-59515-6
discussion	through simulation we found that	1	1	10.1038/s41467-020-15481-9
results	additionally in)pox and hydroxide were	1	1	10.1038/s41467-022-35731-2
results	although the two fcgt electrodes	1	1	10.1038/s41467-025-66981-5
discussion	considering the structure of the	1	1	10.1038/s41467-023-38216-y
results	additionally the smaller average size	1	1	10.1038/s41377-026-02247-z
results	a detailed discussion of two-dimensional	1	1	10.1038/s41467-025-57200-2
discussion	at high voltages although electrons	1	1	10.1038/s41467-024-52521-0
results	a simple explanation is that	1	1	10.1038/s41467-019-08561-y
results	by fitting the child region	1	1	10.1038/s41377-024-01704-x
discussion	the results presented here therefore	1	1	10.1038/s41467-025-56987-4
results	a histogram of eqes at	1	1	10.1038/s41928-024-01181-5
results	although a pixel size down	1	1	10.1038/s41928-026-01670-9
results	additionally the emission intensity of	1	1	10.1038/s41467-024-45944-2
discussion	correlation between qd blinking behaviors	1	1	10.1038/s41467-024-55619-7
discussion	the resulting device achieves an	1	1	10.1038/s41467-026-71949-0
results	and by using the relation	1	1	10.1038/s41467-020-17633-3
discussion	by accounting for interfacial contributions	1	1	10.1038/s41467-026-69200-x
discussion	as the electron-injection capability decreases	1	1	10.1038/s41467-023-43340-w
results	all key lithography steps are	1	1	10.1038/s41467-025-67347-7
discussion	encouraged by these findings we	1	1	10.1038/s41467-019-09794-7
results	also the reduction of small-n	1	1	10.1038/s41467-021-21522-8
results	according to the reference the	1	1	10.1038/s41467-020-15481-9
results	adding a 2.5 v background	1	1	10.1038/s41467-018-07383-8
discussion	from the fact that the	1	1	10.1038/s41467-020-16865-7
discussion	the obtained peqw arrays simultaneously	1	1	10.1038/s41467-023-40150-y
discussion	combining experimental characterization and theoretical	1	1	10.1038/s41467-021-20970-6
results	a single qd is subject	1	1	10.1038/s41467-020-15944-z
results	additionally the el spectrum of	1	1	10.1038/s41377-025-01740-1
discussion	characters of each species were	1	1	10.1038/s41467-020-16855-9
results	across all tandem configurations the	1	1	10.1038/s41467-026-75756-5
discussion	in analogy with the analysis	1	1	qdp_2012_lifetime-blinking-nonblinking-qd
discussion	the highly-efficient optical transitions in	1	1	10.1038/s41467-021-24762-w
results	additionally the passivation of aluminum	1	1	10.1038/s41467-023-40150-y
results	a substantial improvement of the	1	1	10.1038/s41467-024-55376-7
results	because amine binding is entropically	1	1	10.1038/s41467-023-39531-0
results	accordingly eq. 1 and fig.	1	1	10.1038/s41467-022-29812-5
discussion	our investigation into the face-selective	1	1	10.1038/s41467-024-53965-0
discussion	first a wafer-scale self-emissive 5	1	1	10.1038/s41467-022-29538-4
results	additionally the meniscus near the	1	1	10.1038/s41467-025-59527-2
discussion	in particular the ito/fin-led@triple-shell structure	1	1	10.1038/s41467-024-53965-0
results	all values are measured under	1	1	10.1038/s41377-025-02000-y
discussion	overall the approach here is	1	1	10.1038/s41467-020-16652-4
discussion	moreover the incorporation of alumina	1	1	10.1038/s41467-025-64546-0
discussion	moreover the high photoresponsivity of	1	1	10.1038/s41928-024-01151-x
discussion	the broad applicability of this	1	1	10.1038/s41467-026-71301-6
discussion	however the prospects may be	1	1	10.1038/s41467-023-39488-0
results	a single trapping event starts	1	1	10.1038/s41467-025-61511-9
discussion	furthermore we have demonstrated that	1	1	10.1038/s41467-025-56815-9
results	additionally the cs 3d signal	1	1	10.1038/s41467-024-54160-x
results	benefiting from the smaller injection	1	1	10.1038/s41467-018-04986-z
results	a method using micro-liquid film	1	1	10.1038/s41467-019-09737-2
discussion	hence molecular passivation agent cf₃ko₃s	1	1	10.1038/s41467-020-20555-9
discussion	in conclusion we demonstrate a	1	1	qdp_2016_inas-qd-size-tunable-nir-emission
results	additionally the different organic precursors	1	1	10.1038/s41467-025-63653-2
discussion	finally capacitance–voltage characteristics of blue	1	1	10.1038/s41467-019-08749-2
results	by contrast due to the	1	1	10.1038/s41467-020-18006-6
results	all of these values correspond	1	1	10.1038/s41467-022-31189-4
results	because of broken symmetry and	1	1	10.1038/s41467-024-52208-6
discussion	achieving insulator-to-metal transition and knowing	1	1	10.1038/s41467-023-38216-y
results	additionally a fourth smaller monomer	1	1	10.1038/s41467-026-70555-4
discussion	our approach was to deliberately	1	1	10.1038/s41467-018-05909-8
results	all the two qds present	1	1	10.1038/s41377-024-01727-4
results	a positive or slightly negative	1	1	10.1038/s41467-025-60886-z
discussion	these devices retain 93.36% of	1	1	10.1038/s41467-026-71301-6
discussion	in summary we have designed	1	1	10.1038/s41467-025-56987-4
results	briefly a two-step deposition of	1	1	10.1038/s43246-024-00576-3
results	as the temperature increased from	1	1	10.1038/s41467-023-39531-0
results	absorption spectra were also measured	1	1	10.1038/s41467-020-16855-9
results	additionally it explains the smallest	1	1	10.1038/s41467-023-43408-7
discussion	device integration and optimization using	1	1	10.1038/s41377-025-01817-x
results	a p-i-n structure psc was	1	1	10.1038/s43246-024-00645-7
discussion	such integration of different functions	1	1	10.1038/s41928-024-01151-x
discussion	a key feature of this	1	1	qdp_2013_auger-control-carrier-kinetics
discussion	as pointed out above the	1	1	10.1038/s41467-019-09737-2
results	a demonstration of full-color-tunable qled	1	1	10.1038/s41377-025-01835-9
discussion	the uniaxial pressure-assisted liquid-metal printing	1	1	10.1038/s41467-025-57200-2
discussion	at present many such devices	1	1	10.1038/s41586-024-07149-x
results	as the experiments were conducted	1	1	10.1038/s41467-023-40746-4
discussion	we believe that our demonstrated	1	1	10.1038/s41467-020-16659-x
discussion	based on our homemade submicron	1	1	10.1038/s41377-024-01601-3
results	all other single post-modified processes	1	1	10.1038/s43246-021-00203-5
discussion	as there are twice as	1	1	qdp_2013_carrier-multiplication-qd-films
discussion	emission of f360-inp:zn msc was	1	1	10.1038/s41467-020-16855-9
discussion	these advances enable blue perovskite	1	1	10.1038/s41377-026-02231-7
discussion	first the improvement of the	1	1	alhtl_2017_cspbbr3-moo3-hil-peled
results	additionally the triple-attached nucleophilic groups	1	1	10.1038/s41467-025-63684-9
discussion	besides simulations also show the	1	1	10.1038/s41467-024-49838-1
discussion	our goal is to balance	1	1	10.1038/s43246-021-00203-5
discussion	as a result accelerated recombination	1	1	10.1038/s41377-025-01867-1
results	after dmso rinsing the n/in	1	1	10.1038/s41467-026-74583-y
discussion	we have developed a universal	1	1	10.1038/s41467-018-07099-9
results	an example array of on-site	1	1	10.1038/s41467-023-39488-0
results	a quantitative comparison between the	1	1	10.1038/s41467-024-50893-x
discussion	our devices offer encouraging performance	1	1	10.1038/s41928-024-01205-0
results	although the formation of the	1	1	10.1038/s41467-020-16652-4
results	31p{1h} nmr spectra were obtained	1	1	10.1038/s41467-020-16855-9
discussion	the presence of the inorganic	1	1	10.1038/s41467-024-50022-8
results	after the injection of nsa	1	1	10.1038/s41467-024-50022-8
discussion	we believe that this strategy	1	1	10.1038/s41467-024-52401-7
discussion	the thin films can be	1	1	10.1038/s41467-020-18006-6
discussion	as a result the narrow-angle-tamm-plasmon-driven	1	1	10.1038/s41467-024-49838-1
discussion	particularly for the first time	1	1	10.1038/s41467-020-20582-6
discussion	moreover iscl allows the reconstruction	1	1	10.1038/s41377-025-01768-3
results	all the perovskite films exhibit	1	1	10.1038/s41467-026-68315-5
results	a complication of carrier injection	1	1	10.1038/s41467-021-25955-z
results	a photograph of the fabricated	1	1	10.1038/s41467-021-24762-w
discussion	the multifunctional p-fcacl could release	1	1	10.1038/s41377-025-01768-3
discussion	the key to the significant	1	1	10.1038/s41467-024-55376-7
results	according to our previous density	1	1	10.1038/s41467-024-50432-8
results	a 12-point thickness check confirmed	1	1	10.1038/s41467-025-64111-9
discussion	implementing this strategy we reported	1	1	10.1038/s41377-024-01704-x
discussion	our work provides a guide	1	1	10.1038/s41467-018-03049-7
discussion	meanwhile it was discovered that	1	1	10.1038/s41377-022-00855-z
discussion	furthermore this sam interfacial modification	1	1	10.1038/s41467-026-69198-2
results	a prominent negative peak δa	1	1	10.1038/s41467-026-70555-4
discussion	first through the analysis of	1	1	10.1038/s41467-019-08749-2
discussion	herein despite the initial attempt	1	1	10.1038/s41467-020-18006-6
results	a practical consequence of this	1	1	10.1038/s41467-018-07383-8
discussion	furthermore the qds showed extraordinary	1	1	10.1038/s41467-024-55619-7
discussion	device stability is still a	1	1	10.1038/s41467-018-02978-7
results	additionally we also conduct the	1	1	10.1038/s41467-023-41041-y
discussion	the target qds exhibited high	1	1	10.1038/s41467-025-63684-9
discussion	although this is significant progress	1	1	10.1038/s41467-022-29538-4
discussion	the electrically driven ionic motions	1	1	10.1038/s41467-021-24762-w
discussion	it boosts plqy from 10%	1	1	10.1038/s41377-022-00992-5
discussion	benefiting from the proposed icl	1	1	10.1038/s41377-024-01500-7
results	additionally this may be the	1	1	10.1038/s41467-018-06294-y
results	according to the energetic analysis	1	1	10.1038/s41467-019-13951-3
results	additionally this device achieves a	1	1	10.1038/s41467-025-59527-2
discussion	current blue hyperfluorescence technology requires	1	1	10.1038/s41563-024-01812-4
discussion	the as-fabricated full-color micro-qled panel	1	1	10.1038/s41377-025-02000-y
discussion	this chemical treatment strategy will	1	1	10.1038/s41377-024-01704-x
discussion	applied together these strategies might	1	1	qdp_2014_carrier-multiplication-quasi-type-ii
discussion	our results highlight the effectiveness	1	1	10.1038/s41467-024-55653-5
discussion	compared with the dbr-dbr cavities	1	1	10.1038/s41467-024-49838-1
discussion	in comparison with conventional organic	1	1	10.1038/s41467-018-06294-y
discussion	the preferred facet intrinsically reduces	1	1	10.1038/s41377-025-01987-8
results	a distinction is that in	1	1	10.1038/s41467-024-55812-8
results	passivation mechanism of potassium cations	1	1	10.1038/s41467-018-07099-9
discussion	the individual-particle-passivated nanocrystal film has	1	1	10.1038/s41928-024-01181-5
discussion	also different metal salts can	1	1	10.1038/s41467-025-56815-9
discussion	as the shell thickness increases	1	1	10.1038/s41467-019-09737-2
discussion	furthermore blue phosphorescent oleds were	1	1	10.1038/s41467-021-27652-3
discussion	furthermore our detailed investigation of	1	1	10.1038/s41467-024-52401-7
discussion	at this early stage it	1	1	10.1038/s42005-021-00742-w
results	accordingly we speculate that the	1	1	10.1038/s43246-021-00203-5
results	a photographs of el emission	1	1	10.1038/s41467-024-53965-0
results	after introducing the pvp buffer	1	1	alhtl_2017_cspbbr3-moo3-hil-peled
discussion	at the same time there	1	1	10.1038/s41586-024-07149-x
results	a complete set of sem	1	1	10.1038/s41467-020-16865-7
discussion	notably the emergence of electrical	1	1	10.1038/s41467-026-69200-x
discussion	our work not only demonstrated	1	1	10.1038/s41467-024-50893-x
discussion	in terms of material design	1	1	10.1038/s41586-024-07149-x
results	after annealing and irradiation with	1	1	10.1038/s41467-025-57746-1
results	a distinct intensity difference between	1	1	10.1038/s41467-025-57472-8
results	all device performance confirms the	1	1	10.1038/s41467-025-56815-9
discussion	in addition since additive engineering	1	1	10.1038/s41563-025-02123-y
results	although initially observed as a	1	1	qdp_2014_carrier-multiplication-quasi-type-ii
results	after efficiency elevation the accumulated	1	1	10.1038/s41467-023-43340-w
discussion	furthermore exploring broader photonic excitation	1	1	10.1038/s41467-025-64696-1
results	accordingly we consider that there	1	1	qdp_2016_inas-qd-size-tunable-nir-emission
results	as discussed above the weak	1	1	10.1038/s41467-025-65135-x
discussion	the ijp qled performances we	1	1	10.1038/s41467-020-15481-9
results	as a result these two	1	1	10.1038/s41377-025-01740-1
results	a higher switching speed is	1	1	10.1038/s41928-024-01151-x
discussion	using a combination of diffraction	1	1	10.1038/s41467-021-22864-z
discussion	a very small value of	1	1	qdp_2012_lifetime-blinking-nonblinking-qd
discussion	these state-of-art devices can be	1	1	qc_2015_wearable-rgb-qled-array
discussion	by minimizing the amine concentration	1	1	10.1038/s41467-023-39531-0
results	by contrast in sto the	1	1	10.1038/s42005-021-00742-w
results	although those two devices show	1	1	10.1038/s41467-024-44894-z
results	according to xrd results shown	1	1	10.1038/s41467-018-02978-7
results	[potential of fabricating perovskite films	1	1	10.1038/s41467-025-56557-8
results	according to the rising trend	1	1	10.1038/s41377-024-01500-7
results	another approach to limit the	1	1	10.1038/s41467-022-31189-4
results	annealed with extended durations the	1	1	10.1038/s41467-020-14747-6
results	a possible explanation would be	1	1	10.1038/s41467-021-24616-5
discussion	after that the device performance	1	1	10.1038/s41467-018-02978-7
results	after hbr etching the lateral	1	1	10.1038/s41377-025-02019-1
results	also depicted in fig. 4a	1	1	10.1038/s43246-021-00203-5
results	[properties of quasi-2d perovskite with	1	1	10.1038/s41467-018-02978-7
discussion	moreover the optimized pscs exhibited	1	1	10.1038/s41467-024-55653-5
discussion	our work highlights the importance	1	1	10.1038/s41467-021-20970-6
results	a comparison of the amplification	1	1	10.1038/s41467-025-67347-7
discussion	by adopting doctor blading we	1	1	10.1038/s43246-024-00576-3
discussion	in addition the passivation fills	1	1	10.1038/s43246-021-00203-5
results	after 1200 h the btsa-modulated	1	1	10.1038/s41467-025-63389-z
discussion	lowering the mirror’s reflectivity prevents	1	1	10.1038/s41467-024-49574-6
results	a histogram of the maximum	1	1	10.1038/s41467-021-21522-8
results	additionally the trpl results demonstrate	1	1	10.1038/s41467-024-51760-5
results	all derivatives were well characterized	1	1	10.1038/s41467-025-56987-4
discussion	the remarkable mechanical-electrical-thermal-moisture stability is	1	1	10.1038/s41467-024-46243-6
results	additionally if the reaction is	1	1	qdp_2016_inas-qd-size-tunable-nir-emission
results	an intermediate phase separated by	1	1	10.1038/s41467-023-40746-4
results	a key question regarding the	1	1	10.1038/s41467-019-12558-y
discussion	in consequence the device achieve	1	1	10.1038/s41377-022-01036-8
results	accordingly the passivated device exhibited	1	1	10.1038/s41467-020-17633-3
discussion	as only mixing between qds	1	1	10.1038/s41467-020-16652-4
results	a more detailed examination of	1	1	10.1038/s41377-025-01972-1
discussion	overall our research into buried	1	1	10.1038/s41467-025-59515-6
discussion	an effective e-sno2 etl has	1	1	10.1038/s41467-018-05760-x
results	a lower current density at	1	1	10.1038/s41467-023-43472-z
results	any time-average joule heating over	1	1	10.1038/s41467-018-07383-8
discussion	by varying the ac voltage	1	1	10.1038/s41467-024-47891-4
results	at low excitation density no	1	1	qdp_2013_carrier-multiplication-qd-films
results	2des spectra at a range	1	1	10.1038/s42005-023-01169-1
results	a small increase in the	1	1	10.1038/s41467-024-55376-7
discussion	the individual-particle passivation strategy could	1	1	10.1038/s41928-024-01181-5
results	as an initial demonstration we	1	1	10.1038/s41467-021-24616-5
results	although the photoluminescence quantum yield	1	1	10.1038/s41467-023-39531-0
discussion	by introducing a strong binding	1	1	10.1038/s41467-024-50022-8
results	also the shift of diffraction	1	1	10.1038/s41377-022-00992-5
discussion	our strategy paves the way	1	1	10.1038/s41377-026-02237-1
results	above data confirm that fa	1	1	10.1038/s41377-022-00992-5
results	all 256 pixels exhibit uniform	1	1	10.1038/s41928-024-01181-5
results	a low-magnification optical microscope om	1	1	10.1038/s41467-025-60886-z
discussion	all the d–a unit pairs	1	1	10.1038/s41467-022-29702-w
discussion	in conclusion we investigated the	1	1	10.1038/s41467-020-15481-9
results	after integrating these two types	1	1	10.1038/s41467-025-59527-2
discussion	based on a profound understanding	1	1	10.1038/s41467-022-35731-2
results	as presented in fig. 4h	1	1	10.1038/s41467-025-63684-9
discussion	the achievable brightness of the	1	1	10.1038/s41467-020-16659-x
discussion	when ipa and pea ligands	1	1	10.1038/s41467-018-05909-8
results	as shown in the histogram	1	1	10.1038/s41467-025-62345-1
results	additional measurements further support that	1	1	10.1038/s41467-019-09737-2
discussion	furthermore the long-term stability is	1	1	10.1038/s41467-018-05760-x
results	additionally these devices achieved a	1	1	10.1038/s41377-025-02019-1
results	building on that foundation this	1	1	10.1038/s43246-024-00576-3
discussion	meanwhile the nanocomposite electrode was	1	1	10.1038/s41467-024-46243-6
results	as a state-of-the-art of the	1	1	10.1038/s41377-025-02000-y
discussion	the dual modification reduces interfacial	1	1	10.1038/s41467-019-13437-2
discussion	as a result highly efficient	1	1	10.1038/s41467-025-56001-x
discussion	by controlling the phonon densities-of-states	1	1	10.1038/s41467-020-16560-7
discussion	as illustrated in fig. 3b	1	1	10.1038/s41467-025-58047-3
results	additionally the vt exhibits almost	1	1	10.1038/s41467-023-41041-y
results	by doing so we can	1	1	10.1038/s41467-024-50432-8
results	as a result the number	1	1	10.1038/s41467-025-66981-5
discussion	according to our simulations for	1	1	10.1038/s41467-023-40746-4
discussion	moreover the high-resolution qleds reach	1	1	10.1038/s41467-025-62345-1
results	a useful outcome of the	1	1	10.1038/s41467-022-31478-y
discussion	an extended investigation enables us	1	1	10.1038/s41467-022-29702-w
discussion	preventing one process will activate	1	1	10.1038/s41467-023-43408-7
results	additional tem images are available	1	1	10.1038/s41467-024-55812-8
results	after subtracting the baseline and	1	1	10.1038/s41467-020-15481-9
results	a recent work demonstrated that	1	1	10.1038/s41467-024-55812-8
discussion	in summary this study underscores	1	1	10.1038/s41467-025-59527-2
results	according to the specific details	1	1	10.1038/s41467-025-63389-z
results	as schematically illustrated carriers are	1	1	10.1038/s41377-024-01500-7
results	adding a layer of pvk	1	1	10.1038/s41467-023-41929-9
results	after the water-vapor treatment with	1	1	10.1038/s41467-025-58471-5
discussion	the passivated cspbbr3 npls maintain	1	1	10.1038/s41377-025-02019-1
results	a system with initially high	1	1	10.1038/s41467-020-20582-6
results	after va the bm-sfo/sto sample	1	1	10.1038/s41467-023-40746-4
discussion	in our work the introduction	1	1	10.1038/s41467-018-06294-y
results	an interesting observation is that	1	1	10.1038/s41467-022-31478-y
results	according to the i 3	1	1	10.1038/s41467-025-64111-9
results	a corresponding sem image of	1	1	10.1038/s41467-020-16865-7
results	additionally we conduct transient electroluminescence	1	1	10.1038/s41467-025-59527-2
discussion	in contrast the recrystallized zno	1	1	10.1038/s41377-025-01867-1
discussion	moreover the top and the	1	1	10.1038/s41377-025-01835-9
discussion	by achieving one-step in situ	1	1	10.1038/s41467-025-64111-9
results	as a result the size	1	1	10.1038/s41467-024-45945-1
discussion	the discovery of fm-like spin	1	1	10.1038/s41467-024-52208-6
discussion	these heterostructures act as stress	1	1	10.1038/s41467-026-71949-0
discussion	these particles are more than	1	1	qdp_2016_inas-qd-size-tunable-nir-emission
results	aharoni et al. have developed	1	1	qdp_2016_inas-qd-size-tunable-nir-emission
results	first the impact of the	1	1	10.1038/s41377-020-0328-6
discussion	the sams particularly sfx-p1 exhibit	1	1	10.1038/s41467-026-69198-2
discussion	in summary we explored surface	1	1	10.1038/s41467-021-20970-6
results	[interfacial amidation reaction for perovskite	1	1	10.1038/s41467-025-56557-8
discussion	for example we show that	1	1	10.1038/s41928-024-01151-x
discussion	in principle this device structure	1	1	10.1038/s41467-017-01379-6
results	apart from enhancement in exciton	1	1	10.1038/s41467-020-17633-3
discussion	the el peak wavelengths of	1	1	10.1038/s41467-022-31853-9
discussion	additionally the pinned tbaotf could	1	1	10.1038/s41377-026-02247-z
discussion	for these studies we have	1	1	qdp_2013_auger-control-carrier-kinetics
discussion	as a result the small-area	1	1	10.1038/s41467-026-71301-6
results	accordingly we suggest that both	1	1	10.1038/s41467-023-43340-w
discussion	considering that coulomb interactions are	1	1	10.1038/s41467-020-15944-z
results	a hetero-plane oriented attachment was	1	1	10.1038/s41467-026-70555-4
results	another even-even device designated as	1	1	10.1038/s41467-025-66981-5
discussion	meanwhile the n2-processed one reached	1	1	10.1038/s41377-026-02247-z
discussion	the proportion of large-n phases	1	1	10.1038/s41467-021-21522-8
discussion	consequently optimized p-o-tscs combining cspbi₂br	1	1	10.1038/s41467-024-55376-7
discussion	the treated nanocrystal films can	1	1	10.1038/s41928-024-01181-5
discussion	in conclusion this work presents	1	1	10.1038/s41467-026-74198-3
discussion	also we showed that the	1	1	10.1038/s41467-022-32010-y
discussion	el emission under ultralow voltages	1	1	10.1038/s41467-022-31478-y
results	although both core and shell	1	1	qdp_2014_carrier-multiplication-quasi-type-ii
results	by varying the carbon chain	1	1	qdp_2013_carrier-multiplication-qd-films
results	another instance is the nanogap	1	1	10.1038/s41467-025-56815-9
discussion	in conclusion we develop a	1	1	10.1038/s41377-025-01835-9
results	accordingly the conductivity of the	1	1	10.1038/s41467-022-32010-y
discussion	in summary this work demonstrated	1	1	10.1038/s41467-024-50893-x
discussion	in this work we demonstrate	1	1	10.1038/s41377-026-02246-0
discussion	both modified devices demonstrate significantly	1	1	10.1038/s41467-025-59515-6
results	a linear combination analysis indicates	1	1	10.1038/s41586-024-07360-w
results	apart from enhancing exciton recombination	1	1	10.1038/s41467-025-63684-9
discussion	our results reveal the molecule	1	1	10.1038/s41467-025-63684-9
discussion	we believe this simple and	1	1	10.1038/s41467-018-07099-9
discussion	meanwhile the byproduct of iscl	1	1	10.1038/s41377-025-01768-3
discussion	finally we note that the	1	1	10.1038/s41467-020-16560-7
discussion	by imaging the spatial distribution	1	1	10.1038/s41467-024-55812-8
discussion	qd films with lixer which	1	1	10.1038/s41467-020-16652-4
discussion	in conclusion the pixelated qd-led	1	1	10.1038/s41467-022-31853-9
discussion	our research thus provides a	1	1	10.1038/s41467-020-20582-6
results	after being annealed for 10	1	1	10.1038/s41467-025-58470-6
results	according to the ta spectra	1	1	10.1038/s41467-023-40150-y
discussion	while further optimization is required	1	1	10.1038/s41467-021-24616-5
discussion	different from the covalent group	1	1	10.1038/s41467-025-65695-y
discussion	in fact the reduction of	1	1	alhtl_2017_cspbbr3-moo3-hil-peled
discussion	besides establishing a unified mechanism	1	1	10.1038/s41467-022-31478-y
discussion	in this study we demonstrate	1	1	10.1038/s41467-022-28480-9
discussion	as the gate voltage was	1	1	10.1038/s41467-023-38216-y
results	again our computation captures the	1	1	10.1038/s41467-019-09737-2
discussion	the strategy also demonstrated excellent	1	1	10.1038/s41467-025-64111-9
discussion	finally we successfully arranged fin-leds	1	1	10.1038/s41467-024-53965-0
results	accordingly the uvvis absorption spectra	1	1	10.1038/s41467-021-20970-6
results	a high eqe of >10%	1	1	10.1038/s41467-025-57746-1
results	as shown in the histograms	1	1	10.1038/s41467-018-04986-z
results	additionally the linewidth γ of	1	1	10.1038/s41467-025-57304-9
discussion	cross-sectional multislice electron ptychography reveals	1	1	10.1038/s41467-026-69200-x
discussion	the research achieved a high	1	1	10.1038/s41377-026-02184-x
results	additionally multiple nc layers can	1	1	10.1038/s41467-025-64596-4
discussion	the exceptional conductivity of n-doped	1	1	10.1038/s41467-025-58471-5
discussion	over the past 20 years	1	1	10.1038/s41467-020-18006-6
results	a electric field simulation results.	1	1	10.1038/s41467-024-53965-0
results	a total reaction volume of	1	1	10.1038/s41467-025-63209-4
results	as a result radiative recombination	1	1	10.1038/s41467-025-65135-x
discussion	furthermore infrared thermal imaging demonstrates	1	1	10.1038/s41467-025-59527-2
discussion	in summary our work demonstrated	1	1	10.1038/s41467-024-51760-5
discussion	these ase diodes exhibit strong	1	1	10.1038/s41586-023-05855-6
results	an even higher 18o enrichment	1	1	10.1038/s41467-023-40746-4
results	after the nsa ligand treatment	1	1	10.1038/s41467-024-50022-8
discussion	a nio matrix incorporating moo3	1	1	10.1038/s41467-021-27652-3
discussion	furthermore the successful demonstration of	1	1	10.1038/s41467-024-47184-w
discussion	as a result the hot	1	1	10.1038/s41467-019-12558-y
results	a potential problem of this	1	1	10.1038/s41586-023-05855-6
discussion	the current progress will realize	1	1	qc_2015_wearable-rgb-qled-array
results	according to the energy transfer	1	1	10.1038/s41467-024-50508-5
discussion	formation of nanorods is only	1	1	10.1038/s41467-024-53221-5
results	according to the detailed balance	1	1	10.1038/s41467-019-13909-5
discussion	itc experiments revealed that the	1	1	10.1038/s41467-023-39531-0
discussion	increasing the lifetime of blue	1	1	10.1038/s41467-023-43408-7
discussion	importantly the demonstration of the	1	1	10.1038/s41377-020-0328-6
discussion	the present work demonstrates highly	1	1	10.1038/s41467-018-04986-z
discussion	in addition the high-resolution device	1	1	10.1038/s41377-025-01959-y
results	according to the equation the	1	1	10.1038/s41377-024-01601-3
results	[wavelength tunability and spectral stability]	1	1	10.1038/s41467-023-36118-7
discussion	then the crystallization modulation effect	1	1	10.1038/s41377-025-01740-1
discussion	we have presented an effective	1	1	10.1038/s41467-024-52401-7
discussion	in summary we demonstrate an	1	1	10.1038/s41467-026-71301-6
results	among the many factors affecting	1	1	10.1038/s41467-022-31478-y
discussion	here we demonstrate the highly	1	1	10.1038/s41467-024-47184-w
discussion	a straightforward and effective photo-patterning	1	1	10.1038/s41467-020-16652-4
results	as elemental te is present	1	1	10.1038/s41586-024-07360-w
discussion	this work shows a great	1	1	10.1038/s41377-024-01500-7
discussion	in this work we focused	1	1	10.1038/s43246-026-01177-y
discussion	a straightforward water-vapor treatment of	1	1	10.1038/s41467-025-58471-5
results	angular-dependent el measurement of the	1	1	10.1038/s41467-026-75756-5
results	after turn-on of the el	1	1	10.1038/s41377-020-0328-6
discussion	because the motion of ions—likely	1	1	10.1038/s41467-018-07383-8
discussion	figure 6 compares our work	1	1	10.1038/s41928-024-01205-0
results	by adjusting the precursor stoichiometry	1	1	10.1038/s41377-025-01987-8
results	accordingly the madn:ttm-tpa system enables	1	1	10.1038/s41566-024-01458-3
discussion	composition engineering and in situ	1	1	10.1038/s41467-019-09794-7
results	according to a previous report	1	1	10.1038/s41467-018-05760-x
discussion	this work offers a promising	1	1	10.1038/s41467-021-21522-8
results	additionally a significant reduction in	1	1	10.1038/s41467-026-69198-2
discussion	moreover due to the slow	1	1	10.1038/s41467-020-20555-9
results	after 1 μs this curve	1	1	10.1038/s41467-025-66421-4
results	additionally a conspicuous reduction in	1	1	10.1038/s41377-025-01768-3
results	a low-concentration of 1 wt%	1	1	10.1038/s41467-025-64546-0
discussion	in addition to effectively inhibiting	1	1	10.1038/s41377-024-01727-4
results	after 240 min of uv	1	1	10.1038/s41467-026-68315-5
discussion	it is believed that the	1	1	10.1038/s41377-022-00855-z
discussion	it is also a useful	1	1	10.1038/s41586-024-07149-x
results	additional experiments confirm that direct	1	1	10.1038/s41467-025-58471-5
discussion	as expected the materials' stability	1	1	10.1038/s41467-019-09794-7
results	addition of the halide salts	1	1	10.1038/s43246-021-00203-5
discussion	consequently the cdznse-based devices exhibit	1	1	10.1038/s41377-024-01727-4
results	fewer grain boundaries in the	1	1	10.1038/s41467-019-13437-2
discussion	in conclusion we have provided	1	1	10.1038/s41377-025-01959-y
results	an eqe curve of tcta-based	1	1	10.1038/s41467-021-25955-z
results	additionally we performed conductivity measurements	1	1	10.1038/s41467-025-66421-4
results	a gate voltage was applied	1	1	10.1038/s41467-023-41041-y
discussion	based on the measured iv	1	1	10.1038/s41377-026-02356-9
discussion	efficient carrier utilization also reduces	1	1	10.1038/s41467-025-65135-x
discussion	in summary we have shed	1	1	10.1038/s41467-022-35731-2
results	additionally the mutual encapsulation by	1	1	10.1038/s41377-025-01835-9
discussion	using the optimized passivation molecule	1	1	10.1038/s41467-021-20970-6
discussion	importantly for 17 types of	1	1	10.1038/s41467-022-31478-y
results	additionally the pb 4 f	1	1	10.1038/s41467-026-72115-2
results	a more-graded energy landscape is	1	1	10.1038/s41467-019-09794-7
results	additionally the meta-substituted cf3 group	1	1	10.1038/s41377-025-01817-x
discussion	further improvement of peled stability	1	1	10.1038/s41467-018-02978-7
discussion	these results motivated us to	1	1	10.1038/s41467-024-50893-x
results	a possible reason resulting in	1	1	10.1038/s41467-022-29812-5
discussion	our strategy provides an efficient	1	1	10.1038/s41377-024-01727-4
discussion	although the surface s2− ligands	1	1	10.1038/s41467-018-06294-y
results	according to the relationship σ	1	1	10.1038/s41377-025-01867-1
results	a positive voltage in the	1	1	10.1038/s41467-021-24762-w
discussion	here we newly discovered that	1	1	10.1038/s41467-023-43408-7
discussion	our findings show that not	1	1	10.1038/s43246-024-00576-3
discussion	in the future tailoring sam	1	1	10.1038/s41467-026-69198-2
results	as the pixel size decreases	1	1	qc_2015_wearable-rgb-qled-array
discussion	our experiments and modelling have	1	1	10.1038/s41467-022-31478-y
results	according to the characteristic decay	1	1	10.1038/s41467-020-15944-z
results	a larger radiance imbalance inevitably	1	1	10.1038/s41467-026-75756-5
results	additionally their current density-voltage-luminance j-v-l	1	1	10.1038/s41377-025-01817-x
discussion	tas further elaborates the mechanism	1	1	10.1038/s41377-022-00992-5
discussion	here the handling of excitations	1	1	10.1038/s41566-024-01458-3
discussion	the graded thick shell not	1	1	10.1038/s41467-026-73298-4
results	accompanied by the thermally randomized	1	1	10.1038/s41467-024-52208-6
discussion	in addition the improved hole	1	1	10.1038/s41467-025-56001-x
results	a sinusoidal reference field e_accos	1	1	10.1038/s41467-019-08749-2
discussion	leveraging these advances we fabricated	1	1	10.1038/s41377-026-02237-1
discussion	in the second case the	1	1	10.1038/s41467-024-53221-5
results	a polymethyl methacrylate pmma protection	1	1	10.1038/s41467-021-24762-w
discussion	additionally alumina particles effectively suppressed	1	1	10.1038/s41467-025-64546-0
discussion	compared to conventional long-chain ligands	1	1	10.1038/s41377-025-02019-1
discussion	overall this work highlights the	1	1	10.1038/s41467-025-59527-2
results	a detailed treatment of these	1	1	10.1038/s41467-026-69200-x
results	all performance parameters are summarized	1	1	10.1038/s41467-026-68315-5
discussion	our work represents the most	1	1	10.1038/s41377-025-01959-y
results	after 67 days the photocurrent	1	1	10.1038/s41467-025-63389-z
results	a subsequent water-vapor treatment for	1	1	10.1038/s41467-025-58471-5
discussion	in summary we demonstrated efficient	1	1	10.1038/s41467-024-50508-5
discussion	rainbow was able to autonomously	1	1	10.1038/s41467-025-63209-4
results	6tic-4f supplementary fig. 1 is	1	1	10.1038/s41467-019-13909-5
results	a flat-band energy-level diagram with	1	1	10.1038/s41467-022-31853-9
results	ab initio calculations of the	1	1	10.1038/s41467-020-16560-7
results	after cf3-bsa treatment both the	1	1	10.1038/s41467-026-72733-w
results	a mixed-variable gpr model with	1	1	10.1038/s41467-025-63209-4
discussion	however we suspect that “direct”	1	1	10.1038/s41467-019-13951-3
discussion	with the electric dipole layer-based	1	1	10.1038/s43246-020-00084-0
results	actually the dielectric constant can	1	1	10.1038/s41467-019-09737-2
discussion	in conclusion we experimentally study	1	1	10.1038/s41467-024-52208-6
discussion	the air-processed device showed a	1	1	10.1038/s41377-026-02247-z
discussion	our work demonstrates that uncompensated	1	1	10.1038/s41467-025-66981-5
discussion	rainbow unraveled the intricate combination	1	1	10.1038/s41467-025-63209-4
discussion	in conclusion we rationalize and	1	1	10.1038/s41563-025-02123-y
discussion	a pixelated cd-free el qd	1	1	10.1038/s41928-026-01670-9
results	additionally temperature-dependent steady-state pl spectra	1	1	10.1038/s41467-025-61085-6
discussion	our results clearly identify that	1	1	10.1038/s41467-019-13951-3
discussion	we believe that this bifunctional	1	1	10.1038/s41467-019-13437-2
discussion	combining composition/phase engineering and surface	1	1	10.1038/s41467-018-02978-7
discussion	rapid nonradiative auger recombination rate	1	1	10.1038/s41467-020-20555-9
results	after introducing the cuscn layer	1	1	10.1038/s41377-022-01036-8
results	a tadf oled emits light	1	1	10.1038/s41586-024-07149-x
results	akin to the solid-state ligand	1	1	10.1038/s41467-025-64596-4
results	additionally the fde is also	1	1	10.1038/s41377-024-01601-3
discussion	in addition using lt-niox nps	1	1	10.1038/s41467-026-73911-6
discussion	by using the izo as	1	1	10.1038/s41467-024-47891-4
discussion	accordingly the out-of-plane lattice parameter	1	1	10.1038/s41467-023-40746-4
discussion	theoretical calculations and experimental results	1	1	10.1038/s41377-026-02247-z
discussion	as the surface s2− ligands	1	1	10.1038/s41467-018-06294-y
discussion	the n-channel tfts based on	1	1	10.1038/s41467-025-57200-2
results	a smaller incident angle e.g.	1	1	10.1038/s41467-025-64546-0
discussion	moreover efficient large-area devices 900	1	1	10.1038/s41377-026-02237-1
discussion	based on the requirement of	1	1	10.1038/s41467-020-15481-9
discussion	in addition the model can	1	1	10.1038/s41377-026-02356-9
results	additionally stretchable logic gates including	1	1	10.1038/s41467-024-47184-w
results	as a result the nir	1	1	10.1038/s41377-026-02237-1
results	apart from changes in recombination	1	1	10.1038/s41467-018-07383-8
discussion	for planar leds such as	1	1	10.1038/s41377-020-0328-6
discussion	by adapting the theory of	1	1	10.1038/s41377-026-02356-9
results	a double-patterned qd array is	1	1	10.1038/s41467-022-29538-4
results	a treatment of exciton-phonon coupling	1	1	10.1038/s41467-024-55812-8
discussion	by taking advantage of low-temperature	1	1	10.1038/s41467-018-05760-x
discussion	this work achieved a breakthrough	1	1	10.1038/s41377-026-02184-x
results	a thicker qd layer of	1	1	10.1038/s41377-025-01972-1
results	additionally external quantum efficiency eqe	1	1	10.1038/s41467-024-51760-5
results	after an operation at 100	1	1	10.1038/s41467-023-35954-x
discussion	in this work we developed	1	1	10.1038/s41467-025-63209-4
discussion	by contrast in the hole-concentration-enhanced	1	1	10.1038/s41563-025-02123-y
discussion	future work should attempt similar	1	1	10.1038/s42005-021-00742-w
results	2d grazing incidence wide-angle x-ray	1	1	10.1038/s41377-026-02184-x
discussion	in virtue of dft calculation	1	1	10.1038/s41467-025-61085-6
discussion	the x-ray diffraction time-resolved pl	1	1	10.1038/s41377-022-00855-z
discussion	for the most lattice-mismatched zns	1	1	10.1038/s41467-022-35731-2
discussion	our design boosts performance in	1	1	10.1038/s41566-024-01458-3
results	above the threshold energy of	1	1	10.1038/s41377-025-01972-1
discussion	the eqe of 29.2% is	1	1	10.1038/s41467-024-49574-6
results	additionally according to the international	1	1	10.1038/s41467-026-70555-4
results	accordingly we can conclude that	1	1	10.1038/s41467-019-09794-7
results	after the same nh₄scn l-e	1	1	10.1038/s41467-025-64596-4
results	a series of samples with	1	1	10.1038/s42005-021-00742-w
results	a graph illustrating relative intensity	1	1	10.1038/s41467-024-52401-7
results	after rt stirring for several	1	1	10.1038/s41467-024-45945-1
discussion	because the cbm in strong	1	1	10.1038/s41467-025-65695-y
results	a fit to the signal	1	1	10.1038/s41467-024-53221-5
results	although the mode maximum slightly	1	1	10.1038/s41467-024-49574-6
results	additionally when the nc films	1	1	10.1038/s41467-024-50634-0
results	a longer cavity can concentrate	1	1	10.1038/s41467-024-49574-6
discussion	besides the blocking effect of	1	1	10.1038/s41467-021-21522-8
discussion	our work highlights the critical	1	1	10.1038/s41467-026-74583-y
discussion	the fabrication procedures align seamlessly	1	1	10.1038/s41586-024-07360-w
discussion	these results underscore the potential	1	1	10.1038/s43246-024-00576-3
results	apparently no significant difference was	1	1	10.1038/s41467-020-16652-4
discussion	as a result pscs based	1	1	10.1038/s43246-024-00645-7
discussion	additionally pces of 22.02% and	1	1	10.1038/s41467-024-55653-5
discussion	we used dg transistors at	1	1	10.1038/s41928-024-01205-0
discussion	the tunable size and composition	1	1	10.1038/s43246-026-01136-7
results	a stepwise reduction of vtg₁	1	1	10.1038/s41928-024-01205-0
discussion	as a result the surface	1	1	10.1038/s41467-025-65695-y
results	after the lt90 test fig.	1	1	10.1038/s41467-019-08749-2
discussion	this work broadens the pathway	1	1	10.1038/s41467-026-68315-5
discussion	furthermore charge carrier dynamics analysis	1	1	10.1038/s43246-024-00645-7
results	all samples show obvious diffraction	1	1	10.1038/s41377-022-00992-5
discussion	this molecular confinement strategy introduces	1	1	10.1038/s41467-026-72115-2
results	because the lattice constant of	1	1	10.1038/s41467-025-65695-y
results	in contrast the best control	1	1	10.1038/s41467-019-13437-2
results	a marked difference was observed	1	1	10.1038/s41467-024-47184-w
results	a critical innovation in our	1	1	10.1038/s41467-026-73298-4
results	a similar power-law decay has	1	1	10.1038/s41467-025-61511-9
results	as a comparison the plqy	1	1	10.1038/s41377-026-02246-0
discussion	here we introduce a hole	1	1	10.1038/s41377-022-01036-8
discussion	future research should focus on	1	1	10.1038/s43246-024-00576-3
discussion	in summary we present an	1	1	10.1038/s41377-026-02237-1
discussion	planar imagers built on these	1	1	10.1038/s41377-025-01987-8
discussion	under ac driving stable white	1	1	10.1038/s41467-020-16659-x
results	consequently our density functional theory	1	1	10.1038/s41467-020-18006-6
results	above photophysical findings indicate iscl	1	1	10.1038/s41377-025-01768-3
results	although high thermal energy can	1	1	10.1038/s41467-022-35731-2
discussion	we achieved a record efficiency	1	1	10.1038/s41467-021-21522-8
discussion	we demonstrate that a multifunctional	1	1	10.1038/s41377-026-02231-7
discussion	the proposed se-alloyed te–teox shows	1	1	10.1038/s41586-024-07360-w
results	a magnified view of the	1	1	10.1038/s41467-024-45944-2
results	after establishing the poly-tpd/moox cgl	1	1	10.1038/s41467-026-75756-5
results	a tft backplane containing 16	1	1	10.1038/s41928-024-01181-5
results	depth-profiling xps shows that the	1	1	10.1038/s41377-025-01987-8
results	a degree of efficiency roll-off	1	1	10.1038/s41467-022-29812-5
results	absorption spectra were measured to	1	1	10.1038/s41467-021-21522-8
results	a basic pnp-qled consists of	1	1	10.1038/s41467-024-47891-4
results	above truo2 > 4 nm	1	1	10.1038/s41467-026-69200-x
results	actually τ df has a	1	1	10.1038/s41586-024-07149-x
discussion	here we developed ultranarrowband blue	1	1	10.1038/s41563-024-01812-4
discussion	moreover composition control of binary	1	1	10.1038/s41467-022-28480-9
discussion	it is found that nd	1	1	10.1038/s41467-026-71301-6
results	accordingly the energy transfer time	1	1	10.1038/s41467-023-36118-7
discussion	assuming a typical outcoupling efficiency	1	1	10.1038/s41467-018-07383-8
results	a small jr_b is preferred	1	1	10.1038/s41467-024-47891-4
results	additionally device heating was greatly	1	1	10.1038/s41467-026-73298-4
discussion	although in the present study	1	1	qdp_2014_carrier-multiplication-quasi-type-ii
discussion	as trapping occurs on ultrafast	1	1	10.1038/s41467-025-61511-9
results	aimd simulations were performed based	1	1	10.1038/s41467-024-49751-7
results	a comparison of maximum external	1	1	10.1038/s41467-023-36773-w
results	3 \({v}_{{fb\_qd}} \ < \	1	1	10.1038/s41467-022-28037-w
discussion	it would be possible to	1	1	10.1038/s41467-020-15944-z
results	according to the current density-luminance-voltage	1	1	10.1038/s41467-024-44894-z
results	a broad and isotropic halo	1	1	10.1038/s41467-026-71301-6
discussion	compared with the br-related perovskite	1	1	10.1038/s41467-018-02978-7
discussion	our strategy can also benefit	1	1	10.1038/s41467-018-06425-5
discussion	in color-tunable mode the color	1	1	10.1038/s41377-025-01835-9
results	all of these effects become	1	1	10.1038/s41467-018-07383-8
results	2)(0 of background-free single-dot photoluminescence	1	1	10.1038/s41467-017-01379-6
discussion	the higher electron mobility facilitates	1	1	10.1038/s41467-018-05760-x
discussion	exciton- and electron-induced degradation processes	1	1	10.1038/s41467-023-43408-7
results	additionally we fabricate patterned qleds	1	1	10.1038/s41467-025-64696-1
discussion	in our work we demonstrate	1	1	10.1038/s41467-025-58470-6
discussion	the present findings illustrate the	1	1	10.1038/s41467-021-22864-z
discussion	our findings establish a materials-agnostic	1	1	10.1038/s41467-025-65871-0
discussion	catp offers large-area processability ultrahigh-resolution	1	1	10.1038/s41928-026-01670-9
discussion	overall the synthesized yellow-emitting inp-based	1	1	10.1038/s43246-026-01136-7
results	among these five samples film	1	1	10.1038/s41563-025-02123-y
discussion	these inverters showed full-voltage swing	1	1	10.1038/s41467-025-57200-2
results	a b schematic and sem	1	1	10.1038/s41467-024-53965-0
results	a 30 nm-thick crosslinked qd	1	1	10.1038/s41467-020-16652-4
discussion	we have demonstrated that combining	1	1	10.1038/s41377-025-01987-8
discussion	this work represents a significant	1	1	10.1038/s41467-025-57304-9
results	although we aimed to extend	1	1	10.1038/s41928-026-01670-9
